OrderID,Time_Order_Placed,Time_Order_Delivered,Distance_km,Delivery_Time_Minutes,Avg_Speed_kmh,Region1,Region2,Weekday,Hour,Day,PaymentMethod,CourierType,Num_Items,Tip_Amount,Traffic_Level
OD5641095040,15:24:06,15:50:28.786221,3.343,26.3798,9.2445,서울특별시,마포구,5,15,22,Card,Bike,4,1.41,4
OD0277345011,16:38:02,16:59:00.238847,3.485,20.9706,23.5761,서울특별시,동작구,5,16,8,Cash,Bike,1,3.46,3
OD4917557307,05:57:37,06:11:21.305448,1.729,13.7384,16.7848,서울특별시,종로구,5,5,1,AppPay,Bike,3,3.52,2
OD5389201855,13:00:22,13:16:28.404800,3.669,16.1067,27.2761,경기도,용인시 수지구,6,13,30,AppPay,Car,3,2.94,2
OD1985308402,13:40:28,13:53:53.425886,3.222,13.4238,30.3559,서울특별시,강서구,4,13,14,AppPay,Car,4,3.64,3
OD4998236973,13:25:56,13:46:34.229355,3.212,20.6372,14.9927,서울특별시,구로구,0,13,24,Card,Bike,4,2.63,4
OD6378650779,20:33:30,20:42:13.983267,1.968,8.7331,21.2265,서울특별시,동작구,6,20,23,AppPay,Bike,2,1.37,2
OD4631628621,08:09:31,08:17:47.389612,3.11,8.2732,32.4364,서울특별시,중구,6,8,16,Cash,Scooter,5,6.15,1
OD8680585972,04:17:12,04:48:20.246599,6.733,31.1374,26.2712,서울특별시,용산구,1,4,18,AppPay,Scooter,4,1.46,2
OD2394990058,03:29:35,03:54:37.047054,4.701,25.0341,19.8482,경기도,시흥시,2,3,19,Cash,Bike,3,0.0,2
OD3300828994,20:57:05,21:09:37.703299,3.313,12.5451,18.314,경기도,성남시 분당구,4,20,7,Card,Bike,3,0.04,2
OD5433260636,09:42:00,09:55:11.399979,3.338,13.19,34.5961,서울특별시,성북구,0,9,3,AppPay,Car,3,1.21,2
OD3311620449,16:39:50,16:57:51.410784,5.093,18.0235,21.4369,서울특별시,중구,3,16,13,Cash,Car,3,3.0,2
OD2451672583,18:25:00,18:37:03.769125,0.5,12.0628,22.6093,서울특별시,구로구,1,18,4,Cash,Bike,1,0.53,3
OD2709961176,12:35:03,12:43:48.895433,1.457,8.7649,18.7661,경기도,성남시 중원구,0,12,10,Cash,Bike,3,1.16,3
OD2337418125,19:50:40,20:01:44.825600,1.89,11.0804,15.7766,서울특별시,영등포구,3,19,20,AppPay,Bike,3,4.27,2
OD1117836554,23:39:40,23:52:10.642102,3.254,12.5107,23.9284,서울특별시,강서구,3,23,27,Cash,Bike,3,0.45,1
OD1716356287,08:56:48,09:16:56.970896,6.448,20.1495,30.0856,서울특별시,송파구,0,8,17,AppPay,Scooter,3,0.11,3
OD5531736635,04:47:07,04:55:57.404257,2.583,8.8401,17.5309,인천광역시,미추홀구,4,4,14,AppPay,Bike,3,2.11,3
OD3781937414,15:10:12,15:25:56.554786,2.788,15.7426,31.4389,서울특별시,구로구,2,15,19,AppPay,Scooter,2,0.27,2
OD3144457292,04:33:36,05:02:28.360947,4.445,28.8727,17.1762,서울특별시,종로구,0,4,17,Card,Bike,2,1.18,3
OD8721128906,22:08:02,22:18:05.654234,1.135,10.0609,20.3032,경기도,안산시 상록구,3,22,20,Cash,Bike,5,2.84,4
OD4785130435,12:43:18,12:54:07.626107,1.74,10.8271,14.9586,서울특별시,동작구,1,12,25,Card,Car,4,1.41,3
OD8603956339,21:41:27,22:09:05.764195,5.236,27.6461,28.2115,서울특별시,서초구,2,21,26,AppPay,Scooter,3,0.0,3
OD2594751925,00:30:02,00:36:35.032725,0.875,6.5505,28.7365,경기도,안산시 단원구,6,0,23,Card,Scooter,3,0.43,4
OD1219407934,03:33:58,03:51:26.374977,1.712,17.4729,12.1776,서울특별시,마포구,1,3,18,Cash,Bike,4,0.6,3
OD4964164641,02:34:07,03:03:57.469954,4.315,29.8412,11.5535,경기도,평택시,1,2,4,AppPay,Bike,2,4.64,3
OD8537229126,19:37:19,19:47:36.432196,2.741,10.2905,22.9414,서울특별시,성동구,3,19,13,Cash,Bike,2,0.76,2
OD6808181799,22:38:13,22:55:19.147841,5.126,17.1025,31.0216,서울특별시,서초구,4,22,14,Card,Scooter,2,0.0,3
OD5001534924,00:51:22,01:13:56.634908,6.003,22.5772,26.6882,서울특별시,강남구,4,0,7,Cash,Bike,4,0.87,3
OD6839635993,13:38:54,14:09:36.758872,5.28,30.7126,11.4726,서울특별시,영등포구,0,13,17,AppPay,Bike,4,1.64,4
OD7463645804,00:35:34,00:49:01.644544,1.958,13.4607,31.2324,서울특별시,중구,1,0,4,Cash,Car,3,1.09,2
OD3805146494,11:00:14,11:27:06.546693,3.845,26.8758,18.2782,경기도,시흥시,3,11,13,Card,Bike,1,0.33,4
OD3478094089,03:42:08,04:00:43.620797,5.525,18.5937,20.744,서울특별시,구로구,4,3,7,Cash,Car,4,0.0,3
OD1208499000,02:32:39,02:48:26.132000,4.694,15.7855,19.1084,경기도,고양시 덕양구,3,2,13,AppPay,Bike,1,2.68,3
OD6124438527,09:44:02,10:03:14.446118,4.048,19.2074,29.1285,경기도,용인시 기흥구,3,9,20,Cash,Scooter,3,1.69,3
OD4196764782,02:57:14,03:21:23.192631,5.284,24.1532,24.56,인천광역시,미추홀구,2,2,12,Cash,Car,4,0.79,2
OD0169343696,18:15:04,18:36:10.867867,5.286,21.1145,25.4463,서울특별시,성동구,2,18,19,Card,Car,3,0.0,2
OD3101674228,09:38:56,09:43:20.501279,0.5,4.4084,20.3832,서울특별시,마포구,3,9,13,Cash,Bike,3,0.25,3
OD1417884663,19:54:35,20:10:25.954373,3.628,15.8492,16.252,경기도,김포시,2,19,5,AppPay,Bike,2,0.53,3
OD6075394311,18:49:00,19:07:55.971069,2.831,18.9329,16.5615,서울특별시,중구,5,18,22,Card,Bike,2,1.01,3
OD3736784511,12:42:49,12:54:52.158143,1.551,12.0526,26.742,경기도,광명시,5,12,22,Card,Car,4,1.4,3
OD8223900137,05:57:37,06:18:12.521845,4.791,20.592,30.8363,인천광역시,동구,4,5,28,AppPay,Scooter,3,0.72,2
OD0537205694,03:54:38,04:10:28.418121,1.942,15.8403,23.5414,인천광역시,연수구,1,3,18,Card,Bike,2,1.69,2
OD0142475495,23:36:06,23:48:43.915748,4.459,12.6319,22.3893,서울특별시,영등포구,1,23,11,Cash,Bike,4,0.0,3
OD5680760777,04:50:43,05:02:33.848463,0.913,11.8475,21.2423,경기도,용인시 기흥구,1,4,18,AppPay,Bike,4,1.11,3
OD2088819197,02:43:47,03:10:27.598125,4.092,26.6766,14.6104,서울특별시,성북구,1,2,11,Cash,Bike,6,0.0,5
OD7069686154,23:19:00,23:44:55.797085,4.764,25.93,16.0662,서울특별시,중구,0,23,10,AppPay,Bike,3,0.55,3
OD2855753210,03:13:30,03:22:51.057849,0.582,9.351,18.4844,서울특별시,관악구,6,3,2,AppPay,Bike,4,2.27,3
OD8024212338,19:54:43,20:08:54.469369,2.632,14.1912,27.799,서울특별시,중구,4,19,21,Card,Scooter,4,0.02,4
OD9601680663,07:46:28,08:08:05.747795,1.548,21.6291,11.2179,경기도,성남시 분당구,1,7,1,AppPay,Bike,3,0.11,4
OD8666533346,05:44:37,06:06:24.494289,3.832,21.7916,17.5598,서울특별시,서초구,0,5,17,AppPay,Bike,3,0.0,3
OD0729060016,17:17:13,17:33:08.458834,5.806,15.9243,26.4619,서울특별시,성북구,5,17,15,AppPay,Car,5,0.02,3
OD3785148069,18:37:13,18:39:51.954234,1.076,2.6492,24.3724,경기도,안산시 단원구,6,18,16,AppPay,Scooter,4,0.28,3
OD7762652444,18:21:13,18:28:34.733606,2.436,7.3622,28.2999,서울특별시,송파구,1,18,18,Card,Scooter,2,0.0,3
OD2802786135,01:31:23,01:38:02.977577,0.699,6.6663,23.7261,경기도,안산시 단원구,6,1,2,Cash,Car,2,0.64,4
OD4911259625,21:07:15,21:22:37.961163,2.756,15.3827,25.8947,서울특별시,동작구,3,21,20,AppPay,Scooter,3,3.0,2
OD8969574226,15:40:52,16:08:15.244212,5.348,27.3874,27.0423,서울특별시,노원구,3,15,20,AppPay,Bike,2,0.0,3
OD3207776481,02:42:37,03:03:34.118134,4.998,20.952,19.67,서울특별시,성북구,2,2,12,Card,Scooter,1,1.51,3
OD4369543686,09:27:42,09:42:59.397748,2.726,15.29,22.6176,서울특별시,마포구,2,9,12,Card,Bike,2,0.0,3
OD7738259321,00:38:22,01:00:20.845438,4.71,21.9808,13.5019,인천광역시,미추홀구,2,0,12,AppPay,Bike,2,1.76,3
OD0402288517,07:11:29,07:26:53.978328,3.864,15.4163,23.0348,서울특별시,영등포구,2,7,12,Card,Scooter,1,0.0,4
OD1428855153,08:16:14,08:27:12.647771,1.658,10.9775,19.3311,인천광역시,서구,5,8,29,Cash,Bike,2,0.03,2
OD0248645524,01:26:07,01:51:09.797862,3.299,25.0466,22.4652,서울특별시,영등포구,0,1,3,Card,Car,2,0.19,3
OD8048086345,01:19:16,01:38:55.760665,7.089,19.6627,23.4231,서울특별시,관악구,6,1,30,AppPay,Bike,3,1.01,3
OD6249463416,18:29:26,18:49:19.848061,4.021,19.8975,25.8186,서울특별시,관악구,6,18,2,AppPay,Bike,3,0.0,2
OD9602531940,00:13:09,00:24:38.791562,3.77,11.4965,19.6731,서울특별시,동작구,6,0,23,Cash,Bike,3,0.12,2
OD7399547659,03:14:03,03:36:11.924532,3.637,22.1487,14.1697,경기도,고양시 덕양구,6,3,23,Cash,Bike,1,0.59,4
OD1635913281,20:30:47,20:42:34.456768,1.9,11.7909,22.5505,서울특별시,중구,1,20,25,Cash,Bike,3,2.31,3
OD7993970537,11:07:30,11:15:46.700410,0.5,8.2783,21.7217,경기도,부천시,2,11,19,AppPay,Car,3,6.02,3
OD4840045219,20:09:09,20:22:50.471589,2.457,13.6912,16.345,서울특별시,송파구,5,20,8,AppPay,Bike,3,0.72,4
OD5400929113,01:12:35,01:31:04.794200,5.72,18.4966,25.7803,서울특별시,관악구,0,1,31,Cash,Scooter,5,4.52,3
OD3496625693,10:51:41,11:10:57.087527,4.222,19.2681,20.8731,서울특별시,영등포구,4,10,28,Card,Bike,5,1.09,3
OD0566566620,07:26:48,08:08:04.582927,5.273,41.2764,8.0,서울특별시,동작구,1,7,18,Cash,Bike,3,5.67,5
OD1109504789,19:38:19,19:55:52.001347,4.329,17.55,21.4993,서울특별시,동작구,4,19,21,Cash,Bike,3,5.12,3
OD6501968379,11:03:35,11:28:29.031968,3.809,24.9005,25.3415,경기도,안산시 상록구,0,11,3,Card,Bike,4,0.85,2
OD8165205150,00:42:26,00:59:37.888047,0.5,17.1981,26.0294,서울특별시,마포구,4,0,7,AppPay,Scooter,2,0.62,3
OD0711409427,08:20:51,08:27:39.323320,0.5,6.8054,21.5156,서울특별시,성북구,5,8,22,Cash,Bike,4,2.83,2
OD6464417257,15:25:27,15:44:17.802916,3.09,18.8467,21.7645,서울특별시,은평구,5,15,8,AppPay,Bike,2,1.38,2
OD3937003623,20:14:36,20:30:34.758544,5.717,15.9793,24.7655,서울특별시,관악구,3,20,6,Card,Car,4,0.08,3
OD1464646301,17:14:46,17:33:19.754490,2.111,18.5626,16.9341,서울특별시,서초구,5,17,22,Cash,Bike,3,0.94,3
OD6670042272,14:23:07,14:34:56.304211,1.909,11.8217,25.2307,서울특별시,강남구,1,14,4,Cash,Car,3,0.16,4
OD1768830456,03:37:26,04:10:21.039574,2.53,32.9173,14.6411,서울특별시,성동구,0,3,24,Cash,Bike,3,0.57,3
OD8374278530,21:47:27,22:08:28.923907,1.642,21.0321,25.4462,서울특별시,강남구,2,21,19,Card,Bike,3,2.61,2
OD2863913629,03:04:51,03:19:34.692276,3.462,14.7282,179.9242,경기도,성남시 중원구,3,3,27,Card,Scooter,4,0.04,2
OD5937310442,05:27:18,05:40:57.171924,3.959,13.6529,27.5642,서울특별시,중구,2,5,26,Card,Scooter,4,4.81,1
OD6290849954,03:09:52,03:26:34.840243,3.395,16.714,21.869,인천광역시,남동구,6,3,30,Card,Bike,3,0.0,2
OD9646591195,18:49:47,19:07:40.202943,3.017,17.8867,19.3836,경기도,수원시 장안구,5,18,8,AppPay,Bike,1,1.74,4
OD0390076188,16:11:55,16:17:26.086282,1.589,5.5181,21.9387,서울특별시,강서구,0,16,3,AppPay,Scooter,4,1.65,4
OD4689428338,02:28:43,02:50:10.421661,4.114,21.457,25.1832,서울특별시,서초구,2,2,26,AppPay,Scooter,1,0.0,4
OD5352428906,21:41:15,21:46:33.148668,1.699,5.3025,19.2196,경기도,수원시 장안구,0,21,3,Card,Car,4,0.0,4
OD2044206618,09:46:01,09:59:39.880965,4.548,13.648,31.4718,경기도,안산시 상록구,5,9,1,AppPay,Scooter,2,2.68,2
OD4056457547,06:14:32,06:28:56.230129,1.12,14.4038,21.7314,서울특별시,강남구,0,6,10,Cash,Car,4,0.19,3
OD3060863759,13:10:39,13:37:05.245026,6.155,26.4374,18.1919,서울특별시,종로구,0,13,24,Cash,Scooter,6,0.15,4
OD2157699678,23:37:00,23:56:16.427685,2.919,19.2738,17.8131,서울특별시,중구,6,23,9,Cash,Car,3,6.19,3
OD1194989606,02:16:14,02:36:03.961110,2.283,19.8327,20.1832,경기도,성남시 중원구,3,2,13,AppPay,Bike,2,1.1,3
OD0416398878,07:16:32,07:40:52.162394,3.834,24.336,21.9618,경기도,안산시 단원구,1,7,11,Cash,Bike,2,0.19,3
OD6354270999,06:40:28,06:56:29.586513,4.97,16.0264,24.2794,경기도,수원시 장안구,3,6,20,AppPay,Car,2,0.17,3
OD5380402126,10:22:13,10:37:24.928052,2.192,15.1988,22.7677,서울특별시,강서구,1,10,1,Card,Car,3,2.61,3
OD0170592071,21:54:32,22:07:16.881334,3.503,12.748,18.9749,경기도,김포시,1,21,25,Card,Bike,2,0.6,3
OD5829339142,13:07:57,13:20:39.167920,0.5,12.7028,17.568,인천광역시,부평구,2,13,19,Card,Bike,3,0.0,2
OD2652364139,21:49:07,22:09:05.719733,2.712,19.9787,16.7963,인천광역시,연수구,2,21,26,Card,Bike,3,2.91,2
OD0042380218,00:40:48,00:51:46.914015,0.884,10.9819,18.9523,인천광역시,연수구,0,0,3,Card,Bike,5,1.27,3
OD7881893715,06:43:44,06:51:51.973701,3.759,8.1329,32.19,서울특별시,성북구,1,6,11,Cash,Bike,5,4.45,1
OD6124109433,21:20:16,21:36:53.634320,1.738,16.6272,14.4728,서울특별시,서초구,0,21,31,AppPay,Bike,1,,4
OD0610035174,00:26:50,00:49:27.918532,4.154,22.632,28.1839,서울특별시,관악구,2,0,12,Card,Scooter,4,1.38,3
OD1831079444,17:34:31,17:52:21.979804,2.433,17.8497,15.6477,서울특별시,서초구,1,17,25,AppPay,Bike,4,3.02,4
OD1355923351,12:41:20,13:04:43.617971,5.816,23.3936,23.1483,서울특별시,강남구,5,12,15,AppPay,Scooter,4,0.49,2
OD1050401801,23:24:46,23:48:38.431892,5.079,23.8739,22.4586,서울특별시,용산구,0,23,17,Cash,Scooter,4,0.6,5
OD6774743017,09:50:29,10:08:12.588897,3.631,17.7265,14.1041,인천광역시,미추홀구,5,9,22,Card,Bike,2,1.54,3
OD7880708417,16:18:12,16:29:54.585024,0.5,11.7098,26.3156,인천광역시,동구,0,16,24,Card,Scooter,2,1.22,4
OD1711538141,07:00:56,07:39:45.802195,5.469,38.83,11.8111,경기도,안산시 단원구,1,7,4,AppPay,Bike,6,2.82,4
OD9121744933,00:19:44,00:38:06.195148,5.16,18.3699,21.5477,서울특별시,성동구,6,0,23,Card,Scooter,3,0.0,3
OD1164529284,04:50:14,05:28:17.517512,5.694,38.0586,13.6286,경기도,안산시 단원구,1,4,25,Card,Bike,4,2.27,4
OD8027933798,03:19:21,03:40:47.809038,3.443,21.4468,149.2601,서울특별시,동작구,1,3,18,Cash,Bike,4,0.45,3
OD2239798952,11:28:55,11:48:14.179251,1.984,19.3197,16.2038,서울특별시,영등포구,6,11,16,Cash,Bike,2,1.08,3
OD1524151824,17:49:37,18:18:21.948214,4.659,28.7491,14.7709,경기도,용인시 기흥구,3,17,13,Cash,Bike,2,0.0,4
OD5929166040,03:15:19,03:24:19.370791,0.876,9.0062,20.6316,경기도,평택시,5,3,15,Card,Bike,4,0.6,2
OD5981179259,17:32:42,17:44:49.373488,3.487,12.1229,28.4023,경기도,수원시 영통구,4,17,14,Cash,Scooter,2,0.03,3
OD4548332930,23:48:27,00:03:00.692530,3.907,14.5615,30.3667,서울특별시,관악구,6,23,2,Cash,Scooter,3,0.28,3
OD1892572231,18:11:20,18:20:11.991072,0.5,8.8665,22.2611,서울특별시,은평구,2,18,5,Card,Scooter,3,0.68,3
OD1050107570,03:44:58,04:03:02.879614,3.462,18.0813,11.4887,서울특별시,종로구,6,3,16,Card,Bike,3,2.78,5
OD8449226381,06:27:51,06:43:41.079132,1.784,15.8347,18.9646,서울특별시,성동구,0,6,24,AppPay,Bike,3,1.77,2
OD6379685696,23:05:06,23:11:11.324140,2.394,6.0887,23.5916,경기도,시흥시,6,23,9,Cash,Scooter,5,1.44,3
OD7786905554,23:08:07,23:19:10.047383,1.041,11.0508,25.9663,서울특별시,강남구,5,23,22,AppPay,Scooter,3,2.28,4
OD0242825747,03:00:13,03:15:32.941989,5.995,15.3324,26.0903,서울특별시,관악구,0,3,3,AppPay,Car,3,1.96,3
OD3913473416,11:06:31,11:16:52.869108,2.464,10.3645,15.8203,서울특별시,노원구,6,11,16,AppPay,Bike,4,1.03,3
OD9423032040,06:24:09,06:39:12.178832,2.652,15.053,15.7178,경기도,시흥시,5,6,8,Card,Bike,3,0.77,4
OD8236816824,17:37:50,17:47:47.867265,3.933,9.9645,31.4069,서울특별시,용산구,3,17,6,Card,Scooter,4,1.16,4
OD1927320967,02:23:28,02:33:36.910698,0.71,10.1485,26.0302,서울특별시,동작구,6,2,23,AppPay,Scooter,4,0.79,3
OD6667022629,03:49:43,04:10:28.306595,2.884,20.7551,13.8357,서울특별시,성동구,3,3,27,Card,Bike,1,1.93,3
OD4725477546,01:38:36,01:53:21.748968,2.697,14.7625,14.5799,경기도,성남시 중원구,6,1,16,Card,Bike,2,0.15,3
OD4402905938,14:26:06,14:32:28.609249,0.5,6.3768,24.4101,서울특별시,용산구,2,14,26,AppPay,Car,4,1.09,3
OD0281346947,04:57:11,05:06:19.594632,2.391,9.1432,20.1961,경기도,성남시 중원구,4,4,28,Card,Car,1,4.21,4
OD4832226465,19:03:51,19:21:34.006285,2.554,17.7168,25.221,서울특별시,성북구,3,19,20,AppPay,Bike,2,0.0,2
OD3186644610,20:14:27,20:41:15.530960,3.049,26.8088,20.8498,경기도,시흥시,5,20,15,Card,Bike,4,2.4,5
OD1634269045,10:38:42,10:55:14.001618,3.049,16.5334,26.1542,경기도,고양시 덕양구,1,10,1,AppPay,Scooter,4,0.82,4
OD2053925488,04:01:56,04:12:52.209989,1.273,10.9368,21.4928,인천광역시,계양구,2,4,5,AppPay,Scooter,2,1.47,5
OD4057290062,12:46:05,13:04:12.618599,5.501,18.127,31.3625,서울특별시,용산구,1,12,25,Cash,Scooter,6,2.07,2
OD7927161806,21:28:22,21:40:00.569780,2.598,11.6428,28.8897,서울특별시,노원구,5,21,15,Cash,Car,2,0.8,2
OD5185209888,06:47:18,07:15:15.788792,4.685,27.9631,14.9744,서울특별시,동작구,1,6,18,Cash,Bike,3,0.15,3
OD6917829674,08:38:05,09:00:42.426074,4.434,22.6238,31.3569,서울특별시,중구,1,8,18,Card,Scooter,3,0.56,3
OD2738994249,03:17:09,03:53:57.635770,7.435,36.8106,19.0798,경기도,안산시 단원구,5,3,1,Card,Bike,3,2.0,3
OD9929585681,23:30:41,00:03:15.391867,7.591,32.5732,18.7001,서울특별시,은평구,5,23,15,Cash,Car,5,1.53,3
OD4792316685,19:34:11,19:54:56.360257,4.916,20.756,20.314,인천광역시,동구,5,19,8,AppPay,Bike,1,3.93,2
OD6719889823,22:08:59,22:18:49.534352,3.987,9.8422,24.3042,경기도,평택시,1,22,11,Cash,Scooter,4,1.39,4
OD5502919911,02:03:31,02:06:32.442889,0.5,3.024,36.3715,인천광역시,연수구,5,2,8,AppPay,Scooter,1,1.78,2
OD2842843141,00:22:06,00:24:38.978036,0.5,2.5496,27.0997,인천광역시,미추홀구,1,0,11,Cash,Bike,3,0.0,1
OD6852005322,18:59:48,19:26:01.606599,3.304,26.2268,16.6431,서울특별시,성북구,6,18,16,Card,Scooter,5,0.24,3
OD5758855158,09:45:12,10:01:19.807305,3.056,16.1301,23.8168,서울특별시,강남구,6,9,30,Card,Car,2,3.52,3
OD8530438665,18:11:03,18:32:24.339083,3.32,21.3557,23.8116,서울특별시,동작구,6,18,2,AppPay,Bike,3,1.67,1
OD3617149581,14:37:11,14:41:39.862118,1.319,4.481,22.1963,인천광역시,동구,1,14,11,Card,Car,2,0.0,2
OD8916399592,02:52:21,03:11:37.190541,3.689,19.2698,19.0936,서울특별시,종로구,3,2,6,Card,Bike,4,1.54,2
OD7942361318,01:29:31,01:41:28.397717,4.636,11.9566,23.2647,인천광역시,부평구,3,1,27,Cash,Scooter,3,2.05,5
OD8213743136,11:31:34,11:40:44.052729,2.433,9.1675,28.3583,서울특별시,관악구,3,11,13,AppPay,Car,3,5.67,3
OD0728719894,03:56:01,04:22:05.865615,4.773,26.0811,22.4545,경기도,안산시 단원구,1,3,18,Cash,Bike,1,1.02,2
OD4504139988,10:14:40,10:41:31.579863,4.654,26.8597,22.3193,서울특별시,용산구,0,10,17,AppPay,Scooter,3,0.87,4
OD4786413740,01:30:20,01:39:24.261835,2.512,9.071,16.618,서울특별시,중구,0,1,3,Cash,Bike,4,0.22,3
OD6612482097,10:55:01,11:07:27.231468,3.895,12.4372,29.2674,서울특별시,관악구,6,10,9,Cash,Scooter,3,4.03,3
OD8829026657,19:15:17,19:35:44.587474,2.847,20.4598,19.1397,서울특별시,동작구,0,19,24,Cash,Bike,4,5.41,2
OD0592549429,13:58:45,14:23:33.501235,4.614,24.8084,25.8949,서울특별시,송파구,6,13,23,Card,Scooter,5,1.83,4
OD9988877510,21:50:45,22:08:44.399380,4.597,17.99,23.2355,서울특별시,구로구,4,21,14,Cash,Scooter,4,4.68,4
OD8933800504,19:48:30,20:11:55.934170,6.537,23.4322,27.104,경기도,수원시 영통구,4,19,14,Cash,Car,5,3.31,2
OD1775519015,19:38:59,19:47:41.147027,0.888,8.7025,16.2044,서울특별시,강남구,2,19,26,Card,Bike,4,0.22,4
OD5763287359,23:54:56,00:12:34.218305,5.13,17.637,20.6263,서울특별시,영등포구,5,23,29,Cash,Bike,3,2.46,2
OD1078315866,02:01:59,02:18:46.226355,4.608,16.7871,23.713,서울특별시,중구,2,2,19,AppPay,Scooter,5,5.08,4
OD9788666209,01:53:04,02:22:29.083718,5.425,29.4181,24.636,경기도,안산시 상록구,2,1,5,Card,Car,3,2.22,3
OD5287770972,05:52:43,06:09:38.065874,3.004,16.9178,26.3628,서울특별시,강남구,5,5,22,AppPay,Bike,5,0.0,1
OD8837234997,02:18:39,02:35:38.794610,3.707,16.9966,24.6355,서울특별시,관악구,2,2,12,AppPay,Scooter,4,0.23,5
OD2383539071,23:06:56,23:20:25.992578,4.011,13.4999,24.7077,서울특별시,서초구,4,23,28,Card,Bike,3,0.67,3
OD6118940089,10:07:09,10:24:10.242570,3.36,17.0207,22.3351,서울특별시,서초구,5,10,29,Cash,Scooter,1,1.91,3
OD0499420941,09:10:58,09:46:18.584511,5.574,35.3431,20.1781,서울특별시,노원구,4,9,28,Card,Scooter,4,0.0,4
OD4716389035,10:10:25,10:27:41.981598,2.655,17.283,30.0392,서울특별시,서초구,4,10,28,AppPay,Scooter,3,0.0,1
OD1092547896,13:14:58,13:28:05.797528,3.239,13.13,17.4973,서울특별시,마포구,6,13,23,AppPay,Bike,1,0.48,3
OD0307385528,14:29:35,14:49:02.111036,2.979,19.4519,21.5357,서울특별시,성동구,6,14,2,Cash,Scooter,4,4.14,3
OD5203103493,06:23:38,06:29:41.875841,2.206,6.0646,26.5498,서울특별시,마포구,2,6,12,AppPay,Scooter,3,0.58,4
OD7935305366,01:09:28,01:23:10.972327,1.895,13.7162,10.0831,경기도,용인시 기흥구,1,1,18,AppPay,Bike,7,2.93,5
OD7578707096,10:49:40,11:03:38.935046,2.468,13.9823,20.4026,서울특별시,송파구,5,10,15,Cash,Car,4,0.24,3
OD0514598739,04:48:11,05:10:53.171395,4.733,22.7029,25.089,서울특별시,성북구,5,4,29,Cash,Car,2,2.15,2
OD5278167991,13:55:34,14:07:18.032952,2.514,11.7339,25.8403,서울특별시,강서구,5,13,15,AppPay,Scooter,6,0.62,2
OD2557647244,07:12:57,07:30:14.510111,3.407,17.2918,21.6168,서울특별시,성북구,3,7,6,AppPay,Bike,2,0.52,3
OD1811730952,10:17:35,10:32:20.297769,2.028,14.755,18.0549,경기도,수원시 장안구,6,10,30,Card,Car,3,0.88,3
OD1081875721,04:01:41,04:18:12.943193,3.863,16.5324,28.096,서울특별시,강서구,1,4,4,Cash,Scooter,3,0.0,2
OD2667977791,01:59:03,02:30:38.317767,5.203,31.5886,17.863,경기도,용인시 기흥구,6,1,30,Cash,Bike,2,0.9,2
OD7459008137,12:42:46,12:58:43.828309,4.26,15.9638,25.6,서울특별시,서초구,5,12,1,Cash,Scooter,2,4.51,4
OD7158693071,07:21:29,07:42:00.900751,2.446,20.5317,17.5012,인천광역시,서구,2,7,5,AppPay,Bike,1,1.1,4
OD6490060415,02:03:16,03:15:29.720866,7.776,72.2287,8.0,경기도,부천시,3,2,27,Card,Bike,4,1.62,4
OD1002827999,19:45:34,20:00:38.056252,1.432,15.0676,22.9039,서울특별시,서초구,0,19,3,Cash,Car,5,0.22,3
OD6775891129,05:06:42,05:23:11.472103,4.272,16.4912,38.8105,인천광역시,동구,4,5,21,Cash,Scooter,3,0.32,2
OD8132050679,22:50:57,23:08:09.039999,2.865,17.2007,22.1167,서울특별시,성동구,2,22,26,Cash,Bike,1,0.77,4
OD2724327915,19:35:26,19:59:35.421456,4.999,24.157,19.3706,인천광역시,남동구,1,19,11,Card,Bike,2,0.3,4
OD8220258846,03:05:57,03:14:34.221782,1.974,8.6204,29.1753,경기도,고양시 덕양구,1,3,4,Cash,Scooter,1,1.37,4
OD3692346201,15:42:18,16:00:09.351255,4.564,17.8559,31.0461,경기도,수원시 장안구,5,15,15,Card,Scooter,3,1.74,3
OD3027396214,14:31:56,14:43:54.087824,4.919,11.9681,31.1643,서울특별시,중구,6,14,16,Card,Car,3,1.92,2
OD6233247531,18:56:05,19:15:58.793160,1.925,19.8966,33.0818,경기도,용인시 수지구,6,18,2,Card,Scooter,2,1.16,2
OD5442403018,01:39:58,01:50:21.958053,3.998,10.3993,23.519,서울특별시,강서구,4,1,21,Cash,Bike,4,0.84,2
OD9664146158,09:26:39,09:50:37.771794,4.412,23.9795,16.8974,서울특별시,용산구,4,9,28,Card,Bike,1,0.97,4
OD8002176919,22:33:16,22:41:05.013702,2.684,7.8169,26.2436,서울특별시,중구,5,22,15,AppPay,Scooter,3,0.05,3
OD2683154702,19:45:11,20:14:38.918525,4.235,29.4653,18.1267,서울특별시,중구,6,19,2,AppPay,Bike,1,1.62,3
OD5471225723,22:49:13,23:04:32.768063,3.329,15.3295,27.258,경기도,안산시 상록구,6,22,23,AppPay,Scooter,2,1.2,3
OD2480359144,20:14:07,20:35:34.448873,5.202,21.4575,21.2828,서울특별시,강서구,5,20,29,AppPay,Bike,3,3.06,2
OD0813424286,11:36:29,12:11:49.551847,3.482,35.3425,8.0,서울특별시,송파구,1,11,1,Card,Bike,5,1.15,5
OD6203669278,13:09:35,13:27:18.209165,3.339,17.7202,19.2194,서울특별시,성동구,1,13,18,Card,Bike,2,2.72,4
OD5814546794,11:36:12,11:57:50.473062,3.516,21.6412,20.8888,서울특별시,성북구,5,11,1,AppPay,Bike,3,3.34,2
OD1948341471,14:18:49,14:39:40.868553,5.604,20.8645,16.5735,경기도,시흥시,0,14,3,Card,Bike,4,5.15,4
OD9796567655,04:29:30,04:41:42.658094,1.472,12.211,22.9447,경기도,광명시,2,4,12,AppPay,Car,2,0.75,3
OD3429090420,13:23:59,13:40:56.777429,5.609,16.963,25.65,경기도,안산시 단원구,0,13,31,AppPay,Bike,3,0.33,3
OD5137567654,19:32:36,19:44:46.323598,2.474,12.1721,34.9866,서울특별시,은평구,5,19,1,Card,Scooter,5,0.4,3
OD7451589440,08:14:11,08:40:09.460944,3.888,25.9743,20.4302,경기도,김포시,3,8,27,Card,Car,4,0.34,3
OD8142883435,23:10:02,23:41:34.882375,6.025,31.548,16.6119,인천광역시,서구,1,23,11,Card,Bike,1,0.17,2
OD8516248425,01:40:12,02:09:22.464498,5.111,29.1744,34.6374,경기도,성남시 중원구,0,1,24,Cash,Scooter,3,0.0,1
OD4966217595,22:21:18,23:07:24.649603,5.386,46.1108,8.0,경기도,평택시,1,22,25,Cash,Bike,4,0.41,5
OD2970853265,22:26:56,22:50:46.062496,6.82,23.8344,27.3339,경기도,고양시 덕양구,0,22,3,Card,Scooter,6,0.81,3
OD7901124345,19:00:19,19:08:04.138278,2.423,7.7523,32.5894,경기도,평택시,0,19,17,AppPay,Scooter,3,0.0,2
OD0064198910,07:14:32,07:33:42.615255,2.652,19.1769,25.8057,서울특별시,동작구,2,7,12,AppPay,Scooter,3,0.76,4
OD6443479020,00:57:06,01:18:38.503517,4.878,21.5417,23.075,서울특별시,중구,1,0,18,Card,Bike,4,0.45,2
OD1874140299,11:47:33,12:08:21.188575,3.792,20.8031,13.2119,서울특별시,은평구,1,11,4,Cash,Bike,5,0.0,3
OD0758774209,07:13:10,07:20:56.102251,1.898,7.7684,33.0912,경기도,용인시 기흥구,5,7,8,AppPay,Scooter,4,1.11,2
OD0453965603,14:43:07,15:06:25.066484,4.675,23.3011,22.6869,경기도,안산시 단원구,6,14,23,AppPay,Car,3,1.51,3
OD1286578957,12:43:44,12:52:49.324896,2.077,9.0887,27.3211,인천광역시,부평구,1,12,25,Cash,Car,3,0.69,2
OD7914919696,06:28:35,06:45:17.292157,3.058,16.7049,27.9218,인천광역시,미추홀구,6,6,23,Card,Car,4,0.99,2
OD3918919338,07:51:08,08:08:56.076772,4.038,17.8013,19.2688,서울특별시,서초구,1,7,4,Card,Bike,6,3.06,4
OD2819830781,03:51:54,04:04:35.490754,2.707,12.6915,30.0129,서울특별시,구로구,1,3,11,Card,Scooter,4,0.81,3
OD8774481063,15:29:36,15:44:13.192412,5.599,14.6199,23.4182,경기도,안산시 단원구,4,15,28,Cash,Scooter,2,0.0,4
OD1257909036,00:34:58,00:37:06.893587,0.669,2.1482,18.6966,경기도,김포시,2,0,12,Cash,Bike,3,2.18,3
OD4391604014,00:46:24,00:57:22.367323,2.929,10.9728,16.6648,서울특별시,동작구,3,0,13,Card,Bike,3,0.0,3
OD9866380225,02:47:12,02:56:25.538506,2.439,9.2256,20.1719,경기도,성남시 중원구,0,2,3,Card,Car,2,1.13,4
OD5949326556,17:32:22,17:35:35.038156,1.205,3.2173,22.4804,서울특별시,강남구,0,17,31,Card,Car,3,0.46,2
OD4472040658,01:24:53,01:46:34.450058,3.364,21.6908,16.5777,경기도,용인시 수지구,5,1,8,Card,Bike,6,1.35,4
OD1897996941,13:33:11,13:59:22.327287,4.379,26.1888,26.7718,경기도,수원시 장안구,3,13,20,AppPay,Scooter,3,1.53,3
OD1664128598,09:29:28,09:49:57.756897,3.757,20.4959,27.9309,서울특별시,강남구,2,9,12,Card,Scooter,3,1.34,3
OD3176806499,05:37:40,05:49:03.661348,1.985,11.3944,20.3574,경기도,평택시,4,5,21,AppPay,Bike,2,1.23,2
OD1432152187,16:46:09,17:05:59.037985,4.298,19.834,22.7929,서울특별시,성북구,0,16,3,Cash,Bike,1,1.42,3
OD7957668153,08:16:17,08:19:35.959951,1.596,3.316,28.8848,서울특별시,관악구,2,8,26,Cash,Scooter,3,0.01,3
OD0547785144,03:26:31,03:38:14.563472,3.135,11.7261,34.6935,경기도,부천시,2,3,12,AppPay,Scooter,2,1.76,3
OD3526418267,12:51:01,13:16:48.106114,2.912,25.7851,16.6403,경기도,평택시,0,12,10,AppPay,Bike,2,0.0,4
OD0109021587,07:49:34,08:04:16.680779,3.254,14.7113,29.4458,서울특별시,중구,3,7,6,AppPay,Scooter,2,0.0,5
OD0014945913,14:07:47,14:18:47.126361,0.75,11.0021,18.0676,경기도,안산시 단원구,5,14,22,Cash,Bike,3,0.0,2
OD2330123346,08:27:05,08:48:27.327617,2.481,21.3721,29.2667,서울특별시,구로구,1,8,4,Cash,Bike,5,1.03,2
OD6803882429,03:06:40,03:32:38.220407,3.019,25.9703,13.1408,경기도,김포시,4,3,21,Card,Bike,5,1.02,2
OD4075631702,17:42:37,18:14:36.749811,3.316,31.9958,8.0,경기도,수원시 장안구,1,17,11,Cash,Bike,1,5.93,3
OD8921589197,06:20:22,06:30:00.397798,1.025,9.64,26.7685,서울특별시,송파구,2,6,5,Cash,Scooter,4,0.98,3
OD8101562141,18:48:56,19:02:24.573404,1.413,13.4762,35.8076,경기도,수원시 영통구,2,18,12,Cash,Scooter,2,6.27,3
OD4280860514,11:08:17,11:18:32.275901,2.446,10.2546,178.1688,경기도,성남시 분당구,2,11,19,AppPay,Bike,4,0.57,4
OD4792209877,11:26:42,11:42:31.329962,4.86,15.8222,28.1341,경기도,광명시,5,11,1,Card,Scooter,1,1.0,3
OD3745963507,21:20:59,21:34:36.753150,3.341,13.6292,19.3429,경기도,김포시,5,21,22,AppPay,Bike,4,2.96,2
OD4330893104,11:22:27,11:35:52.122705,1.575,13.4187,26.1949,서울특별시,동작구,2,11,19,AppPay,Scooter,2,0.22,3
OD1180422798,07:59:04,08:18:39.411392,2.525,19.5902,12.2201,서울특별시,용산구,1,7,1,Card,Bike,4,0.0,4
OD8383136862,18:17:39,18:32:44.140061,2.835,15.0857,30.5144,서울특별시,성북구,2,18,12,Cash,Bike,3,0.06,2
OD2046783909,20:00:14,20:16:45.463170,2.922,16.5244,30.2648,서울특별시,종로구,5,20,15,AppPay,Scooter,1,1.55,3
OD9240412624,07:02:36,07:16:51.528757,5.232,14.2588,22.5807,서울특별시,은평구,3,7,27,Cash,Bike,4,0.0,2
OD7175415343,01:11:40,01:21:12.925469,2.528,9.5488,37.2179,경기도,시흥시,1,1,11,Card,Scooter,2,2.99,1
OD6382968007,13:46:18,14:05:17.860377,2.953,18.9977,27.6044,서울특별시,강남구,1,13,18,Card,Scooter,2,0.85,4
OD9012411488,22:55:08,23:12:56.402023,5.039,17.8067,26.6997,경기도,안산시 상록구,3,22,6,Cash,Scooter,1,0.55,3
OD0810540750,08:25:56,08:38:00.219236,0.5,12.0703,17.4134,경기도,고양시 덕양구,4,8,28,Card,Bike,3,4.07,3
OD5354510341,06:21:49,06:49:02.977361,5.217,27.233,13.6215,서울특별시,관악구,0,6,31,Cash,Bike,3,0.0,3
OD6629606165,03:29:53,03:37:52.370162,2.025,7.9895,18.6803,서울특별시,강서구,0,3,24,Card,Bike,4,1.53,2
OD3326572577,10:32:21,10:52:11.437198,3.682,19.8406,27.0007,서울특별시,영등포구,3,10,20,AppPay,Bike,3,2.07,3
OD4334188345,07:34:08,07:48:04.527592,0.5,13.9421,11.2021,서울특별시,송파구,3,7,20,Cash,Bike,3,0.23,5
OD7032416139,03:26:55,04:02:33.875452,4.688,35.6479,11.2315,서울특별시,은평구,2,3,2,Cash,Bike,1,0.0,4
OD1063861223,06:18:51,06:31:12.460936,4.843,12.3577,34.2236,서울특별시,용산구,3,6,13,AppPay,Scooter,3,0.47,2
OD8682136952,00:04:17,00:10:29.083745,1.516,6.2014,30.4917,경기도,성남시 분당구,2,0,26,Card,Scooter,4,2.41,2
OD9689827871,02:01:53,02:43:02.696908,4.961,41.1616,9.5075,서울특별시,중구,2,2,2,Card,Bike,4,1.82,5
OD3582687066,09:36:30,09:51:25.705095,3.099,14.9284,28.3452,인천광역시,연수구,2,9,5,Card,Scooter,3,0.05,3
OD6538221814,12:12:56,12:28:12.614982,1.377,15.2769,29.256,서울특별시,구로구,6,12,9,Card,Scooter,2,2.95,2
OD9085804910,01:06:54,01:27:13.726481,4.449,20.3288,28.8326,경기도,김포시,6,1,2,Card,Scooter,1,0.0,2
OD2708713543,13:05:33,13:20:16.365125,4.389,14.7228,32.5312,서울특별시,관악구,6,13,23,Card,Scooter,4,2.7,2
OD6091420282,10:14:53,10:28:15.602327,2.459,13.3767,27.9917,경기도,김포시,6,10,16,Cash,Scooter,4,0.18,3
OD6973696918,13:56:35,14:14:01.338862,1.742,17.439,24.5459,서울특별시,서초구,6,13,9,Card,Scooter,3,2.64,4
OD5227939053,14:07:02,14:25:07.833538,2.835,18.0972,17.1899,경기도,고양시 덕양구,3,14,6,Cash,Scooter,2,0.0,3
OD5130900890,04:31:03,04:46:11.118885,4.307,15.1353,35.2581,서울특별시,송파구,0,4,10,AppPay,Car,2,0.47,1
OD6725017937,13:11:45,13:18:59.707435,0.5,7.2451,34.5709,서울특별시,송파구,5,13,29,Card,Scooter,3,1.96,2
OD8469322465,18:27:34,18:52:03.701862,3.652,24.495,16.9789,서울특별시,은평구,1,18,11,Card,Bike,4,1.41,4
OD7809336773,09:37:48,09:42:02.401839,0.781,4.24,28.1998,경기도,고양시 덕양구,6,9,30,AppPay,Scooter,4,1.18,3
OD9571466457,20:02:42,20:17:49.515028,4.711,15.1253,27.1818,서울특별시,송파구,2,20,12,Card,Car,1,4.2,4
OD9109964906,00:36:04,00:45:50.944260,3.606,9.7824,32.9,서울특별시,노원구,6,0,16,AppPay,Car,3,0.65,1
OD4501877442,04:12:39,04:26:50.372701,4.142,14.1895,26.6039,서울특별시,구로구,0,4,24,AppPay,Bike,4,0.62,1
OD1580601979,14:37:33,14:51:06.628187,6.036,13.5605,31.9911,서울특별시,강남구,3,14,13,Card,Bike,1,0.93,2
OD5288670900,06:02:54,06:42:46.923847,4.323,39.8821,8.0,경기도,평택시,6,6,30,Card,Bike,2,0.0,5
OD0177238028,08:03:22,08:24:28.410649,3.47,21.1068,20.9001,서울특별시,강서구,1,8,18,Cash,Scooter,2,0.0,4
OD8361115408,07:13:54,07:35:32.624003,3.163,21.6437,19.8135,서울특별시,은평구,3,7,27,AppPay,Bike,5,0.51,3
OD9519589382,16:58:27,17:21:16.066218,3.532,22.8178,13.0922,경기도,수원시 장안구,5,16,22,Card,Bike,4,0.0,2
OD8677369203,05:06:59,05:31:20.355495,7.25,24.3559,28.4548,경기도,고양시 덕양구,0,5,24,Cash,Scooter,2,0.0,4
OD9372241252,09:07:07,09:18:54.865660,3.043,11.7978,30.0722,서울특별시,마포구,4,9,14,Card,Bike,3,0.96,1
OD1258438480,02:02:28,02:29:07.737457,5.316,26.6623,38.0253,경기도,수원시 영통구,1,2,18,Card,Scooter,2,2.38,2
OD9206169106,01:29:40,01:39:04.127237,2.646,9.4021,24.7984,서울특별시,강서구,6,1,23,Card,Scooter,3,2.77,3
OD9782335834,03:13:24,03:24:42.870839,1.971,11.3145,24.8798,경기도,수원시 장안구,4,3,21,Cash,Car,3,0.87,2
OD2104118638,11:20:22,11:37:05.430941,1.324,16.7238,31.5014,서울특별시,성북구,0,11,3,Card,Car,3,0.69,2
OD2714678297,01:46:01,02:01:34.664822,4.406,15.5611,28.5253,인천광역시,미추홀구,3,1,6,AppPay,Scooter,6,0.0,4
OD5700116510,06:45:40,08:04:17.076305,8.606,78.6179,8.0,서울특별시,은평구,0,6,24,Card,Bike,4,2.04,5
OD5376279499,04:56:35,05:11:15.505877,1.969,14.6751,25.1236,서울특별시,서초구,0,4,3,Card,Scooter,5,0.37,2
OD2130059403,09:57:04,10:21:00.533683,7.487,23.9422,30.2313,서울특별시,송파구,3,9,6,Cash,Car,3,0.0,4
OD3615200798,15:14:05,15:24:39.828647,1.088,10.5805,17.7059,경기도,시흥시,5,15,15,Cash,Bike,1,1.09,3
OD2219761995,06:36:50,07:05:55.728073,2.831,29.0955,12.811,경기도,용인시 기흥구,0,6,10,AppPay,Bike,6,0.0,2
OD2601536688,18:15:55,18:38:18.738685,3.393,22.3956,22.6102,서울특별시,성북구,2,18,5,Cash,Bike,3,4.0,2
OD8719684412,03:20:50,03:27:26.134625,0.902,6.6022,29.3252,서울특별시,강서구,5,3,1,AppPay,Scooter,4,0.22,3
OD5669335095,09:10:28,09:27:18.407195,2.627,16.8401,16.4656,서울특별시,관악구,4,9,28,Card,Car,2,1.95,4
OD2575730810,09:08:40,09:36:33.108243,6.313,27.8851,27.2036,서울특별시,노원구,6,9,16,AppPay,Bike,3,0.88,2
OD7032049052,18:30:15,18:48:13.628771,3.775,17.9771,22.6185,서울특별시,성동구,5,18,29,AppPay,Bike,2,2.4,3
OD9547372810,10:29:43,10:46:41.693887,3.751,16.9782,28.9833,경기도,성남시 중원구,2,10,5,Cash,Scooter,3,0.0,2
OD5957217234,14:47:33,14:52:47.141163,2.589,5.2357,29.6671,서울특별시,동작구,3,14,27,AppPay,Car,3,5.85,2
OD1055853499,03:37:40,04:00:41.584088,4.274,23.0264,27.583,경기도,용인시 기흥구,1,3,1,Cash,Scooter,4,0.49,3
OD2309762420,18:58:11,19:15:31.472568,3.747,17.3412,21.6865,경기도,수원시 영통구,5,18,29,Card,Bike,5,0.0,3
OD3363924732,12:46:31,13:00:15.169508,6.423,13.7362,36.8105,경기도,안산시 상록구,1,12,25,AppPay,Scooter,4,0.36,1
OD6121603697,08:40:44,09:02:53.302172,4.104,22.155,18.9023,경기도,평택시,6,8,30,Card,Scooter,3,0.24,5
OD1709681176,07:36:21,07:50:10.554674,2.184,13.8259,15.1639,인천광역시,서구,6,7,16,Card,Bike,1,1.62,3
OD9254440757,00:40:15,00:48:45.995474,2.947,8.5166,29.9647,경기도,부천시,0,0,24,AppPay,Car,3,1.21,3
OD0904139190,19:41:18,19:55:54.028848,1.508,14.6005,30.5839,경기도,시흥시,5,19,8,Card,Scooter,2,0.0,3
OD5082271018,15:17:03,15:31:29.301399,1.24,14.4384,12.5656,서울특별시,강남구,2,15,26,Card,Bike,4,1.24,5
OD8934205929,00:28:35,00:49:47.673854,3.899,21.2112,31.9563,서울특별시,강서구,2,0,19,AppPay,Car,4,0.0,1
OD0209007465,13:38:12,13:59:38.760221,2.471,21.446,13.043,경기도,평택시,0,13,24,AppPay,Bike,1,1.83,4
OD9924903529,14:50:00,15:21:13.538857,3.827,31.2256,15.214,인천광역시,미추홀구,1,14,4,AppPay,Scooter,3,0.69,5
OD7688674669,18:27:56,18:49:29.145109,5.517,21.5524,25.6977,서울특별시,영등포구,0,18,10,AppPay,Car,5,0.59,2
OD2687070989,02:00:46,02:21:10.961935,5.465,20.416,26.4813,서울특별시,성동구,5,2,15,Card,Scooter,3,1.92,3
OD6719755267,08:57:05,09:07:40.404858,0.71,10.5901,29.4136,서울특별시,중구,3,8,6,AppPay,Scooter,2,3.33,3
OD8700912145,01:37:57,01:42:28.572856,2.193,4.5262,29.0771,경기도,부천시,1,1,18,Card,Scooter,5,1.87,4
OD5964510465,12:55:25,13:11:45.150781,1.309,16.3358,20.6802,서울특별시,강서구,6,12,9,AppPay,Scooter,3,0.24,2
OD0474573484,21:14:38,21:37:42.090316,5.064,23.0682,24.1714,서울특별시,동작구,2,21,12,AppPay,Car,4,0.0,3
OD8932884125,03:06:11,03:12:19.933277,0.5,6.1489,26.2289,서울특별시,중구,3,3,13,AppPay,Car,2,1.27,1
OD7688678452,16:39:12,16:53:29.402611,4.682,14.29,19.6588,경기도,안산시 단원구,6,16,16,Card,Bike,3,0.22,4
OD0100256609,02:16:38,02:27:07.037575,2.1,10.484,23.5423,서울특별시,구로구,4,2,7,AppPay,Scooter,3,0.39,5
OD9384475236,19:03:08,19:18:08.711285,2.694,15.0119,27.891,경기도,평택시,2,19,26,Card,Car,2,0.0,2
OD9041124205,15:14:29,15:40:37.674576,4.14,26.1446,26.0667,경기도,광명시,2,15,5,AppPay,Bike,3,3.61,1
OD3970238975,19:28:27,19:49:37.431172,3.592,21.1739,22.5126,경기도,성남시 분당구,4,19,14,Cash,Bike,2,0.07,1
OD8385096511,03:01:23,03:25:19.679795,3.321,23.9447,24.8423,서울특별시,서초구,4,3,28,Card,Scooter,3,0.56,2
OD1905737203,16:16:11,16:32:11.433875,2.281,16.0072,30.1931,인천광역시,연수구,0,16,17,Cash,Scooter,2,1.04,3
OD1130213651,19:38:53,20:14:36.062854,6.267,35.7177,14.8362,경기도,김포시,6,19,9,Cash,Bike,4,2.6,5
OD9302362314,23:08:28,23:19:59.950049,0.5,11.5325,18.489,서울특별시,송파구,1,23,25,AppPay,Bike,4,0.01,4
OD6055550863,20:00:03,20:26:34.537503,4.755,26.5256,24.9506,서울특별시,노원구,5,20,29,AppPay,Scooter,3,0.0,3
OD3945314099,12:35:20,12:47:27.774638,2.384,12.1296,26.5396,서울특별시,중구,3,12,27,AppPay,Scooter,5,4.36,4
OD5770961702,09:02:05,09:18:53.227890,3.282,16.8038,16.654,경기도,평택시,2,9,5,Cash,Scooter,4,0.23,2
OD0753133141,18:27:42,18:47:26.088558,5.089,19.7348,21.6391,서울특별시,서초구,3,18,13,Cash,Bike,2,0.0,2
OD8007758180,06:06:38,06:29:35.557464,3.707,22.9593,32.3669,경기도,용인시 수지구,4,6,28,Card,Scooter,2,0.0,3
OD9872070871,07:07:34,07:36:53.195778,4.061,29.3199,17.1764,서울특별시,성동구,0,7,10,AppPay,Bike,3,3.22,4
OD0710639519,10:31:18,10:36:50.953000,2.128,5.5492,23.0113,경기도,성남시 중원구,3,10,6,AppPay,Bike,1,0.2,3
OD6762871269,13:29:58,13:56:20.742286,4.23,26.379,27.3835,서울특별시,중구,1,13,25,Cash,Scooter,1,0.61,3
OD1887422035,07:47:34,07:53:26.798781,0.5,5.88,30.4766,서울특별시,용산구,6,7,30,AppPay,Scooter,1,1.12,2
OD0861044985,00:10:54,00:38:57.636004,4.139,28.0606,14.6755,경기도,수원시 영통구,0,0,10,AppPay,Bike,2,0.0,4
OD8566657008,14:53:04,15:13:06.913395,1.669,20.0486,30.0433,경기도,안산시 상록구,6,14,23,Cash,Scooter,1,1.12,2
OD6400056991,08:56:18,09:03:21.006410,3.113,7.0501,28.7128,서울특별시,강남구,2,8,12,AppPay,Scooter,3,1.03,2
OD3708768597,05:34:56,06:01:51.415645,5.644,26.9236,18.6399,경기도,고양시 덕양구,6,5,23,Card,Scooter,3,0.32,3
OD2731865899,18:22:35,18:47:55.985601,1.482,25.3498,11.9588,경기도,용인시 수지구,0,18,24,Card,Bike,3,1.19,3
OD0700955975,13:03:05,13:09:54.694672,0.871,6.8282,26.9686,서울특별시,마포구,6,13,2,Card,Car,2,2.17,1
OD2362522056,11:59:05,12:12:14.068015,0.707,13.1511,35.2099,서울특별시,노원구,4,11,21,Cash,Scooter,2,0.44,4
OD4108005096,23:47:56,00:07:52.123809,2.315,19.9354,13.2815,서울특별시,강남구,4,23,7,Card,Bike,3,0.88,3
OD8335459753,17:36:44,17:54:46.824772,4.292,18.0471,27.2281,서울특별시,성북구,0,17,3,Card,Car,4,2.23,2
OD4371845512,03:14:35,03:26:35.807884,6.876,12.0135,34.3403,서울특별시,종로구,2,3,19,Card,Scooter,4,0.94,2
OD4103313436,23:39:46,00:04:41.199139,5.088,24.92,25.1072,경기도,성남시 분당구,4,23,7,AppPay,Scooter,3,0.32,2
OD0664588493,21:01:23,21:30:54.821368,6.32,29.5304,23.198,서울특별시,서초구,5,21,22,Card,Car,2,1.91,3
OD4221594400,23:42:50,23:52:59.458603,2.109,10.1576,29.7568,경기도,부천시,3,23,13,AppPay,Car,1,2.46,3
OD6857980547,22:03:30,22:08:17.243810,1.997,4.7874,25.0252,경기도,고양시 덕양구,3,22,27,AppPay,Bike,2,1.06,3
OD9400738167,13:36:03,13:44:43.320559,1.179,8.672,17.0502,서울특별시,동작구,0,13,3,Cash,Car,2,0.89,4
OD1693315175,19:38:27,19:48:06.475085,2.465,9.6579,21.5199,서울특별시,강남구,5,19,8,Card,Bike,4,1.81,3
OD3141408184,18:37:40,18:52:21.406184,1.501,14.6901,25.1902,서울특별시,동작구,1,18,1,Card,Bike,4,0.75,1
OD7787139927,09:51:26,10:13:57.405075,2.364,22.5234,22.0659,경기도,김포시,0,9,31,Cash,Bike,3,0.13,4
OD7084605750,23:14:15,23:46:21.925954,4.839,32.1154,12.1931,경기도,수원시 영통구,0,23,24,AppPay,Bike,3,2.47,5
OD0354578568,08:30:26,08:49:48.940507,4.667,19.3823,21.1713,서울특별시,성동구,5,8,29,Card,Bike,4,0.1,3
OD9124643171,14:46:06,15:19:35.589829,4.3,33.4932,12.4497,경기도,용인시 수지구,3,14,20,AppPay,Bike,1,2.81,5
OD6624578322,16:48:16,17:07:59.755478,4.728,19.7293,21.2505,경기도,용인시 수지구,1,16,25,Cash,Scooter,4,1.81,4
OD6615984184,20:00:28,20:29:40.178077,6.678,29.203,24.3311,경기도,고양시 덕양구,0,20,3,Card,Bike,2,4.61,2
OD2409098439,23:30:04,23:53:28.925618,4.167,23.4154,26.9999,서울특별시,중구,0,23,24,AppPay,Car,4,1.26,3
OD1054380285,07:25:17,07:37:33.414627,6.562,12.2736,32.0804,서울특별시,서초구,6,7,16,Cash,Car,3,2.5,2
OD2256279907,15:41:00,16:02:17.088471,3.874,21.2848,23.1843,서울특별시,은평구,1,15,25,Cash,Car,4,0.0,5
OD3663393503,20:42:26,21:06:45.919788,4.403,24.332,22.0269,서울특별시,성동구,3,20,27,Card,Scooter,4,1.56,5
OD7422650892,08:05:04,08:27:55.372956,3.948,22.8562,15.9144,경기도,성남시 중원구,3,8,20,Cash,Bike,5,0.46,5
OD8495006567,23:46:10,00:15:54.261360,5.334,29.7377,17.2339,서울특별시,마포구,1,23,4,AppPay,Bike,2,0.19,3
OD1415808971,09:59:53,10:21:55.319119,2.9,22.0387,16.4699,인천광역시,미추홀구,1,9,11,AppPay,Car,3,0.64,5
OD1513136852,18:04:23,18:25:12.741417,4.091,20.829,23.8647,인천광역시,동구,2,18,5,AppPay,Bike,2,3.04,1
OD5266753560,01:11:33,01:22:21.149564,1.77,10.8025,17.5078,경기도,수원시 영통구,1,1,1,AppPay,Bike,3,3.72,4
OD3598741295,02:53:39,03:03:07.926061,3.642,9.4821,23.0425,경기도,부천시,4,2,21,AppPay,Bike,1,0.05,2
OD1707277662,06:15:05,06:43:46.302736,3.043,28.6884,10.853,경기도,안산시 상록구,1,6,25,Cash,Bike,4,0.0,1
OD3869727911,14:44:53,15:05:57.587437,3.864,21.0765,25.898,경기도,안산시 단원구,3,14,20,AppPay,Scooter,6,1.02,4
OD0007261697,09:35:46,09:47:56.470823,0.5,12.1745,20.4467,경기도,김포시,0,9,17,Card,Car,2,1.31,4
OD3236890597,23:14:04,23:31:07.295731,4.543,17.0549,25.9117,서울특별시,송파구,3,23,6,Card,Bike,5,1.0,2
OD7059543899,09:45:51,10:11:11.865981,2.514,25.3478,13.2609,경기도,수원시 영통구,5,9,8,AppPay,Bike,1,1.25,3
OD2853987604,10:02:25,10:16:32.684607,4.702,14.1281,29.0608,서울특별시,동작구,4,10,14,AppPay,Scooter,1,0.37,3
OD9446653489,06:23:11,06:48:19.886111,6.801,25.1481,20.2067,경기도,시흥시,2,6,12,Card,Bike,5,0.04,3
OD3829395873,15:27:47,15:41:28.846716,2.208,13.6974,19.8787,경기도,광명시,3,15,27,Card,Scooter,2,0.01,4
OD6258375562,05:45:14,05:59:03.718074,1.3,13.8286,20.5426,경기도,용인시 수지구,0,5,3,Cash,Bike,3,2.48,3
OD8289893751,14:55:24,15:08:30.213837,0.757,13.1036,21.5659,서울특별시,노원구,1,14,1,Card,Car,4,1.21,4
OD5073967503,20:00:27,20:34:49.713190,5.094,34.3786,31.516,경기도,수원시 장안구,0,20,3,AppPay,Scooter,4,2.56,3
OD8823575167,02:47:03,02:56:33.831112,1.021,9.5139,38.2888,서울특별시,서초구,4,2,7,AppPay,Scooter,2,0.0,1
OD8456680868,05:03:31,05:19:44.490563,3.797,16.2248,32.758,서울특별시,관악구,1,5,25,Cash,Scooter,5,0.9,3
OD9250434104,13:28:38,13:36:47.817861,1.511,8.1636,24.7988,서울특별시,동작구,6,13,23,Card,Bike,3,0.0,2
OD3136953784,03:44:56,03:54:17.427732,1.879,9.3571,23.9174,경기도,수원시 장안구,3,3,13,Card,Scooter,2,0.99,4
OD7670504410,16:58:24,17:25:43.622919,3.412,27.327,22.3706,인천광역시,남동구,5,16,1,Card,Scooter,4,0.65,4
OD5734690168,22:20:56,22:44:06.459847,4.551,23.1743,19.6356,경기도,평택시,5,22,8,Cash,Bike,2,4.02,1
OD8804886212,15:09:47,15:28:19.324417,3.603,18.5387,26.6709,경기도,시흥시,1,15,11,AppPay,Car,2,1.71,1
OD7222470156,06:12:17,06:25:52.415783,4.139,13.5903,34.4061,서울특별시,강서구,6,6,30,AppPay,Scooter,2,0.0,1
OD4937080650,18:56:41,19:16:44.660210,4.823,20.061,16.5553,서울특별시,마포구,1,18,4,AppPay,Bike,3,0.19,4
OD4060966604,08:35:49,09:00:38.066764,2.759,24.8178,11.6807,인천광역시,서구,4,8,28,Cash,Bike,3,0.16,4
OD2051322211,10:59:14,11:10:54.469655,2.63,11.6745,29.772,경기도,성남시 중원구,0,10,17,AppPay,Scooter,3,0.0,1
OD0754596957,22:14:02,22:45:42.394854,5.091,31.6732,14.3312,경기도,고양시 덕양구,5,22,22,Card,Bike,2,1.18,4
OD2581943379,17:00:24,17:24:06.905192,5.465,23.7151,29.3038,서울특별시,강남구,0,17,31,Cash,Scooter,2,4.65,3
OD4010651588,11:17:55,11:41:10.649103,5.881,23.2608,34.7135,서울특별시,성북구,5,11,29,Card,Scooter,1,1.73,2
OD9722969565,09:00:22,09:15:33.409475,2.44,15.1902,24.833,서울특별시,성동구,2,9,26,Cash,Bike,1,5.05,3
OD2204434822,07:18:04,07:35:51.398203,5.969,17.79,34.6116,서울특별시,강서구,0,7,24,Cash,Scooter,5,1.02,3
OD4213399676,12:59:28,13:21:35.790412,3.739,22.1298,26.427,인천광역시,계양구,2,12,26,Card,Scooter,4,1.0,3
OD9844653422,09:03:35,09:17:06.527983,2.191,13.5255,20.6014,서울특별시,종로구,0,9,17,Card,Bike,3,0.1,3
OD4726306233,04:41:23,04:48:40.164268,1.912,7.2861,21.9164,인천광역시,남동구,2,4,19,Cash,Bike,3,0.22,3
OD3165454519,23:16:54,23:34:58.002112,1.088,18.0667,25.6309,서울특별시,서초구,1,23,1,AppPay,Scooter,2,2.12,4
OD7792967914,00:51:56,01:12:13.783029,4.476,20.2964,21.6387,인천광역시,서구,5,0,8,AppPay,Bike,3,0.0,3
OD0710577168,04:27:31,04:52:21.534062,3.369,24.8422,16.9269,경기도,시흥시,6,4,30,Card,Bike,3,3.43,4
OD1190594698,00:51:01,01:01:15.017026,1.197,10.2336,28.3091,서울특별시,중구,4,0,7,AppPay,Scooter,4,1.81,3
OD5771350933,13:46:19,14:08:42.128556,2.019,22.3855,20.0676,서울특별시,관악구,1,13,4,Cash,Bike,2,0.16,2
OD6426706472,19:23:22,20:17:51.768782,6.423,54.4961,9.9673,서울특별시,서초구,2,19,19,Cash,Bike,4,3.59,2
OD2906901460,10:30:38,10:57:07.203747,5.514,26.4867,12.9443,경기도,수원시 장안구,1,10,4,Card,Bike,2,0.24,4
OD5122859246,01:58:40,02:16:10.354041,4.057,17.5059,13.9049,인천광역시,연수구,6,1,16,AppPay,Bike,1,0.0,4
OD3896662859,00:36:02,00:52:11.481511,2.874,16.158,12.3134,서울특별시,성동구,1,0,25,Cash,Bike,3,0.0,5
OD1481357851,02:24:57,02:40:53.615298,3.4,15.9436,22.8769,서울특별시,관악구,4,2,7,AppPay,Car,2,1.15,4
OD0474225288,02:02:00,02:15:14.826950,1.446,13.2471,25.7572,서울특별시,마포구,3,2,20,Card,Scooter,1,1.17,4
OD8325117509,06:24:46,06:46:05.431759,4.736,21.3239,16.3559,인천광역시,미추홀구,1,6,1,Cash,Bike,1,1.48,4
OD0341150178,05:29:21,05:39:00.228592,1.99,9.6538,18.1615,서울특별시,서초구,5,5,22,Cash,Car,2,0.97,4
OD7761616729,08:55:24,09:15:36.910323,3.416,20.2152,16.3138,서울특별시,노원구,1,8,4,AppPay,Bike,3,2.28,3
OD9304166489,07:33:15,07:57:59.297247,5.619,24.7383,14.2732,경기도,시흥시,1,7,25,Card,Bike,6,1.63,5
OD4741811918,00:07:42,00:28:54.257024,3.398,21.2043,13.3318,서울특별시,관악구,2,0,5,AppPay,Bike,2,2.14,3
OD1752187126,14:36:13,14:47:27.729905,,11.2455,27.4393,서울특별시,강남구,2,14,12,Card,Scooter,3,0.86,3
OD5456766823,15:48:00,16:10:14.567611,3.554,22.2428,14.9169,서울특별시,서초구,4,15,28,Cash,Bike,3,0.0,4
OD9377810596,15:14:59,15:27:13.994277,0.885,12.2499,17.4843,인천광역시,미추홀구,0,15,31,Cash,Bike,2,0.0,4
OD6545164617,06:35:10,06:44:32.643872,2.571,9.3774,30.0939,경기도,성남시 분당구,5,6,1,Cash,Car,3,0.63,2
OD9277684636,05:25:09,05:55:06.040603,5.217,29.9507,16.1179,서울특별시,종로구,6,5,23,AppPay,Bike,4,3.51,4
OD3875289111,12:37:47,12:48:12.051314,0.686,10.4175,18.7142,인천광역시,동구,1,12,4,Card,Bike,4,0.82,4
OD9767344170,16:52:35,17:06:06.153224,4.58,13.5192,29.6282,서울특별시,성동구,4,16,7,Card,Scooter,3,0.15,3
OD2859840537,03:06:19,03:14:47.798110,2.537,8.48,22.9395,경기도,용인시 기흥구,2,3,5,AppPay,Scooter,2,4.77,3
OD1306834371,20:51:37,21:00:42.824094,2.556,9.0971,20.5363,서울특별시,구로구,6,20,9,Cash,Bike,2,0.57,3
OD0164097695,14:17:54,14:32:22.282749,5.205,14.4714,24.3712,-,-,6,14,9,Cash,Bike,4,0.55,1
OD5213378416,02:31:47,02:54:27.324104,4.618,22.6721,27.9411,서울특별시,성북구,6,2,30,AppPay,Car,5,2.53,3
OD1858204066,10:42:57,11:04:58.243071,4.866,22.0207,13.2591,인천광역시,미추홀구,1,10,25,Cash,Bike,3,0.3,4
OD5842587666,13:58:40,14:07:28.065765,0.5,8.8011,27.6965,경기도,광명시,6,13,9,AppPay,Scooter,3,1.09,4
OD9835561182,13:46:43,14:05:44.308066,3.437,19.0218,18.5783,경기도,성남시 중원구,0,13,31,Card,Car,1,1.37,3
OD8366649609,09:54:08,10:16:37.358333,3.132,22.4893,14.2607,경기도,안산시 단원구,1,9,4,AppPay,Bike,5,0.09,4
OD0214007782,18:24:58,18:48:44.835018,4.11,23.7806,16.6229,인천광역시,동구,2,18,5,Cash,Car,3,2.24,4
OD7691970873,08:28:47,08:47:18.153541,6.384,18.5192,36.23,인천광역시,연수구,0,8,31,AppPay,Scooter,4,1.22,2
OD1985671351,22:49:36,22:56:55.466240,1.759,7.3244,27.579,서울특별시,강남구,0,22,10,Card,Scooter,3,0.35,3
OD0178075228,19:56:10,20:12:32.536640,3.958,16.3756,19.5571,서울특별시,서초구,3,19,13,AppPay,Bike,1,3.04,3
OD4069185836,09:53:06,10:10:10.990743,4.908,17.0832,23.6284,서울특별시,구로구,4,9,14,Cash,Scooter,5,0.39,4
OD1080115131,00:33:03,00:46:20.701726,3.075,13.295,18.2074,경기도,고양시 덕양구,0,0,24,AppPay,Bike,3,0.67,1
OD4958814441,17:45:15,17:52:20.984251,0.5,7.0997,28.0493,경기도,성남시 중원구,3,17,6,Cash,Scooter,4,0.82,3
OD0470745220,19:20:56,19:23:46.267371,0.524,2.8378,18.4448,서울특별시,구로구,2,19,12,AppPay,Bike,4,0.39,2
OD6121682262,13:30:26,13:56:14.655826,2.826,25.8109,17.522,서울특별시,용산구,1,13,25,AppPay,Car,3,2.41,3
OD4939240747,12:45:21,13:13:22.217498,4.966,28.0203,27.3484,경기도,용인시 수지구,2,12,19,AppPay,Scooter,2,0.44,3
OD2421073534,16:58:17,17:05:38.979613,0.5,7.3663,30.4171,경기도,고양시 덕양구,3,16,27,Card,Scooter,2,0.36,3
OD2952808071,22:48:15,23:22:35.839048,4.774,34.3473,9.2614,서울특별시,강남구,2,22,26,Card,Bike,3,0.27,5
OD8399876878,05:11:46,05:32:06.559495,3.525,20.3427,26.6069,서울특별시,성동구,5,5,15,Cash,Scooter,4,0.31,4
OD3758953095,13:46:10,13:59:17.050632,3.609,13.1175,23.3754,서울특별시,강남구,1,13,18,Card,Bike,3,0.53,2
OD6059389881,01:14:39,01:31:37.834945,5.361,16.9806,18.9422,서울특별시,강남구,2,1,19,AppPay,Bike,3,0.31,3
OD2222054353,10:32:16,10:40:57.988219,0.979,8.6998,26.1862,서울특별시,노원구,3,10,20,Cash,Bike,3,0.92,1
OD2686161223,14:35:14,14:47:46.988069,0.5,12.5498,19.3176,경기도,수원시 장안구,3,14,27,Card,Car,2,1.36,4
OD9053315973,21:40:26,22:11:54.150547,4.774,31.4692,11.8549,서울특별시,중구,4,21,28,Card,Bike,3,1.97,3
OD1664791555,13:26:46,14:15:23.131982,5.061,48.6189,10.1687,서울특별시,성동구,1,13,18,Cash,Bike,2,4.35,5
OD1385919444,06:18:17,06:36:59.332908,5.543,18.7055,26.153,서울특별시,구로구,6,6,9,AppPay,Scooter,4,3.64,5
OD3077195389,07:03:44,07:20:09.107790,3.842,16.4185,18.5747,서울특별시,관악구,3,7,6,Cash,Car,1,0.07,2
OD9929780733,17:52:55,18:04:57.714892,2.736,12.0452,20.364,경기도,수원시 영통구,3,17,13,Cash,Bike,1,0.39,3
OD4118064591,06:33:41,06:47:18.926268,3.793,13.6321,26.128,서울특별시,서초구,2,6,26,Cash,Scooter,3,1.12,4
OD9851502707,06:21:17,06:23:38.899313,0.826,2.365,20.9627,경기도,부천시,3,6,13,Card,Bike,4,0.38,2
OD2835169124,15:41:21,15:47:59.284996,3.136,6.6381,33.5818,서울특별시,은평구,3,15,13,Cash,Scooter,1,0.83,1
OD5222535386,03:06:11,03:21:53.889683,3.854,15.7148,16.854,경기도,용인시 수지구,4,3,7,Cash,Bike,2,1.69,2
OD6513197566,12:56:05,13:21:30.240351,3.249,25.4207,23.4292,경기도,성남시 분당구,1,12,11,Card,Bike,4,2.46,2
OD0786949033,09:01:21,09:10:29.017519,0.5,9.1336,21.0722,경기도,안산시 단원구,4,9,14,AppPay,Bike,2,1.37,1
OD8489903392,10:33:40,10:56:58.975565,3.733,23.3163,27.8897,서울특별시,중구,0,10,31,Cash,Scooter,2,1.75,3
OD7398329563,13:25:35,13:52:15.929895,6.085,26.6822,13.9213,서울특별시,동작구,1,13,25,Card,Bike,2,0.01,3
OD2243335685,06:22:57,06:44:56.585935,4.474,21.9931,20.2036,서울특별시,노원구,0,6,24,Card,Scooter,3,0.0,3
OD1283756216,04:21:45,04:33:09.549872,2.557,11.4092,25.3502,서울특별시,강서구,4,4,21,Card,Bike,4,1.43,3
OD5469739942,16:56:33,17:14:07.464319,2.815,17.5744,14.9276,서울특별시,은평구,2,16,26,Card,Bike,2,0.71,4
OD6007123946,00:03:54,00:25:53.835480,4.851,21.9973,23.401,경기도,수원시 장안구,3,0,6,AppPay,Scooter,4,1.73,4
OD2584017011,03:11:44,03:35:22.426131,6.059,23.6404,22.7046,서울특별시,중구,0,3,17,Card,Car,3,0.95,4
OD3417509160,12:23:10,13:00:13.222115,4.211,37.0537,8.0,서울특별시,성동구,5,12,22,Cash,Bike,3,6.63,5
OD1349146712,13:06:55,13:32:16.018794,3.074,25.3503,17.8338,인천광역시,동구,1,13,25,Card,Bike,2,0.0,2
OD1158822737,09:35:49,09:56:46.388630,4.033,20.9565,28.7717,서울특별시,영등포구,3,9,13,Card,Scooter,4,1.59,2
OD9866287274,20:21:04,20:41:53.252118,2.998,20.8209,18.4477,서울특별시,동작구,6,20,16,AppPay,Bike,1,0.72,1
OD0669399036,23:11:56,23:29:15.207314,5.247,17.3201,26.1226,서울특별시,종로구,1,23,11,Cash,Scooter,5,2.54,4
OD9968206781,15:38:14,16:00:34.565734,4.879,22.3428,30.0739,경기도,안산시 단원구,1,15,4,Card,Scooter,6,0.24,3
OD4416782470,21:40:13,21:53:37.157742,3.773,13.4026,20.4466,경기도,안산시 단원구,5,21,15,Cash,Bike,1,1.02,1
OD2037596396,06:26:44,06:34:49.897324,4.004,8.0983,29.664,서울특별시,종로구,0,6,17,AppPay,Scooter,3,0.9,2
OD6616525388,19:00:47,19:22:19.413607,3.806,21.5402,20.8452,경기도,평택시,4,19,7,Cash,Bike,1,1.25,3
OD5524460874,15:52:59,16:03:48.319481,2.706,10.822,23.9236,서울특별시,용산구,2,15,5,AppPay,Scooter,4,0.3,3
OD4739656498,15:31:46,15:38:23.599474,0.5,6.6267,35.4853,서울특별시,중구,6,15,16,Card,Scooter,3,0.4,1
OD0646061561,02:16:33,02:38:21.523365,2.285,21.8087,31.4827,서울특별시,영등포구,4,2,14,Cash,Scooter,4,0.48,3
OD2620244213,08:01:35,08:03:24.564944,0.7,1.8261,38.6389,인천광역시,서구,4,8,28,Cash,Scooter,2,1.01,1
OD1966622215,16:14:45,16:30:37.505679,0.5,15.8751,30.162,서울특별시,구로구,0,16,3,Card,Bike,4,1.46,2
OD8075305934,07:08:21,07:22:56.522480,2.164,14.592,27.3127,서울특별시,은평구,3,7,13,Cash,Scooter,1,0.67,4
OD0775034545,21:52:13,22:11:19.774303,3.589,19.1129,14.7701,서울특별시,강남구,4,21,21,Cash,Bike,2,0.07,4
OD8931950664,00:34:20,00:42:57.875472,0.5,8.6313,26.6395,경기도,부천시,2,0,12,Card,Scooter,5,0.62,3
OD8781633687,04:30:23,04:46:18.924610,0.931,15.9321,17.3898,서울특별시,성북구,2,4,5,AppPay,Bike,5,1.12,5
OD5724721998,13:11:40,13:24:34.396019,0.5,12.9066,26.7364,경기도,수원시 영통구,6,13,16,AppPay,Bike,4,4.58,1
OD8410172953,19:06:54,19:21:30.287495,4.323,14.6048,20.8606,경기도,성남시 분당구,4,19,7,Card,Bike,3,0.37,3
OD1775079160,03:28:46,03:48:06.396235,5.378,19.3399,25.4428,서울특별시,종로구,4,3,7,Card,Car,1,1.29,3
OD2321541019,16:03:30,16:20:27.319840,3.9,16.9553,21.3893,경기도,시흥시,2,16,5,Card,Car,2,0.5,4
OD2608443511,16:09:36,16:26:56.926754,4.966,17.3488,25.5514,인천광역시,미추홀구,5,16,8,Card,Scooter,3,0.47,3
OD5172199837,00:26:50,00:43:17.218692,4.156,16.4536,25.836,서울특별시,은평구,1,0,18,Cash,Scooter,3,0.51,4
OD3473469439,21:27:29,21:31:19.608229,1.348,3.8435,27.0473,서울특별시,서초구,6,21,2,Card,Car,3,1.43,3
OD7058635369,14:29:53,14:53:52.116024,5.271,23.9853,18.641,서울특별시,마포구,6,14,16,AppPay,Bike,3,1.32,3
OD2645998436,11:54:44,12:13:53.289554,4.564,19.1548,24.1777,인천광역시,남동구,3,11,6,Card,Bike,2,1.28,4
OD3386993416,06:51:07,07:05:34.726479,5.605,14.4621,24.8132,경기도,용인시 수지구,0,6,10,Card,Scooter,3,0.74,3
OD7858683330,02:19:31,02:43:03.768477,5.958,23.5461,27.0338,경기도,평택시,3,2,27,Cash,Scooter,4,0.31,2
OD6427391729,21:31:46,21:47:00.375693,1.586,15.2396,15.4104,서울특별시,송파구,4,21,28,Cash,Bike,1,1.37,4
OD7272346213,02:28:46,02:44:50.229369,3.125,16.0705,31.7017,서울특별시,구로구,2,2,26,Card,Scooter,5,1.22,2
OD7193530339,18:43:15,18:55:25.686278,1.882,12.1781,146.3318,경기도,성남시 중원구,0,18,17,AppPay,Scooter,4,0.41,3
OD7373879676,12:57:35,13:29:13.140801,4.218,31.6357,8.0,서울특별시,은평구,2,12,19,AppPay,Bike,4,1.68,3
OD4164322021,12:14:25,12:38:36.214154,2.823,24.1869,19.4012,경기도,평택시,4,12,28,Card,Bike,2,4.03,3
OD4414344839,08:00:30,08:20:34.068681,4.202,20.0678,17.3303,인천광역시,미추홀구,0,8,24,AppPay,Bike,2,3.17,4
OD2842480893,16:23:51,16:39:47.684045,3.83,15.9447,26.7376,인천광역시,미추홀구,5,16,1,Card,Scooter,1,1.02,2
OD0642170418,22:19:23,22:42:46.262540,5.147,23.3877,17.8128,서울특별시,마포구,5,22,1,Card,Bike,3,4.36,2
OD0627141154,19:30:15,19:51:58.456621,2.704,21.7243,25.3035,경기도,광명시,6,19,9,Card,Bike,5,0.72,2
OD7602415562,10:39:28,10:46:31.834804,1.362,7.0639,11.5662,인천광역시,동구,4,10,14,AppPay,Bike,3,0.65,5
OD1902453245,10:22:14,11:02:52.910825,6.44,40.6485,10.9337,서울특별시,용산구,0,10,31,Cash,Bike,3,1.57,3
OD9098386939,03:55:44,04:17:52.812235,3.799,22.1469,16.7945,서울특별시,관악구,6,3,16,AppPay,Bike,4,1.07,4
OD1207917200,02:23:18,02:37:14.753011,1.888,13.9459,18.3176,서울특별시,강남구,4,2,21,Card,Bike,2,0.0,4
OD6901277043,21:38:55,22:00:21.991912,1.745,21.4499,13.542,서울특별시,강서구,6,21,23,Card,Bike,4,0.55,3
OD5840112811,09:33:30,09:55:08.411028,2.989,21.6402,14.9576,경기도,수원시 장안구,1,9,25,Cash,Scooter,3,3.35,4
OD9186114546,22:09:30,22:16:19.788774,3.87,6.8298,33.9961,경기도,용인시 기흥구,5,22,15,Card,Car,4,0.8,4
OD1811188311,01:04:32,01:15:10.113613,0.5,10.6352,18.1115,서울특별시,중구,2,1,26,AppPay,Bike,2,0.0,4
OD4421335412,18:14:42,18:24:45.997544,2.97,10.0666,29.1665,경기도,성남시 분당구,2,18,12,AppPay,Scooter,3,0.6,4
OD1236859794,06:00:27,06:20:58.722791,4.269,20.5287,21.8494,서울특별시,동작구,2,6,19,AppPay,Scooter,3,0.38,5
OD4251406784,05:11:14,05:27:11.530421,3.912,15.9588,14.7062,서울특별시,성북구,3,5,27,Cash,Bike,3,2.59,4
OD4982502283,10:46:42,11:01:19.492389,3.315,14.6249,22.45,서울특별시,성북구,4,10,28,Cash,Scooter,4,0.56,3
OD6316133387,23:05:34,23:18:25.253950,3.73,12.8542,24.9112,인천광역시,남동구,0,23,10,Cash,Car,3,0.0,2
OD9724830783,12:05:47,12:27:02.553543,3.823,21.2592,23.7343,서울특별시,서초구,1,12,25,Card,Scooter,3,1.89,3
OD3673291221,22:51:25,22:55:18.546779,0.5,3.8924,19.0487,서울특별시,성동구,2,22,19,Cash,Car,3,1.56,5
OD1351041663,08:43:35,09:12:18.796969,3.172,28.7299,19.2004,서울특별시,중구,3,8,13,AppPay,Bike,3,4.29,2
OD4952492580,17:09:41,17:26:50.083619,6.701,17.1514,29.1395,경기도,시흥시,5,17,8,AppPay,Scooter,1,0.74,3
OD6677733744,19:37:07,19:48:35.482826,1.997,11.4747,21.0618,서울특별시,동작구,1,19,25,Cash,Bike,3,2.02,3
OD1737656702,13:25:27,13:37:22.522972,1.851,11.9254,30.1579,서울특별시,관악구,6,13,16,Cash,Car,2,0.59,2
OD5715627661,21:04:19,21:24:10.005540,2.281,19.8501,21.2513,서울특별시,서초구,3,21,27,Card,Bike,3,3.34,4
OD4482828957,00:54:02,00:57:47.000000,0.5,3.75,8.0,서울특별시,은평구,3,0,27,Cash,Bike,3,1.38,4
OD8790372311,05:50:05,06:14:20.973317,3.213,24.2662,22.4893,서울특별시,동작구,6,5,9,AppPay,Car,2,0.0,3
OD2416725148,19:15:05,19:37:09.524975,4.818,22.0754,17.0515,서울특별시,노원구,1,19,11,Cash,Bike,1,0.28,4
OD9880121392,18:35:56,19:24:50.809485,5.995,48.9135,9.878,인천광역시,미추홀구,3,18,6,AppPay,Bike,3,1.76,4
OD4623379375,04:01:35,04:05:51.605724,0.5,4.2768,14.7201,서울특별시,은평구,5,4,15,AppPay,Bike,4,0.42,3
OD3851817186,08:07:05,08:23:02.864108,0.592,15.9644,8.9432,서울특별시,마포구,6,8,16,Cash,Bike,2,0.0,3
OD0785468886,09:56:30,10:05:25.989570,3.563,8.9332,24.1344,경기도,고양시 덕양구,1,9,25,Cash,Scooter,1,3.87,3
OD4669369780,05:40:11,06:05:10.317993,4.093,24.9886,18.5013,경기도,수원시 영통구,6,5,16,Card,Scooter,4,0.59,4
OD7543246022,03:57:36,04:21:55.931121,4.986,24.3322,26.3388,서울특별시,영등포구,0,3,17,Card,Scooter,3,0.16,3
OD1616536906,07:49:44,08:05:31.014363,3.202,15.7836,31.3697,경기도,수원시 장안구,6,7,16,Card,Scooter,1,4.76,3
OD3292145229,23:39:11,23:57:18.962713,4.619,18.1327,24.5466,서울특별시,성북구,1,23,11,Card,Scooter,2,2.24,2
OD5574871471,19:33:51,19:46:30.066185,1.996,12.6511,28.164,-,-,3,19,20,AppPay,Scooter,3,0.16,4
OD9653077171,16:19:42,16:35:08.352222,4.35,15.4392,27.9656,서울특별시,동작구,1,16,4,Card,Scooter,4,4.92,3
OD5970357596,21:51:10,21:59:54.244986,0.581,8.7374,16.1808,경기도,광명시,6,21,23,Card,Bike,3,0.88,4
OD4335132786,02:35:39,03:42:50.418334,4.303,67.1903,23.0375,서울특별시,영등포구,0,2,3,Card,Bike,5,0.0,2
OD4777116847,23:00:58,23:16:39.043968,2.383,15.6841,13.6483,경기도,수원시 장안구,2,23,26,Cash,Bike,2,0.93,2
OD1938135362,18:55:41,19:10:08.754701,5.329,14.4626,23.4435,서울특별시,성북구,5,18,29,Cash,Car,3,0.21,3
OD7885951953,14:51:20,15:14:06.780207,4.009,22.7797,33.5193,경기도,광명시,4,14,7,Cash,Car,3,0.0,1
OD4484635348,06:36:42,06:56:41.921730,3.66,19.9987,33.4812,서울특별시,강남구,0,6,10,Card,Scooter,2,0.0,2
OD4804700580,13:36:49,13:58:21.001670,4.047,21.5334,14.5376,서울특별시,영등포구,3,13,27,Card,Bike,3,0.08,4
OD6220686971,05:01:49,05:27:53.295035,4.748,26.0716,23.1978,경기도,수원시 장안구,6,5,23,Card,Car,5,1.1,2
OD1202325502,01:43:34,02:00:07.594728,3.571,16.5599,41.5105,경기도,김포시,6,1,2,Cash,Scooter,5,0.07,1
OD0414027970,21:24:07,21:42:38.810731,4.708,18.5302,20.5198,경기도,성남시 분당구,5,21,1,AppPay,Scooter,4,1.58,4
OD1335066783,00:24:20,00:38:43.155595,2.82,14.3859,20.5216,서울특별시,종로구,1,0,4,AppPay,Bike,1,0.12,4
OD6100319322,13:25:09,13:33:45.810561,1.355,8.6135,29.9243,경기도,평택시,0,13,17,Cash,Scooter,5,0.61,2
OD4183095522,13:37:03,13:59:50.230123,4.665,22.7872,24.5342,경기도,용인시 기흥구,2,13,5,AppPay,Bike,4,1.01,3
OD1591085912,11:08:18,11:30:22.640283,3.608,22.0773,18.4393,서울특별시,영등포구,3,11,6,Cash,Bike,3,2.19,3
OD5923882755,22:31:11,22:52:34.029398,3.664,21.3838,15.9435,경기도,수원시 장안구,2,22,26,AppPay,Bike,2,0.99,3
OD6173194103,14:21:47,14:33:28.555155,1.141,11.6926,32.0117,서울특별시,노원구,3,14,20,Cash,Scooter,3,1.89,3
OD7959701410,07:36:40,07:49:56.698274,3.04,13.2783,25.7465,경기도,수원시 영통구,4,7,28,AppPay,Bike,4,0.66,2
OD7031872355,05:04:40,05:28:51.238250,4.028,24.1873,22.0884,서울특별시,용산구,2,5,19,Cash,Scooter,4,0.0,5
OD5870010868,13:54:42,14:11:50.216397,3.18,17.1369,15.5083,서울특별시,서초구,4,13,21,AppPay,Bike,4,0.26,3
OD8479177761,21:32:24,21:52:11.268335,6.035,19.7878,22.0141,서울특별시,영등포구,1,21,11,Card,Car,4,0.0,2
OD9917142068,06:16:24,06:25:13.702799,0.5,8.8284,18.828,서울특별시,마포구,5,6,15,Cash,Bike,2,0.69,3
OD0549845908,02:26:01,02:55:39.183715,5.858,29.6364,15.422,경기도,성남시 분당구,5,2,22,Cash,Bike,3,3.9,1
OD8763177540,03:02:26,03:21:09.616890,2.979,18.7269,21.6536,서울특별시,용산구,1,3,25,Cash,Bike,3,0.9,2
OD0249206310,13:09:54,13:32:59.468926,4.529,23.0911,21.1369,서울특별시,중구,5,13,22,Cash,Bike,3,0.87,2
OD5910125205,10:32:50,10:56:55.106756,5.665,24.0851,20.1298,서울특별시,강남구,3,10,20,Card,Bike,1,1.39,4
OD0338702422,18:38:34,18:51:45.787760,0.763,13.1965,21.0911,서울특별시,중구,1,18,11,Cash,Car,4,0.68,3
OD3927555148,19:37:14,19:51:07.476572,2.883,13.8913,22.3963,서울특별시,중구,6,19,9,AppPay,Car,3,0.13,3
OD4993238283,21:59:17,22:21:58.528950,4.251,22.6921,15.3866,서울특별시,성북구,4,21,28,AppPay,Bike,4,0.18,3
OD5342365667,13:11:05,13:45:25.340097,6.01,34.339,13.0107,서울특별시,동작구,6,13,30,AppPay,Bike,2,4.41,3
OD5454461721,23:46:58,00:06:41.122568,3.017,19.7187,23.8789,서울특별시,노원구,5,23,15,AppPay,Bike,3,2.59,1
OD9753221393,13:38:55,13:49:10.493035,2.122,10.2582,18.0476,서울특별시,종로구,1,13,18,AppPay,Bike,2,0.11,2
OD0501153256,14:43:23,15:14:52.056496,5.114,31.4843,13.2469,서울특별시,노원구,5,14,15,AppPay,Bike,2,0.03,3
OD6797948751,17:26:05,17:34:48.008966,3.159,8.7168,39.535,경기도,수원시 장안구,1,17,25,Cash,Scooter,2,0.63,2
OD0582029838,20:21:47,20:31:42.791348,2.189,9.9299,33.6717,서울특별시,성동구,5,20,8,Cash,Scooter,2,1.99,3
OD7728452839,11:16:37,11:34:28.616979,4.086,17.8603,21.4281,경기도,김포시,5,11,29,Cash,Bike,5,3.14,3
OD1609369789,04:19:50,04:39:29.601541,5.325,19.66,21.0569,서울특별시,구로구,4,4,14,AppPay,Bike,5,1.54,3
OD5477665353,02:21:07,02:44:28.239425,2.301,23.354,13.8913,서울특별시,송파구,6,2,9,AppPay,Bike,4,1.77,3
OD4493256434,14:02:21,14:26:41.917306,3.542,24.3486,17.8369,서울특별시,성동구,0,14,17,Card,Bike,4,0.21,4
OD1737059815,22:10:23,22:29:28.803836,4.355,19.0967,26.5695,서울특별시,중구,3,22,6,Cash,Scooter,4,2.57,3
OD3403737406,09:42:58,09:59:12.768506,1.244,16.2461,22.8313,서울특별시,은평구,0,9,10,AppPay,Car,2,0.08,3
OD6639445713,13:00:35,13:14:07.502207,4.061,13.5417,27.1825,서울특별시,구로구,3,13,20,AppPay,Bike,4,1.44,2
OD9909709963,07:02:07,07:08:50.286434,0.5,6.7214,21.2095,서울특별시,마포구,1,7,18,Cash,Bike,2,0.06,3
OD6351166894,09:48:53,10:04:31.093210,2.91,15.6349,11.6154,서울특별시,서초구,6,9,9,Card,Bike,3,0.55,4
OD4772751833,16:42:00,16:53:27.036595,0.5,11.4506,20.1654,인천광역시,남동구,2,16,26,Card,Bike,5,0.46,4
OD6166220279,21:35:42,22:04:55.064633,5.249,29.2177,13.2284,경기도,고양시 덕양구,3,21,20,Cash,Bike,3,0.0,3
OD9355406392,06:12:13,06:29:48.530624,2.9,17.5922,22.9084,경기도,광명시,1,6,4,Card,Scooter,3,4.53,5
OD7401009767,08:06:33,08:38:54.864981,5.302,32.3644,15.3171,경기도,안산시 상록구,3,8,6,AppPay,Bike,5,1.44,3
OD9477240052,03:35:01,03:52:43.639955,4.126,17.7107,27.4763,-,-,1,3,25,AppPay,Car,1,0.26,3
OD9306704372,08:06:30,08:10:09.576109,0.5,3.6596,24.3195,서울특별시,강서구,4,8,7,AppPay,Scooter,3,4.61,5
OD6925885881,22:58:57,23:23:07.461731,3.132,24.1744,19.4202,서울특별시,노원구,5,22,1,Cash,Bike,4,0.79,4
OD2271059634,05:46:08,06:08:40.606851,3.37,22.5434,22.5739,경기도,김포시,2,5,5,Cash,Bike,3,0.0,2
OD1184082238,22:23:40,22:46:34.379667,3.642,22.9063,23.4246,서울특별시,성동구,4,22,14,AppPay,Car,3,1.0,4
OD1861076239,09:44:59,10:01:09.284174,3.229,16.1714,24.0481,서울특별시,용산구,2,9,12,Card,Scooter,1,1.09,4
OD2794322982,23:56:38,00:12:56.286672,2.638,16.3048,28.5387,인천광역시,계양구,2,23,12,Cash,Car,2,0.68,3
OD1765646759,18:03:26,18:29:52.851081,5.552,26.4475,25.9623,서울특별시,서초구,1,18,25,Cash,Car,3,1.86,3
OD8405035029,01:15:47,01:41:21.316390,4.161,25.5719,15.7941,서울특별시,서초구,6,1,2,Card,Bike,5,6.12,5
OD8905660334,08:19:53,08:40:48.957821,2.503,20.9326,35.0275,서울특별시,성북구,2,8,12,Cash,Scooter,3,1.14,3
OD9749923271,08:46:17,08:59:40.740979,2.811,13.3957,19.8063,경기도,광명시,0,8,24,AppPay,Car,2,1.03,3
OD4600221584,13:38:02,13:54:43.556192,4.49,16.6926,33.5406,서울특별시,성동구,4,13,28,Cash,Scooter,4,3.61,3
OD3371417952,23:15:26,23:46:34.101019,2.895,31.135,10.8273,경기도,수원시 장안구,0,23,24,Card,Bike,2,0.59,4
OD6596325210,15:36:40,15:59:31.018670,4.469,22.8503,20.328,서울특별시,강남구,4,15,28,Card,Bike,5,0.48,2
OD1508773748,20:17:01,20:29:15.673268,4.26,12.2446,29.192,서울특별시,서초구,2,20,12,Card,Scooter,3,1.8,4
OD0255293888,04:32:52,04:42:49.762565,2.322,9.9627,18.2843,서울특별시,은평구,0,4,3,Card,Car,4,1.12,4
OD7371554471,18:28:59,18:45:46.450262,4.862,16.7908,18.4449,서울특별시,종로구,3,18,20,Cash,Bike,1,4.94,4
OD9432551774,05:35:44,05:58:27.503401,1.98,22.7251,30.7019,서울특별시,구로구,3,5,6,AppPay,Car,3,2.38,3
OD4902188982,16:49:22,17:14:03.166376,5.223,24.6861,16.2456,경기도,시흥시,1,16,25,Card,Bike,3,1.38,4
OD8323429231,08:43:08,09:01:23.028656,3.33,18.2505,26.1104,인천광역시,서구,3,8,6,AppPay,Scooter,4,1.85,4
OD5331834640,23:00:58,23:10:08.876438,2.434,9.1813,29.5406,서울특별시,중구,5,23,15,Card,Scooter,2,0.25,2
OD0030935616,03:31:00,04:07:48.718359,4.356,36.812,8.0,서울특별시,송파구,5,3,29,AppPay,Bike,1,1.87,4
OD6227013261,19:37:57,19:54:17.074226,,16.3346,15.8864,경기도,시흥시,1,19,25,Cash,Bike,1,3.12,4
OD7114903751,14:39:51,15:10:49.037824,2.977,30.9673,11.0954,경기도,수원시 영통구,4,14,28,Cash,Bike,2,0.12,5
OD7019454269,11:10:45,11:23:39.410741,2.56,12.9068,25.1427,서울특별시,종로구,2,11,5,Cash,Car,1,0.0,3
OD4827642072,05:22:12,05:30:08.209478,4.024,7.9368,30.4236,경기도,성남시 중원구,5,5,15,Cash,Scooter,3,1.15,3
OD2179192790,00:38:06,00:56:24.015590,4.633,18.3003,27.8379,경기도,김포시,4,0,14,Card,Scooter,4,0.0,1
OD3681212073,22:50:45,23:08:07.670229,4.392,17.3778,31.1871,경기도,안산시 단원구,2,22,5,Card,Scooter,3,1.09,3
OD6378650675,23:30:39,23:39:26.193918,2.8,8.7866,35.2294,경기도,수원시 영통구,3,23,27,AppPay,Scooter,5,1.67,2
OD9203106725,06:47:10,07:08:17.593449,3.88,21.1266,29.7704,인천광역시,부평구,0,6,17,Card,Scooter,3,2.76,4
OD7889614933,12:07:49,12:12:32.813173,1.735,4.7302,26.6751,서울특별시,용산구,3,12,13,AppPay,Scooter,4,1.19,3
OD6768149360,14:13:33,14:21:20.836820,3.199,7.7973,24.6136,서울특별시,종로구,4,14,14,Cash,Car,4,2.31,4
OD3289873930,09:43:39,10:12:49.701713,3.796,29.1784,8.0,서울특별시,구로구,2,9,5,Cash,Bike,2,0.93,4
OD9633696773,11:11:31,11:30:30.260342,4.609,18.9877,23.649,경기도,수원시 영통구,0,11,3,Card,Bike,3,0.0,1
OD0813050728,14:49:39,15:15:05.641115,5.141,25.444,12.4403,경기도,고양시 덕양구,3,14,13,AppPay,Bike,3,0.0,3
OD7882123511,09:10:51,09:29:35.576927,2.928,18.7429,12.1616,서울특별시,구로구,6,9,2,AppPay,Bike,1,4.8,4
OD6963584723,01:11:11,01:42:33.132631,5.577,31.3689,22.3179,서울특별시,송파구,3,1,20,AppPay,Bike,3,0.15,2
OD0479077079,20:44:59,21:00:13.643948,2.328,15.2441,20.8644,경기도,김포시,0,20,24,Cash,Bike,4,4.48,3
OD3980220524,08:53:34,09:13:09.628443,3.234,19.5938,14.8361,서울특별시,용산구,5,8,8,AppPay,Bike,3,0.95,2
OD4881495805,11:15:39,11:36:39.356439,5.601,21.0059,20.3408,서울특별시,종로구,1,11,4,AppPay,Scooter,4,3.17,4
OD8258254292,04:41:11,04:51:23.432882,1.656,10.2072,21.2531,서울특별시,용산구,6,4,9,Card,Car,3,0.05,4
OD3844768155,10:31:53,11:01:27.390504,1.471,29.5732,10.6813,인천광역시,연수구,6,10,30,Card,Bike,3,0.47,3
OD3528140340,04:29:55,04:52:14.481278,5.922,22.3247,22.2179,경기도,수원시 장안구,3,4,27,Cash,Bike,2,0.26,3
OD4207647262,21:23:45,21:42:27.709007,2.716,18.7118,15.6688,경기도,고양시 덕양구,0,21,3,Card,Bike,3,1.93,2
OD5354711573,16:06:30,16:22:40.410191,3.206,16.1735,24.4528,서울특별시,중구,6,16,9,Cash,Bike,5,0.45,1
OD0866972480,22:53:31,23:06:39.067447,2.419,13.1345,27.978,인천광역시,서구,1,22,11,Cash,Scooter,2,0.47,2
OD8939658167,18:37:04,18:57:07.039333,5.19,20.0507,28.1695,인천광역시,부평구,5,18,22,AppPay,Scooter,5,0.26,4
OD5968048329,12:14:16,12:32:10.191370,3.459,17.9032,25.9145,서울특별시,강남구,1,12,4,Card,Scooter,3,1.05,4
OD0993459289,01:59:15,02:12:48.093834,4.312,13.5516,29.9461,서울특별시,영등포구,4,1,28,Card,Car,3,0.0,2
OD6289854783,00:01:19,00:10:42.635419,4.585,9.3939,29.2833,서울특별시,노원구,3,0,20,AppPay,Scooter,6,2.47,2
OD3023435485,08:52:52,09:12:20.690131,2.209,19.4782,19.0329,서울특별시,성동구,5,8,1,Card,Bike,2,2.27,2
OD2685341767,17:19:05,17:33:44.143574,2.141,14.6524,22.1477,인천광역시,서구,6,17,16,Card,Bike,1,1.03,1
OD8154279902,00:22:48,00:40:36.544931,4.299,17.8091,17.4627,서울특별시,중구,3,0,20,Cash,Car,3,3.07,2
OD1014144968,11:03:01,11:20:41.761929,4.817,17.6794,22.2478,서울특별시,성동구,1,11,1,AppPay,Bike,2,0.18,1
OD2483221826,09:08:39,09:35:26.487915,6.086,26.7915,29.4916,서울특별시,구로구,6,9,16,AppPay,Scooter,1,0.0,3
OD7526575597,22:28:42,22:52:29.315381,5.085,23.7886,23.7841,경기도,안산시 단원구,4,22,28,Card,Bike,2,0.99,2
OD9590316323,22:33:26,22:45:16.863823,2.698,11.8477,27.8962,경기도,안산시 단원구,5,22,8,AppPay,Car,3,1.35,3
OD7792250398,03:06:32,03:26:52.936878,6.473,20.3489,30.9728,서울특별시,용산구,2,3,19,Cash,Scooter,2,0.0,3
OD6520768166,15:48:06,16:17:48.473382,2.993,29.7079,16.2075,경기도,평택시,1,15,25,AppPay,Bike,4,1.83,4
OD2158992326,14:43:09,15:03:09.000766,1.402,20.0,23.3492,서울특별시,성북구,1,14,4,Card,Bike,2,2.64,1
OD1435511498,15:07:14,15:38:39.110166,6.471,31.4185,24.8336,서울특별시,마포구,3,15,20,Cash,Bike,3,0.55,3
OD9064482549,21:10:17,21:18:50.844230,2.025,8.5641,22.4567,서울특별시,송파구,0,21,24,Cash,Bike,4,0.9,1
OD8832377770,13:31:45,13:51:08.207262,2.055,19.3868,17.5023,서울특별시,중구,5,13,8,Card,Bike,3,0.53,1
OD3048781910,12:34:43,12:44:07.710157,2.587,9.4118,33.4753,인천광역시,연수구,2,12,12,AppPay,Scooter,4,1.51,3
OD1135183015,03:58:02,04:15:48.160569,2.326,17.7693,25.9937,경기도,평택시,5,3,29,AppPay,Scooter,4,1.38,4
OD7072914396,11:00:08,11:20:00.304958,4.436,19.8717,19.4007,경기도,수원시 영통구,4,11,14,Card,Bike,2,0.22,1
OD4680244788,15:10:07,15:44:48.205018,5.042,34.6868,14.3642,경기도,평택시,5,15,8,Card,Bike,3,0.36,3
OD6087516497,15:08:45,15:26:57.095023,3.165,18.2016,24.3849,서울특별시,동작구,4,15,21,Card,Car,2,2.51,3
OD4227299422,06:45:29,06:51:51.747953,0.84,6.3791,28.2933,서울특별시,노원구,0,6,10,AppPay,Scooter,2,0.72,4
OD7338833820,09:26:20,09:42:45.209008,4.263,16.4202,23.4594,서울특별시,송파구,0,9,17,Card,Scooter,1,0.84,4
OD1699883397,15:51:29,16:11:07.229685,3.119,19.6372,29.5985,서울특별시,영등포구,3,15,6,AppPay,Car,6,2.19,2
OD6692078310,10:25:32,10:39:19.135344,0.992,13.7856,12.014,인천광역시,서구,0,10,17,AppPay,Bike,1,3.76,4
OD7439996223,15:55:59,16:16:53.699600,4.484,20.9117,16.2884,서울특별시,마포구,4,15,14,Card,Bike,2,0.53,3
OD8285577048,20:43:23,21:16:07.938342,7.006,32.749,17.8008,서울특별시,용산구,2,20,12,Card,Bike,1,3.07,4
OD9294478609,08:42:01,08:55:50.337425,3.147,13.8223,24.2414,서울특별시,성동구,5,8,29,Card,Scooter,2,0.96,2
OD0159565621,11:01:59,11:26:08.369584,3.54,24.1562,8.8831,인천광역시,남동구,3,11,6,Card,Bike,2,1.69,3
OD5337309170,21:21:14,21:31:39.034637,0.542,10.4172,10.4766,인천광역시,서구,5,21,1,Cash,Bike,3,4.29,4
OD7879583092,10:42:31,11:14:45.922034,3.197,32.2487,16.6427,서울특별시,영등포구,5,10,22,AppPay,Bike,3,0.57,3
OD4997151142,14:21:03,14:37:16.642817,5.391,16.2274,27.7948,경기도,용인시 기흥구,5,14,8,Card,Scooter,5,0.71,3
OD0949543799,09:56:06,10:59:35.870760,8.382,63.4978,9.0087,서울특별시,강서구,4,9,7,Card,Bike,1,0.38,3
OD6749453903,13:29:17,13:50:59.648473,7.369,21.7108,21.2354,서울특별시,성동구,2,13,26,Cash,Bike,3,0.0,1
OD2467540583,12:25:35,12:38:37.361880,2.838,13.0394,25.0607,서울특별시,서초구,6,12,30,Card,Scooter,2,0.24,4
OD5724625190,19:27:23,19:47:09.599376,2.88,19.7767,17.7241,서울특별시,강남구,4,19,21,AppPay,Scooter,3,2.75,4
OD8910018090,16:06:58,16:31:53.536547,4.574,24.9256,21.9735,서울특별시,중구,3,16,20,Cash,Bike,3,0.0,2
OD6375152593,00:40:04,00:55:19.941731,5.12,15.2657,22.1302,서울특별시,마포구,5,0,1,Cash,Car,4,0.17,5
OD2509140420,01:19:47,01:38:33.673240,2.161,18.7779,18.7001,서울특별시,성북구,3,1,20,AppPay,Bike,5,1.09,3
OD0651607086,23:02:50,23:12:56.036186,2.335,10.1006,20.9177,서울특별시,성동구,4,23,7,AppPay,Bike,3,1.5,2
OD5018786001,23:31:59,23:59:27.353574,5.153,27.4726,24.9826,경기도,용인시 기흥구,2,23,19,Cash,Bike,4,0.96,1
OD6197292349,10:33:03,10:47:41.389529,2.51,14.6398,16.237,서울특별시,강서구,3,10,13,AppPay,Bike,3,0.75,3
OD3109639024,23:50:28,00:15:16.467936,4.648,24.8078,17.2901,서울특별시,용산구,0,23,3,Cash,Bike,3,0.0,3
OD3940436548,07:33:50,07:43:50.979978,2.838,10.0163,23.91,서울특별시,강남구,6,7,9,AppPay,Bike,4,0.0,2
OD8699147498,11:32:01,11:56:53.971749,5.202,24.8829,23.8585,경기도,안산시 단원구,6,11,2,Cash,Bike,1,1.03,2
OD1933944652,04:40:32,05:15:18.294759,5.625,34.7716,20.5479,경기도,평택시,2,4,5,Cash,Bike,4,0.2,3
OD1196006263,23:28:37,23:33:10.769698,,4.5628,28.8295,서울특별시,강남구,1,23,1,Card,Scooter,2,0.57,3
OD9747821606,04:19:04,04:34:43.813608,2.294,15.6636,20.7748,경기도,광명시,4,4,7,Card,Bike,3,0.9,3
OD6384167435,08:42:10,09:14:32.367737,4.699,32.3728,22.0939,경기도,수원시 장안구,5,8,22,Card,Bike,2,1.34,2
OD4868616659,20:38:30,21:00:04.132092,4.112,21.5689,23.3306,서울특별시,구로구,6,20,23,Card,Bike,3,3.18,2
OD3795382417,18:43:13,18:53:05.984659,2.114,9.8831,31.347,서울특별시,성동구,5,18,1,AppPay,Scooter,3,0.84,2
OD4157672128,19:06:02,19:42:13.491716,6.068,36.1915,11.4291,경기도,성남시 분당구,2,19,26,AppPay,Bike,4,1.75,4
OD4435679350,18:06:52,18:25:33.948812,2.949,18.6991,12.7333,서울특별시,마포구,6,18,30,AppPay,Bike,1,0.77,3
OD7942824805,13:57:20,14:09:31.209716,2.544,12.1868,27.5272,서울특별시,노원구,2,13,5,Cash,Car,5,0.49,1
OD2138158532,17:08:40,17:25:05.359061,3.522,16.4227,36.5488,경기도,안산시 상록구,3,17,20,Card,Scooter,3,2.09,2
OD1626380533,19:04:38,19:16:41.492223,1.073,12.0582,23.2742,서울특별시,노원구,1,19,1,Card,Scooter,2,1.04,4
OD3688409820,05:19:08,05:29:20.388229,0.5,10.2065,23.7931,서울특별시,성북구,5,5,15,Card,Bike,3,0.08,3
OD8477156914,18:13:59,18:32:22.530264,2.97,18.3922,28.7395,서울특별시,영등포구,4,18,14,AppPay,Scooter,5,0.66,3
OD3704729165,21:56:20,22:09:55.764122,0.851,13.5961,8.9426,서울특별시,영등포구,1,21,25,Cash,Bike,5,1.49,3
OD8680249509,03:52:53,04:11:03.331051,2.354,18.1722,24.6993,경기도,광명시,6,3,23,Cash,Bike,2,1.78,2
OD7566468582,02:04:40,02:25:53.346491,1.47,21.2224,16.841,서울특별시,동작구,0,2,3,AppPay,Bike,3,1.55,4
OD1272395551,09:34:55,09:48:36.454903,1.372,13.6909,20.1506,경기도,광명시,0,9,17,Card,Bike,3,3.88,2
OD6012953423,10:10:51,10:30:24.943015,3.172,19.5657,28.1451,경기도,성남시 분당구,0,10,17,Card,Car,4,2.21,2
OD0871348918,01:34:20,01:59:51.013008,4.929,25.5169,20.1157,서울특별시,구로구,5,1,29,AppPay,Car,5,0.24,2
OD2069877269,14:18:05,14:33:37.156239,2.732,15.5359,11.4381,경기도,수원시 장안구,1,14,1,Card,Bike,4,0.0,4
OD0173848317,21:50:15,22:06:49.130216,4.663,16.5688,29.9859,서울특별시,관악구,2,21,19,Card,Scooter,3,0.0,3
OD2915786869,00:42:01,01:04:08.220867,3.887,22.1203,27.7734,-,-,6,0,30,Card,Scooter,2,0.7,3
OD3537140315,19:14:32,19:32:14.129830,5.197,17.7022,33.3939,서울특별시,마포구,6,19,30,AppPay,Scooter,5,0.0,2
OD4718779387,22:51:51,23:12:12.988385,3.847,20.3665,15.1547,인천광역시,미추홀구,1,22,25,Card,Bike,2,0.48,4
OD1743054977,09:27:21,09:48:14.468758,3.157,20.8911,15.5859,경기도,수원시 장안구,5,9,1,AppPay,Bike,2,0.0,4
OD0939430310,22:23:31,22:44:51.109668,5.953,21.3352,26.3852,서울특별시,마포구,6,22,9,AppPay,Car,6,0.69,4
OD1585854655,17:35:51,17:48:03.048901,5.312,12.2008,37.2767,경기도,김포시,0,17,31,AppPay,Scooter,3,0.0,2
OD8500099444,13:50:23,14:06:33.335948,4.523,16.1723,20.7517,서울특별시,성동구,1,13,11,Card,Bike,4,1.09,2
OD1471714141,20:13:44,20:26:45.414301,2.106,13.0236,16.2685,경기도,시흥시,5,20,1,Cash,Bike,3,0.0,4
OD2621609111,01:51:49,02:17:06.951670,3.577,25.2992,18.6708,서울특별시,중구,5,1,15,Cash,Bike,3,1.22,3
OD4430217705,14:52:20,15:25:47.981723,4.813,33.4664,12.3916,경기도,안산시 상록구,2,14,5,AppPay,Bike,4,2.6,4
OD9167796541,01:19:12,01:27:08.971086,2.802,7.9495,21.15,경기도,안산시 단원구,6,1,9,Cash,Scooter,3,2.66,5
OD3370644959,20:11:24,20:24:22.186670,0.539,12.9698,29.7045,서울특별시,성동구,2,20,19,AppPay,Scooter,4,2.85,3
OD5836945807,19:32:58,19:47:11.066839,5.02,14.2178,31.1075,경기도,부천시,2,19,12,AppPay,Scooter,4,0.67,2
OD1724025733,02:25:07,02:38:24.739800,3.674,13.2957,31.0724,경기도,용인시 기흥구,0,2,24,Cash,Car,2,0.71,4
OD3422322550,00:33:46,00:40:29.729592,0.5,6.7288,29.0128,서울특별시,강서구,3,0,6,Card,Bike,4,2.18,1
OD4846413499,13:17:46,13:34:29.907081,2.848,16.7318,24.1885,서울특별시,영등포구,5,13,1,AppPay,Scooter,5,2.05,4
OD0927209284,06:49:02,07:04:21.777623,2.768,15.3296,30.5893,-,-,3,6,20,AppPay,Scooter,3,0.06,2
OD8751685120,06:21:58,06:35:27.456929,2.758,13.4909,20.911,경기도,안산시 상록구,2,6,2,AppPay,Bike,3,0.99,2
OD2360912544,12:23:45,13:03:47.877118,3.439,40.048,8.9917,경기도,평택시,0,12,3,AppPay,Bike,4,2.66,4
OD4619312518,19:22:13,19:36:30.292192,2.046,14.2882,35.0406,서울특별시,영등포구,4,19,14,AppPay,Car,3,0.0,2
OD1470175525,04:18:14,04:40:29.669783,2.562,22.2612,26.2777,경기도,수원시 영통구,4,4,14,Card,Car,3,0.37,4
OD7150362382,23:04:23,23:27:32.335463,2.38,23.1556,32.8062,서울특별시,노원구,3,23,20,AppPay,Scooter,4,0.86,4
OD5617580875,19:41:51,19:46:12.307929,0.543,4.3551,27.6292,경기도,김포시,4,19,14,Cash,Scooter,4,0.92,3
OD5202952796,08:08:25,08:25:48.310269,4.423,17.3885,35.0929,서울특별시,성북구,1,8,18,AppPay,Scooter,1,0.91,2
OD3983657997,07:03:23,07:22:09.016105,2.7,18.7669,15.5118,서울특별시,은평구,3,7,13,Cash,Bike,4,0.0,5
OD5736573715,07:06:10,07:30:50.309938,4.184,24.6718,24.8406,서울특별시,용산구,0,7,3,AppPay,Bike,2,0.7,1
OD5515853022,06:16:41,06:30:19.958013,1.896,13.6493,26.0318,서울특별시,중구,4,6,7,Cash,Bike,6,2.56,3
OD2081067279,03:01:17,03:12:41.063149,1.104,11.4011,17.751,경기도,부천시,2,3,26,AppPay,Bike,3,2.3,3
OD8836611138,13:40:47,14:08:42.426793,3.033,27.9238,15.8886,경기도,용인시 수지구,0,13,3,Card,Bike,2,0.0,3
OD7256205414,01:56:53,02:13:09.727701,4.638,16.2788,29.1842,경기도,용인시 수지구,0,1,17,Card,Car,4,0.71,2
OD6785357522,00:54:05,01:14:25.799952,3.997,20.3467,15.6624,서울특별시,은평구,1,0,25,Cash,Bike,2,0.0,4
OD2270926601,18:03:53,18:22:01.568821,4.391,18.1428,17.903,경기도,부천시,1,18,18,Cash,Bike,4,0.0,3
OD9755259004,18:12:07,18:32:12.998928,4.924,20.1,31.2458,서울특별시,성동구,0,18,17,Cash,Scooter,2,0.0,1
OD1416987849,15:15:01,15:36:07.865271,4.033,21.1144,32.645,서울특별시,동작구,1,15,11,Card,Scooter,3,1.55,1
OD3053944705,16:14:54,16:26:19.115898,1.933,11.4186,18.5217,인천광역시,연수구,1,16,11,Card,Bike,3,0.72,2
OD5982303614,22:30:45,22:50:08.267882,6.532,19.3878,35.0788,경기도,용인시 수지구,4,22,7,AppPay,Scooter,2,0.06,3
OD5178880774,23:21:20,23:57:49.934240,5.761,36.4989,11.4997,인천광역시,계양구,5,23,29,AppPay,Bike,1,1.49,3
OD3004085384,10:57:10,11:25:51.265182,4.948,28.6878,15.6247,서울특별시,중구,5,10,15,AppPay,Bike,4,1.69,5
OD9834025399,20:46:23,21:21:17.506130,7.769,34.9084,19.9357,서울특별시,성동구,5,20,29,AppPay,Bike,2,0.85,3
OD1626745898,14:12:41,14:32:29.061145,5.165,19.801,18.3509,서울특별시,용산구,2,14,12,Cash,Bike,3,0.74,3
OD4119111370,02:29:30,02:44:07.100614,6.28,14.6183,35.4784,경기도,평택시,1,2,4,Cash,Scooter,4,0.17,1
OD5571504756,20:35:39,20:53:47.691417,2.758,18.1449,25.4347,경기도,안산시 단원구,3,20,20,AppPay,Car,2,1.66,2
OD2016975626,10:22:10,10:37:42.324767,0.5,15.5387,27.7459,서울특별시,마포구,1,10,18,AppPay,Scooter,2,0.0,3
OD4071366745,18:36:38,18:54:12.270629,2.293,17.5712,13.0184,서울특별시,구로구,6,18,16,Cash,Bike,4,0.16,3
OD8959871827,14:09:58,14:31:18.321051,3.552,21.3387,26.9295,인천광역시,연수구,0,14,17,Cash,Bike,3,1.38,2
OD4268193285,06:45:46,06:55:52.885011,3.873,10.1148,22.9754,서울특별시,강남구,0,6,10,Cash,Car,3,3.86,4
OD4954331319,05:39:19,05:52:23.762899,1.088,13.0794,22.1948,서울특별시,관악구,0,5,24,Cash,Bike,2,0.26,3
OD8691750670,00:56:01,01:16:00.102578,2.845,19.985,18.6372,서울특별시,구로구,5,0,22,Card,Scooter,4,0.32,4
OD9237075979,05:52:01,06:31:29.635502,6.574,39.4773,20.634,서울특별시,서초구,0,5,24,Card,Scooter,2,6.13,3
OD7614121882,12:21:58,12:43:13.799089,3.696,21.2633,28.5035,경기도,성남시 중원구,6,12,23,AppPay,Scooter,2,4.3,3
OD2473056960,09:39:24,10:03:22.887472,2.67,23.9815,17.1482,서울특별시,강남구,3,9,20,AppPay,Bike,3,0.24,3
OD0853763905,16:10:20,16:34:52.193640,5.804,24.5366,23.4289,경기도,용인시 기흥구,4,16,14,Card,Bike,1,3.32,3
OD7304584538,15:54:53,16:09:18.790648,2.2,14.4298,19.2728,서울특별시,성동구,5,15,22,Card,Bike,4,0.72,2
OD6791440700,16:08:24,16:12:42.760981,2.292,4.3127,31.8818,서울특별시,은평구,5,16,1,Cash,Scooter,6,0.18,2
OD0181507866,04:03:22,04:41:24.184722,6.559,38.0364,16.3419,서울특별시,구로구,6,4,9,Card,Bike,4,8.05,3
OD3881207891,10:12:21,10:31:50.894577,3.658,19.4982,12.1758,경기도,김포시,1,10,4,Card,Bike,4,6.13,5
OD7329191098,08:34:35,08:51:30.569582,2.656,16.9262,21.7098,서울특별시,마포구,5,8,1,Card,Car,2,2.54,4
OD9556154638,12:22:33,12:38:07.767536,7.259,15.5795,27.9552,인천광역시,서구,2,12,19,Card,Scooter,3,1.51,4
OD7351724261,00:30:03,00:46:09.650048,3.341,16.1108,18.0867,경기도,수원시 장안구,3,0,6,Cash,Scooter,3,0.0,4
OD8550160403,00:18:45,00:40:59.512361,3.99,22.2419,17.5524,-,-,5,0,8,Cash,Bike,3,0.33,3
OD5277310901,22:04:26,22:30:34.292872,4.889,26.1382,18.2764,경기도,광명시,3,22,27,AppPay,Bike,5,0.42,2
OD8925824804,14:24:50,14:40:03.877597,6.208,15.2313,24.4558,경기도,고양시 덕양구,2,14,12,Card,Scooter,2,0.2,3
OD1139691667,14:36:12,14:53:36.223603,4.187,17.4037,19.1834,서울특별시,중구,6,14,23,Card,Bike,5,0.6,2
OD2697098707,08:39:05,08:44:33.473404,0.5,5.4746,27.7596,경기도,용인시 수지구,5,8,1,Card,Car,2,2.16,3
OD2479882146,18:01:45,18:30:35.178704,3.755,28.8363,13.8347,서울특별시,성북구,1,18,11,Cash,Bike,3,0.27,4
OD8855046045,00:24:44,00:52:24.849160,6.099,27.6808,21.5008,경기도,안산시 상록구,3,0,20,AppPay,Bike,3,1.71,3
OD4832357781,21:24:58,21:44:26.607283,1.476,19.4768,12.5676,서울특별시,서초구,3,21,27,AppPay,Bike,5,6.55,3
OD5388106556,13:00:07,13:08:33.996839,2.236,8.4499,29.3493,경기도,시흥시,0,13,17,Cash,Scooter,2,0.19,4
OD1856952033,17:43:41,17:52:18.702080,3.812,8.6284,26.5084,경기도,평택시,5,17,8,Cash,Scooter,2,2.2,4
OD7680309179,14:57:56,15:10:52.769274,1.544,12.9462,29.7425,경기도,안산시 단원구,0,14,31,Cash,Bike,3,3.21,1
OD2405697147,00:29:33,00:50:53.429314,4.279,21.3405,20.4299,서울특별시,관악구,3,0,13,Card,Bike,3,0.64,2
OD3129483051,18:54:57,19:04:18.548626,3.239,9.3591,22.8029,경기도,성남시 중원구,3,18,27,Cash,Bike,1,2.27,3
OD7497122786,11:18:51,11:32:12.350547,3.938,13.3558,26.8487,경기도,안산시 상록구,6,11,2,AppPay,Bike,3,5.37,2
OD0444838286,11:43:01,11:54:26.460923,3.516,11.4243,25.2611,경기도,고양시 덕양구,2,11,12,AppPay,Scooter,2,0.94,3
OD4389234080,04:10:30,04:34:45.372415,5.749,24.2562,28.7157,서울특별시,마포구,1,4,4,AppPay,Scooter,3,0.85,3
OD6594747815,12:05:38,12:23:40.607570,5.549,18.0435,26.1073,서울특별시,은평구,1,12,4,Card,Bike,4,0.92,2
OD6832229403,09:40:25,10:01:49.225444,3.289,21.4038,14.9307,경기도,용인시 기흥구,2,9,19,Cash,Bike,1,0.88,1
OD1089601633,16:09:47,16:26:55.744845,2.007,17.1457,20.9866,서울특별시,동작구,6,16,9,AppPay,Bike,5,2.19,2
OD3834631591,16:36:22,16:49:13.793361,2.728,12.8632,18.7454,서울특별시,영등포구,0,16,24,Cash,Car,2,0.61,4
OD7766158719,07:56:40,08:10:25.018639,4.089,13.7503,17.8412,경기도,김포시,0,7,10,Cash,Bike,4,8.94,2
OD1836896439,14:19:57,14:42:07.406439,2.867,22.1734,18.7329,서울특별시,노원구,2,14,12,Card,Bike,3,0.48,3
OD1854822597,17:23:05,17:42:53.936039,1.806,19.8156,16.766,경기도,평택시,2,17,19,Cash,Bike,2,0.0,3
OD0734359478,21:05:42,21:18:57.544855,0.542,13.2591,22.0646,경기도,평택시,4,21,28,Cash,Bike,3,6.53,3
OD8546648255,08:04:12,08:22:28.699724,2.052,18.2783,19.1354,서울특별시,관악구,4,8,21,Cash,Bike,3,0.05,3
OD3444013878,10:35:37,10:52:06.942069,2.575,16.499,19.8526,서울특별시,마포구,5,10,29,Card,Bike,1,1.39,3
OD6986598059,21:41:58,21:57:09.891555,4.379,15.1982,21.5125,서울특별시,동작구,4,21,21,AppPay,Scooter,2,1.33,4
OD6472662478,23:32:42,00:01:15.833038,4.748,28.5639,26.1036,경기도,용인시 수지구,5,23,8,AppPay,Bike,3,0.81,2
OD0780189150,19:13:53,19:34:38.159549,4.63,20.7527,21.6559,인천광역시,미추홀구,1,19,18,Cash,Car,1,0.77,4
OD0323972497,09:45:53,10:07:55.510002,4.902,22.0418,22.3725,인천광역시,남동구,3,9,27,Card,Bike,1,0.86,2
OD0863851720,14:35:12,14:52:00.800497,3.088,16.8133,29.811,서울특별시,은평구,0,14,17,Cash,Scooter,4,6.81,4
OD5256823069,13:15:15,13:41:34.371070,4.183,26.3229,23.2402,인천광역시,부평구,6,13,9,Card,Scooter,3,0.0,3
OD4760873941,02:00:34,02:11:04.384904,1.23,10.5064,21.4579,인천광역시,계양구,4,2,14,Card,Scooter,3,0.11,3
OD6387616365,14:19:36,14:46:01.664062,4.883,26.4277,22.6901,서울특별시,종로구,6,14,23,AppPay,Scooter,1,0.36,5
OD7624557568,05:13:24,05:24:16.390565,2.111,10.8732,20.2134,서울특별시,관악구,0,5,31,Cash,Car,1,2.98,3
OD1591068590,12:41:23,12:50:22.006729,2.655,8.9834,28.515,서울특별시,구로구,0,12,24,AppPay,Scooter,2,6.75,2
OD2583581920,14:19:38,14:44:17.588494,4.149,24.6598,25.6161,서울특별시,노원구,5,14,1,Card,Scooter,4,0.42,3
OD1132463131,21:01:55,21:18:03.856113,3.299,16.1476,24.0245,경기도,성남시 분당구,1,21,1,AppPay,Scooter,2,2.52,3
OD2623084763,19:11:41,19:28:55.629887,3.592,17.2438,23.9583,경기도,부천시,3,19,6,Card,Bike,3,1.26,3
OD2074372441,08:12:50,08:37:02.752277,5.256,24.2125,22.6769,서울특별시,성동구,3,8,6,AppPay,Scooter,2,0.06,5
OD1002612449,00:33:25,00:41:47.367438,1.288,8.3728,25.7025,서울특별시,성동구,1,0,18,Cash,Scooter,6,1.3,4
OD5216827413,18:45:21,18:59:12.734216,3.289,13.8622,20.7985,서울특별시,용산구,0,18,3,AppPay,Scooter,5,0.42,3
OD4326952578,01:53:48,02:15:27.919362,1.566,21.6653,15.3248,경기도,평택시,2,1,26,AppPay,Bike,3,2.57,4
OD2037560098,17:31:32,17:52:22.572546,6.702,20.8429,23.6391,서울특별시,마포구,1,17,25,Card,Scooter,3,0.0,4
OD0368246713,03:49:55,03:59:58.427475,3.478,10.0571,25.5928,서울특별시,서초구,2,3,26,AppPay,Bike,2,1.31,1
OD3143976799,05:44:31,05:51:41.404183,1.992,7.1734,16.6632,경기도,광명시,3,5,20,Card,Bike,3,1.14,4
OD0949588582,12:44:24,12:54:42.721668,1.189,10.312,24.4448,서울특별시,마포구,3,12,27,Cash,Scooter,2,1.53,3
OD5389394775,21:36:16,21:57:08.442901,3.799,20.874,31.7401,경기도,성남시 중원구,2,21,26,Cash,Scooter,5,0.61,1
OD5753294095,02:29:34,03:04:34.497310,6.154,35.0083,17.9434,경기도,부천시,4,2,14,AppPay,Bike,5,0.39,4
OD5440687480,07:45:51,08:08:26.710626,5.542,22.5952,30.0407,경기도,성남시 분당구,3,7,13,Card,Scooter,4,0.28,2
OD2678619579,21:04:11,21:15:12.478304,1.731,11.0246,29.7501,서울특별시,영등포구,6,21,9,AppPay,Scooter,4,0.38,3
OD1435403084,05:20:59,05:52:14.883206,4.895,31.2647,13.3913,서울특별시,종로구,3,5,20,AppPay,Bike,3,1.19,4
OD2687039364,13:32:05,13:50:28.484669,1.411,18.3914,13.7702,서울특별시,서초구,2,13,12,AppPay,Car,1,1.33,4
OD7787804539,10:35:07,10:45:32.790002,5.289,10.4298,33.6701,서울특별시,중구,2,10,5,Cash,Scooter,4,0.0,3
OD9721928805,17:30:27,17:36:51.915179,0.5,6.4153,23.2711,경기도,고양시 덕양구,4,17,21,AppPay,Bike,1,0.16,2
OD2982513166,03:57:54,04:17:38.436450,1.848,19.7406,23.6926,인천광역시,계양구,3,3,6,Cash,Scooter,2,0.25,4
OD6329698032,09:09:05,09:26:29.726789,2.304,17.4121,12.6273,서울특별시,구로구,0,9,24,Card,Bike,2,0.0,4
OD5889294193,07:35:52,08:02:37.209327,8.368,26.7535,25.3747,서울특별시,동작구,2,7,12,AppPay,Car,2,0.0,3
OD3703424455,00:44:32,00:52:33.383190,2.597,8.0231,23.8065,서울특별시,중구,6,0,9,Card,Car,2,0.54,3
OD0755863629,23:55:23,00:21:05.002346,4.25,25.7,17.6938,서울특별시,영등포구,6,23,16,AppPay,Bike,3,1.26,3
OD4716478963,11:57:47,12:12:35.558094,3.167,14.8093,18.039,서울특별시,강남구,3,11,6,Cash,Bike,3,0.75,4
OD0120970759,17:48:47,17:56:09.703844,4.088,7.3784,33.2441,인천광역시,연수구,6,17,16,Card,Car,3,0.06,2
OD7887127182,06:47:11,07:06:45.009411,1.009,19.5668,36.9347,경기도,시흥시,0,6,17,Card,Scooter,3,0.0,2
OD6855988596,05:51:39,06:14:33.673143,3.699,22.9112,24.394,경기도,고양시 덕양구,0,5,10,Card,Scooter,3,0.57,3
OD6032110823,10:53:38,11:06:42.297118,2.732,13.0716,19.8346,인천광역시,서구,2,10,26,Cash,Bike,4,0.97,2
OD2811090059,00:30:25,00:44:49.970746,4.097,14.4162,17.0518,인천광역시,부평구,2,0,19,AppPay,Car,2,0.68,5
OD3307376121,13:20:14,13:36:31.058410,5.008,16.2843,36.8898,경기도,평택시,4,13,21,Cash,Scooter,3,3.09,2
OD5366617450,23:10:17,23:19:12.905437,2.102,8.9318,35.7515,인천광역시,서구,2,23,12,Cash,Scooter,3,3.43,2
OD7793269090,10:05:42,10:38:37.069819,3.952,32.9178,8.5186,서울특별시,강서구,4,10,14,AppPay,Bike,1,2.11,3
OD1567760434,05:53:20,06:17:59.481606,3.746,24.658,16.8395,경기도,김포시,3,5,13,Card,Bike,3,0.87,4
OD3535043964,07:55:34,08:21:02.544827,5.478,25.4757,19.8691,경기도,수원시 영통구,1,7,11,AppPay,Scooter,1,5.8,3
OD5335140218,02:41:32,03:04:23.084008,3.473,22.8514,16.5019,경기도,부천시,0,2,17,Cash,Bike,5,0.0,4
OD6552407987,07:07:06,07:25:19.368713,4.239,18.2228,14.5218,서울특별시,관악구,0,7,24,Cash,Bike,1,0.92,5
OD3422183953,12:24:28,12:39:20.356595,0.696,14.8726,13.3079,경기도,고양시 덕양구,6,12,23,AppPay,Bike,3,0.69,5
OD7074010959,18:15:41,18:27:52.130542,0.5,12.1855,24.0166,서울특별시,노원구,5,18,22,Card,Scooter,3,3.62,3
OD3040432239,07:10:43,07:37:04.629093,5.745,26.3605,19.5275,경기도,부천시,6,7,2,Card,Scooter,2,1.26,4
OD0404451112,00:04:05,00:09:30.397330,1.64,5.4233,18.1473,서울특별시,영등포구,5,0,15,Cash,Bike,3,1.96,2
OD9115664056,17:21:42,17:45:17.247808,3.894,23.5875,14.7549,서울특별시,성북구,0,17,24,Cash,Bike,3,0.38,5
OD7661855117,06:30:53,06:43:40.705734,2.716,12.7951,24.9431,서울특별시,동작구,6,6,16,Card,Car,3,0.67,3
OD9160388363,18:51:40,19:25:14.246672,4.939,33.5708,13.0597,경기도,수원시 영통구,4,18,21,Cash,Bike,2,3.75,3
OD3614186604,06:54:31,07:04:27.416771,3.058,9.9403,32.5397,경기도,안산시 단원구,4,6,21,Card,Scooter,3,2.26,3
OD8095396439,19:43:19,19:51:10.192580,3.58,7.8532,27.3534,서울특별시,마포구,0,19,10,AppPay,Scooter,2,0.32,3
OD7728752484,12:06:57,12:28:48.978894,7.107,21.8663,28.3046,서울특별시,종로구,2,12,12,AppPay,Car,2,2.0,2
OD4340407130,17:58:09,18:14:33.691823,3.664,16.4115,26.6395,서울특별시,송파구,3,17,6,Cash,Bike,2,1.65,2
OD5414038656,03:57:29,04:21:47.991926,3.564,24.3165,19.8016,경기도,시흥시,6,3,9,Cash,Bike,3,3.9,1
OD4705826584,13:42:04,13:58:27.863100,2.558,16.3977,21.1555,서울특별시,송파구,4,13,28,Cash,Bike,1,5.68,3
OD6267586446,16:08:48,16:40:57.994558,4.072,32.1666,10.6935,경기도,수원시 영통구,1,16,11,Cash,Bike,2,0.02,4
OD6264106805,18:15:28,18:47:25.280580,5.055,31.9547,12.974,인천광역시,계양구,3,18,27,Cash,Bike,3,3.65,3
OD2998422747,12:48:23,13:07:13.981051,5.78,18.8497,23.1209,경기도,평택시,1,12,11,Card,Bike,4,3.95,3
OD2202322113,17:16:57,17:21:23.865946,0.757,4.4478,34.2571,서울특별시,노원구,5,17,15,Card,Scooter,1,0.79,3
OD5025617758,08:39:51,08:59:23.316465,2.695,19.5386,18.9701,서울특별시,관악구,0,8,31,AppPay,Bike,2,5.47,2
OD5152162173,20:53:46,21:14:16.199458,5.238,20.5033,29.407,경기도,부천시,5,20,22,Cash,Car,2,4.4,2
OD7142954423,07:03:38,07:10:53.469687,2.108,7.2578,22.0294,경기도,김포시,5,7,15,Cash,Bike,5,0.0,3
OD4089158492,16:01:08,16:15:32.365794,4.175,14.4061,25.2622,서울특별시,마포구,1,16,25,Cash,Bike,4,0.98,2
OD9092697002,15:36:28,16:03:04.901696,5.816,26.615,18.2268,서울특별시,은평구,0,15,31,Card,Scooter,5,3.25,5
OD4140612470,00:43:12,01:01:58.180328,2.164,18.7697,13.0957,인천광역시,남동구,3,0,13,AppPay,Bike,3,4.28,4
OD8596671752,15:28:33,15:34:31.028525,1.522,5.9671,25.8452,인천광역시,계양구,4,15,21,Cash,Scooter,5,3.22,3
OD0648176242,17:03:25,17:32:47.119719,3.575,29.3687,17.3334,경기도,용인시 수지구,5,17,29,AppPay,Bike,3,1.15,3
OD8531194784,15:23:34,15:33:46.423803,3.927,10.2071,23.0831,서울특별시,은평구,5,15,15,AppPay,Car,2,0.0,3
OD2082767533,16:02:11,16:19:24.095309,3.694,17.2183,16.4374,서울특별시,종로구,3,16,6,Card,Bike,3,0.95,3
OD5308783932,05:19:53,05:45:41.916363,5.651,25.8153,13.2672,경기도,용인시 기흥구,5,5,22,AppPay,Bike,5,0.0,4
OD2766695720,23:20:25,23:27:01.723957,3.434,6.6121,31.1608,-,-,6,23,2,Cash,Scooter,5,,3
OD5302698272,10:11:30,10:31:57.034381,4.001,20.4506,23.8004,서울특별시,은평구,0,10,3,Card,Bike,4,0.0,3
OD2749097951,11:57:07,12:10:57.521809,3.412,13.842,14.7914,서울특별시,성동구,0,11,3,Cash,Bike,3,0.71,2
OD9161486040,09:43:29,10:21:11.531770,3.416,37.7089,8.0,경기도,수원시 영통구,2,9,5,AppPay,Bike,4,0.91,4
OD9528457948,14:43:50,15:07:39.062918,6.75,23.8177,17.0041,서울특별시,강남구,3,14,6,Card,Bike,3,1.52,3
OD7996281853,20:58:51,21:04:50.201012,2.281,5.9867,22.8558,경기도,시흥시,2,20,12,Card,Car,5,3.32,4
OD2227700974,05:37:08,06:05:44.922146,4.227,28.6154,21.3651,서울특별시,용산구,5,5,29,Card,Bike,5,2.8,2
OD5582476808,04:02:02,04:28:23.842686,4.076,26.364,26.9087,서울특별시,은평구,1,4,25,Card,Bike,2,0.68,2
OD3640975759,22:15:50,22:27:38.245755,1.666,11.8041,19.3622,서울특별시,마포구,2,22,19,Card,Bike,1,2.02,2
OD7427988204,00:21:33,00:30:59.994072,1.277,9.4499,16.0503,서울특별시,서초구,2,0,12,Card,Bike,3,1.92,3
OD8026941464,13:55:25,14:42:04.169138,7.519,46.6528,12.9146,서울특별시,용산구,2,13,5,AppPay,Bike,3,1.14,3
OD8554013839,07:38:54,07:55:28.906514,3.75,16.5818,26.5355,경기도,광명시,1,7,25,Card,Scooter,2,0.96,2
OD2586564169,16:47:16,16:57:05.930533,0.5,9.8322,29.4303,서울특별시,서초구,1,16,25,Card,Scooter,3,0.55,2
OD7893716270,22:14:50,22:30:42.295964,5.054,15.8716,22.1465,서울특별시,마포구,4,22,14,AppPay,Bike,3,0.38,2
OD8644176732,22:08:11,22:34:52.198094,3.062,26.6866,18.6633,서울특별시,동작구,4,22,21,Cash,Bike,4,1.04,2
OD9549028597,01:23:08,01:59:27.623179,4.403,36.3271,8.8873,경기도,용인시 기흥구,4,1,14,Card,Bike,2,0.24,5
OD0586155063,13:50:03,13:56:42.565260,0.548,6.6594,18.214,서울특별시,강남구,3,13,27,AppPay,Bike,2,0.0,3
OD8366052521,02:06:02,02:17:46.974304,3.17,11.7496,23.1019,경기도,수원시 장안구,3,2,13,Cash,Car,3,0.56,2
OD9439712771,14:15:31,14:21:41.057959,0.5,6.1676,26.2069,경기도,용인시 수지구,3,14,27,AppPay,Scooter,2,1.17,3
OD7990781101,13:33:20,13:49:36.111007,3.7,16.2685,33.0545,서울특별시,중구,0,13,17,Cash,Scooter,4,1.16,2
OD9042762293,18:32:53,18:50:54.441077,4.59,18.024,15.2791,서울특별시,영등포구,3,18,6,Card,Car,1,0.83,4
OD3842758448,09:27:02,09:48:25.111241,4.947,21.3852,26.3116,인천광역시,남동구,5,9,1,Card,Car,3,0.23,4
OD7502396019,03:28:32,03:35:58.435430,2.097,7.4406,25.5193,서울특별시,마포구,1,3,11,Cash,Scooter,3,1.84,4
OD4930192616,21:29:31,21:51:23.974537,5.732,21.8829,23.676,경기도,평택시,3,21,6,Card,Bike,6,3.05,1
OD4165869222,15:46:39,16:11:22.181289,6.786,24.7197,22.7255,서울특별시,성북구,2,15,19,Cash,Car,4,1.26,2
OD4425673163,18:56:49,19:21:59.587363,2.655,25.1765,16.0787,서울특별시,관악구,4,18,28,Card,Scooter,2,0.27,5
OD9108048047,05:57:25,06:18:16.243514,5.208,20.8541,19.9331,서울특별시,용산구,6,5,9,AppPay,Bike,1,2.37,1
OD9937506002,13:29:40,14:31:12.175367,7.828,61.5363,8.1722,경기도,안산시 상록구,2,13,26,Card,Bike,3,0.0,4
OD5068632031,02:22:20,02:40:27.524078,3.63,18.1254,29.8841,경기도,용인시 수지구,5,2,8,Card,Scooter,4,0.23,1
OD7579719489,00:15:20,00:30:45.326488,3.782,15.4221,32.4441,서울특별시,관악구,3,0,20,Cash,Scooter,2,0.0,2
OD3273534392,01:48:33,01:56:27.944483,2.341,7.9157,26.6531,경기도,부천시,5,1,8,Card,Car,3,4.94,3
OD4637574111,10:02:02,10:28:12.693533,4.646,26.1782,12.305,서울특별시,영등포구,4,10,21,Card,Bike,1,0.7,4
OD9667452222,23:47:37,00:04:07.582418,3.73,16.5097,24.4957,경기도,평택시,3,23,27,AppPay,Scooter,2,1.58,4
OD8687012250,05:02:26,05:19:14.226547,6.154,16.8038,25.7587,경기도,김포시,2,5,12,Card,Bike,3,0.2,1
OD2429660759,17:50:48,17:59:22.122567,0.576,8.5687,20.5071,서울특별시,강서구,3,17,27,AppPay,Bike,4,1.13,2
OD1814019016,03:00:36,03:16:25.662110,6.002,15.8277,26.4576,서울특별시,은평구,1,3,25,AppPay,Scooter,4,1.7,4
OD4161287103,08:06:29,08:24:04.654889,3.527,17.5942,28.03,경기도,성남시 중원구,4,8,14,Cash,Scooter,1,0.86,4
OD1008334757,14:21:12,14:46:29.303460,3.61,25.2884,25.649,서울특별시,용산구,1,14,1,Cash,Car,2,0.69,2
OD4111231796,17:04:22,17:29:34.218429,4.753,25.2036,19.9026,서울특별시,강서구,1,17,18,Cash,Bike,2,2.06,2
OD3445232838,10:48:51,11:12:38.797065,6.481,23.7966,28.8091,경기도,평택시,3,10,27,Cash,Car,2,0.49,2
OD9334418454,22:01:53,22:23:22.278766,6.488,21.488,31.0111,서울특별시,은평구,1,22,25,AppPay,Scooter,3,1.02,1
OD1205410589,16:17:05,16:20:44.866512,1.249,3.6644,21.3904,서울특별시,성북구,3,16,27,AppPay,Bike,3,2.66,1
OD8428848226,07:40:24,07:59:59.263723,1.984,19.5877,14.7086,경기도,용인시 수지구,2,7,2,AppPay,Bike,3,0.77,4
OD1824188386,01:27:07,01:42:47.038209,4.469,15.6673,21.4726,인천광역시,부평구,0,1,3,Card,Bike,2,3.28,3
OD0320694725,04:11:20,04:35:40.136515,1.521,24.3356,12.8887,경기도,수원시 장안구,6,4,30,Card,Bike,4,0.57,2
OD1179950704,07:42:58,07:49:25.100503,1.146,6.4517,23.1022,서울특별시,종로구,6,7,30,AppPay,Scooter,4,1.48,4
OD3706904539,11:44:22,12:00:40.414674,2.811,16.3069,19.3464,경기도,안산시 상록구,4,11,7,Card,Bike,4,1.25,3
OD1294365951,10:10:18,10:27:56.026532,3.022,17.6338,21.1499,경기도,성남시 분당구,4,10,7,Card,Car,3,0.01,3
OD7404641788,19:13:22,19:51:48.899739,7.379,38.4483,19.811,경기도,안산시 상록구,1,19,11,AppPay,Bike,4,0.79,3
OD3643951803,05:27:38,05:46:47.603829,4.711,19.1601,22.6493,경기도,부천시,0,5,3,AppPay,Scooter,4,0.06,4
OD2457696808,18:52:45,19:12:05.359523,2.566,19.3393,19.8238,경기도,성남시 중원구,5,18,1,AppPay,Scooter,3,1.0,4
OD4751111222,03:21:24,03:33:46.325028,1.301,12.3721,158.1721,경기도,성남시 분당구,0,3,24,Card,Bike,3,4.49,2
OD0544896375,19:18:27,19:36:47.256000,2.481,18.3376,24.9139,경기도,수원시 장안구,4,19,14,AppPay,Bike,3,0.03,1
OD1323178408,22:17:17,22:43:32.493353,9.088,26.2582,20.7668,서울특별시,마포구,2,22,12,AppPay,Bike,6,1.2,3
OD3042627698,19:41:23,20:11:50.574069,3.555,30.4596,15.6905,-,-,2,19,19,Card,Car,5,1.39,5
OD2079680485,02:55:46,03:20:09.012131,2.629,24.3835,15.3358,서울특별시,강남구,2,2,19,Cash,Bike,2,2.33,3
OD1609390032,18:12:36,18:30:23.174287,2.325,17.7862,19.1656,서울특별시,강서구,1,18,25,Card,Car,2,2.65,3
OD8159547716,02:32:46,03:07:58.740269,4.237,35.2123,8.271,서울특별시,구로구,4,2,28,AppPay,Bike,2,6.18,3
OD3172385014,06:06:07,06:34:22.625376,7.73,28.2604,24.536,서울특별시,성동구,4,6,21,Card,Scooter,2,7.64,3
OD7722907665,16:07:37,16:33:03.648756,4.039,25.4441,26.5236,서울특별시,성북구,4,16,21,Card,Car,3,0.95,3
OD6755898104,03:53:37,04:01:51.672431,1.848,8.2445,29.2643,서울특별시,용산구,0,3,3,Cash,Scooter,3,0.75,3
OD5559298660,05:23:06,05:39:10.654498,1.145,16.0776,11.0486,서울특별시,송파구,2,5,12,Cash,Bike,2,0.21,2
OD6658490485,18:49:14,19:12:46.773647,5.731,23.5462,19.5172,서울특별시,송파구,0,18,24,AppPay,Scooter,3,0.98,4
OD2854489595,08:30:00,08:59:51.293275,4.344,29.8549,11.7216,서울특별시,강서구,6,8,16,Card,Bike,4,0.61,4
OD0670582620,20:39:07,20:58:34.064584,3.6,19.4511,27.0534,경기도,성남시 중원구,1,20,25,Card,Scooter,4,1.21,4
OD8301102700,22:31:27,22:51:40.614243,2.076,20.2269,30.5681,서울특별시,용산구,3,22,20,Card,Car,3,2.21,2
OD3040698135,11:51:08,12:15:54.870319,4.167,24.7812,20.0201,서울특별시,성동구,3,11,20,AppPay,Scooter,2,0.6,5
OD8520796056,07:55:33,08:05:12.943587,2.652,9.6657,30.71,경기도,부천시,3,7,6,Cash,Scooter,4,0.93,4
OD8137825343,18:19:19,18:51:34.720115,5.662,32.262,15.9371,서울특별시,은평구,4,18,14,AppPay,Bike,2,2.2,4
OD3405626427,05:13:48,05:30:05.408362,5.408,16.2901,23.8688,서울특별시,용산구,0,5,3,Cash,Bike,5,1.59,3
OD8380678842,14:31:29,14:46:43.478480,4.883,15.2413,21.9249,서울특별시,중구,3,14,6,Cash,Car,2,0.61,4
OD7628263811,08:19:02,08:39:18.157910,5.213,20.2693,26.6843,서울특별시,구로구,4,8,14,Card,Car,3,1.4,4
OD5165239755,17:40:26,17:55:50.328525,0.5,15.4055,20.1329,경기도,평택시,1,17,18,AppPay,Car,6,0.8,4
OD3282549207,17:02:43,17:29:02.064883,5.269,26.3177,12.8953,서울특별시,강서구,6,17,2,Cash,Bike,3,0.95,3
OD2581910555,01:52:50,02:05:54.588141,3.697,13.0765,29.6531,서울특별시,서초구,1,1,11,AppPay,Scooter,3,0.08,2
OD6027195883,12:12:34,12:32:21.904908,5.913,19.7984,29.2358,경기도,안산시 단원구,1,12,4,Card,Scooter,2,2.55,2
OD5140133169,00:13:07,00:54:55.027475,7.193,41.8005,13.716,서울특별시,중구,4,0,14,Cash,Bike,4,0.65,2
OD0603669833,08:10:19,08:28:58.476998,2.676,18.6579,21.7616,경기도,안산시 단원구,5,8,22,Card,Scooter,4,3.69,4
OD9698844936,06:17:33,06:43:44.228331,3.203,26.1871,22.7557,서울특별시,은평구,1,6,1,Card,Bike,3,0.04,3
OD7919291668,04:41:27,05:01:27.053436,3.107,20.0009,15.3976,서울특별시,강서구,0,4,17,Cash,Bike,2,0.78,4
OD0357522694,13:26:38,13:29:49.627225,0.5,3.1938,21.0048,서울특별시,중구,4,13,7,Card,Bike,6,0.33,3
OD7825857507,19:56:25,20:07:17.768675,1.543,10.8795,16.1118,서울특별시,중구,2,19,19,AppPay,Bike,3,0.13,3
OD9459881999,23:25:49,23:38:34.226188,0.5,12.7538,14.6014,경기도,광명시,0,23,3,AppPay,Bike,4,0.77,3
OD5488203120,13:30:16,13:41:56.572381,2.587,11.6762,13.2949,서울특별시,동작구,2,13,19,Cash,Bike,3,2.03,3
OD8600451698,02:37:25,02:56:48.691129,3.183,19.3949,17.9427,경기도,안산시 단원구,3,2,20,AppPay,Bike,4,1.12,2
OD6190542721,02:32:30,03:05:09.882706,2.705,32.6647,8.7416,서울특별시,성북구,2,2,5,Card,Bike,3,5.74,5
OD0958521852,09:16:27,09:36:30.865740,6.263,20.0644,30.1546,서울특별시,은평구,2,9,19,AppPay,Scooter,3,0.58,4
OD6686616791,09:57:04,10:07:58.692229,3.63,10.9115,27.8242,서울특별시,서초구,0,9,31,Cash,Scooter,2,0.75,4
OD0882784109,14:49:37,15:02:21.672465,1.603,12.7445,28.6442,경기도,성남시 분당구,2,14,5,Cash,Scooter,2,2.13,3
OD5152898580,05:37:15,06:00:11.912516,5.431,22.9485,25.0834,경기도,수원시 장안구,2,5,2,AppPay,Bike,2,0.75,2
OD3328241234,16:32:17,16:46:39.105138,4.79,14.3684,36.164,서울특별시,송파구,3,16,20,Cash,Scooter,3,0.47,3
OD7245940801,00:48:23,01:13:26.101148,2.408,25.0517,15.0677,서울특별시,중구,2,0,26,Card,Bike,2,0.27,3
OD4222229643,11:46:36,11:52:10.326217,0.5,5.5721,29.6647,서울특별시,용산구,2,11,19,AppPay,Scooter,1,0.83,1
OD3984455217,09:11:02,09:32:51.645494,3.15,21.8274,25.7472,서울특별시,송파구,1,9,11,Cash,Scooter,5,0.32,4
OD9435744793,04:38:24,05:20:57.014233,6.017,42.5502,10.4529,서울특별시,종로구,2,4,26,Cash,Bike,4,0.35,5
OD7433352285,03:31:40,03:49:11.743540,6.801,17.5291,28.0864,인천광역시,미추홀구,6,3,9,Cash,Scooter,4,4.56,2
OD9451451409,17:25:14,17:47:01.204875,5.674,21.7867,25.9495,경기도,성남시 중원구,3,17,20,Card,Scooter,3,1.8,4
OD2749959505,12:37:35,12:49:29.250953,1.011,11.9042,23.8512,경기도,수원시 장안구,5,12,22,Card,Bike,3,0.2,2
OD5949831090,22:00:39,22:18:33.536982,4.416,17.9089,22.9027,서울특별시,성동구,0,22,10,Card,Bike,1,0.19,2
OD5792435825,03:16:38,03:25:29.487062,1.962,8.8581,20.5624,경기도,안산시 단원구,0,3,24,AppPay,Bike,3,2.29,3
OD8217614523,23:13:28,23:33:00.816410,7.019,19.5469,26.1298,인천광역시,남동구,1,23,18,AppPay,Car,2,0.6,3
OD9907845499,08:34:45,08:57:11.608776,4.925,22.4435,24.7967,서울특별시,노원구,5,8,29,AppPay,Scooter,4,2.53,4
OD4702842591,15:51:38,16:22:51.177871,7.021,31.2196,28.9625,서울특별시,노원구,4,15,28,AppPay,Bike,5,1.33,1
OD6729936338,03:55:06,04:20:21.736151,5.084,25.2623,12.0746,서울특별시,송파구,4,3,28,AppPay,Car,1,2.74,5
OD1190436926,17:07:22,17:24:30.189949,4.325,17.1365,31.8677,서울특별시,용산구,2,17,5,Cash,Scooter,2,1.01,3
OD8383916000,15:40:23,15:51:39.819915,3.598,11.2803,26.9534,경기도,광명시,2,15,19,Card,Scooter,2,0.02,3
OD3266530931,08:56:26,09:10:53.979157,2.518,14.4663,21.8356,서울특별시,강서구,4,8,28,Card,Bike,4,0.0,2
OD7103674705,02:58:43,03:50:45.838808,5.213,52.0473,8.0,경기도,부천시,1,2,18,AppPay,Bike,2,1.72,4
OD8718530892,08:48:04,09:15:09.400473,8.791,27.09,28.0755,서울특별시,강남구,2,8,2,Cash,Car,2,0.88,2
OD3586666372,16:57:40,17:13:10.815308,3.552,15.5136,22.4357,서울특별시,강서구,0,16,17,Card,Bike,4,0.92,2
OD1822917810,02:20:05,02:49:33.714637,4.508,29.4786,13.787,경기도,부천시,1,2,4,Cash,Bike,3,0.6,5
OD9652234729,18:04:09,18:09:56.240067,0.951,5.7873,21.9798,경기도,용인시 수지구,4,18,14,Card,Bike,1,1.18,2
OD0261966727,18:55:26,19:08:47.748876,4.955,13.3625,24.4561,서울특별시,성북구,6,18,2,Card,Bike,3,6.69,2
OD2757639308,08:31:10,08:55:37.663764,5.997,24.4611,22.5628,서울특별시,강남구,5,8,8,Cash,Scooter,3,0.0,4
OD1555773768,10:35:38,10:51:00.473466,2.688,15.3746,16.5783,서울특별시,영등포구,3,10,20,Cash,Scooter,5,1.3,4
OD1417430329,10:40:36,11:18:25.084319,5.79,37.8181,13.6517,서울특별시,용산구,6,10,30,Cash,Scooter,3,1.65,5
OD0244705815,15:35:08,15:51:25.389837,3.57,16.2898,16.4224,경기도,안산시 단원구,4,15,7,Cash,Bike,4,3.65,4
OD8889287796,17:06:22,17:24:00.071575,1.581,17.6345,19.0842,경기도,부천시,2,17,26,AppPay,Bike,4,1.86,2
OD8943500244,08:19:38,08:45:57.170223,4.583,26.3195,26.2545,서울특별시,마포구,0,8,10,Card,Scooter,5,0.06,3
OD3032083982,17:07:44,17:21:41.188274,3.748,13.9531,28.0433,경기도,수원시 영통구,4,17,21,AppPay,Scooter,5,1.64,3
OD7511604166,09:53:45,10:22:20.528812,6.86,28.5921,14.3947,서울특별시,성동구,6,9,30,AppPay,Bike,3,0.09,5
OD6333386740,17:05:59,17:30:41.301458,4.199,24.705,11.984,서울특별시,관악구,0,17,24,Card,Bike,4,2.5,4
OD7802401208,17:46:33,18:18:56.661762,8.711,32.3944,21.2727,서울특별시,송파구,5,17,15,Cash,Scooter,4,0.25,5
OD2530937500,05:22:04,05:33:56.167088,3.687,11.8695,31.2024,경기도,용인시 기흥구,0,5,17,Cash,Scooter,4,0.41,2
OD2286588202,07:32:16,07:55:04.181191,2.829,22.803,24.6241,서울특별시,강서구,5,7,15,Card,Bike,2,0.13,1
OD8027247632,23:33:53,23:53:13.140433,2.811,19.3357,18.096,서울특별시,은평구,4,23,21,Cash,Bike,2,0.23,2
OD8313405309,06:32:59,07:07:04.146476,4.925,34.0858,14.6251,인천광역시,미추홀구,3,6,6,Cash,Bike,2,0.07,3
OD8748058287,02:43:14,03:02:21.051068,3.942,19.1175,24.5577,서울특별시,강남구,4,2,7,Card,Car,3,0.05,3
OD3765238653,10:24:51,10:41:24.766964,3.57,16.5628,20.7642,서울특별시,성북구,5,10,22,Card,Scooter,1,3.17,4
OD0743048820,09:04:38,09:15:13.696173,3.273,10.5949,26.507,경기도,김포시,4,9,7,AppPay,Car,3,0.09,4
OD1310125482,08:18:10,08:54:59.653057,3.386,36.8276,8.6016,경기도,부천시,3,8,13,Card,Bike,2,0.78,4
OD1192800435,21:36:56,21:47:02.232578,4.193,10.1039,24.8995,경기도,수원시 장안구,1,21,11,Cash,Bike,3,1.36,2
OD2512911916,12:20:54,12:54:55.137048,5.56,34.019,13.5646,경기도,평택시,0,12,10,Cash,Bike,3,2.43,3
OD4631349440,09:20:52,09:39:27.113715,2.352,18.5852,17.185,경기도,김포시,4,9,21,AppPay,Bike,4,1.54,3
OD2372240630,14:57:29,15:10:32.479498,2.52,13.058,17.4392,인천광역시,계양구,3,14,6,Cash,Bike,2,0.12,4
OD4959469025,02:39:27,03:04:25.146845,2.396,24.9691,23.8534,서울특별시,송파구,5,2,15,Card,Car,3,3.49,2
OD4256465664,06:23:53,06:30:21.127137,2.449,6.4688,30.3137,서울특별시,영등포구,2,6,19,Card,Bike,2,6.01,1
OD0124856037,21:49:36,22:19:40.272599,4.372,30.0712,14.9135,경기도,성남시 중원구,1,21,18,Card,Bike,2,2.77,4
OD9538788387,02:05:29,02:24:45.190801,2.961,19.2698,24.135,경기도,부천시,5,2,22,AppPay,Scooter,5,0.12,2
OD0636280077,02:37:35,02:59:35.455215,4.059,22.0076,21.9527,서울특별시,종로구,4,2,21,Cash,Scooter,4,0.91,5
OD9293902026,03:53:43,04:11:20.462867,2.294,17.6244,13.9672,서울특별시,강남구,5,3,22,Card,Bike,1,0.41,3
OD9842627917,08:46:32,09:11:50.251362,7.526,25.3042,23.8792,서울특별시,종로구,6,8,23,Cash,Bike,2,4.35,4
OD8480341563,08:33:50,08:57:05.237850,4.258,23.254,26.2865,경기도,부천시,4,8,14,Cash,Bike,5,0.0,3
OD4900430041,10:40:15,11:01:13.165251,1.38,20.9694,25.5457,경기도,수원시 영통구,6,10,23,AppPay,Scooter,3,0.07,4
OD1072840108,14:37:29,14:52:52.286488,2.577,15.3881,22.346,인천광역시,서구,4,14,7,AppPay,Scooter,3,0.19,4
OD3308088878,21:25:01,21:42:09.730223,3.557,17.1455,17.2211,서울특별시,중구,1,21,25,Cash,Bike,2,1.95,4
OD5260794630,11:27:22,11:48:07.729461,3.535,20.7622,24.2534,경기도,고양시 덕양구,6,11,9,Cash,Scooter,5,0.0,4
OD1475997647,19:53:57,20:09:30.669122,2.795,15.5612,29.4566,서울특별시,용산구,2,19,12,Cash,Scooter,2,0.07,3
OD7556765687,21:02:32,21:30:51.630977,5.837,28.3272,18.4166,경기도,용인시 수지구,4,21,7,Cash,Bike,2,1.29,3
OD3792052222,17:18:01,17:34:07.484861,3.66,16.1081,25.1976,경기도,부천시,4,17,28,Card,Scooter,2,4.57,3
OD1184849885,10:44:33,11:01:06.454490,5.159,16.5576,24.2937,서울특별시,영등포구,1,10,18,Cash,Bike,3,2.45,3
OD8874999957,11:18:18,11:48:09.996383,6.139,29.8666,14.0654,서울특별시,용산구,2,11,19,Card,Bike,5,5.04,5
OD2342362690,03:16:52,03:33:28.821870,2.592,16.6137,25.7357,서울특별시,중구,4,3,21,Card,Scooter,4,1.02,4
OD6587806354,09:11:32,09:33:01.434704,2.132,21.4906,22.2374,서울특별시,성북구,6,9,16,Card,Bike,2,0.68,2
OD5049063328,14:44:10,15:18:13.338289,5.287,34.0556,19.9818,경기도,안산시 단원구,2,14,12,AppPay,Scooter,2,0.73,3
OD1611233577,23:57:34,00:21:46.977852,4.944,24.2163,14.7604,경기도,안산시 단원구,2,23,5,AppPay,Bike,2,1.0,3
OD1702616672,01:07:30,01:24:29.522466,1.828,16.992,20.2985,경기도,수원시 영통구,0,1,10,AppPay,Bike,2,3.41,1
OD7401319404,23:25:59,23:36:42.278895,2.531,10.7213,25.1744,서울특별시,동작구,4,23,7,Card,Scooter,3,1.49,5
OD1408833825,09:42:13,09:49:24.803266,1.809,7.1967,16.0483,인천광역시,연수구,0,9,10,Cash,Bike,6,2.36,4
OD6758046297,23:23:54,23:49:57.405974,5.64,26.0568,15.6348,경기도,광명시,4,23,14,Cash,Bike,2,0.0,4
OD9070819250,15:11:20,15:20:58.750060,3.18,9.6458,33.1463,서울특별시,종로구,4,15,7,AppPay,Scooter,3,1.1,2
OD5239423801,12:38:10,13:09:08.720929,3.109,30.9787,8.0,서울특별시,관악구,2,12,5,AppPay,Bike,1,0.19,4
OD5520982486,19:38:21,19:47:30.092392,1.246,9.1515,23.4042,경기도,안산시 단원구,1,19,4,Card,Car,4,1.76,3
OD2443746222,00:03:58,00:27:52.932669,3.872,23.9155,22.8824,서울특별시,관악구,3,0,20,Card,Bike,3,0.08,1
OD8573997996,12:17:29,12:41:31.682356,5.086,24.0447,17.778,경기도,안산시 상록구,5,12,22,Cash,Bike,3,1.64,3
OD7484777425,07:42:34,07:56:51.139685,3.483,14.2857,28.2149,인천광역시,연수구,6,7,23,Card,Car,3,0.78,2
OD5271482524,06:55:24,07:45:42.151371,6.529,50.3025,8.8307,인천광역시,미추홀구,6,6,23,Card,Bike,1,0.0,5
OD1823872497,08:40:57,08:49:48.736169,2.36,8.8623,31.9894,서울특별시,용산구,2,8,26,AppPay,Scooter,4,0.0,3
OD3375991205,12:52:28,13:00:09.166274,1.736,7.6861,35.8521,인천광역시,남동구,3,12,27,Cash,Scooter,1,0.0,2
OD6037558272,01:22:33,01:28:48.056586,2.493,6.2509,23.9293,경기도,성남시 분당구,5,1,8,Cash,Scooter,2,3.44,3
OD8654775322,00:46:41,01:00:10.976169,1.461,13.4996,18.563,서울특별시,성동구,2,0,26,Card,Bike,2,1.02,2
OD1938015046,21:58:46,22:10:37.260446,1.137,11.8543,9.1595,인천광역시,서구,4,21,14,Cash,Bike,4,0.78,2
OD4911200652,18:25:23,18:30:47.211350,2.052,5.4035,27.1606,경기도,광명시,5,18,1,Cash,Scooter,3,4.74,4
OD4335536300,13:50:21,14:11:53.291958,4.682,21.5382,22.3013,경기도,용인시 수지구,4,13,21,AppPay,Bike,4,0.0,3
OD1044421377,19:16:26,19:35:03.937211,4.504,18.6323,23.4842,인천광역시,미추홀구,6,19,2,Cash,Bike,4,0.12,1
OD5005179531,00:16:21,00:34:55.469641,2.751,18.5745,24.0079,서울특별시,중구,4,0,28,AppPay,Car,1,0.54,2
OD8435010986,12:58:51,13:14:23.088477,2.947,15.5348,27.9665,서울특별시,동작구,2,12,12,Cash,Bike,3,0.71,1
OD4836217898,17:14:04,17:45:09.879564,5.352,31.098,10.3262,경기도,안산시 단원구,3,17,27,Cash,Bike,3,1.02,4
OD7221253491,00:35:04,00:58:32.890015,2.081,23.4815,23.6113,경기도,성남시 중원구,6,0,16,Card,Bike,4,0.02,2
OD6834752865,12:55:21,13:05:56.756720,0.564,10.5959,16.3146,인천광역시,미추홀구,0,12,31,Card,Bike,2,1.01,2
OD9909771909,18:09:19,18:22:38.636718,0.743,13.3273,18.496,경기도,광명시,6,18,16,AppPay,Bike,2,1.49,3
OD6585709281,05:54:14,06:25:09.322388,5.013,30.922,14.3595,경기도,광명시,1,5,4,AppPay,Bike,3,0.33,3
OD9519205367,12:05:10,12:28:29.013881,3.566,23.3169,18.3104,경기도,성남시 분당구,4,12,28,AppPay,Bike,1,0.71,2
OD2674328486,09:27:32,09:40:37.631034,3.706,13.0939,20.345,서울특별시,관악구,1,9,25,AppPay,Bike,4,2.24,2
OD2038765963,18:33:32,18:57:26.727238,3.019,23.9121,17.2393,서울특별시,관악구,0,18,24,Card,Bike,3,0.0,3
OD1728132193,20:16:16,20:31:51.675690,2.566,15.5946,21.9149,서울특별시,성북구,0,20,3,AppPay,Bike,2,0.45,4
OD9829702650,14:55:19,15:09:57.493334,6.588,14.6416,42.1531,경기도,수원시 영통구,5,14,1,AppPay,Scooter,1,0.98,1
OD0697197982,01:15:19,01:32:48.517495,3.057,17.492,30.9442,인천광역시,서구,1,1,11,Cash,Scooter,4,1.03,1
OD1817369821,06:05:10,06:34:20.981248,7.593,29.183,23.1471,경기도,평택시,6,6,9,Card,Scooter,3,0.04,4
OD7762393020,18:12:45,18:38:35.803942,6.103,25.8467,22.0748,서울특별시,종로구,3,18,27,Card,Bike,2,1.01,2
OD0278363043,04:11:08,04:23:27.988641,4.205,12.3331,36.1199,서울특별시,영등포구,2,4,19,Cash,Scooter,2,0.13,3
OD3772187889,11:47:59,12:11:53.843446,4.116,23.9141,18.7259,경기도,성남시 분당구,0,11,17,Cash,Bike,1,1.47,2
OD5461409981,08:59:24,09:09:25.216147,2.101,10.0203,28.9078,서울특별시,종로구,1,8,11,Cash,Scooter,3,0.36,3
OD9871264234,13:46:48,14:00:29.862392,2.432,13.6977,25.4553,경기도,광명시,3,13,6,AppPay,Car,3,4.38,3
OD3611345619,19:09:51,19:28:05.811695,5.413,18.2469,19.5531,서울특별시,강서구,1,19,18,Cash,Bike,3,0.3,3
OD1158175387,00:47:13,01:12:02.129326,5.057,24.8188,20.7979,서울특별시,강남구,4,0,28,Cash,Car,5,0.0,3
OD5307327256,17:40:55,17:50:26.808046,1.354,9.5301,19.1385,경기도,김포시,3,17,13,AppPay,Bike,4,0.71,2
OD5885551638,05:54:11,06:13:59.366580,6.122,19.8061,22.9651,서울특별시,관악구,5,5,29,Card,Scooter,3,0.88,4
OD2354330677,12:29:03,12:44:06.490529,1.141,15.0582,32.3325,서울특별시,서초구,3,12,27,Cash,Scooter,3,0.0,3
OD8704982354,07:48:24,08:01:22.023229,4.131,12.9671,23.9021,서울특별시,동작구,0,7,10,Cash,Car,1,2.43,2
OD0846784654,18:55:19,19:16:17.141263,4.548,20.969,18.5161,경기도,시흥시,4,18,14,Card,Car,4,0.68,5
OD2782824039,21:25:10,21:31:38.995641,1.578,6.4833,22.6163,경기도,부천시,3,21,6,AppPay,Scooter,2,0.11,5
OD3781194415,07:36:18,08:03:00.689662,4.131,26.7115,15.7037,경기도,고양시 덕양구,2,7,12,Card,Bike,3,0.13,5
OD1204179168,07:18:43,07:38:26.351958,6.298,19.7225,28.404,서울특별시,은평구,5,7,15,Card,Bike,4,0.28,1
OD6311265989,17:51:35,18:17:53.165893,6.007,26.3028,16.8434,경기도,고양시 덕양구,2,17,19,Cash,Bike,3,0.0,3
OD2812957754,21:07:53,21:40:41.571683,5.199,32.8095,12.3159,경기도,광명시,3,21,27,Cash,Bike,3,1.19,4
OD5992145248,08:22:35,08:44:51.037562,4.8,22.2673,28.6285,서울특별시,성북구,1,8,18,Cash,Scooter,2,0.31,2
OD8440330252,11:27:27,11:45:21.520900,3.731,17.9087,15.834,서울특별시,서초구,2,11,26,AppPay,Bike,4,0.0,3
OD3653756768,00:12:21,00:17:57.989060,0.5,5.6165,31.794,경기도,성남시 중원구,2,0,19,AppPay,Car,2,0.54,2
OD1923379741,18:02:10,18:32:33.833799,6.294,30.3972,17.7038,서울특별시,노원구,2,18,12,AppPay,Bike,1,0.0,2
OD5320988474,22:45:53,23:09:17.572339,4.764,23.4095,22.1653,서울특별시,서초구,6,22,30,Cash,Bike,3,0.98,2
OD0980016799,09:11:30,09:27:35.348757,0.5,16.0891,33.6166,서울특별시,송파구,3,9,6,Card,Scooter,1,0.59,2
OD2969931583,13:02:36,13:43:33.960901,5.852,40.966,9.7908,경기도,광명시,5,13,29,AppPay,Bike,4,0.27,4
OD7915946246,23:43:29,23:53:45.785388,1.615,10.2798,28.4091,경기도,성남시 분당구,3,23,20,Cash,Scooter,2,2.1,1
OD7439036789,16:21:43,16:44:27.899847,5.805,22.7483,15.8686,인천광역시,부평구,5,16,8,AppPay,Bike,2,0.45,4
OD9217647352,04:24:37,04:44:58.014400,5.295,20.3502,33.0392,경기도,평택시,4,4,21,Cash,Scooter,4,0.0,3
OD1942988782,22:44:00,22:56:08.520922,5.044,12.142,30.8036,경기도,용인시 수지구,5,22,8,Card,Scooter,3,0.0,3
OD4398065267,22:30:59,22:45:42.152397,1.924,14.7192,32.2681,서울특별시,동작구,4,22,14,Card,Scooter,2,0.57,3
OD7438639929,11:28:35,11:52:35.533075,3.423,24.0089,25.4263,경기도,시흥시,4,11,28,AppPay,Bike,3,0.0,2
OD0871389201,03:30:23,03:45:15.709398,3.319,14.8785,31.0195,서울특별시,성북구,0,3,17,Card,Scooter,4,4.04,3
OD7171998413,12:04:33,12:30:06.376731,6.182,25.5563,26.0428,경기도,성남시 분당구,0,12,17,Cash,Scooter,4,0.0,4
OD5978084416,11:55:40,12:21:35.620596,5.957,25.927,21.6963,서울특별시,종로구,2,11,19,Card,Scooter,2,0.32,4
OD0665594585,21:06:39,21:27:36.187955,5.544,20.9531,23.576,경기도,성남시 중원구,5,21,22,Card,Bike,2,2.22,4
OD0966523263,04:47:41,05:09:24.395748,4.962,21.7233,17.2449,서울특별시,종로구,4,4,21,Card,Bike,3,0.11,4
OD2006910762,11:27:24,12:01:49.042851,6.163,34.4174,17.9582,서울특별시,성동구,2,11,19,AppPay,Bike,4,6.9,2
OD5670158444,11:45:33,11:57:40.931054,3.976,12.1322,27.7066,경기도,안산시 상록구,5,11,15,Cash,Scooter,4,1.8,3
OD7948400161,03:54:38,04:13:01.621897,1.403,18.3937,34.3197,서울특별시,강서구,6,3,30,Card,Scooter,3,1.08,3
OD2636928003,16:49:09,17:18:47.117898,4.143,29.6353,20.5379,경기도,고양시 덕양구,6,16,9,Cash,Car,3,0.95,2
OD5142785381,02:00:54,02:28:53.414705,5.304,27.9902,18.45,서울특별시,서초구,5,2,22,Card,Bike,5,2.02,3
OD2134627023,07:29:28,07:51:03.143528,6.061,21.5857,25.9611,경기도,시흥시,5,7,15,Cash,Scooter,3,0.44,3
OD5547634021,10:33:47,10:48:30.136456,4.111,14.7189,27.1872,서울특별시,용산구,5,10,15,AppPay,Scooter,4,1.67,3
OD4062464704,11:27:22,11:39:41.971572,0.5,12.3329,25.6661,서울특별시,영등포구,0,11,3,AppPay,Scooter,2,0.0,4
OD6889411054,20:32:54,20:47:44.404383,3.056,14.8401,19.251,경기도,안산시 상록구,2,20,12,AppPay,Bike,4,1.26,3
OD5329953120,17:31:35,18:07:08.025517,5.324,35.5504,14.2594,경기도,성남시 중원구,0,17,10,Cash,Bike,4,3.59,2
OD5992692955,14:03:21,14:17:30.460819,3.641,14.1577,18.7925,서울특별시,종로구,0,14,31,Cash,Bike,4,3.12,3
OD2630888185,19:40:29,19:48:52.928412,1.736,8.3988,23.3332,서울특별시,중구,0,19,24,Cash,Car,2,0.11,1
OD9707866668,19:45:39,20:25:30.394103,5.015,39.8566,10.5599,경기도,고양시 덕양구,0,19,24,AppPay,Bike,2,0.42,4
OD9427615709,10:24:27,10:48:54.814595,4.413,24.4636,14.445,서울특별시,성북구,5,10,8,AppPay,Bike,3,0.99,3
OD0596408054,01:23:22,01:44:44.088285,5.725,21.3681,26.7208,경기도,성남시 중원구,6,1,23,Cash,Scooter,2,2.51,4
OD8954066470,13:53:20,14:07:18.856239,2.671,13.9809,25.8209,인천광역시,연수구,6,13,9,Cash,Bike,3,0.0,3
OD1668980360,20:34:35,20:52:20.557787,5.04,17.7593,30.8306,서울특별시,영등포구,3,20,27,Card,Car,4,0.0,1
OD4998437693,14:15:22,14:29:41.852457,4.707,14.3309,29.1343,인천광역시,부평구,2,14,12,Cash,Scooter,2,0.0,2
OD2504935604,19:00:43,19:11:46.040481,2.696,11.0507,14.6393,경기도,광명시,0,19,24,AppPay,Bike,3,0.16,3
OD9700876161,19:33:09,20:02:40.227754,3.353,29.5205,18.6708,서울특별시,용산구,3,19,13,Cash,Car,4,1.69,5
OD1956148853,13:53:41,14:19:56.824963,3.654,26.2637,16.9668,서울특별시,성동구,6,13,23,Card,Bike,1,0.3,4
OD5357914788,18:23:06,18:31:16.202850,2.202,8.17,25.4859,경기도,성남시 중원구,3,18,20,Cash,Car,3,2.88,2
OD2507963601,13:45:31,14:05:10.316836,5.094,19.6553,23.8347,경기도,김포시,4,13,7,AppPay,Scooter,1,1.21,2
OD2278344496,06:19:01,06:43:54.271173,6.674,24.8879,28.2194,서울특별시,동작구,5,6,29,Card,Scooter,4,3.99,3
OD9215413941,07:43:58,07:59:41.688416,3.271,15.7281,24.262,서울특별시,강서구,2,7,19,AppPay,Bike,3,2.38,2
OD6512136986,00:50:51,00:57:20.782914,0.5,6.4964,17.5795,경기도,수원시 장안구,1,0,1,AppPay,Bike,2,3.69,2
OD2935136983,20:40:51,20:46:47.940075,0.695,5.949,19.2538,서울특별시,송파구,6,20,16,AppPay,Bike,3,2.23,2
OD9534901188,03:05:17,03:32:13.615380,3.488,26.9436,17.0603,서울특별시,동작구,6,3,2,Cash,Bike,3,0.89,3
OD8987962204,10:44:45,11:02:34.239134,3.973,17.8207,27.8173,서울특별시,노원구,1,10,25,Cash,Scooter,5,0.41,3
OD6455135948,17:16:54,17:36:11.931239,3.744,19.2989,17.5239,서울특별시,동작구,6,17,16,AppPay,Bike,4,2.31,4
OD5797586652,22:41:33,23:01:04.822311,5.031,19.5304,26.0099,경기도,김포시,1,22,4,Cash,Scooter,2,0.01,4
OD5079466917,12:02:55,12:17:51.205917,3.703,14.9368,32.9993,서울특별시,노원구,1,12,18,Card,Scooter,4,0.05,2
OD1419722013,23:38:05,23:48:52.978909,1.053,10.7996,19.3876,인천광역시,동구,5,23,1,Cash,Car,1,0.59,3
OD0188878211,02:43:44,02:51:36.381926,2.752,7.873,26.1028,경기도,수원시 장안구,6,2,16,Card,Scooter,3,0.98,3
OD5441373700,20:46:19,21:07:22.796624,0.5,21.0633,18.8211,서울특별시,강서구,5,20,22,Cash,Bike,3,0.59,2
OD6544726542,18:22:35,18:44:29.915318,2.753,21.9153,21.9654,경기도,부천시,2,18,26,Cash,Bike,5,0.32,3
OD5573156592,10:24:48,11:01:32.456756,5.355,36.7409,12.2376,서울특별시,관악구,5,10,29,Cash,Bike,2,1.63,4
OD2958382039,10:51:53,11:13:13.509533,4.243,21.3418,20.5632,경기도,수원시 영통구,2,10,26,AppPay,Scooter,3,1.31,4
OD6217058065,23:13:55,23:42:04.784348,4.579,28.1631,18.8634,서울특별시,송파구,3,23,20,Cash,Bike,4,0.09,3
OD1762474158,21:48:39,22:05:51.449165,4.662,17.2075,34.2104,경기도,성남시 분당구,5,21,22,Cash,Scooter,3,0.13,2
OD3084506074,18:29:28,18:42:16.173599,2.93,12.8029,20.0426,서울특별시,은평구,5,18,1,AppPay,Scooter,2,0.64,3
OD3304683031,15:32:39,15:52:48.039779,4.745,20.1507,28.4422,경기도,김포시,5,15,22,Cash,Scooter,3,1.79,3
OD8199350660,09:27:22,09:46:43.614575,4.369,19.3602,24.9479,인천광역시,부평구,0,9,10,AppPay,Car,2,0.61,2
OD9654398087,07:34:04,07:54:25.052487,4.166,20.3509,22.8813,서울특별시,영등포구,1,7,25,Card,Scooter,2,0.0,2
OD5411567266,10:02:10,10:43:02.983581,5.961,40.8831,11.6568,서울특별시,서초구,1,10,4,Cash,Bike,4,3.49,4
OD0219582167,08:44:45,09:01:14.497294,3.585,16.4916,29.458,서울특별시,서초구,5,8,15,AppPay,Scooter,2,0.28,3
OD6693217972,09:36:19,09:44:54.235570,1.888,8.5873,34.0918,서울특별시,노원구,1,9,18,Cash,Scooter,4,0.86,3
OD5410654214,19:41:43,20:04:30.393459,3.704,22.7899,16.2723,서울특별시,관악구,0,19,3,Card,Bike,3,0.56,3
OD6086998456,12:31:31,12:55:42.764725,5.036,24.1961,21.7547,경기도,안산시 단원구,5,12,29,AppPay,Bike,2,1.01,1
OD3596694123,18:40:19,18:57:58.534519,3.349,17.6589,26.6281,서울특별시,강남구,1,18,25,Cash,Scooter,2,0.18,1
OD9123372717,17:58:30,18:16:43.028773,5.031,18.2171,27.5681,서울특별시,종로구,1,17,11,Cash,Bike,3,1.43,2
OD0713718066,19:51:23,20:09:28.894437,5.675,18.0982,25.9442,서울특별시,서초구,6,19,23,Cash,Scooter,3,1.01,3
OD0232513156,21:29:41,21:48:49.169036,3.467,19.1362,24.0617,서울특별시,동작구,2,21,26,AppPay,Scooter,4,4.12,5
OD4965873495,23:49:48,00:08:02.669231,5.642,18.2445,30.2597,서울특별시,강남구,6,23,16,AppPay,Scooter,4,0.91,2
OD1470208680,11:51:03,12:08:51.104380,2.648,17.8017,24.3637,서울특별시,송파구,3,11,6,AppPay,Bike,2,6.08,2
OD3690806692,09:17:34,09:23:49.005015,0.5,6.2501,17.2137,서울특별시,동작구,5,9,15,Card,Bike,4,0.17,2
OD0480384929,00:51:59,01:15:18.675627,3.321,23.3279,10.6951,서울특별시,강서구,0,0,3,Cash,Bike,4,0.99,4
OD5385202479,19:34:01,20:11:00.754019,6.842,36.9959,16.3954,서울특별시,강남구,1,19,4,Cash,Bike,2,3.18,3
OD2088483386,23:21:19,23:45:27.251487,4.386,24.1375,11.6661,인천광역시,부평구,1,23,4,AppPay,Bike,2,0.12,3
OD2232672494,18:53:17,19:17:19.962426,3.98,24.0494,21.494,인천광역시,부평구,0,18,24,Card,Bike,3,0.23,2
OD3655528508,07:56:36,08:20:02.272223,2.267,23.4379,23.485,서울특별시,관악구,5,7,22,Card,Scooter,5,2.23,2
OD2972574708,13:37:17,14:02:03.342380,3.239,24.7724,9.7632,서울특별시,구로구,4,13,14,Cash,Bike,4,0.08,4
OD1003435349,04:45:54,04:59:42.568499,2.61,13.8095,22.9709,경기도,부천시,2,4,26,AppPay,Bike,1,3.88,2
OD0366617306,06:52:12,07:04:40.529241,0.754,12.4755,31.3905,서울특별시,강남구,4,6,28,Card,Scooter,4,3.72,2
OD2471497432,01:35:31,01:54:55.441835,4.317,19.4074,26.5001,서울특별시,종로구,0,1,31,Card,Scooter,3,1.63,5
OD0411553673,08:29:36,08:46:33.011608,4.549,16.9502,18.7182,서울특별시,구로구,1,8,11,Cash,Bike,3,0.87,2
OD2311355962,01:30:25,01:48:31.271200,3.616,18.1045,22.1403,서울특별시,서초구,5,1,1,Card,Car,3,0.51,4
OD5015850151,06:51:07,07:16:25.429508,4.901,25.3072,12.5117,서울특별시,송파구,3,6,20,AppPay,Bike,3,1.3,4
OD4086104483,01:23:51,01:45:52.359223,4.977,22.0227,13.8958,인천광역시,연수구,6,1,23,Cash,Bike,3,0.38,4
OD9086716403,11:51:06,12:22:13.689462,4.147,31.1282,17.5309,서울특별시,은평구,1,11,11,Cash,Bike,4,1.13,4
OD7760228018,03:45:33,03:59:02.210277,1.981,13.4868,18.5894,경기도,수원시 장안구,6,3,2,AppPay,Car,2,0.1,4
OD3396073551,10:22:11,10:31:44.288818,0.876,9.5548,22.0842,서울특별시,용산구,2,10,19,AppPay,Bike,4,2.1,3
OD2676070209,03:45:55,04:08:23.927439,2.242,22.4821,34.6664,경기도,광명시,2,3,19,AppPay,Car,1,0.0,2
OD9627200089,09:25:53,09:56:03.935137,3.896,30.1823,17.3848,경기도,안산시 상록구,0,9,10,Card,Bike,2,0.35,3
OD5658098206,22:41:02,23:04:21.347977,1.612,23.3225,17.3509,서울특별시,마포구,1,22,18,AppPay,Bike,4,1.4,2
OD5687326290,18:01:56,18:34:11.328951,3.908,32.2555,16.5953,서울특별시,송파구,1,18,1,Cash,Bike,4,0.41,4
OD5671313422,18:13:05,18:35:40.667253,4.913,22.5945,18.0202,서울특별시,성북구,5,18,1,Card,Bike,2,2.88,4
OD3871437823,00:31:32,00:56:05.417019,2.473,24.557,18.424,서울특별시,종로구,6,0,30,AppPay,Bike,2,0.54,3
OD6747160099,08:30:49,08:57:28.358232,3.718,26.656,12.862,서울특별시,서초구,1,8,25,Cash,Bike,2,0.0,4
OD6999142213,14:55:05,15:22:48.161102,5.679,27.7194,19.1328,서울특별시,용산구,0,14,3,Cash,Bike,4,1.57,1
OD2986015432,20:54:16,21:12:42.414673,5.0,18.4402,20.3272,경기도,용인시 기흥구,6,20,2,AppPay,Car,2,0.0,3
OD1999026638,18:41:29,19:01:29.040500,2.907,20.0007,24.4493,인천광역시,서구,4,18,28,AppPay,Bike,4,0.0,1
OD9573166462,02:05:01,02:27:51.009109,5.468,22.8335,23.0811,서울특별시,용산구,1,2,4,AppPay,Car,4,1.52,2
OD1534932725,16:59:11,17:23:57.710769,5.891,24.7785,18.2584,경기도,성남시 분당구,0,16,24,Cash,Bike,3,0.92,2
OD1019860765,17:02:27,17:19:11.088662,3.065,16.7348,30.8606,서울특별시,마포구,6,17,2,Cash,Scooter,4,0.18,2
OD7730263366,19:59:14,20:19:54.803948,5.858,20.6801,33.466,경기도,안산시 상록구,0,19,24,Cash,Scooter,4,0.0,2
OD0596562965,21:14:23,21:37:28.010951,3.977,23.0835,27.3023,경기도,성남시 중원구,5,21,1,Cash,Bike,2,0.35,1
OD4106753510,12:43:32,13:02:00.832938,3.489,18.4805,22.2149,서울특별시,성북구,2,12,5,Card,Car,3,0.99,3
OD5694499621,15:12:08,15:24:19.434671,2.474,12.1906,29.6283,서울특별시,구로구,5,15,8,AppPay,Scooter,3,2.13,3
OD3833420995,04:57:22,04:58:51.928611,0.5,1.4988,20.0159,서울특별시,영등포구,0,4,24,AppPay,Bike,3,0.14,4
OD8887100964,16:07:58,16:34:52.125155,4.665,26.9021,12.9098,경기도,고양시 덕양구,1,16,25,AppPay,Bike,3,0.04,3
OD2160349701,00:41:07,00:56:46.664347,2.57,15.6611,29.204,서울특별시,송파구,1,0,11,AppPay,Scooter,2,0.42,4
OD6789567442,06:02:30,06:29:25.508866,4.736,26.9251,19.6328,서울특별시,구로구,5,6,1,Cash,Bike,4,0.73,3
OD5305101998,07:51:40,07:59:33.850769,3.521,7.8975,26.7506,경기도,광명시,0,7,17,Card,Scooter,1,2.04,3
OD6738820972,23:32:29,23:38:24.255278,1.185,5.9209,18.9484,경기도,고양시 덕양구,2,23,5,Card,Car,4,0.12,4
OD4719083813,21:15:23,21:37:37.283135,4.216,22.2381,21.3881,서울특별시,노원구,4,21,28,Cash,Bike,3,0.13,3
OD2605617403,22:31:52,23:00:55.169697,4.981,29.0528,20.6824,경기도,김포시,5,22,1,Cash,Scooter,2,0.84,4
OD5777738291,05:06:35,05:15:14.173796,1.948,8.6529,22.2801,경기도,부천시,6,5,16,AppPay,Bike,3,0.23,2
OD2445741414,07:15:27,07:17:30.521020,0.5,2.0587,15.3692,경기도,부천시,1,7,4,Cash,Scooter,3,4.46,5
OD3161828231,01:56:14,02:17:56.539967,3.859,21.709,28.1673,경기도,성남시 분당구,4,1,28,Cash,Scooter,3,3.5,5
OD8250889267,12:10:01,12:30:28.948689,4.709,20.4658,22.0833,서울특별시,성북구,5,12,15,Card,Car,3,1.17,4
OD6699865427,13:25:19,13:35:08.338045,3.439,9.8223,26.2845,경기도,평택시,1,13,18,AppPay,Scooter,2,0.42,4
OD3111197366,16:29:11,16:34:16.479216,1.914,5.0913,25.1256,경기도,수원시 장안구,0,16,24,AppPay,Bike,4,0.36,2
OD3108146092,17:14:30,17:26:39.342300,4.18,12.1557,20.6308,경기도,수원시 영통구,6,17,2,Card,Bike,4,0.09,3
OD5634739171,21:01:00,21:22:48.599962,6.506,21.81,20.6565,서울특별시,영등포구,1,21,4,Cash,Bike,4,0.64,3
OD0818712495,10:22:45,10:55:14.498597,6.098,32.4916,12.8197,서울특별시,마포구,6,10,30,Card,Bike,3,1.8,4
OD4472026484,03:13:14,03:33:57.953506,2.451,20.7326,12.3318,서울특별시,구로구,5,3,15,Cash,Bike,4,4.3,3
OD2614370796,00:27:10,00:30:53.614696,0.5,3.7269,32.8412,서울특별시,송파구,3,0,13,Cash,Scooter,3,1.7,3
OD3457780855,05:34:31,05:51:31.783488,2.144,17.0131,26.9191,서울특별시,성동구,3,5,20,Cash,Scooter,3,0.0,3
OD0618250190,09:22:16,09:33:50.977699,3.387,11.583,26.4267,서울특별시,송파구,0,9,17,Cash,Scooter,4,0.71,2
OD5256528747,03:21:06,03:40:21.009169,4.431,19.2502,21.1704,서울특별시,은평구,5,3,22,Cash,Bike,4,2.87,3
OD4484721542,10:16:42,10:38:05.747961,2.833,21.3958,20.7415,서울특별시,강남구,2,10,5,Card,Bike,3,0.74,3
OD0146769085,08:50:03,09:02:00.599362,4.436,11.96,28.7777,서울특별시,노원구,4,8,7,Card,Scooter,4,1.43,3
OD4580574579,10:04:56,10:31:01.917466,4.376,26.0986,18.9636,서울특별시,중구,4,10,21,Card,Car,3,3.1,5
OD8897200583,09:49:30,09:58:50.521395,2.131,9.342,20.0059,경기도,평택시,4,9,21,Cash,Bike,1,0.5,3
OD5951603369,23:13:15,23:37:26.622782,5.08,24.1937,21.8265,인천광역시,연수구,2,23,12,Cash,Bike,2,1.05,3
OD9103876628,19:29:51,19:51:22.575683,4.828,21.5263,32.5837,서울특별시,관악구,3,19,20,Card,Scooter,4,0.12,4
OD6471779847,20:23:41,20:52:07.801085,5.204,28.4467,16.1879,경기도,수원시 장안구,5,20,8,AppPay,Bike,3,0.29,3
OD3526656180,03:19:22,03:41:49.544639,4.888,22.4591,29.0015,서울특별시,강남구,5,3,22,AppPay,Car,1,0.0,1
OD1387496249,19:54:56,20:17:54.642186,6.318,22.9774,20.1945,서울특별시,강서구,5,19,8,Card,Bike,2,0.52,2
OD3071247692,04:26:10,04:43:02.457143,3.325,16.8743,27.0473,경기도,성남시 분당구,6,4,9,AppPay,Scooter,1,1.04,3
OD0052435490,15:21:08,15:39:21.209726,0.5,18.2202,11.8552,서울특별시,용산구,3,15,6,Cash,Bike,3,1.65,3
OD0099057902,22:48:52,23:20:22.171542,4.845,31.5029,16.7111,서울특별시,영등포구,5,22,15,AppPay,Bike,4,1.99,3
OD5965089827,14:38:28,14:47:41.665118,4.253,9.2278,27.653,서울특별시,마포구,5,14,22,Cash,Bike,3,2.29,3
OD1713560275,08:11:41,08:26:07.762475,1.924,14.446,16.7059,서울특별시,마포구,3,8,20,AppPay,Bike,4,4.73,4
OD7724000300,23:13:46,23:35:38.136814,5.124,21.8689,22.0331,서울특별시,성북구,6,23,23,AppPay,Scooter,3,1.46,5
OD5860135478,08:50:41,09:24:58.808345,6.054,34.2968,14.8947,경기도,안산시 단원구,5,8,15,Cash,Bike,4,1.11,3
OD2661612694,20:50:49,21:06:32.195259,2.195,15.7199,22.8756,서울특별시,종로구,0,20,17,Cash,Car,2,0.64,3
OD2180152913,23:47:19,00:00:58.458021,3.97,13.6576,18.6138,서울특별시,종로구,6,23,2,Card,Car,4,0.0,5
OD2715839525,10:06:34,10:29:32.841860,4.306,22.9807,17.021,서울특별시,마포구,2,10,5,Cash,Car,3,1.54,5
OD1669772215,19:44:26,20:11:57.146216,3.719,27.5191,14.5275,경기도,용인시 수지구,2,19,5,Card,Bike,3,2.22,3
OD2895048390,16:16:10,16:26:07.503428,1.182,9.9584,15.7258,경기도,김포시,0,16,10,Card,Bike,4,0.94,3
OD8506686768,18:51:31,18:54:53.149773,0.5,3.3692,28.865,서울특별시,은평구,2,18,19,Card,Scooter,1,0.48,3
OD3450567332,02:01:28,02:03:44.217808,0.582,2.2703,15.3917,인천광역시,미추홀구,2,2,5,Card,Bike,4,2.23,4
OD0947109292,03:12:37,03:28:49.830967,2.826,16.2138,23.2585,경기도,용인시 수지구,5,3,22,AppPay,Bike,3,5.33,2
OD8449993246,23:03:11,23:30:00.748968,5.09,26.8291,16.4026,서울특별시,성동구,0,23,10,Card,Bike,3,2.18,4
OD0681573058,16:48:10,17:06:51.875806,3.101,18.6979,14.7303,서울특별시,은평구,5,16,8,Card,Bike,4,0.15,2
OD5270371310,18:03:49,18:44:55.676216,9.088,41.1113,16.7468,서울특별시,송파구,2,18,19,AppPay,Bike,4,0.62,2
OD8839773164,22:17:54,22:31:58.580445,5.408,14.0763,23.0527,경기도,용인시 기흥구,5,22,8,Cash,Bike,2,0.46,2
OD0296345556,21:52:57,22:14:46.684328,5.845,21.8281,25.6952,서울특별시,용산구,0,21,24,Cash,Car,6,0.06,3
OD5051438393,14:23:20,14:36:45.411841,0.5,13.4235,21.9906,경기도,안산시 상록구,3,14,13,AppPay,Bike,2,0.2,1
OD7688699556,02:59:58,03:08:06.534476,3.144,8.1422,23.171,경기도,안산시 상록구,2,2,19,Cash,Bike,2,0.05,2
OD0370658151,12:32:40,12:50:55.346227,3.385,18.2558,23.1642,경기도,수원시 장안구,1,12,18,Card,Bike,5,0.96,3
OD1174116134,00:08:47,00:16:16.308888,0.5,7.4885,17.826,서울특별시,성동구,6,0,16,Card,Bike,2,0.29,4
OD8413899866,16:52:50,17:05:55.114873,2.184,13.0852,12.7945,서울특별시,중구,6,16,2,Card,Bike,4,0.3,4
OD6484809663,23:08:22,23:14:51.499098,1.236,6.4917,32.1143,경기도,고양시 덕양구,1,23,11,Card,Scooter,5,0.0,2
OD5838834447,09:40:41,09:54:20.097693,4.161,13.6516,38.043,서울특별시,용산구,0,9,10,AppPay,Scooter,4,3.71,1
OD3039808466,02:15:08,02:23:30.277000,1.588,8.3713,11.3783,경기도,평택시,3,2,20,AppPay,Bike,2,0.13,5
OD1981192374,11:42:26,12:16:39.525654,6.466,34.2254,16.6287,서울특별시,동작구,2,11,19,Cash,Bike,3,0.79,3
OD8639503283,10:02:36,10:14:54.842735,4.309,12.314,31.3888,경기도,부천시,2,10,26,Card,Car,4,1.33,3
OD7510687980,20:22:12,20:41:52.249265,2.967,19.6708,15.176,인천광역시,남동구,0,20,3,Cash,Bike,3,0.15,3
OD5694470758,09:55:27,10:18:24.288409,5.308,22.9548,26.8741,서울특별시,서초구,5,9,29,Card,Scooter,2,0.0,4
OD7518787857,22:13:08,22:30:26.546817,5.018,17.3091,20.9581,서울특별시,종로구,5,22,15,AppPay,Bike,3,0.1,3
OD0431131885,20:07:54,20:13:12.365510,1.909,5.3061,21.5858,서울특별시,관악구,4,20,21,AppPay,Bike,1,0.0,4
OD0290647314,12:28:44,12:46:08.811675,1.494,17.4135,22.498,경기도,수원시 장안구,0,12,24,Cash,Scooter,1,0.48,5
OD2405075030,10:23:35,10:41:13.825745,0.879,17.6471,26.1323,서울특별시,강서구,3,10,27,Card,Scooter,1,1.39,3
OD9400331693,05:48:04,06:07:42.159527,4.438,19.636,29.6876,경기도,안산시 상록구,5,5,15,Cash,Scooter,5,0.52,4
OD8538386819,18:57:21,19:18:39.511647,4.713,21.3085,18.6683,경기도,광명시,2,18,5,Cash,Bike,5,2.03,4
OD1992037342,21:54:39,22:03:59.857208,3.195,9.3476,26.4263,경기도,용인시 기흥구,4,21,28,Card,Bike,2,1.16,2
OD4459223646,08:28:11,08:43:52.456051,5.239,15.6909,21.4666,서울특별시,서초구,3,8,13,AppPay,Car,2,1.56,3
OD2546736146,21:30:39,21:49:40.259387,2.418,19.021,12.3558,경기도,용인시 기흥구,0,21,17,AppPay,Bike,3,8.06,4
OD6824729788,08:02:51,08:14:24.111095,4.073,11.5519,32.4228,서울특별시,용산구,3,8,27,Card,Scooter,4,1.72,2
OD8090280177,07:46:45,08:11:03.837047,5.855,24.314,22.2545,경기도,고양시 덕양구,3,7,27,AppPay,Car,5,0.0,3
OD0798221066,22:18:24,22:25:08.941882,0.921,6.749,17.6727,서울특별시,서초구,0,22,24,AppPay,Bike,4,0.29,3
OD0681047556,20:36:20,21:03:57.554661,4.996,27.6259,16.6859,경기도,평택시,6,20,30,Card,Bike,4,0.26,3
OD3631989393,19:07:00,19:27:55.632576,5.061,20.9272,26.7841,서울특별시,종로구,4,19,7,Cash,Bike,4,0.22,2
OD8274751878,12:44:09,12:57:07.470747,1.926,12.9745,19.4989,경기도,부천시,4,12,14,Card,Scooter,2,0.0,4
OD9568130331,09:27:46,09:43:21.833504,3.668,15.5972,15.4304,경기도,고양시 덕양구,6,9,30,Cash,Bike,3,0.29,3
OD1667688723,23:24:07,23:52:59.200427,5.269,28.87,20.0046,서울특별시,성동구,4,23,14,AppPay,Bike,4,0.0,2
OD4794203326,06:02:16,06:11:45.958875,1.295,9.4993,27.0334,서울특별시,용산구,5,6,8,AppPay,Car,2,0.02,2
OD1324390249,00:58:32,01:18:52.624246,3.682,20.3437,19.0975,서울특별시,종로구,3,0,27,Card,Bike,2,3.16,3
OD9686874581,19:09:13,19:29:57.191451,5.14,20.7365,18.8276,서울특별시,관악구,6,19,9,Card,Bike,4,1.06,4
OD7284664200,21:22:08,21:29:07.913290,1.152,6.9986,19.4128,서울특별시,종로구,1,21,25,Cash,Car,3,2.31,4
OD1273242434,02:01:10,02:08:38.307486,2.864,7.4718,22.9957,경기도,용인시 기흥구,3,2,13,Card,Car,3,3.48,2
OD4101562907,16:05:22,16:21:51.617977,5.807,16.4936,22.0977,경기도,안산시 상록구,0,16,31,Card,Bike,3,4.28,2
OD6873793380,09:53:54,10:08:20.915593,5.442,14.4486,24.6665,서울특별시,구로구,6,9,2,Card,Car,3,0.37,2
OD1560068731,19:33:23,19:57:23.686401,5.045,24.0114,27.3915,서울특별시,용산구,4,19,21,Cash,Scooter,4,0.77,4
OD7899960334,03:52:20,04:10:51.736070,4.066,18.5289,23.39,서울특별시,동작구,0,3,10,Card,Scooter,3,0.0,2
OD8867732329,13:49:06,14:13:50.154001,5.82,24.7359,17.892,경기도,평택시,0,13,31,AppPay,Bike,2,0.36,3
OD0128642660,11:42:14,11:59:23.165926,3.494,17.1528,18.7799,경기도,안산시 단원구,1,11,11,Cash,Bike,2,0.84,3
OD9757340534,03:00:51,03:16:44.789624,0.524,15.8965,33.5781,인천광역시,부평구,1,3,4,Cash,Scooter,4,0.57,1
OD8134176895,07:52:58,08:04:32.092424,0.5,11.5682,18.7379,경기도,성남시 분당구,0,7,17,Card,Scooter,2,3.41,4
OD7670068873,13:39:18,13:51:33.038133,2.569,12.2506,24.1357,서울특별시,송파구,4,13,28,AppPay,Car,4,0.29,2
OD0467228921,09:42:33,09:52:20.181409,0.5,9.7864,24.3727,경기도,안산시 상록구,2,9,19,Cash,Bike,3,4.96,2
OD7065864611,09:40:56,09:59:09.608292,2.729,18.2268,30.7676,서울특별시,종로구,0,9,31,AppPay,Scooter,4,1.59,3
OD7766286448,18:31:41,18:57:33.017543,6.798,25.867,17.4698,서울특별시,송파구,2,18,12,Cash,Bike,5,1.82,2
OD2405413128,05:46:14,06:16:10.038896,7.433,29.934,23.2029,경기도,수원시 영통구,3,5,13,Cash,Scooter,4,3.29,4
OD1828317645,09:16:04,09:47:30.052026,4.218,31.4342,10.239,경기도,안산시 단원구,1,9,18,Cash,Bike,4,0.0,3
OD3375683166,21:58:45,22:20:51.285887,2.188,22.1048,14.3419,경기도,평택시,0,21,17,Cash,Bike,3,0.68,4
OD3354378976,18:04:54,18:29:59.207793,5.015,25.0868,20.1216,서울특별시,관악구,5,18,1,AppPay,Bike,2,1.59,3
OD2225051626,12:35:48,12:48:52.956313,3.03,13.0826,24.6582,경기도,평택시,3,12,13,Cash,Scooter,2,1.91,4
OD7388248056,03:30:57,03:40:26.114231,4.753,9.4852,32.5566,경기도,부천시,3,3,20,Card,Car,3,2.51,3
OD4007828958,04:31:12,04:46:54.513895,3.533,15.7086,20.3291,서울특별시,중구,1,4,25,Cash,Bike,3,0.34,3
OD7934025717,23:19:23,23:48:10.942535,4.386,28.799,16.7129,서울특별시,서초구,0,23,17,Card,Car,4,4.15,4
OD2366450736,00:03:16,00:10:52.968913,1.868,7.6161,22.1143,서울특별시,용산구,2,0,26,AppPay,Car,4,0.0,3
OD7499822399,05:32:55,05:52:24.850348,3.614,19.4975,20.8237,경기도,성남시 분당구,1,5,11,AppPay,Bike,6,0.76,2
OD7050918312,13:20:55,13:30:19.674940,2.431,9.4112,22.5966,경기도,안산시 단원구,3,13,6,Cash,Bike,4,1.22,3
OD6501623073,01:07:01,01:31:50.185250,4.796,24.8198,16.9134,서울특별시,서초구,6,1,23,AppPay,Bike,4,0.0,3
OD2446384931,06:59:43,07:20:26.402607,4.034,20.7234,21.2024,인천광역시,미추홀구,1,6,1,Card,Car,4,0.73,5
OD0935770621,10:45:31,10:58:57.231149,2.659,13.4372,17.1448,인천광역시,연수구,6,10,2,Cash,Bike,4,4.21,3
OD6765585128,22:23:06,22:36:37.601631,3.677,13.5267,20.2235,서울특별시,서초구,4,22,7,AppPay,Bike,3,0.91,2
OD1036192142,03:52:38,04:16:24.436153,5.632,23.7739,21.0781,인천광역시,남동구,4,3,21,Card,Bike,5,0.46,2
OD5563583456,09:19:56,09:32:50.444075,0.849,12.9074,21.9607,서울특별시,강서구,2,9,5,AppPay,Bike,5,0.03,1
OD5639247960,07:22:52,07:41:40.823908,2.791,18.8137,17.5987,서울특별시,종로구,4,7,21,Cash,Car,3,0.05,3
OD2243676662,19:08:51,19:31:52.091605,4.192,23.0182,23.9827,인천광역시,미추홀구,2,19,5,Card,Car,3,1.47,3
OD9593714234,08:20:52,08:31:10.487372,2.252,10.3081,26.736,경기도,용인시 수지구,1,8,25,AppPay,Scooter,4,0.36,4
OD9224044302,12:12:17,12:26:29.801274,2.831,14.2134,36.8088,서울특별시,송파구,3,12,20,Cash,Scooter,3,3.96,2
OD1525987837,08:24:28,08:36:02.505961,3.325,11.5751,26.5733,경기도,성남시 분당구,2,8,26,AppPay,Scooter,3,4.61,2
OD4514502861,06:10:43,06:24:37.569138,3.374,13.9095,17.7992,서울특별시,송파구,6,6,16,Cash,Bike,3,1.01,2
OD4171846199,14:43:18,14:55:45.547068,2.491,12.4591,25.0125,인천광역시,계양구,4,14,7,AppPay,Car,2,0.46,2
OD5793814904,18:17:32,18:42:38.163883,4.314,25.1027,13.1234,경기도,수원시 영통구,6,18,16,Card,Bike,4,0.08,3
OD4682242255,06:50:07,07:02:28.395394,1.204,12.3566,20.5592,경기도,시흥시,2,6,2,Card,Scooter,3,0.3,5
OD7292389345,07:44:05,08:09:57.051195,3.496,25.8675,14.6793,경기도,고양시 덕양구,6,7,16,AppPay,Bike,2,0.08,4
OD0203816663,21:19:14,21:55:33.133677,6.526,36.3189,15.8627,서울특별시,종로구,5,21,29,AppPay,Bike,5,0.94,2
OD9781771524,02:47:25,02:55:53.977668,2.105,8.483,20.0216,서울특별시,용산구,4,2,28,AppPay,Bike,1,5.29,2
OD4846044846,05:35:17,05:57:26.359199,2.697,22.156,32.2898,서울특별시,중구,4,5,21,AppPay,Scooter,3,0.92,4
OD8142721539,15:54:20,16:12:02.388289,4.406,17.7065,28.6332,서울특별시,서초구,2,15,12,Card,Bike,3,0.45,2
OD7004985022,09:45:55,10:03:44.897601,4.276,17.8316,20.4128,서울특별시,서초구,6,9,9,Card,Scooter,3,1.28,3
OD8057885150,15:08:40,15:20:51.133348,1.782,12.1856,17.6853,서울특별시,성동구,4,15,28,AppPay,Bike,4,0.44,3
OD7081393237,21:26:50,22:08:33.365497,4.687,41.7228,9.9871,서울특별시,구로구,2,21,26,AppPay,Bike,2,0.85,4
OD6683290534,03:39:33,04:01:56.384929,4.51,22.3897,30.2509,서울특별시,강서구,6,3,30,Cash,Scooter,4,1.54,2
OD2837399246,05:12:55,05:36:33.138033,5.006,23.6356,19.8892,인천광역시,계양구,0,5,3,AppPay,Bike,4,0.28,4
OD3698139680,16:34:34,17:01:57.278433,5.077,27.388,23.9833,서울특별시,용산구,0,16,24,AppPay,Car,2,2.16,4
OD4835070078,02:41:18,03:04:21.695670,4.82,23.0616,20.9472,경기도,부천시,1,2,4,AppPay,Bike,1,1.85,2
OD4615443829,13:06:37,13:19:00.076330,1.56,12.3846,15.513,서울특별시,동작구,5,13,22,Card,Bike,4,0.6,3
OD6049696077,11:13:22,11:30:00.741792,3.339,16.6457,16.4382,서울특별시,구로구,3,11,20,Card,Scooter,2,0.5,4
OD7863646153,13:05:22,13:20:22.882351,1.2,15.0147,26.0166,서울특별시,성동구,5,13,1,AppPay,Bike,4,0.21,3
OD7291468836,07:44:30,07:53:32.569972,2.774,9.0428,19.421,경기도,부천시,0,7,10,Card,Bike,2,0.49,3
OD2222935185,18:10:17,18:28:58.160180,2.694,18.686,12.4458,경기도,시흥시,6,18,16,Card,Bike,2,1.91,3
OD8523115933,14:14:23,14:35:22.536242,2.759,20.9923,21.0918,인천광역시,부평구,0,14,24,AppPay,Car,4,0.68,5
OD8628713312,07:22:22,07:50:01.396551,4.091,27.6566,13.932,서울특별시,종로구,3,7,13,Card,Bike,6,0.85,4
OD0306458822,04:51:46,05:03:29.568101,1.987,11.7261,19.238,경기도,시흥시,2,4,12,Card,Bike,3,0.65,4
OD6079517652,18:41:42,18:51:16.788923,3.101,9.5798,20.7669,경기도,수원시 장안구,5,18,22,Card,Bike,2,0.0,2
OD1395176212,10:44:57,11:07:09.168665,3.49,22.2028,16.1269,-,-,0,10,3,AppPay,Bike,4,0.0,3
OD7222546744,00:45:56,01:04:21.259141,3.814,18.421,18.4384,경기도,수원시 장안구,6,0,16,AppPay,Bike,2,0.0,2
OD7502147246,20:12:48,20:30:46.942883,4.858,17.9824,35.092,서울특별시,서초구,2,20,26,AppPay,Scooter,2,2.68,3
OD9565011685,10:48:34,11:01:31.502632,1.019,12.9584,18.5694,인천광역시,남동구,0,10,17,Card,Bike,1,2.99,3
OD8006644293,11:51:53,12:11:33.567642,5.547,19.6761,29.9865,인천광역시,부평구,0,11,3,Cash,Scooter,2,0.22,2
OD1463009611,03:09:24,03:32:26.329068,3.531,23.0388,14.167,경기도,용인시 수지구,4,3,7,Cash,Bike,3,2.89,3
OD1031957080,17:17:45,17:38:47.803867,3.204,21.0467,19.041,서울특별시,노원구,0,17,24,Cash,Scooter,6,2.4,5
OD0734900429,19:51:59,20:09:35.697368,3.179,17.6116,25.7516,서울특별시,서초구,4,19,14,Cash,Car,3,0.97,4
OD0568807750,23:34:31,23:43:31.581917,1.533,9.0097,12.5595,경기도,수원시 장안구,0,23,10,AppPay,Bike,5,3.01,2
OD9129912536,02:24:51,02:36:51.368611,1.113,12.0061,19.9704,경기도,김포시,1,2,18,Cash,Car,1,3.87,4
OD8926865622,21:45:59,21:57:48.411065,2.456,11.8235,23.3398,서울특별시,용산구,5,21,1,Card,Car,4,0.01,3
OD6327781784,23:09:25,23:33:54.761991,4.936,24.496,20.6368,경기도,안산시 상록구,3,23,13,Cash,Bike,3,0.01,2
OD9223577119,02:21:21,02:30:06.992653,2.007,8.7665,22.4846,서울특별시,구로구,2,2,5,Card,Bike,4,0.68,3
OD2612937691,19:22:46,19:39:20.879957,1.728,16.5813,20.382,서울특별시,영등포구,1,19,1,AppPay,Bike,4,0.32,2
OD9562428178,20:27:53,20:42:10.910387,1.408,14.2985,24.7507,서울특별시,노원구,1,20,18,Cash,Bike,2,1.03,2
OD9720314045,06:02:14,06:23:40.442939,3.354,21.4407,14.9679,서울특별시,성동구,6,6,23,Card,Bike,2,0.33,3
OD6820270262,04:55:15,05:13:46.867838,4.543,18.5311,35.1777,서울특별시,서초구,1,4,25,Card,Scooter,3,2.88,2
OD4694093252,21:01:41,21:21:29.057934,2.924,19.801,13.281,경기도,고양시 덕양구,3,21,20,Card,Bike,3,0.54,3
OD7448450660,09:06:36,09:26:10.167426,,19.5695,17.222,경기도,용인시 기흥구,4,9,28,Cash,Bike,3,0.34,3
OD3613781974,12:57:27,13:09:40.471376,2.147,12.2245,25.362,경기도,고양시 덕양구,6,12,23,Cash,Bike,4,0.47,2
OD6213287942,16:33:50,16:49:24.424723,1.553,15.5737,12.1582,서울특별시,마포구,4,16,7,Card,Bike,4,2.01,5
OD3432145404,00:49:13,01:03:25.673115,3.338,14.2112,31.0658,경기도,부천시,6,0,16,AppPay,Car,3,2.62,2
OD3428617506,12:16:53,12:30:56.294002,2.325,14.0549,17.8227,서울특별시,서초구,1,12,1,Card,Bike,3,3.38,3
OD9038265036,01:24:45,01:46:54.723475,3.656,22.1621,16.9543,서울특별시,중구,6,1,23,Card,Bike,5,0.0,4
OD0334827019,18:03:20,18:10:40.297781,1.792,7.3383,17.0851,서울특별시,중구,5,18,1,AppPay,Bike,6,3.43,3
OD5050933681,01:04:35,01:25:37.216109,3.667,21.0369,18.0127,경기도,안산시 단원구,3,1,6,Card,Bike,1,1.67,3
OD0188676017,07:31:07,07:42:12.394980,2.132,11.0899,30.6612,서울특별시,중구,3,7,6,Cash,Scooter,3,0.69,3
OD4712551991,12:16:29,12:43:38.067556,5.249,27.1511,22.1618,인천광역시,동구,3,12,27,Cash,Car,4,1.26,3
OD7665226036,18:06:30,18:21:29.931825,3.385,14.9989,22.5561,서울특별시,중구,4,18,7,Card,Scooter,5,1.38,4
OD0005687832,10:58:16,11:15:32.470394,3.798,17.2745,18.508,서울특별시,영등포구,4,10,14,Card,Bike,2,0.0,3
OD2953912457,17:33:26,17:35:16.980428,0.941,1.8497,30.5276,서울특별시,강남구,3,17,13,AppPay,Scooter,3,4.16,3
OD4541700825,00:38:14,00:47:10.519684,1.454,8.942,13.8225,서울특별시,중구,3,0,13,Cash,Car,3,0.0,3
OD7447801614,15:24:08,15:39:05.874275,3.303,14.9646,31.2072,경기도,성남시 중원구,6,15,2,AppPay,Scooter,4,0.86,3
OD3269634263,21:12:35,21:20:08.140165,2.571,7.5523,24.9553,경기도,광명시,0,21,10,AppPay,Scooter,5,0.0,3
OD0402070319,05:14:23,05:23:14.103320,2.37,8.8517,23.7717,경기도,성남시 중원구,2,5,12,Cash,Scooter,2,0.04,2
OD6418707714,00:50:39,01:10:06.987774,1.531,19.4665,8.0,경기도,성남시 중원구,5,0,15,Cash,Bike,5,0.0,4
OD6344789661,21:54:43,22:11:28.878972,0.5,16.7646,8.0,서울특별시,마포구,1,21,4,Card,Bike,2,0.28,5
OD9308530747,03:26:16,03:46:04.601485,5.583,19.81,26.382,경기도,성남시 중원구,6,3,23,Cash,Bike,3,0.0,3
OD8980749137,06:34:05,06:43:03.036413,2.19,8.9673,16.9633,서울특별시,구로구,0,6,31,AppPay,Bike,3,0.93,4
OD7366707462,09:06:25,09:21:52.605037,1.884,15.4601,25.4183,경기도,수원시 영통구,6,9,23,AppPay,Scooter,2,1.04,3
OD0723785193,10:23:10,10:44:26.230504,2.804,21.2705,25.1705,서울특별시,강서구,5,10,22,Card,Scooter,2,0.71,3
OD5225914583,19:49:45,19:58:13.142901,2.284,8.469,27.006,경기도,용인시 수지구,6,19,2,Card,Scooter,1,9.48,4
OD8074375911,11:05:14,11:30:02.027834,5.596,24.8005,30.1047,서울특별시,구로구,0,11,17,AppPay,Scooter,4,1.1,3
OD8005615706,02:16:40,02:28:04.537588,1.66,11.409,34.7758,서울특별시,강남구,5,2,8,Card,Scooter,3,0.83,1
OD0832231167,00:26:56,00:44:40.307499,5.622,17.7385,26.2447,서울특별시,용산구,2,0,26,Card,Scooter,1,2.88,3
OD7228586032,00:24:22,00:42:49.847058,2.307,18.4641,13.9676,경기도,고양시 덕양구,2,0,5,Card,Bike,4,0.0,4
OD3953943444,18:25:42,18:56:43.073418,4.048,31.0179,13.1149,서울특별시,강남구,0,18,10,AppPay,Bike,2,1.5,3
OD5321249743,01:02:19,01:22:54.214183,4.706,20.5869,24.3131,서울특별시,은평구,2,1,12,Cash,Car,4,0.78,3
OD3632949801,07:45:24,07:55:44.555115,4.807,10.3426,27.8888,경기도,성남시 분당구,3,7,27,Card,Bike,2,3.5,3
OD7163102583,01:03:49,01:23:15.013775,3.404,19.4336,25.6564,경기도,평택시,4,1,14,AppPay,Scooter,4,4.61,5
OD6755053980,17:02:37,17:24:31.423593,3.836,21.9071,32.7968,서울특별시,관악구,1,17,18,Cash,Car,4,0.06,2
OD1821296328,10:20:35,10:50:29.943195,4.946,29.9157,21.2393,서울특별시,송파구,3,10,6,AppPay,Bike,5,3.87,3
OD7542443940,00:36:59,00:38:18.474806,0.5,1.3246,22.6487,인천광역시,계양구,0,0,10,AppPay,Scooter,1,0.0,4
OD2773874020,03:39:44,03:53:43.649071,3.659,13.9942,15.6875,서울특별시,송파구,0,3,31,AppPay,Bike,2,8.19,2
OD3866681285,07:13:09,07:30:07.643130,2.5,16.9774,20.1096,서울특별시,구로구,1,7,4,Cash,Car,2,0.52,4
OD6820992689,15:14:02,15:34:59.281755,1.933,20.9547,11.9671,경기도,안산시 단원구,1,15,1,Card,Bike,3,0.45,4
OD7245796238,13:13:33,13:30:45.363007,3.823,17.2061,18.7303,서울특별시,서초구,0,13,3,Card,Bike,4,0.26,3
OD6074302058,19:58:42,20:18:34.292872,3.356,19.8715,16.431,경기도,성남시 분당구,5,19,15,AppPay,Bike,1,0.0,3
OD7556808330,00:28:57,01:19:46.205972,5.997,50.8201,10.9406,경기도,부천시,1,0,4,Card,Car,2,0.45,5
OD7065063054,23:36:44,23:55:49.177310,1.731,19.0863,17.4615,서울특별시,서초구,5,23,1,AppPay,Bike,5,1.29,3
OD6908468208,04:47:19,05:07:15.994322,5.132,19.9499,20.6944,서울특별시,마포구,4,4,28,AppPay,Bike,5,7.71,3
OD1448831791,12:41:54,13:10:40.103328,4.405,28.7684,17.2957,서울특별시,구로구,1,12,25,Cash,Bike,2,2.06,3
OD8169888381,04:39:25,04:45:48.068914,3.198,6.3845,35.3096,서울특별시,송파구,0,4,24,Cash,Scooter,3,4.13,3
OD3291331229,10:47:57,11:12:21.932847,4.041,24.4155,13.0401,서울특별시,강서구,5,10,22,AppPay,Bike,6,0.03,3
OD3064115147,19:14:44,19:38:52.136304,2.995,24.1356,25.9922,서울특별시,관악구,2,19,12,AppPay,Scooter,4,0.0,3
OD6792667096,04:22:17,04:39:54.322854,3.262,17.622,23.4725,서울특별시,동작구,6,4,23,AppPay,Scooter,2,0.2,3
OD2178605960,17:44:57,17:59:56.841420,3.99,14.9974,30.0575,서울특별시,구로구,0,17,10,AppPay,Scooter,3,0.02,2
OD2084932872,02:59:21,03:25:19.299869,4.494,25.9717,16.6877,서울특별시,강남구,4,2,14,Cash,Bike,5,0.0,3
OD1308109710,11:08:19,11:30:54.292051,2.059,22.5882,10.6926,경기도,용인시 기흥구,6,11,2,Cash,Bike,4,1.76,4
OD2857581642,04:48:01,05:14:29.410075,3.967,26.4735,17.8582,-,-,1,4,11,Cash,Car,2,1.6,3
OD7552785382,04:41:31,05:06:24.111542,3.999,24.8852,23.4527,서울특별시,구로구,1,4,25,Card,Car,4,1.19,3
OD9043519519,07:15:18,07:33:17.556961,4.115,17.9926,23.803,서울특별시,강남구,3,7,27,AppPay,Scooter,3,0.0,5
OD8610889138,09:26:33,09:44:02.059375,5.445,17.4843,23.1718,인천광역시,연수구,2,9,26,AppPay,Car,3,1.98,3
OD7204986245,19:47:13,20:10:23.263438,3.72,23.1711,30.9084,인천광역시,남동구,2,19,26,AppPay,Scooter,3,0.22,3
OD6132431494,19:31:51,19:59:37.658848,4.57,27.7776,18.2148,경기도,성남시 중원구,3,19,27,Card,Bike,3,0.0,3
OD5653776156,20:41:14,21:06:59.065579,5.463,25.7511,16.3668,서울특별시,종로구,0,20,24,Card,Bike,3,1.36,4
OD7781702318,05:36:48,05:55:38.916440,1.356,18.8486,19.287,경기도,부천시,0,5,24,Card,Bike,1,2.92,3
OD0591106479,00:13:19,00:27:51.625962,2.287,14.5438,26.6034,서울특별시,강서구,6,0,30,AppPay,Scooter,4,2.49,3
OD9157978922,18:01:43,18:21:25.658972,4.702,19.711,28.4486,서울특별시,구로구,3,18,6,Card,Bike,4,1.51,1
OD5780646219,19:45:26,19:58:43.712499,1.927,13.2952,25.7019,경기도,부천시,0,19,17,Cash,Scooter,4,0.17,3
OD5182461728,18:10:20,18:23:56.004216,5.73,13.6001,38.7032,서울특별시,마포구,6,18,2,Cash,Scooter,1,0.0,3
OD2896769560,10:22:17,10:30:33.158876,2.399,8.2693,36.0499,서울특별시,강남구,1,10,18,AppPay,Scooter,5,0.0,2
OD4043268278,16:18:13,16:36:52.879157,2.063,18.6647,17.0377,서울특별시,관악구,1,16,11,AppPay,Bike,4,1.82,3
OD3640413864,22:10:02,22:21:19.651176,1.657,11.2942,20.3928,서울특별시,구로구,1,22,25,Cash,Bike,3,1.01,4
OD4037828666,08:49:06,09:03:27.309975,3.254,14.3552,37.2254,서울특별시,서초구,3,8,13,Cash,Scooter,3,0.49,1
OD1378758795,13:31:00,13:40:39.470679,1.091,9.6578,13.6054,서울특별시,마포구,6,13,16,AppPay,Bike,2,0.03,4
OD9188083781,16:19:24,16:33:11.364105,3.584,13.7894,18.4675,인천광역시,계양구,0,16,10,Card,Bike,3,0.47,4
OD3106682241,18:30:14,18:54:00.308054,5.386,23.7718,29.201,경기도,시흥시,1,18,11,AppPay,Scooter,4,1.26,2
OD6078063655,08:28:00,08:53:30.998985,4.472,25.5166,11.3549,서울특별시,성동구,5,8,8,Cash,Bike,4,0.15,4
OD1207408997,18:28:16,18:49:33.160613,2.431,21.286,16.931,서울특별시,강서구,4,18,28,Card,Bike,4,0.94,3
OD7882587175,10:22:14,10:38:22.094730,1.022,16.1349,18.3057,인천광역시,남동구,6,10,30,Cash,Bike,4,1.44,4
OD4308133933,19:55:31,20:05:56.548157,0.5,10.4258,21.7802,서울특별시,용산구,4,19,14,Card,Bike,2,2.91,1
OD4000908581,13:05:53,13:26:05.181448,2.959,20.203,23.7618,서울특별시,성북구,4,13,21,Card,Bike,4,0.06,2
OD6196868085,08:53:56,09:05:25.884591,2.56,11.4981,25.7183,경기도,김포시,6,8,16,Card,Scooter,3,8.09,3
OD4499380080,20:51:52,21:05:07.370780,0.832,13.2562,21.5156,서울특별시,성북구,1,20,25,AppPay,Bike,3,1.53,4
OD6178936901,22:44:59,23:02:44.647115,4.852,17.7608,19.4587,서울특별시,영등포구,0,22,17,Cash,Scooter,4,1.84,4
OD0066837303,04:47:51,05:20:21.609713,4.955,32.5102,11.1472,인천광역시,연수구,6,4,30,Card,Bike,1,4.67,4
OD9157019228,15:03:05,15:18:52.888047,5.75,15.7981,25.2433,서울특별시,성북구,3,15,27,AppPay,Scooter,5,0.0,4
OD5194781363,04:31:29,04:58:56.401399,2.697,27.4567,12.6529,서울특별시,송파구,3,4,27,Cash,Bike,4,0.72,3
OD5066415208,12:19:01,12:20:28.727095,0.5,1.4621,20.5182,경기도,부천시,4,12,21,AppPay,Bike,4,0.15,4
OD0736199099,20:40:11,21:12:31.514920,4.215,32.3419,18.5688,경기도,수원시 장안구,0,20,3,AppPay,Bike,4,4.26,3
OD5351124107,13:17:10,13:29:14.608313,3.605,12.0768,30.6715,경기도,고양시 덕양구,3,13,13,AppPay,Scooter,3,0.05,4
OD5797615476,01:33:43,01:53:08.605639,4.352,19.4268,18.7797,서울특별시,종로구,2,1,12,Cash,Bike,3,0.47,2
OD1592727377,11:08:26,11:29:22.305591,4.621,20.9384,18.5627,서울특별시,성북구,2,11,5,Card,Car,1,0.29,5
OD0582468922,23:31:36,23:47:15.579684,2.143,15.6597,26.7061,서울특별시,중구,4,23,28,Cash,Car,5,3.61,2
OD8443231950,07:38:31,07:56:31.448135,3.231,18.0075,12.8085,경기도,안산시 상록구,2,7,19,Cash,Bike,3,0.63,3
OD1612139691,03:38:13,03:46:52.153967,0.5,8.6526,15.0248,경기도,성남시 분당구,2,3,12,Cash,Bike,2,0.44,2
OD1853544523,17:22:32,17:49:11.792507,4.585,26.6632,20.4545,경기도,평택시,2,17,26,Card,Bike,2,0.08,3
OD3936432115,16:42:59,16:54:08.619479,2.585,11.1603,22.389,경기도,부천시,2,16,26,Card,Bike,3,0.92,2
OD1614124176,06:14:20,06:36:48.762367,4.124,22.4794,22.7512,경기도,용인시 수지구,3,6,27,Card,Bike,3,2.76,3
OD1672544171,01:03:06,01:25:57.599312,6.022,22.86,16.3674,서울특별시,종로구,0,1,17,AppPay,Bike,1,0.57,4
OD2209878023,04:53:28,05:04:10.610012,3.599,10.7102,22.8301,서울특별시,관악구,2,4,12,Cash,Scooter,2,0.47,2
OD1580869285,20:43:34,21:06:18.018255,3.617,22.7336,23.4616,서울특별시,용산구,1,20,4,AppPay,Car,5,0.09,4
OD9361377190,10:24:57,10:41:34.401268,4.246,16.6234,15.3271,경기도,용인시 기흥구,4,10,28,Card,Bike,5,0.51,2
OD9633863933,10:52:02,10:59:23.532539,0.69,7.3589,15.1893,서울특별시,강남구,6,10,9,Cash,Bike,4,1.99,3
OD3976745147,15:34:40,16:00:17.417268,4.918,25.6236,24.047,경기도,용인시 기흥구,4,15,21,Cash,Car,2,0.11,2
OD6799024580,11:45:47,12:08:41.990681,2.767,22.9165,23.7127,서울특별시,영등포구,0,11,24,Cash,Scooter,3,0.34,3
OD5711680095,12:23:35,12:46:43.482117,3.245,23.1414,12.1443,서울특별시,동작구,4,12,21,Cash,Bike,3,1.83,3
OD7990519740,21:04:01,21:20:51.720575,2.435,16.8453,29.211,서울특별시,성북구,1,21,4,AppPay,Scooter,3,0.29,2
OD5934941834,20:55:38,21:14:56.243533,2.972,19.3041,27.4181,경기도,평택시,5,20,8,AppPay,Scooter,2,4.02,3
OD1502361258,20:34:50,20:46:40.423358,1.447,11.8404,22.69,서울특별시,마포구,3,20,6,Card,Bike,3,3.55,3
OD1930793971,17:18:45,17:35:00.151513,3.528,16.2525,29.1401,서울특별시,성북구,4,17,21,AppPay,Scooter,3,0.85,3
OD7265811490,16:16:09,16:28:42.472572,2.781,12.5579,21.9437,서울특별시,성북구,1,16,18,Cash,Car,3,2.16,4
OD2263617650,07:01:24,07:25:36.317018,3.747,24.2053,25.9939,경기도,광명시,2,7,26,Card,Scooter,2,0.0,3
OD4927764539,09:57:08,10:10:46.741273,3.361,13.6457,25.3044,경기도,안산시 상록구,4,9,21,AppPay,Bike,1,0.42,2
OD7411050849,22:33:29,22:47:41.129962,5.954,14.2022,25.1528,경기도,수원시 장안구,0,22,3,Cash,Scooter,1,2.99,3
OD6543060413,07:19:57,07:30:08.786264,3.513,10.1964,24.1977,서울특별시,은평구,1,7,25,Card,Car,2,0.42,3
OD2989899412,13:40:22,13:59:48.286692,3.674,19.4381,21.6314,서울특별시,성북구,1,13,18,AppPay,Bike,1,0.79,4
OD9005310427,05:10:48,05:36:53.685597,1.61,26.0948,17.0322,인천광역시,서구,5,5,22,Card,Bike,2,0.58,2
OD3842666381,03:38:31,03:59:27.131804,4.142,20.9355,23.8729,서울특별시,마포구,2,3,5,Card,Scooter,1,1.81,3
OD9902544084,15:46:04,15:57:03.688027,3.338,10.9948,21.7984,서울특별시,서초구,4,15,21,Cash,Bike,2,0.8,3
OD7297138863,01:33:46,01:46:09.442012,4.088,12.3907,20.6113,경기도,광명시,6,1,2,Cash,Bike,3,0.01,5
OD2860977597,19:48:45,20:07:38.995606,5.571,18.8999,27.7298,서울특별시,강남구,5,19,22,Card,Bike,3,0.0,3
OD6071627515,21:52:11,22:22:13.204912,5.893,30.0367,20.9037,서울특별시,강서구,0,21,24,AppPay,Bike,5,1.18,3
OD7467919183,21:54:47,22:11:57.148946,3.58,17.1691,20.8223,서울특별시,동작구,0,21,3,Card,Car,4,0.23,1
OD0834295337,18:01:02,18:19:21.102237,3.1,18.3184,17.9175,경기도,광명시,1,18,18,Cash,Bike,1,0.18,3
OD0990370411,01:54:19,02:10:40.519234,3.551,16.3587,30.0717,서울특별시,종로구,4,1,7,Card,Scooter,3,1.29,2
OD4890233762,19:42:50,19:53:51.274124,2.931,11.0212,31.8968,서울특별시,은평구,5,19,1,Card,Scooter,4,2.27,3
OD8007011258,16:09:12,16:43:15.692033,4.548,34.0615,9.4151,경기도,수원시 장안구,5,16,15,Card,Bike,1,0.8,4
OD3010281198,16:41:50,16:47:17.912939,1.208,5.4652,27.4926,서울특별시,은평구,3,16,6,Cash,Car,4,0.0,2
OD8345928994,00:35:22,00:44:16.514658,2.918,8.9086,27.5968,서울특별시,강서구,5,0,29,AppPay,Scooter,3,1.91,4
OD8530114196,01:53:05,02:16:43.482035,3.259,23.6414,23.5722,경기도,수원시 영통구,0,1,17,Card,Scooter,2,0.56,3
OD7568786151,12:31:15,12:50:12.561318,0.5,18.9594,14.8761,경기도,성남시 분당구,4,12,7,AppPay,Bike,3,0.38,3
OD1478258602,13:16:59,13:38:32.703545,3.72,21.5617,28.3799,경기도,평택시,3,13,20,Cash,Scooter,5,2.02,3
OD0690017920,09:02:06,09:18:18.981276,3.337,16.2164,17.7458,경기도,성남시 분당구,6,9,9,Cash,Bike,4,0.52,3
OD5074447484,16:03:32,16:22:46.106769,2.088,19.2351,15.3398,경기도,시흥시,4,16,28,Cash,Bike,3,0.0,5
OD1495473737,05:45:00,06:11:07.132168,4.451,26.1189,17.8023,서울특별시,강남구,1,5,18,Cash,Bike,4,1.14,4
OD8524563659,18:48:46,18:59:04.220092,1.481,10.3037,30.3963,경기도,수원시 영통구,2,18,19,Card,Car,3,2.12,2
OD1046801537,23:08:42,23:32:24.711200,4.433,23.7119,16.0596,서울특별시,마포구,0,23,31,AppPay,Bike,3,0.82,3
OD2654139367,03:56:51,04:05:40.491849,3.353,8.8249,29.7797,-,-,2,3,5,Cash,Scooter,2,1.09,3
OD5373085151,10:15:01,10:32:51.408711,1.993,17.8401,36.2279,서울특별시,용산구,5,10,29,AppPay,Scooter,1,0.29,2
OD9973679447,08:03:36,08:24:28.554276,5.286,20.8759,26.7315,경기도,광명시,1,8,25,Card,Scooter,3,1.84,4
OD8796290162,20:49:33,21:17:21.663566,5.201,27.8111,21.0115,경기도,평택시,5,20,1,AppPay,Car,2,0.37,4
OD7747018988,21:10:10,21:24:14.930679,5.139,14.0822,23.501,서울특별시,성동구,1,21,11,Card,Car,3,6.37,3
OD7268561280,10:58:27,11:24:08.669159,4.127,25.6945,18.6932,서울특별시,은평구,2,10,12,Card,Bike,3,0.21,4
OD8560631047,13:01:06,13:20:47.765143,4.668,19.6961,22.1643,서울특별시,관악구,4,13,21,Cash,Bike,3,2.77,4
OD1196374133,08:30:45,08:50:43.608703,2.867,19.9768,17.5913,경기도,성남시 분당구,6,8,9,AppPay,Bike,2,2.78,4
OD7719928473,16:47:33,17:18:13.068406,5.153,30.6678,22.2214,서울특별시,은평구,4,16,7,Cash,Car,3,0.86,5
OD9569856256,10:26:44,10:45:59.982670,4.146,19.2664,24.0503,경기도,수원시 영통구,4,10,28,Cash,Car,2,0.39,3
OD4651861049,21:35:56,21:54:00.346947,4.28,18.0724,24.5349,경기도,부천시,6,21,2,Card,Scooter,4,0.47,3
OD5309644310,01:40:27,02:16:27.975164,3.774,36.0163,8.4438,경기도,김포시,5,1,29,Card,Bike,5,7.04,5
OD2274598808,12:28:48,12:33:00.458471,2.427,4.2076,34.6093,서울특별시,동작구,3,12,27,Card,Scooter,3,0.03,3
OD0015106704,10:20:47,10:33:51.116139,2.289,13.0686,25.5736,서울특별시,은평구,5,10,8,Card,Bike,1,6.13,2
OD8407000977,05:53:20,06:10:34.109348,2.565,17.2352,15.9083,서울특별시,마포구,0,5,3,Card,Bike,2,0.43,3
OD0026118909,10:01:53,10:10:18.284338,2.111,8.4214,16.8383,경기도,수원시 영통구,4,10,21,Cash,Bike,5,0.05,3
OD8941434266,02:46:25,03:06:55.610375,3.496,20.5102,27.2625,서울특별시,마포구,5,2,8,AppPay,Bike,4,1.42,2
OD9821286091,11:02:09,11:49:24.772182,6.055,47.2629,10.3996,서울특별시,용산구,0,11,10,Cash,Bike,3,0.1,2
OD9335140409,05:38:21,05:53:58.604439,5.779,15.6267,29.4967,경기도,안산시 단원구,0,5,17,AppPay,Scooter,3,0.91,4
OD3401091646,12:00:06,12:14:36.823808,3.452,14.5137,24.3318,서울특별시,은평구,3,12,20,Card,Scooter,3,0.57,4
OD3832420659,16:10:55,16:24:50.219173,2.715,13.9203,21.2016,서울특별시,종로구,6,16,16,Card,Bike,2,1.51,3
OD5860490498,00:37:42,00:59:25.836780,4.029,21.7306,23.1077,경기도,시흥시,3,0,6,Card,Bike,1,0.43,3
OD4563626530,02:36:25,02:53:07.894728,1.819,16.7149,9.9206,서울특별시,성동구,1,2,18,Card,Bike,4,0.3,4
OD4405779616,16:01:06,16:24:57.521699,4.75,23.8587,19.1331,서울특별시,은평구,1,16,25,Cash,Car,2,0.49,4
OD8222053755,02:56:22,03:05:27.091264,0.5,9.0849,33.6462,서울특별시,성북구,4,2,21,Cash,Scooter,1,0.07,2
OD8626285199,12:51:20,12:58:52.408666,0.5,7.5401,18.033,인천광역시,부평구,1,12,25,Card,Bike,3,0.0,3
OD9642467725,20:22:16,21:03:47.095771,8.479,41.5183,17.1038,서울특별시,강서구,4,20,7,Cash,Bike,4,0.17,2
OD7622780852,10:22:31,10:50:27.367002,5.592,27.9395,26.1095,서울특별시,강남구,2,10,5,Cash,Bike,5,2.41,2
OD6150902274,14:35:23,14:52:23.085202,0.5,17.0014,25.8909,서울특별시,성북구,1,14,25,Cash,Scooter,2,0.84,2
OD5150652568,04:01:21,04:29:03.389940,4.665,27.7065,16.6866,경기도,김포시,4,4,21,Card,Bike,2,3.15,3
OD9066298307,08:38:37,08:53:06.170444,5.661,14.4862,31.0523,서울특별시,영등포구,0,8,24,AppPay,Scooter,2,2.56,3
OD6495111373,01:52:32,02:08:06.741627,1.625,15.579,27.0205,서울특별시,관악구,2,1,26,Card,Scooter,3,2.4,3
OD1437600753,18:09:27,18:38:47.709341,5.995,29.3452,17.1634,서울특별시,노원구,5,18,22,Card,Bike,3,1.33,3
OD3472465610,15:12:54,15:26:53.444918,4.905,13.9907,21.8505,서울특별시,종로구,0,15,3,Card,Bike,2,0.72,2
OD4829417280,23:40:19,00:01:00.763182,2.274,20.6961,17.8807,경기도,김포시,6,23,16,AppPay,Bike,2,0.24,3
OD3348943221,07:14:07,07:25:25.121633,2.203,11.302,18.1934,경기도,성남시 중원구,5,7,15,AppPay,Bike,5,1.27,2
OD4478289902,12:42:02,12:52:54.951085,3.187,10.8825,25.4586,경기도,고양시 덕양구,6,12,9,Cash,Bike,3,0.94,2
OD3273978310,12:09:43,12:16:13.547423,1.313,6.5091,26.9534,경기도,고양시 덕양구,3,12,13,Cash,Scooter,5,0.56,4
OD1552288949,16:41:42,17:10:03.865588,4.277,28.3644,18.8409,서울특별시,성북구,2,16,19,AppPay,Car,4,1.94,5
OD8409042843,08:03:21,08:15:34.956583,1.428,12.2326,34.9188,서울특별시,동작구,6,8,16,AppPay,Scooter,2,1.3,2
OD7302762545,20:14:10,20:31:41.333725,1.614,17.5222,18.0398,서울특별시,중구,2,20,5,AppPay,Scooter,2,0.32,4
OD4804596668,08:08:35,08:39:09.599494,5.007,30.5767,15.3303,서울특별시,중구,6,8,9,Card,Bike,2,0.05,4
OD7328535384,22:40:36,22:50:53.667907,1.488,10.2945,29.4137,서울특별시,관악구,0,22,24,AppPay,Bike,2,0.13,1
OD7871990106,13:28:00,13:44:40.502959,1.825,16.675,27.1421,경기도,수원시 장안구,0,13,24,Card,Scooter,3,0.27,3
OD6245928671,12:03:55,12:18:52.633792,2.46,14.9606,17.3099,서울특별시,용산구,2,12,5,Cash,Scooter,5,0.08,4
OD7247098160,03:52:39,04:00:44.961983,0.685,8.0994,26.0491,서울특별시,성북구,0,3,24,Cash,Scooter,2,0.83,3
OD3541309678,13:31:10,13:52:10.834120,3.292,21.0139,12.1515,서울특별시,중구,5,13,29,AppPay,Bike,5,0.21,5
OD4494196214,08:13:29,08:25:48.642222,3.361,12.3274,21.4641,경기도,평택시,0,8,3,Card,Bike,3,0.24,2
OD9753047206,18:15:01,18:35:11.381099,4.622,20.173,16.2297,경기도,부천시,0,18,3,Card,Bike,3,2.51,3
OD7081983993,11:07:31,11:23:57.130059,2.23,16.4355,20.481,경기도,용인시 기흥구,4,11,28,AppPay,Bike,2,0.35,3
OD1298755422,19:04:15,19:29:05.635550,5.279,24.8439,23.2864,경기도,광명시,6,19,2,AppPay,Bike,4,0.61,1
OD3697854990,06:08:55,06:17:06.947571,1.442,8.1991,32.5808,경기도,부천시,6,6,23,Card,Scooter,1,1.53,3
OD0797272145,02:42:43,02:52:05.524938,2.875,9.3754,23.7975,서울특별시,노원구,1,2,4,Card,Car,3,0.11,3
OD1370774071,14:11:47,14:42:17.132969,4.743,30.5022,13.174,서울특별시,서초구,0,14,17,Card,Bike,4,1.52,3
OD0925181492,14:48:32,15:08:44.222517,3.278,20.2037,17.6451,서울특별시,영등포구,2,14,19,Cash,Bike,3,0.0,4
OD6545861434,14:07:50,14:19:09.720817,3.394,11.3287,30.0058,인천광역시,남동구,6,14,16,Cash,Car,3,3.17,2
OD4564100134,17:00:59,17:12:28.202740,1.918,11.4867,15.8574,서울특별시,성북구,2,17,5,Cash,Bike,4,0.67,3
OD5287554028,23:48:37,00:08:46.699836,4.523,20.1617,15.6068,경기도,수원시 장안구,5,23,22,Card,Bike,5,0.09,3
OD0920807936,23:33:52,23:51:35.353702,0.5,17.7226,32.5686,서울특별시,마포구,5,23,1,Cash,Scooter,2,1.14,2
OD0176466685,13:18:49,13:35:01.949264,1.694,16.2158,19.8488,-,-,5,13,22,Card,Bike,5,1.45,3
OD6314456756,10:33:47,10:48:54.851509,6.354,15.1309,25.1946,경기도,성남시 분당구,0,10,3,AppPay,Scooter,3,0.34,2
OD9061167212,01:50:44,02:18:41.029128,5.717,27.9505,22.5466,경기도,성남시 중원구,2,1,26,Cash,Bike,3,0.59,2
OD4821363452,05:40:10,05:53:47.384453,4.011,13.6231,24.8301,서울특별시,성북구,5,5,15,Card,Car,3,3.15,2
OD5232851749,01:37:28,01:49:12.117401,3.647,11.7353,32.4937,경기도,시흥시,1,1,25,Cash,Scooter,1,0.0,1
OD1330570066,17:57:39,18:07:58.196387,2.597,10.3199,21.9666,경기도,수원시 영통구,1,17,25,Cash,Bike,3,0.19,3
OD1262116204,00:29:17,00:39:47.343958,2.821,10.5057,28.2349,경기도,부천시,1,0,4,Card,Scooter,2,0.0,2
OD8633717572,07:37:11,07:49:49.108169,5.011,12.6351,23.7977,서울특별시,중구,3,7,20,AppPay,Car,1,0.91,4
OD6086759614,00:39:51,01:01:02.025610,3.808,21.1838,23.0791,서울특별시,중구,3,0,13,Card,Bike,2,1.75,3
OD8208675049,07:14:00,07:38:35.458977,3.496,24.591,18.2971,서울특별시,영등포구,0,7,24,AppPay,Bike,3,0.42,2
OD6487753391,21:16:34,21:39:01.508121,2.586,22.4585,22.5159,인천광역시,연수구,1,21,25,AppPay,Car,1,3.03,4
OD4907813505,03:13:11,03:23:59.498387,2.341,10.8083,18.2366,서울특별시,중구,0,3,3,Cash,Bike,4,0.09,1
OD0274927656,04:23:53,04:45:50.865956,3.812,21.9644,18.8467,경기도,안산시 상록구,3,4,13,Cash,Bike,3,1.57,2
OD7557117086,11:57:10,12:28:37.214057,6.543,31.4536,19.0736,서울특별시,노원구,1,11,18,Card,Bike,3,0.31,3
OD0122694398,20:22:35,20:33:00.863455,4.626,10.4311,26.6093,경기도,광명시,4,20,7,Cash,Car,2,2.59,2
OD9573478675,05:24:09,05:50:50.699100,3.42,26.695,15.1395,서울특별시,중구,2,5,26,Card,Bike,6,0.92,3
OD1657707403,14:08:57,14:16:17.687588,3.561,7.3448,31.1135,경기도,안산시 상록구,3,14,13,Cash,Car,5,0.12,1
OD6043205294,23:11:00,23:48:07.853847,6.738,37.1309,22.609,인천광역시,계양구,3,23,13,Cash,Bike,3,0.0,3
OD0206452644,06:53:00,07:05:57.757079,4.188,12.9626,27.9068,서울특별시,중구,4,6,28,Cash,Car,3,1.54,2
OD2239358599,04:09:47,04:18:18.167651,0.739,8.5195,28.1446,경기도,부천시,0,4,17,Cash,Bike,4,0.1,2
OD8383698188,07:29:07,07:48:34.715656,1.483,19.4619,21.7118,경기도,성남시 중원구,4,7,7,Card,Bike,2,1.36,2
OD8795633883,14:00:50,14:39:08.545640,5.713,38.3091,13.7221,인천광역시,동구,6,14,9,AppPay,Bike,3,0.29,2
OD1607228057,18:29:11,18:50:16.425705,5.442,21.0904,25.4331,서울특별시,마포구,4,18,21,Card,Car,3,2.14,3
OD0748399642,18:49:38,19:11:08.287974,2.0,21.5048,21.7876,경기도,용인시 기흥구,6,18,23,Card,Bike,2,1.1,2
OD4295056359,22:00:49,22:19:59.765475,4.294,19.1794,18.1851,서울특별시,성북구,3,22,13,Cash,Bike,5,1.95,4
OD0834609873,04:56:06,05:16:05.945127,2.869,19.9991,12.1792,서울특별시,동작구,0,4,3,Cash,Bike,4,0.67,2
OD2926523069,11:44:11,11:53:22.430406,1.966,9.1905,24.8119,서울특별시,관악구,2,11,19,Card,Bike,4,0.0,3
OD3662308443,19:28:26,19:39:06.145214,2.609,10.6691,19.7272,인천광역시,부평구,1,19,11,Card,Bike,1,0.39,2
OD1057933566,16:30:24,16:47:25.042348,2.759,17.0174,14.0955,경기도,시흥시,2,16,5,Card,Bike,4,1.87,3
OD1214030648,11:35:49,11:51:24.714912,4.004,15.5952,36.772,서울특별시,중구,4,11,21,Cash,Scooter,3,3.45,2
OD9002964152,21:39:18,21:53:24.572390,3.005,14.1095,34.8321,경기도,고양시 덕양구,0,21,24,AppPay,Scooter,3,1.94,2
OD0124097665,15:01:42,15:07:48.556681,0.5,6.1093,28.6962,서울특별시,노원구,1,15,1,AppPay,Car,3,0.91,1
OD2481466829,13:41:35,13:47:25.084858,3.362,5.8347,34.5725,경기도,고양시 덕양구,1,13,11,Cash,Scooter,1,0.18,2
OD0693337090,01:35:38,01:59:49.710346,3.475,24.1952,14.2214,경기도,용인시 수지구,4,1,7,AppPay,Bike,3,0.33,3
OD3614382728,13:31:55,13:48:26.137041,2.961,16.519,14.195,-,-,0,13,10,Card,Bike,2,0.2,4
OD6848236878,12:10:46,12:34:14.331423,3.473,23.4722,23.2663,경기도,김포시,3,12,13,Card,Bike,2,0.82,4
OD9977544880,16:55:07,17:05:43.182099,1.601,10.603,17.78,인천광역시,서구,3,16,6,Card,Bike,5,0.77,4
OD6261060239,12:43:55,12:58:46.824072,2.21,14.8637,25.4951,서울특별시,노원구,2,12,5,Cash,Bike,3,1.56,2
OD1589335972,12:08:17,12:15:46.706814,2.003,7.4951,32.1322,서울특별시,영등포구,5,12,1,Cash,Scooter,3,4.01,4
OD0680933533,05:26:50,05:51:26.142683,6.349,24.6024,24.1744,서울특별시,서초구,0,5,17,Card,Scooter,4,0.34,3
OD1618617945,05:16:46,05:18:43.306775,0.5,1.9551,15.3444,서울특별시,강서구,2,5,5,Card,Bike,3,0.0,4
OD1382682317,11:59:48,12:21:46.048361,4.392,21.9675,19.9648,경기도,광명시,4,11,28,Card,Bike,3,3.87,2
OD1354554531,19:25:06,19:44:29.937727,3.955,19.399,19.6221,서울특별시,중구,6,19,30,Cash,Bike,1,0.35,2
OD2149806331,16:17:35,16:38:08.328582,3.637,20.5555,20.0517,경기도,광명시,4,16,7,Card,Bike,2,0.0,4
OD5736573404,02:22:10,02:51:41.655931,3.891,29.5276,15.5927,서울특별시,마포구,0,2,3,Card,Bike,3,4.56,3
OD0516241184,19:02:10,19:24:12.844574,2.451,22.0474,22.5392,경기도,광명시,5,19,22,AppPay,Bike,4,0.76,3
OD7569935345,16:55:57,17:05:12.365270,1.106,9.2561,23.7011,경기도,성남시 분당구,0,16,3,Cash,Scooter,3,1.14,4
OD0900579080,22:17:30,22:28:04.492716,0.5,10.5749,11.1159,경기도,평택시,6,22,2,Card,Bike,4,0.44,4
OD0108638598,06:13:39,06:24:56.007698,3.029,11.2835,40.4225,경기도,부천시,5,6,22,Cash,Scooter,3,0.79,2
OD4371355469,06:08:54,06:26:12.575321,4.055,17.3096,28.7484,경기도,부천시,4,6,28,AppPay,Scooter,2,0.0,3
OD7703160240,18:46:52,19:14:06.879735,2.311,27.248,8.0,경기도,고양시 덕양구,4,18,14,AppPay,Bike,3,6.06,5
OD7400624812,10:16:44,10:42:44.490937,5.557,26.0082,22.4292,서울특별시,성동구,4,10,14,Cash,Car,4,1.52,5
OD6570233915,15:38:03,15:53:40.333010,2.726,15.6222,22.2034,서울특별시,마포구,0,15,24,Cash,Bike,2,0.42,2
OD5420806527,22:24:53,22:44:38.138507,3.067,19.7523,22.5786,서울특별시,은평구,6,22,16,Card,Scooter,2,0.67,2
OD9050920167,15:46:31,15:53:03.634260,1.349,6.5439,25.1355,서울특별시,구로구,5,15,8,Card,Scooter,5,0.44,3
OD5240324044,23:43:11,00:08:40.122266,2.801,25.4854,18.8098,인천광역시,계양구,3,23,6,AppPay,Bike,5,0.37,2
OD9594952755,03:15:45,03:28:30.601142,2.694,12.76,25.407,경기도,안산시 상록구,1,3,1,Cash,Car,3,0.02,3
OD4890732431,03:46:47,04:12:00.192099,4.871,25.2199,22.1455,서울특별시,마포구,1,3,4,Cash,Car,5,0.0,3
OD8826808643,00:39:39,00:58:18.551837,2.668,18.6592,27.933,서울특별시,강서구,5,0,15,Cash,Car,3,0.0,3
OD4748985341,04:44:52,04:56:37.923008,3.805,11.7654,26.9158,경기도,광명시,1,4,4,Cash,Scooter,3,0.23,3
OD5233704081,23:40:24,00:06:54.667080,3.649,26.5111,12.9225,서울특별시,용산구,4,23,14,AppPay,Bike,4,1.04,3
OD0630934535,19:05:39,19:19:24.147665,1.045,13.7525,20.9571,서울특별시,서초구,4,19,28,Cash,Bike,2,1.51,2
OD1799601974,09:05:17,09:18:49.342024,3.361,13.539,19.6964,경기도,성남시 분당구,5,9,15,Card,Bike,4,0.27,3
OD0161544041,21:59:37,22:20:19.089519,1.792,20.7015,16.9493,인천광역시,연수구,1,21,25,AppPay,Car,3,0.46,4
OD3079129258,06:45:00,07:03:01.030044,4.075,18.0172,17.9658,경기도,김포시,2,6,12,Card,Bike,4,2.55,3
OD4971925041,09:06:03,09:18:11.084364,3.291,12.1347,21.4818,경기도,김포시,0,9,24,AppPay,Bike,3,0.26,2
OD8831280840,21:50:49,22:00:43.301560,5.298,9.905,32.0911,경기도,용인시 기흥구,1,21,4,Cash,Scooter,5,0.0,2
OD2474616032,06:42:09,07:09:17.017238,3.438,27.1336,13.0334,경기도,성남시 중원구,2,6,5,Card,Bike,3,2.52,3
OD0625463223,20:48:38,21:01:35.717509,3.06,12.962,24.5452,서울특별시,은평구,2,20,26,Cash,Car,4,0.81,4
OD4441825419,18:41:39,19:06:28.474721,3.07,24.8246,25.9586,서울특별시,마포구,2,18,19,Card,Scooter,2,0.0,2
OD0060768090,04:51:18,05:02:26.019376,1.883,11.1337,24.9691,서울특별시,성동구,3,4,27,Card,Bike,3,0.05,3
OD2751122347,02:55:59,03:16:33.728476,3.239,20.5788,19.6845,서울특별시,송파구,6,2,9,Cash,Bike,3,0.45,2
OD1254252186,11:05:27,11:10:55.658040,2.51,5.4776,27.4895,서울특별시,구로구,5,11,15,AppPay,Scooter,3,0.83,2
OD8944971874,00:52:40,01:14:39.361511,4.556,21.9894,15.6185,서울특별시,성동구,1,0,11,Card,Bike,4,0.08,3
OD3348213857,23:03:05,23:23:50.450822,6.545,20.7575,26.6425,경기도,안산시 상록구,0,23,10,AppPay,Scooter,2,2.85,2
OD7171612060,03:32:07,03:48:44.373032,1.544,16.6229,30.4282,서울특별시,영등포구,0,3,24,Card,Car,2,1.25,2
OD0250819619,06:11:31,06:21:30.107713,1.5,9.9851,18.2735,경기도,성남시 분당구,2,6,5,Card,Car,4,0.1,4
OD7333336546,07:56:47,08:14:28.389255,2.006,17.6898,31.456,경기도,용인시 수지구,4,7,21,AppPay,Scooter,3,0.6,4
OD2052919950,11:47:38,12:05:20.564544,1.531,17.7094,19.3087,서울특별시,성동구,3,11,20,Cash,Bike,5,1.59,4
OD8693118047,23:44:48,23:55:43.758565,4.053,10.9293,25.4192,서울특별시,구로구,2,23,26,AppPay,Bike,4,2.4,2
OD9921612981,21:08:34,21:25:30.055464,5.247,16.9343,19.8923,경기도,수원시 영통구,1,21,1,Card,Bike,4,2.38,2
OD4619663780,14:50:20,15:00:16.510665,0.833,9.9418,27.6456,서울특별시,중구,5,14,1,AppPay,Scooter,4,0.14,4
OD3209181240,20:30:12,20:47:49.481214,4.601,17.6247,29.0435,인천광역시,부평구,1,20,11,AppPay,Scooter,4,7.11,1
OD8201828661,12:23:13,12:58:53.214427,4.791,35.6702,9.6288,경기도,용인시 기흥구,4,12,14,Card,Bike,3,0.74,5
OD4953597983,15:02:00,15:33:45.405665,5.652,31.7568,16.1013,경기도,고양시 덕양구,5,15,22,Cash,Bike,2,0.03,1
OD2791674532,06:55:37,07:11:24.343924,3.627,15.7891,18.4785,서울특별시,영등포구,0,6,10,Cash,Bike,5,0.8,4
OD0556058822,08:49:28,09:04:26.809801,2.057,14.9802,25.4449,서울특별시,종로구,3,8,27,Card,Car,4,0.02,3
OD1384187544,12:13:58,12:38:14.863527,6.361,24.2811,28.4316,인천광역시,서구,4,12,7,AppPay,Scooter,4,0.19,3
OD9303019946,14:22:33,14:44:04.599449,4.101,21.5267,19.6654,경기도,수원시 장안구,3,14,13,Card,Scooter,1,0.32,3
OD5536946506,03:36:01,03:47:05.214834,3.889,11.0702,21.0775,서울특별시,영등포구,0,3,10,Card,Bike,4,0.04,2
OD2033835546,21:05:58,21:15:59.903390,2.134,10.0317,24.7294,경기도,시흥시,6,21,16,Cash,Scooter,2,2.18,2
OD1356563304,07:38:26,07:55:44.407372,4.824,17.3068,22.694,서울특별시,마포구,6,7,2,Card,Bike,5,1.73,1
OD7328483324,05:46:19,06:16:52.841116,6.756,30.564,17.6629,경기도,시흥시,2,5,2,AppPay,Bike,3,0.74,2
OD6380149944,15:06:14,15:10:57.340082,1.406,4.7223,19.5134,서울특별시,성동구,4,15,7,Card,Scooter,3,0.0,3
OD8109482042,14:19:50,14:28:43.632694,3.318,8.8939,22.3845,경기도,수원시 영통구,6,14,2,Card,Car,5,2.65,2
OD8898197241,21:14:23,21:29:54.813931,0.985,15.5302,28.4246,서울특별시,성동구,2,21,26,Cash,Bike,5,0.0,1
OD0088876310,02:35:45,02:43:18.704227,3.284,7.5617,26.0601,서울특별시,성북구,4,2,7,Cash,Scooter,3,0.89,3
OD1027790268,18:34:56,18:46:01.596394,1.783,11.0933,21.5302,경기도,고양시 덕양구,1,18,4,Card,Bike,3,1.07,2
OD6656169092,07:12:13,07:31:17.371834,0.873,19.0729,19.407,경기도,수원시 장안구,3,7,20,Card,Bike,5,1.07,2
OD6176212970,02:57:03,03:07:24.630808,2.123,10.3605,29.8967,서울특별시,용산구,5,2,22,AppPay,Scooter,3,0.34,1
OD8651413345,23:43:31,23:56:49.370815,0.5,13.3062,26.6147,서울특별시,동작구,2,23,26,AppPay,Scooter,4,0.07,3
OD9114729880,16:35:58,17:00:14.514535,6.32,24.2752,33.5778,서울특별시,구로구,2,16,19,AppPay,Scooter,3,0.0,3
OD4183648413,22:17:10,22:29:16.769356,5.344,12.1128,33.6922,인천광역시,서구,1,22,11,Card,Scooter,2,0.6,3
OD1252459730,10:46:58,11:02:18.671221,4.008,15.3445,31.1273,서울특별시,용산구,4,10,21,Card,Scooter,2,0.31,4
OD4944256774,00:23:02,00:33:30.810573,5.28,10.4802,30.2292,경기도,성남시 중원구,4,0,14,Card,Scooter,5,0.0,2
OD5932225385,16:51:04,17:10:30.419815,2.644,19.4403,27.7431,서울특별시,강남구,2,16,12,Card,Scooter,3,0.0,3
OD1259836013,19:58:42,20:26:27.719345,7.399,27.762,30.0722,서울특별시,영등포구,5,19,22,Cash,Bike,3,0.0,2
OD0382600203,16:46:02,17:04:50.512200,2.238,18.8085,22.719,경기도,평택시,1,16,1,AppPay,Bike,2,0.5,3
OD4944366249,15:44:59,15:59:06.863205,3.12,14.1311,24.4431,인천광역시,부평구,3,15,6,Card,Scooter,3,0.07,3
OD0065978827,16:53:23,17:03:58.773640,1.902,10.5962,20.0142,서울특별시,마포구,1,16,18,Card,Bike,2,0.65,3
OD2672087084,10:35:06,10:52:31.330697,3.428,17.4222,22.4369,경기도,시흥시,2,10,5,Cash,Bike,5,0.0,2
OD8507548075,20:13:45,20:23:54.303376,1.249,10.1551,22.0582,경기도,부천시,4,20,14,Cash,Car,3,0.22,2
OD5242466738,01:09:56,01:17:16.214053,1.262,7.3369,29.7939,경기도,시흥시,5,1,15,Cash,Scooter,4,1.42,3
OD9414565397,14:06:01,14:23:53.345717,2.441,17.8724,18.8947,서울특별시,마포구,0,14,17,Card,Bike,2,0.0,3
OD3953351286,04:01:53,04:20:48.531927,7.001,18.9255,24.4488,서울특별시,서초구,1,4,25,AppPay,Scooter,4,1.37,3
OD5361331011,17:56:27,18:19:21.090030,5.163,22.9015,18.0764,경기도,수원시 영통구,6,17,2,Cash,Bike,4,0.93,3
OD4770279918,07:55:59,08:17:33.218225,4.762,21.5703,24.0472,경기도,고양시 덕양구,2,7,19,Card,Scooter,3,0.46,4
OD6729635849,06:15:17,06:19:00.453421,0.847,3.7242,21.3542,인천광역시,계양구,4,6,7,Card,Bike,3,0.81,2
OD8927437188,14:35:37,14:55:46.207867,2.987,20.1535,15.2353,인천광역시,동구,0,14,17,Cash,Bike,4,0.0,3
OD4688670174,07:05:23,07:29:51.551874,5.662,24.4759,20.1147,서울특별시,강서구,1,7,25,Cash,Bike,4,0.76,2
OD1239963061,08:18:44,08:41:12.763762,5.865,22.4794,22.7768,경기도,평택시,1,8,11,Cash,Scooter,4,0.0,4
OD2121174522,10:09:32,10:41:06.089355,5.27,31.5682,19.561,인천광역시,서구,5,10,15,AppPay,Bike,4,0.0,2
OD7752735914,02:01:33,02:07:37.067413,1.391,6.0678,42.5105,경기도,광명시,0,2,24,Card,Scooter,3,3.19,1
OD0167038893,14:44:35,15:16:29.089081,4.64,31.9015,18.4129,경기도,안산시 단원구,1,14,11,AppPay,Bike,4,5.0,3
OD5563030992,06:48:55,07:05:12.837116,2.692,16.2973,20.9563,서울특별시,관악구,0,6,10,Cash,Bike,3,0.75,2
OD4987348604,17:23:08,17:35:20.681958,5.29,12.2114,28.0547,서울특별시,용산구,0,17,10,Card,Scooter,2,0.62,3
OD5015675568,01:40:26,01:59:14.035394,4.059,18.8006,17.0427,서울특별시,마포구,1,1,25,AppPay,Bike,5,1.0,4
OD2186505687,05:28:25,05:30:05.710470,0.5,1.6785,33.1667,서울특별시,관악구,6,5,23,AppPay,Scooter,2,1.05,2
OD4691317213,13:06:47,13:19:00.532189,0.5,12.2255,26.7572,서울특별시,강남구,4,13,7,Card,Car,3,3.49,2
OD1641802274,03:22:34,03:35:59.782771,1.351,13.4297,31.6435,인천광역시,연수구,1,3,25,AppPay,Scooter,4,0.38,2
OD6950936516,04:17:16,04:29:26.789761,0.5,12.1798,16.8644,서울특별시,용산구,4,4,21,Card,Bike,3,1.34,3
OD2443022632,04:57:58,05:32:28.163664,6.356,34.5027,19.3167,서울특별시,구로구,4,4,21,Card,Bike,5,0.17,3
OD6355240075,10:32:30,11:05:53.953211,4.107,33.3992,11.4326,경기도,김포시,0,10,17,AppPay,Bike,3,0.8,5
OD0233760521,14:53:32,15:12:54.403038,4.045,19.3734,22.9776,경기도,성남시 분당구,3,14,27,Cash,Bike,2,2.91,2
OD2283063918,06:27:13,06:31:47.691263,1.444,4.5782,23.3527,-,-,6,6,23,Cash,Car,2,0.0,3
OD3554719188,05:09:00,05:37:22.787774,5.07,28.3798,19.8764,경기도,김포시,0,5,17,Cash,Bike,3,0.06,3
OD6363593930,04:41:48,04:49:46.208140,1.404,7.9701,23.35,서울특별시,종로구,0,4,3,Cash,Car,4,0.46,2
OD8658911901,19:45:05,20:02:42.279770,1.295,17.6213,17.4362,경기도,고양시 덕양구,2,19,12,Card,Bike,5,0.75,4
OD4384182915,00:12:34,00:15:58.616556,1.669,3.4103,29.3658,서울특별시,마포구,3,0,6,AppPay,Car,2,0.47,3
OD8950793896,13:57:44,14:11:43.676277,1.265,13.9946,15.2599,서울특별시,성동구,5,13,22,AppPay,Bike,3,2.9,3
OD6771775654,23:39:16,23:45:34.970949,2.62,6.3162,24.8867,서울특별시,송파구,3,23,13,AppPay,Scooter,4,0.0,3
OD9439742670,13:41:55,13:54:47.554677,3.471,12.8759,23.3229,경기도,수원시 장안구,0,13,24,Cash,Bike,2,0.0,4
OD3828341812,18:33:39,18:56:13.812654,3.727,22.5802,16.4647,경기도,안산시 상록구,0,18,24,AppPay,Bike,3,1.31,3
OD8042049570,15:13:11,15:27:31.696951,1.417,14.3449,34.053,서울특별시,강남구,0,15,17,Card,Scooter,1,0.0,1
OD7481534281,21:49:01,21:59:14.311110,2.843,10.2219,19.4492,경기도,김포시,6,21,23,Cash,Bike,2,3.33,3
OD4463712803,17:50:07,18:10:55.887029,3.926,20.8148,15.9348,경기도,김포시,1,17,11,Cash,Bike,5,1.9,3
OD1516400607,09:53:58,10:26:25.459508,6.177,32.4577,14.7453,서울특별시,강남구,2,9,12,Card,Bike,4,0.11,3
OD1516096789,15:52:14,16:18:47.367383,3.864,26.5561,14.8424,경기도,성남시 중원구,3,15,13,Card,Bike,4,0.02,3
OD3282619453,08:50:39,09:01:35.904879,3.583,10.9484,19.6336,서울특별시,노원구,4,8,14,AppPay,Bike,3,2.85,3
OD4013390080,17:55:39,18:10:19.340637,3.263,14.6723,24.7906,서울특별시,송파구,6,17,23,AppPay,Scooter,3,0.0,4
OD3686859545,12:39:41,13:03:29.842957,2.629,23.814,11.8041,서울특별시,강서구,4,12,21,Card,Bike,1,2.8,4
OD6478754604,03:46:19,03:51:17.273050,0.523,4.9712,15.6474,경기도,시흥시,3,3,6,Card,Bike,4,3.83,3
OD7188521847,21:56:29,22:16:27.320528,1.434,19.972,13.9303,서울특별시,강남구,2,21,19,Card,Bike,4,0.0,3
OD0048608481,23:35:42,23:46:25.422375,3.228,10.7237,25.8705,서울특별시,종로구,3,23,27,Card,Scooter,4,0.09,3
OD1752695809,07:56:46,08:08:10.944613,2.606,11.4157,31.8258,서울특별시,종로구,6,7,23,Cash,Scooter,4,2.19,3
OD6386932591,11:25:01,11:33:55.580036,1.632,8.9097,30.3617,경기도,성남시 분당구,1,11,4,AppPay,Car,4,0.03,1
OD5486519515,17:54:52,18:17:50.419674,4.849,22.9737,15.06,서울특별시,용산구,0,17,17,Card,Bike,3,0.0,4
OD3465085598,05:38:43,06:14:52.734402,6.424,36.1622,13.2935,서울특별시,영등포구,3,5,27,AppPay,Bike,5,2.39,3
OD9008753207,06:20:05,06:39:47.556256,2.784,19.7093,26.7518,서울특별시,관악구,3,6,20,AppPay,Scooter,5,0.43,4
OD7104587539,10:01:15,10:16:02.148077,2.072,14.7858,22.98,서울특별시,강남구,0,10,31,AppPay,Scooter,2,6.0,2
OD6359824033,03:11:21,03:43:43.147168,6.218,32.3691,26.1745,인천광역시,연수구,3,3,20,Cash,Scooter,1,0.48,3
OD8199721350,17:10:03,17:34:47.242690,2.912,24.7374,13.0314,경기도,부천시,0,17,17,Card,Bike,4,0.64,5
OD7140687736,21:02:15,21:20:54.744696,1.857,18.6624,20.1774,경기도,김포시,0,21,17,AppPay,Bike,2,4.04,2
OD2757494004,15:16:48,15:45:45.450899,6.949,28.9575,25.8722,서울특별시,종로구,2,15,19,Cash,Car,2,0.22,3
OD3416190589,03:02:31,03:19:20.068469,1.59,16.8178,22.566,인천광역시,미추홀구,5,3,22,Card,Scooter,3,1.55,3
OD4980859867,21:06:12,21:20:58.703067,1.352,14.7784,18.8997,경기도,시흥시,0,21,24,AppPay,Bike,3,0.0,2
OD8214172709,22:18:20,22:37:06.253279,4.473,18.7709,28.8415,경기도,시흥시,3,22,20,Card,Scooter,2,0.22,3
OD5817308593,14:54:08,15:03:09.546059,3.487,9.0258,23.666,경기도,광명시,6,14,9,Cash,Bike,1,0.46,4
OD8793135164,17:58:36,18:04:58.034807,1.402,6.3672,20.3754,경기도,부천시,3,17,13,AppPay,Bike,3,0.25,2
OD0080199416,23:14:02,23:44:04.361212,4.651,30.0394,15.7537,경기도,수원시 영통구,6,23,2,Card,Bike,1,0.0,3
OD4737901402,03:48:50,04:16:19.327891,5.291,27.4888,15.4568,서울특별시,성북구,5,3,8,Cash,Bike,3,1.59,3
OD7675235952,15:54:58,16:10:42.827147,3.381,15.7471,14.7366,서울특별시,구로구,5,15,8,AppPay,Bike,3,0.27,2
OD9473529539,21:36:38,21:45:29.310877,2.064,8.8552,29.6002,서울특별시,은평구,5,21,15,AppPay,Car,3,0.34,1
OD4299713272,13:40:00,13:55:22.042004,4.703,15.3674,22.1393,서울특별시,송파구,3,13,27,Card,Scooter,3,1.22,3
OD9034931786,01:02:36,01:16:44.733696,1.185,14.1456,32.4554,서울특별시,서초구,6,1,2,Card,Scooter,3,1.37,4
OD7431279296,17:55:44,18:18:09.490821,6.389,22.4248,25.3629,경기도,시흥시,4,17,21,Card,Scooter,2,0.67,3
OD4613600787,01:01:40,01:16:53.578380,2.682,15.2263,21.5397,서울특별시,종로구,6,1,9,AppPay,Bike,2,2.58,3
OD9495136433,23:53:32,00:01:23.952672,2.161,7.8659,22.6193,서울특별시,성북구,6,23,2,Card,Scooter,1,4.67,5
OD2595276118,21:07:55,21:09:28.340170,0.635,1.5557,29.1294,경기도,용인시 기흥구,3,21,6,Cash,Scooter,1,0.0,3
OD5955154625,07:20:19,07:29:54.816241,1.628,9.5969,26.2454,경기도,안산시 단원구,6,7,16,AppPay,Scooter,5,2.87,4
OD6991424319,10:08:19,10:47:03.712836,2.857,38.7452,8.0,서울특별시,마포구,6,10,23,Cash,Bike,3,0.26,4
OD5738706594,05:21:07,05:41:20.655321,5.416,20.2276,26.458,서울특별시,마포구,2,5,19,AppPay,Scooter,2,2.33,3
OD0300962940,22:31:49,22:46:50.751524,1.96,15.0292,11.1959,인천광역시,연수구,5,22,22,AppPay,Bike,6,2.0,3
OD0294922858,15:22:23,15:59:05.537057,6.735,36.709,19.4189,경기도,부천시,5,15,15,Cash,Scooter,4,1.33,3
OD2445375987,06:19:27,06:37:53.163247,3.368,18.4361,17.8089,서울특별시,강남구,6,6,2,AppPay,Car,5,1.29,4
OD9151488677,02:58:31,03:45:50.889505,7.323,47.3315,17.2352,서울특별시,마포구,2,2,26,Cash,Bike,2,2.98,3
OD1877623117,22:03:44,22:31:28.483507,5.462,27.7414,18.8492,서울특별시,강남구,6,22,9,AppPay,Bike,2,2.36,2
OD5142548285,22:05:52,22:24:08.684355,2.571,18.2781,19.9701,경기도,수원시 영통구,4,22,28,Card,Bike,2,3.68,2
OD0053873615,08:32:35,08:41:57.172165,2.477,9.3695,18.1663,서울특별시,영등포구,0,8,3,AppPay,Scooter,3,0.45,5
OD5920554905,07:17:51,07:37:31.195683,1.907,19.6699,15.9937,서울특별시,마포구,1,7,11,Card,Bike,3,0.0,4
OD4438802525,19:26:17,19:45:00.886689,4.727,18.7314,24.7673,서울특별시,용산구,0,19,10,AppPay,Scooter,5,0.72,3
OD1367026350,08:25:37,09:06:35.101032,3.623,40.9684,9.5566,서울특별시,송파구,3,8,20,Cash,Bike,4,1.66,4
OD3470872136,10:15:20,10:32:26.212274,1.844,17.1035,13.3355,서울특별시,동작구,1,10,11,AppPay,Bike,3,1.19,4
OD0798802595,22:33:01,22:52:36.464320,3.393,19.5911,12.4727,서울특별시,강서구,1,22,4,Cash,Bike,4,2.89,4
OD6489508015,02:40:43,02:46:34.664130,0.5,5.8611,21.6219,서울특별시,강남구,5,2,8,Cash,Scooter,1,0.0,5
OD3179730191,23:02:32,23:12:05.770398,1.053,9.5628,17.5685,경기도,시흥시,1,23,25,AppPay,Bike,3,3.01,3
OD4956866410,08:58:26,09:16:32.054259,3.14,18.1009,15.8148,경기도,평택시,1,8,4,AppPay,Bike,2,1.23,4
OD0065229121,15:25:55,15:41:24.410844,3.057,15.4902,11.8423,경기도,수원시 장안구,1,15,18,Card,Bike,4,2.75,5
OD0444468184,07:48:11,08:09:53.879187,4.125,21.7147,22.8374,인천광역시,서구,0,7,3,AppPay,Bike,4,1.25,3
OD4825995459,06:35:40,06:42:21.138734,0.5,6.6856,35.462,경기도,시흥시,5,6,22,Cash,Scooter,4,0.64,2
OD7637520284,21:44:54,22:06:43.207327,6.862,21.8201,25.4156,서울특별시,구로구,6,21,16,Cash,Scooter,1,0.0,2
OD4615642138,13:24:23,13:56:51.840585,4.625,32.4807,12.6094,서울특별시,강서구,3,13,13,Card,Car,2,0.22,4
OD5609966215,18:05:32,18:18:26.091772,2.351,12.9015,30.8076,서울특별시,노원구,3,18,27,Cash,Car,2,1.69,2
OD7793710216,09:42:47,09:59:54.005924,1.89,17.1168,8.0,경기도,성남시 중원구,1,9,1,AppPay,Bike,2,0.0,5
OD5351457300,16:36:53,16:53:30.306652,1.535,16.6218,32.9643,경기도,안산시 단원구,5,16,22,Card,Car,2,1.24,2
OD0198629265,15:18:45,15:40:23.402382,6.075,21.64,31.0546,경기도,부천시,1,15,4,AppPay,Scooter,1,0.02,3
OD0280562245,10:02:48,10:18:11.229031,2.438,15.3872,17.2569,경기도,안산시 단원구,3,10,6,Card,Scooter,4,0.3,2
OD9503687194,18:35:27,19:02:09.579937,5.812,26.7097,23.2453,인천광역시,계양구,5,18,15,Card,Car,1,0.74,4
OD1918401529,11:57:27,12:12:17.410419,4.523,14.8402,38.031,경기도,안산시 상록구,0,11,17,AppPay,Scooter,3,1.32,1
OD7602204309,13:02:17,13:13:31.892152,2.935,11.2482,24.0897,경기도,용인시 기흥구,4,13,21,Cash,Bike,3,0.69,3
OD6755685892,19:01:49,19:18:45.045373,5.714,16.9341,30.7704,경기도,안산시 상록구,2,19,19,Card,Scooter,3,0.54,3
OD8548102723,22:53:25,23:09:14.571201,2.324,15.8262,29.7141,서울특별시,은평구,3,22,27,Cash,Scooter,4,1.57,3
OD4264250680,03:46:37,04:15:07.760938,5.543,28.5127,16.5135,경기도,성남시 분당구,5,3,8,AppPay,Bike,3,0.03,4
OD2915700780,03:11:54,03:17:34.816903,1.839,5.6803,31.9965,서울특별시,중구,0,3,24,Cash,Scooter,5,3.08,3
OD8156188049,00:24:56,00:37:35.439803,2.68,12.6573,13.1753,서울특별시,종로구,0,0,24,AppPay,Bike,1,0.89,3
OD2211388700,07:05:57,07:14:57.003372,0.981,9.0001,19.7269,경기도,수원시 영통구,2,7,5,AppPay,Bike,2,,5
OD4653141146,05:07:16,05:20:02.280674,3.87,12.7713,26.6752,경기도,용인시 수지구,6,5,16,Card,Car,4,1.61,3
OD4938653045,04:17:55,04:29:48.415531,1.382,11.8903,11.2353,서울특별시,중구,6,4,2,Card,Bike,2,2.39,4
OD8579826564,12:27:45,12:41:08.302238,1.339,13.3884,37.4587,서울특별시,마포구,1,12,1,AppPay,Scooter,2,0.08,2
OD7321668882,00:17:20,00:30:39.409417,1.202,13.3235,18.5613,서울특별시,강남구,3,0,13,Card,Bike,2,1.25,3
OD1553843045,20:17:58,20:33:23.460934,5.299,15.4243,29.3989,경기도,광명시,1,20,11,Cash,Bike,2,0.46,1
OD2562473353,03:33:40,04:01:36.636407,2.638,27.9439,13.1241,경기도,용인시 기흥구,6,3,2,Card,Bike,1,0.35,5
OD1350729808,18:37:07,18:47:47.667006,0.708,10.6778,14.3889,서울특별시,서초구,0,18,24,Card,Bike,2,0.94,4
OD1166325136,08:43:05,09:04:45.168764,4.293,21.6695,16.2646,경기도,고양시 덕양구,5,8,1,Card,Bike,4,0.55,4
OD5652733080,03:50:57,04:01:08.937633,2.697,10.199,16.0202,경기도,고양시 덕양구,2,3,12,Cash,Car,3,0.33,5
OD8601721527,09:22:26,09:36:27.125383,5.257,14.0188,31.3518,경기도,안산시 단원구,6,9,23,AppPay,Scooter,4,1.16,2
OD9297240901,01:32:53,01:45:34.338629,0.5,12.689,17.0509,경기도,광명시,2,1,2,Cash,Bike,3,0.05,4
OD1200654269,03:33:47,03:53:36.162058,5.498,19.8194,16.6453,서울특별시,용산구,6,3,2,Card,Bike,3,2.1,3
OD0873909962,19:23:56,19:33:55.244240,3.701,9.9874,22.233,서울특별시,종로구,5,19,8,AppPay,Scooter,1,2.95,4
OD8020885385,16:03:23,16:31:18.633163,5.534,27.9272,29.9366,경기도,김포시,6,16,9,Card,Scooter,1,0.0,3
OD0656727176,19:28:41,19:55:46.543399,5.059,27.0924,18.9315,서울특별시,송파구,4,19,21,AppPay,Car,3,0.92,4
OD2326928630,12:22:02,12:40:23.775161,4.586,18.3629,17.0063,경기도,시흥시,0,12,10,Cash,Bike,3,1.03,3
OD7136088223,20:33:13,20:44:15.337166,3.307,11.039,33.3869,경기도,안산시 단원구,6,20,23,AppPay,Scooter,3,1.56,1
OD8368119468,03:11:37,03:31:27.691843,3.966,19.8449,17.4872,경기도,수원시 영통구,5,3,29,AppPay,Bike,2,0.23,2
OD1302161189,20:04:33,20:16:42.005184,2.791,12.1501,26.8874,경기도,광명시,3,20,13,Card,Scooter,3,1.8,3
OD7935847883,10:32:43,10:48:55.236164,1.76,16.2039,22.8043,서울특별시,마포구,0,10,31,Card,Bike,3,0.0,2
OD5095235194,00:41:08,01:22:24.857542,5.602,41.281,10.3002,경기도,수원시 영통구,0,0,17,Card,Bike,5,0.43,5
OD1536675771,23:50:38,00:10:32.798933,3.3,19.9133,27.201,경기도,수원시 장안구,3,23,6,Cash,Car,4,0.11,1
OD6863172887,03:59:34,04:24:38.786313,4.75,25.0798,18.4087,인천광역시,서구,0,3,17,Card,Scooter,1,0.25,4
OD2263268727,04:15:30,04:43:21.251509,4.781,27.8542,14.3996,경기도,안산시 상록구,3,4,6,Cash,Bike,3,3.81,3
OD4314231445,22:26:22,22:46:49.529697,5.914,20.4588,36.0201,경기도,광명시,1,22,11,Cash,Scooter,3,3.38,1
OD8968410656,02:47:36,02:55:30.895140,3.259,7.9149,24.7034,서울특별시,마포구,0,2,3,Cash,Car,3,0.28,3
OD8842561985,02:52:16,03:04:31.755093,2.316,12.2626,13.5586,서울특별시,동작구,6,2,2,Card,Bike,4,1.55,3
OD3196138317,22:19:04,22:28:21.576897,0.615,9.2929,22.3023,경기도,안산시 단원구,1,22,25,Cash,Bike,4,1.21,3
OD0545688189,01:39:03,02:04:15.629591,5.82,25.2105,24.7578,경기도,고양시 덕양구,5,1,15,Cash,Car,2,3.34,3
OD2160356323,05:47:35,06:12:18.296964,4.409,24.7216,22.55,서울특별시,중구,6,5,23,Cash,Car,3,2.24,3
OD7236277833,01:52:41,02:15:47.301183,5.15,23.105,22.1823,인천광역시,서구,4,1,28,Card,Scooter,6,0.0,3
OD3714184542,16:58:44,17:14:18.756991,4.926,15.5793,25.1766,경기도,김포시,1,16,25,Card,Bike,1,2.14,1
OD2078855853,23:38:04,23:57:57.371658,3.251,19.8895,24.9691,경기도,부천시,4,23,14,AppPay,Bike,2,1.05,2
OD2521076857,12:08:01,12:15:17.477960,2.566,7.2746,21.1661,-,-,6,12,16,Cash,Car,4,3.94,3
OD9220261425,03:38:32,03:59:50.513433,3.487,21.3086,17.7417,인천광역시,미추홀구,4,3,28,AppPay,Bike,4,3.87,4
OD7456506954,03:17:43,03:24:09.971602,0.843,6.4495,14.9597,경기도,성남시 분당구,6,3,9,Card,Bike,2,0.04,5
OD6311855344,00:18:48,00:39:06.749973,5.229,20.3125,22.155,경기도,부천시,5,0,8,Cash,Bike,4,1.58,4
OD6851149598,11:17:49,11:46:22.084758,5.965,28.5514,28.4619,서울특별시,구로구,3,11,27,AppPay,Car,4,0.0,3
OD8916361415,14:02:36,14:24:20.272383,4.56,21.7379,26.7428,경기도,광명시,0,14,17,Cash,Bike,3,0.19,3
OD9755581690,15:53:13,16:04:18.892427,1.505,11.0982,33.8511,경기도,시흥시,2,15,5,Card,Scooter,4,0.78,3
OD7061097328,07:04:28,07:25:56.136235,4.502,21.4689,26.9626,경기도,시흥시,0,7,3,Card,Scooter,3,3.72,2
OD3589486343,03:23:22,03:41:45.013825,2.541,18.3836,17.6022,서울특별시,마포구,0,3,17,Cash,Bike,2,4.0,4
OD4939225128,11:35:19,11:50:43.144762,4.526,15.4024,23.5795,서울특별시,성동구,6,11,30,Cash,Bike,1,0.65,2
OD8534813572,09:36:04,10:01:24.833364,3.286,25.3472,15.8927,인천광역시,연수구,6,9,9,Card,Bike,3,1.23,3
OD1004173716,15:16:05,15:31:45.034486,0.5,15.6672,19.397,서울특별시,성동구,4,15,28,Card,Bike,5,0.42,2
OD2875803775,06:27:17,06:52:43.300532,5.873,25.4383,22.4842,경기도,용인시 기흥구,1,6,11,Cash,Bike,3,1.07,2
OD6729777941,18:18:33,18:33:53.878655,1.006,15.348,23.3983,서울특별시,서초구,2,18,19,Cash,Scooter,2,0.48,2
OD5526720752,18:35:48,19:02:24.563916,5.126,26.6094,20.9632,서울특별시,구로구,1,18,4,Card,Car,1,0.07,2
OD1862623498,20:04:20,20:19:13.031900,2.908,14.8839,32.2851,서울특별시,관악구,3,20,27,Card,Scooter,3,1.14,3
OD2082239441,19:17:19,19:39:41.743235,5.34,22.3791,24.5689,경기도,용인시 기흥구,0,19,17,Cash,Scooter,4,1.8,5
OD9393854932,16:29:39,17:06:34.212170,5.948,36.9202,12.7005,경기도,김포시,5,16,15,Card,Bike,2,0.21,3
OD7446540616,00:44:49,01:23:34.650060,5.697,38.7608,13.8329,서울특별시,마포구,0,0,17,AppPay,Bike,5,1.26,3
OD3026521095,02:48:41,03:13:08.658293,6.154,24.461,26.8497,서울특별시,구로구,0,2,17,AppPay,Scooter,3,0.38,3
OD4132716223,21:38:35,21:52:03.953830,3.612,13.4826,17.3149,서울특별시,마포구,3,21,27,Cash,Bike,3,6.85,2
OD2098076541,07:57:48,08:04:27.289109,2.423,6.6548,21.8434,서울특별시,영등포구,2,7,26,AppPay,Bike,2,0.15,4
OD3251795074,20:11:54,20:24:09.305978,4.205,12.2551,29.5457,서울특별시,송파구,1,20,18,AppPay,Scooter,1,0.17,3
OD7805594810,18:30:54,18:40:53.737418,1.519,9.9956,19.4021,경기도,고양시 덕양구,6,18,16,Cash,Bike,6,0.79,3
OD0738919509,11:22:27,11:29:27.669494,2.638,7.0112,33.7909,서울특별시,구로구,5,11,15,AppPay,Scooter,3,0.22,2
OD5450289620,13:18:38,13:51:13.224483,5.119,32.5871,14.4885,경기도,안산시 단원구,5,13,1,Cash,Bike,2,1.11,2
OD7128736905,13:47:30,14:21:47.166582,2.846,34.2861,8.0,서울특별시,성북구,1,13,25,Cash,Bike,3,0.58,4
OD8453242272,21:00:26,21:20:08.440999,2.555,19.7073,25.7697,서울특별시,종로구,2,21,19,Cash,Scooter,2,0.96,2
OD9058564365,16:55:44,17:13:28.144749,2.679,17.7357,15.5611,서울특별시,영등포구,5,16,1,AppPay,Bike,4,2.28,3
OD8607861572,20:55:39,21:04:28.345665,3.82,8.8224,25.9804,경기도,부천시,6,20,30,Card,Scooter,5,0.86,2
OD7848695778,23:41:39,23:56:17.099792,0.648,14.635,14.0974,경기도,안산시 상록구,0,23,17,Card,Bike,5,0.0,5
OD2977040081,13:13:24,13:34:36.055542,4.298,21.2009,26.4909,인천광역시,남동구,0,13,3,AppPay,Car,1,1.63,4
OD4346838892,20:46:52,21:05:08.288884,4.296,18.2715,26.6271,인천광역시,계양구,4,20,28,Card,Bike,5,0.15,1
OD1255960079,17:13:22,17:20:37.191562,3.647,7.2532,35.0281,서울특별시,노원구,3,17,20,Card,Scooter,4,0.72,2
OD4342122650,00:28:58,00:48:59.943047,4.922,20.0324,20.0209,서울특별시,관악구,2,0,2,AppPay,Bike,5,0.64,3
OD2977249881,09:48:04,10:07:19.636384,3.072,19.2606,12.7083,서울특별시,중구,1,9,11,Card,Bike,2,0.0,4
OD7463682177,17:48:14,18:02:10.855312,2.182,13.9476,27.3524,경기도,시흥시,5,17,15,Cash,Scooter,2,0.66,4
OD9070854115,14:42:04,15:04:04.890140,4.88,22.0148,23.8783,경기도,안산시 상록구,3,14,13,Cash,Scooter,3,0.31,3
OD1904138534,05:15:52,05:37:18.391228,4.576,21.4399,22.7141,서울특별시,구로구,0,5,3,Card,Car,3,0.33,4
OD0564119118,01:23:44,01:47:30.463614,6.022,23.7744,15.6807,경기도,김포시,1,1,4,Cash,Bike,1,1.2,4
OD4967860549,01:18:09,01:34:47.409607,1.692,16.6402,22.7889,서울특별시,영등포구,4,1,14,Card,Scooter,3,3.28,5
OD1060012485,15:02:11,15:26:32.610964,7.009,24.3602,25.1672,서울특별시,은평구,2,15,5,Cash,Bike,3,0.07,3
OD7816450392,06:30:16,07:01:13.376315,6.007,30.9563,16.3,경기도,평택시,4,6,21,Card,Bike,3,0.5,4
OD8712911272,21:51:58,22:14:49.872224,4.72,22.8645,19.49,서울특별시,성북구,4,21,7,AppPay,Car,2,1.21,5
OD1178648109,11:55:37,12:11:37.837673,2.639,16.014,24.1497,경기도,용인시 기흥구,6,11,30,AppPay,Scooter,3,0.68,4
OD4110171324,10:47:35,11:09:56.130659,5.939,22.3522,28.2067,경기도,수원시 장안구,5,10,29,Card,Scooter,2,1.71,3
OD0658356302,11:48:16,12:16:00.174406,6.902,27.7362,19.6065,서울특별시,성북구,3,11,20,Card,Bike,3,0.44,4
OD9891039452,19:17:41,19:38:01.849979,2.577,20.3475,17.9711,서울특별시,관악구,2,19,19,Card,Bike,3,2.61,2
OD6298620800,16:54:58,17:03:46.483182,1.743,8.8081,18.6441,서울특별시,성북구,1,16,11,Card,Bike,4,1.54,3
OD6303948368,05:05:07,05:23:07.319895,3.818,18.0053,21.2434,서울특별시,노원구,2,5,12,Cash,Bike,4,0.24,4
OD9501431537,16:58:41,17:40:41.083751,7.643,42.0014,12.9979,서울특별시,강서구,1,16,25,Card,Bike,6,0.59,3
OD4202563931,10:29:39,10:48:05.279311,3.32,18.438,39.0452,경기도,광명시,6,10,16,Cash,Scooter,2,1.34,1
OD7281604192,22:53:18,23:10:15.464436,2.025,16.9577,20.9775,경기도,시흥시,6,22,2,Card,Car,4,0.86,4
OD2173926295,11:20:56,11:42:45.829488,4.178,21.8305,22.5308,서울특별시,성북구,3,11,20,AppPay,Car,5,0.0,4
OD5861904314,17:54:52,18:14:19.181652,3.646,19.453,24.9957,경기도,안산시 상록구,3,17,13,Cash,Scooter,5,0.53,4
OD3564416248,04:54:18,05:17:55.461768,3.607,23.6244,28.064,경기도,고양시 덕양구,0,4,31,Card,Car,3,1.89,3
OD3310230827,02:57:05,03:10:41.825981,2.1,13.6138,25.0039,서울특별시,동작구,2,2,19,Cash,Car,3,1.96,3
OD9364081231,09:12:50,09:43:45.065777,3.434,30.9178,19.947,서울특별시,강남구,0,9,24,AppPay,Bike,3,0.87,2
OD5228686117,16:59:40,17:20:54.996110,4.92,21.2499,27.2854,서울특별시,노원구,2,16,5,AppPay,Car,1,1.49,3
OD5622143573,03:14:14,03:31:33.668064,1.191,17.3278,24.4001,서울특별시,동작구,2,3,12,Cash,Bike,4,2.53,3
OD0772280727,01:47:28,01:55:58.012860,1.514,8.5002,33.4146,인천광역시,계양구,4,1,7,AppPay,Scooter,3,0.0,2
OD8454830567,11:02:28,11:11:39.039072,1.523,9.184,18.0133,서울특별시,강서구,3,11,20,AppPay,Car,3,1.41,5
OD3743924981,21:18:17,21:36:41.163859,6.605,18.4027,30.1549,-,-,4,21,21,AppPay,Scooter,1,1.69,3
OD8198204546,03:01:50,03:30:19.073889,8.485,28.4846,35.6741,서울특별시,용산구,5,3,22,AppPay,Scooter,4,2.28,3
OD5402930448,04:06:09,04:28:21.439627,4.679,22.2073,13.2535,서울특별시,은평구,1,4,11,AppPay,Bike,2,0.2,4
OD1918577543,11:25:00,11:40:01.952348,1.752,15.0325,30.6931,서울특별시,노원구,6,11,9,AppPay,Scooter,1,0.07,3
OD5308166747,16:08:38,16:36:10.394116,7.072,27.5399,28.5563,경기도,용인시 수지구,6,16,30,Cash,Scooter,2,1.77,4
OD9718967472,10:21:02,10:28:58.368867,1.094,7.9395,27.5273,경기도,고양시 덕양구,6,10,23,Cash,Scooter,2,1.16,2
OD6092652729,15:11:47,15:40:42.100089,4.295,28.9183,25.1653,경기도,성남시 중원구,1,15,25,Cash,Scooter,2,4.25,4
OD1812144157,03:29:04,03:44:04.832076,0.652,15.0139,12.8734,경기도,용인시 기흥구,4,3,21,Card,Bike,4,2.26,4
OD0166571218,15:11:48,15:17:55.480833,2.465,6.1247,30.4798,경기도,수원시 영통구,0,15,31,AppPay,Scooter,2,0.34,3
OD5284433162,03:54:55,04:22:10.151925,5.554,27.2525,16.503,경기도,용인시 수지구,3,3,20,AppPay,Bike,3,1.39,1
OD9644104160,06:26:04,06:38:55.876787,3.126,12.8646,25.8066,인천광역시,부평구,1,6,1,AppPay,Car,2,0.0,1
OD3257852485,18:23:29,18:42:32.395413,3.289,19.0566,23.3342,경기도,성남시 중원구,5,18,8,Cash,Scooter,3,2.81,3
OD2322622426,08:45:29,08:59:29.484815,1.528,14.0081,13.5132,서울특별시,영등포구,0,8,24,Cash,Bike,4,1.98,4
OD2966802166,19:57:06,20:15:56.953764,5.7,18.8492,27.3144,경기도,시흥시,1,19,4,Card,Scooter,2,0.14,3
OD4856849315,09:50:30,10:06:03.406506,4.64,15.5568,19.2335,서울특별시,종로구,2,9,12,Card,Bike,3,0.03,4
OD8671354846,14:15:16,14:23:40.365982,2.565,8.4061,37.0697,인천광역시,부평구,1,14,25,AppPay,Scooter,2,0.04,1
OD6417211255,20:53:49,21:13:16.591770,2.582,19.4599,11.7446,서울특별시,용산구,5,20,22,Card,Bike,5,0.03,3
OD2211496605,08:51:12,09:14:28.646801,5.002,23.2774,34.2015,인천광역시,계양구,5,8,22,AppPay,Scooter,4,2.0,2
OD6441997568,16:46:36,17:00:23.664048,2.902,13.7944,25.0311,서울특별시,노원구,0,16,10,Cash,Scooter,4,1.8,3
OD7901129113,10:33:31,10:40:36.883871,4.442,7.0981,37.5461,서울특별시,영등포구,6,10,2,Cash,Scooter,5,1.12,1
OD2738467708,04:02:42,04:35:34.212185,4.291,32.8702,15.3826,경기도,평택시,0,4,17,Card,Bike,2,2.33,2
OD1630826104,05:23:30,05:38:34.087868,6.162,15.0681,27.6754,경기도,용인시 수지구,5,5,1,Card,Scooter,2,1.14,2
OD8029037434,19:45:40,20:00:15.214404,4.512,14.5869,28.6704,서울특별시,노원구,1,19,4,AppPay,Scooter,5,0.06,2
OD5444535155,09:26:32,09:41:51.844473,4.271,15.3307,30.4541,경기도,용인시 수지구,4,9,7,Card,Scooter,1,0.4,2
OD2082802797,00:00:08,00:20:08.877568,3.826,20.0146,34.6617,서울특별시,종로구,5,0,15,Cash,Scooter,3,1.0,2
OD5470423299,18:54:57,19:03:33.004411,3.946,8.6001,29.47,서울특별시,성북구,3,18,13,AppPay,Car,3,1.27,1
OD8167333318,22:18:11,22:47:48.324381,6.358,29.6221,28.9737,서울특별시,서초구,3,22,6,Card,Scooter,4,0.28,3
OD2281140631,00:06:01,00:23:37.412739,3.962,17.6069,30.6544,서울특별시,관악구,2,0,26,AppPay,Car,4,0.32,2
OD4687776337,04:17:10,04:34:35.744923,3.042,17.4291,34.7281,서울특별시,서초구,4,4,28,AppPay,Scooter,2,0.0,2
OD5808535074,15:42:07,16:04:37.286854,3.238,22.5048,19.6317,인천광역시,부평구,2,15,12,AppPay,Scooter,3,3.55,5
OD8787572038,02:58:48,03:20:37.335123,2.552,21.8223,19.347,서울특별시,구로구,5,2,29,AppPay,Bike,4,1.04,2
OD2917129832,13:52:20,14:09:09.950999,2.444,16.8325,18.4961,서울특별시,성동구,5,13,8,AppPay,Bike,3,2.33,3
OD5308587094,11:06:37,11:26:34.096312,5.352,19.9516,30.8398,서울특별시,종로구,2,11,19,Card,Scooter,4,1.0,3
OD0088308916,09:54:25,10:12:27.202119,2.904,18.0367,33.8347,인천광역시,서구,3,9,6,AppPay,Scooter,4,5.75,2
OD7941512352,17:47:31,18:01:35.678217,2.153,14.078,36.2034,서울특별시,은평구,6,17,23,Cash,Scooter,3,1.27,1
OD4919620447,22:11:20,22:36:14.041883,4.107,24.9007,19.8186,서울특별시,은평구,0,22,3,AppPay,Bike,2,0.77,3
OD2613073740,18:31:45,19:14:12.668241,3.95,42.4611,8.0,서울특별시,종로구,5,18,8,Cash,Bike,2,0.6,4
OD3507649257,10:30:50,10:57:08.439918,3.099,26.3073,19.2649,서울특별시,종로구,1,10,1,Cash,Bike,3,0.26,3
OD8580672045,10:09:48,10:31:11.896275,3.748,21.3983,33.9088,인천광역시,서구,4,10,7,Card,Scooter,3,0.0,1
OD2585730418,05:18:22,05:40:42.164136,3.059,22.3361,20.3973,경기도,평택시,3,5,27,AppPay,Bike,3,0.01,2
OD9954757206,08:15:37,08:37:54.256788,2.874,22.2876,32.0805,경기도,안산시 단원구,2,8,12,Cash,Scooter,4,0.7,2
OD7219506983,11:12:17,11:32:13.906576,6.655,19.9484,30.063,서울특별시,중구,5,11,22,AppPay,Scooter,4,1.86,3
OD2256930141,13:52:22,14:08:58.831464,4.09,16.6139,36.1048,경기도,부천시,3,13,27,Cash,Scooter,3,0.23,1
OD4558694812,12:55:23,13:12:29.496421,6.71,17.1083,26.7891,서울특별시,용산구,3,12,13,Cash,Bike,1,0.0,2
OD6059243290,22:49:25,23:01:23.091793,0.85,11.9682,14.9608,서울특별시,동작구,5,22,29,AppPay,Bike,2,0.0,3
OD0592220370,16:49:18,17:12:24.681993,4.458,23.1114,32.7628,경기도,수원시 장안구,1,16,4,AppPay,Scooter,3,0.02,3
OD3136484396,07:31:43,08:37:26.517902,6.732,65.7253,8.114,-,-,2,7,12,Cash,Bike,2,1.55,5
OD8558455614,10:49:53,11:07:23.547483,1.228,17.5091,23.9552,경기도,성남시 중원구,4,10,21,Card,Bike,4,0.0,2
OD1785767775,23:28:00,23:45:45.277101,3.264,17.7546,18.7797,경기도,광명시,4,23,28,Cash,Bike,2,0.41,3
OD2416639185,04:13:42,04:38:36.528108,5.246,24.9088,15.8678,경기도,안산시 상록구,2,4,5,AppPay,Car,4,0.4,4
OD7316474445,18:19:36,18:36:51.652961,4.757,17.2609,31.3237,서울특별시,구로구,0,18,3,Cash,Scooter,4,1.01,3
OD9215472661,13:02:46,13:15:12.088484,2.738,12.4348,20.1993,경기도,안산시 단원구,4,13,7,Cash,Bike,2,0.0,4
OD3060094113,20:25:45,20:53:44.854788,4.756,27.9976,17.2886,서울특별시,동작구,4,20,7,AppPay,Bike,2,0.44,3
OD2729955700,13:17:38,13:24:29.532225,1.822,6.8589,19.1284,경기도,시흥시,0,13,31,Card,Car,4,1.57,5
OD3866921666,20:37:16,21:00:16.465553,2.506,23.0078,18.1822,경기도,김포시,3,20,20,Cash,Bike,2,,2
OD7158765882,10:30:06,10:49:20.215146,3.755,19.2369,21.2707,경기도,안산시 상록구,5,10,1,AppPay,Scooter,3,1.31,4
OD9846785813,12:00:39,12:22:30.626326,5.198,21.8604,26.4618,경기도,시흥시,2,12,5,Cash,Bike,3,2.72,1
OD7196633545,11:28:40,11:39:47.347244,2.868,11.1225,33.2051,서울특별시,마포구,1,11,1,Cash,Scooter,2,1.1,3
OD0479956701,11:29:17,11:31:27.482124,0.985,2.1747,27.1746,인천광역시,부평구,5,11,22,Card,Scooter,2,1.02,3
OD2927122875,01:19:45,01:38:50.612796,5.134,19.0935,23.0422,경기도,안산시 단원구,0,1,24,Card,Bike,3,0.06,3
OD5048262189,09:43:38,10:16:12.016898,5.974,32.5669,13.3626,서울특별시,구로구,4,9,21,Card,Bike,3,1.44,5
OD5154809353,15:36:01,15:55:47.876962,5.332,19.7813,33.0837,경기도,수원시 영통구,4,15,7,Card,Scooter,3,0.0,3
OD0777615617,09:07:22,09:42:47.208202,5.971,35.4201,156.4934,경기도,김포시,6,9,23,Card,Bike,3,0.81,3
OD9720273748,22:28:22,22:41:04.229550,2.022,12.7038,20.1603,경기도,부천시,1,22,11,AppPay,Bike,4,2.38,3
OD7916519518,11:47:38,12:02:54.871197,2.825,15.2812,21.5032,경기도,성남시 중원구,3,11,27,Cash,Scooter,3,1.76,3
OD0196350626,10:20:59,10:40:44.943697,4.462,19.7657,19.1462,경기도,김포시,5,10,22,AppPay,Scooter,2,0.72,3
OD9016360505,13:56:51,14:19:25.514037,1.89,22.5752,25.8339,서울특별시,서초구,5,13,15,Card,Scooter,4,4.56,4
OD8181314032,12:23:33,12:42:17.233551,3.881,18.7372,26.7575,서울특별시,종로구,5,12,8,Cash,Scooter,3,0.88,4
OD3318898753,20:33:47,20:58:24.141314,6.156,24.619,19.2133,인천광역시,계양구,2,20,5,AppPay,Bike,2,0.17,3
OD3225055414,08:52:43,09:12:46.968054,3.76,20.0661,25.1149,서울특별시,관악구,3,8,27,AppPay,Bike,4,1.3,4
OD2646266929,02:27:04,02:49:24.935994,3.178,22.3489,19.4561,경기도,안산시 상록구,2,2,19,AppPay,Bike,2,3.58,3
OD8169651340,06:27:16,06:40:34.986777,2.739,13.3164,15.1813,경기도,김포시,3,6,6,Card,Bike,4,2.68,5
OD7608404463,14:08:51,14:18:27.945054,1.906,9.6158,17.8875,서울특별시,동작구,1,14,11,AppPay,Bike,4,1.37,4
OD1933782701,03:29:13,03:49:43.478287,4.305,20.508,17.5094,서울특별시,관악구,1,3,25,Cash,Bike,4,0.93,3
OD1770619464,10:33:51,10:59:15.174198,4.572,25.4029,25.5503,서울특별시,서초구,1,10,4,Cash,Scooter,2,1.65,3
OD0861448585,04:28:42,05:01:12.567845,4.534,32.5095,14.3059,서울특별시,구로구,3,4,27,Cash,Scooter,4,4.71,5
OD1241498258,08:00:05,08:18:50.904450,1.978,18.7651,20.8148,경기도,용인시 기흥구,4,8,21,Card,Scooter,2,0.0,3
OD1253149882,02:18:48,02:35:14.116069,4.222,16.4353,25.4241,서울특별시,서초구,1,2,25,Card,Car,2,0.24,3
OD5218095238,12:40:10,12:56:28.592525,4.446,16.3099,29.9178,서울특별시,종로구,1,12,4,AppPay,Scooter,4,0.5,3
OD9650616364,13:32:37,13:42:08.884586,3.937,9.5314,29.3552,경기도,수원시 장안구,6,13,9,Card,Scooter,2,0.01,2
OD3587475655,10:56:07,11:13:27.318849,5.128,17.3386,21.1734,경기도,용인시 수지구,5,10,15,AppPay,Car,1,5.44,3
OD1865993095,14:40:33,14:57:55.989231,3.201,17.3832,21.29,경기도,안산시 단원구,2,14,12,Cash,Bike,2,0.38,3
OD8921421002,10:34:36,10:50:29.567741,3.872,15.8928,27.3839,경기도,시흥시,6,10,30,AppPay,Scooter,1,0.4,2
OD1191694388,17:34:00,17:49:24.102794,5.212,15.4017,28.4922,서울특별시,관악구,3,17,20,Card,Car,3,0.41,2
OD9698760732,06:54:20,07:12:44.313513,2.255,18.4052,34.4459,서울특별시,종로구,2,6,26,AppPay,Car,2,0.37,2
OD1840538904,08:01:47,08:28:52.929317,3.779,27.0988,18.0826,경기도,성남시 분당구,3,8,6,Card,Bike,4,0.91,3
OD1923109008,05:52:18,06:17:59.529594,4.813,25.6922,16.5278,서울특별시,동작구,2,5,12,Cash,Car,3,0.41,3
OD9279196288,03:43:54,04:16:37.349072,6.261,32.7225,13.9457,경기도,용인시 기흥구,5,3,29,AppPay,Bike,2,1.37,4
OD8211023388,23:24:49,23:48:18.337122,3.723,23.489,17.8581,서울특별시,중구,3,23,27,AppPay,Car,2,4.73,3
OD2587902057,05:43:01,06:17:21.382751,5.577,34.3397,15.0693,서울특별시,은평구,0,5,3,Cash,Car,2,1.19,3
OD7618974268,07:31:57,07:50:11.674506,3.94,18.2446,28.765,서울특별시,관악구,0,7,24,AppPay,Scooter,3,1.57,2
OD0106669565,02:39:22,02:58:33.017163,5.451,19.1836,31.1519,서울특별시,은평구,5,2,22,Cash,Scooter,3,1.57,2
OD0285973903,18:37:45,18:57:04.741139,3.213,19.329,17.2365,서울특별시,중구,1,18,4,Card,Bike,2,3.44,5
OD3012006469,19:33:54,19:50:46.175288,3.703,16.8696,31.1848,경기도,성남시 분당구,4,19,14,Card,Car,4,0.0,2
OD8569484771,15:10:11,15:32:46.818443,3.442,22.597,19.2223,경기도,용인시 기흥구,5,15,29,Card,Bike,1,0.0,4
OD7131075273,22:45:00,23:03:03.446111,4.534,18.0574,29.284,서울특별시,동작구,3,22,20,Cash,Scooter,3,0.75,2
OD9574859809,04:33:46,04:42:10.768504,0.5,8.4128,13.8336,서울특별시,노원구,4,4,7,Cash,Bike,6,0.68,4
OD0395663173,17:45:09,17:50:01.109199,2.945,4.8685,36.2888,서울특별시,강서구,5,17,15,AppPay,Scooter,2,0.82,1
OD0268374766,07:56:25,08:13:47.704550,3.147,17.3784,20.5275,서울특별시,강남구,1,7,25,AppPay,Car,3,2.61,3
OD0007380135,20:49:36,21:05:10.323293,4.271,15.5721,33.4117,서울특별시,성북구,0,20,31,Cash,Car,5,10.0,2
OD0514598354,13:13:05,13:35:35.188192,5.612,22.5031,34.1895,서울특별시,마포구,6,13,2,Cash,Scooter,4,0.82,2
OD4972047991,07:04:22,07:24:16.253956,2.852,19.9042,25.8014,경기도,김포시,3,7,13,Card,Scooter,1,1.35,3
OD0269060426,23:41:06,23:50:54.499062,3.121,9.8083,19.0928,인천광역시,동구,1,23,11,Card,Car,2,0.0,4
OD5505898242,11:35:47,11:50:14.941594,2.806,14.4657,21.2782,서울특별시,종로구,3,11,13,Cash,Scooter,4,1.31,3
OD3257691319,07:53:04,08:09:10.019205,2.693,16.1003,30.2476,경기도,용인시 기흥구,4,7,14,AppPay,Scooter,4,1.77,3
OD1603852889,08:04:25,08:15:54.757689,3.164,11.496,33.6286,서울특별시,서초구,2,8,5,Card,Scooter,4,1.06,2
OD7778993099,13:20:24,13:41:46.980200,3.679,21.383,30.4397,서울특별시,노원구,0,13,31,Card,Car,3,0.21,3
OD8030048335,08:32:34,08:52:13.491394,2.015,19.6582,31.2051,경기도,용인시 수지구,6,8,2,Cash,Scooter,2,0.81,3
OD5372148712,07:10:46,07:31:30.893909,3.531,20.7482,21.6822,경기도,성남시 분당구,1,7,4,Cash,Scooter,1,2.73,4
OD9060257924,21:52:32,22:28:53.319281,6.189,36.3553,16.7594,인천광역시,서구,0,21,24,Card,Scooter,3,0.18,5
OD4932732120,18:09:50,18:18:03.376024,3.757,8.2229,27.4126,서울특별시,강서구,0,18,31,Cash,Scooter,1,0.0,2
OD3305630689,17:30:49,17:49:07.042009,2.999,18.3007,16.1498,서울특별시,강남구,1,17,11,Card,Bike,2,2.43,2
OD6195749379,10:27:22,10:50:23.548131,4.343,23.0258,24.7598,인천광역시,동구,0,10,17,Cash,Scooter,4,0.36,3
OD6431638348,17:53:25,18:06:42.949026,2.708,13.2992,25.6289,경기도,고양시 덕양구,1,17,4,AppPay,Bike,3,1.86,2
OD4328606952,18:32:20,18:45:11.793804,0.696,12.8632,26.1743,서울특별시,은평구,4,18,28,Cash,Car,4,0.91,2
OD3669731870,05:21:56,05:36:52.872248,2.262,14.9479,29.5219,서울특별시,강남구,5,5,8,Cash,Scooter,2,2.83,3
OD7284317032,13:12:02,13:30:52.072592,3.684,18.8345,29.1122,서울특별시,성동구,5,13,1,AppPay,Scooter,4,1.02,3
OD7401823079,05:12:37,05:21:03.086015,2.762,8.4348,28.897,서울특별시,마포구,1,5,18,Card,Scooter,3,0.07,3
OD5294942704,13:45:47,13:55:48.870803,3.605,10.0312,25.0201,서울특별시,은평구,5,13,22,AppPay,Scooter,3,3.86,4
OD2867715886,10:02:36,10:18:51.765815,2.18,16.2628,25.3143,서울특별시,강남구,4,10,21,Cash,Scooter,3,0.0,4
OD3535042622,01:24:49,01:37:41.399348,2.823,12.8733,33.3934,서울특별시,마포구,2,1,12,Cash,Scooter,3,2.96,2
OD5920155876,07:15:50,07:27:45.630054,2.057,11.9272,20.0014,서울특별시,영등포구,1,7,4,Card,Scooter,5,3.1,4
OD0582825620,13:53:50,14:14:49.656204,5.025,20.9943,21.0303,경기도,성남시 중원구,1,13,4,AppPay,Bike,5,0.37,3
OD6876510840,18:11:31,18:41:48.388348,5.869,30.2898,17.4425,인천광역시,동구,3,18,13,Card,Bike,3,0.04,2
OD1026101161,22:51:19,23:00:31.518725,1.839,9.2086,21.9055,서울특별시,용산구,6,22,23,Card,Bike,1,0.47,2
OD3280849570,12:23:09,12:38:54.382535,5.208,15.7564,28.3095,경기도,수원시 영통구,1,12,18,Card,Car,5,4.0,1
OD8906558355,18:20:33,18:43:06.036691,5.754,22.5506,20.9619,서울특별시,용산구,4,18,14,AppPay,Bike,3,5.51,1
OD2351489238,16:35:19,16:58:29.107972,3.145,23.1685,25.629,인천광역시,연수구,1,16,25,AppPay,Scooter,3,0.17,3
OD6693973773,00:57:26,01:08:51.694730,1.635,11.4282,19.6788,서울특별시,구로구,5,0,1,Cash,Bike,4,1.42,2
OD6262043437,14:23:57,14:42:22.205362,3.556,18.4201,27.1861,경기도,안산시 단원구,6,14,16,Cash,Scooter,3,2.28,3
OD6478435294,02:14:55,02:36:58.489339,3.135,22.0582,24.9821,서울특별시,마포구,5,2,1,Cash,Scooter,3,0.24,4
OD9950255700,07:03:32,07:19:11.268464,3.292,15.6545,20.2913,서울특별시,송파구,2,7,26,Cash,Bike,3,1.67,2
OD5794169505,08:23:14,08:40:27.825087,2.685,17.2304,11.3486,서울특별시,용산구,6,8,9,AppPay,Bike,1,0.16,4
OD9769555020,18:41:17,18:52:49.288651,1.979,11.5381,25.4753,서울특별시,은평구,5,18,15,Card,Scooter,2,0.35,4
OD6768232057,21:07:07,21:13:46.961715,3.605,6.666,32.919,서울특별시,중구,4,21,28,Card,Scooter,2,1.52,2
OD3298822150,20:21:03,20:49:17.768011,3.887,28.2461,13.7669,경기도,수원시 영통구,4,20,7,Card,Bike,4,5.28,3
OD4358778334,14:24:34,14:41:44.842840,4.815,17.1807,26.3458,서울특별시,서초구,4,14,14,Card,Car,6,3.67,3
OD9785396589,19:14:09,19:36:36.286514,4.485,22.4548,18.9079,경기도,평택시,0,19,31,Cash,Scooter,2,0.57,5
OD8571094655,15:55:41,16:06:30.901418,3.018,10.8317,27.1525,경기도,평택시,3,15,20,AppPay,Scooter,3,0.69,3
OD4043012387,05:25:33,05:51:09.990149,3.37,25.6165,26.3068,서울특별시,영등포구,5,5,22,AppPay,Scooter,4,4.91,4
OD0951031664,14:00:23,14:17:59.598487,4.53,17.61,21.0181,서울특별시,서초구,0,14,3,AppPay,Scooter,7,4.71,3
OD1130805553,01:28:34,01:53:18.040897,4.559,24.734,15.4848,서울특별시,마포구,6,1,23,Card,Bike,4,0.69,3
OD3984167504,10:57:44,11:05:02.314100,1.459,7.3052,39.8959,경기도,성남시 분당구,3,10,20,AppPay,Scooter,1,4.27,2
OD5962349072,20:47:12,21:00:56.155006,5.061,13.7359,32.8109,서울특별시,성북구,4,20,28,Card,Scooter,2,0.0,2
OD1626030114,06:11:00,06:28:03.251946,4.04,17.0542,28.9442,서울특별시,용산구,0,6,10,Card,Bike,2,0.0,4
OD9940354212,03:38:14,03:51:33.709742,1.91,13.3285,21.7537,서울특별시,중구,4,3,7,Cash,Bike,6,0.59,2
OD6634686542,11:11:23,11:46:55.114193,6.219,35.5352,11.6203,서울특별시,마포구,6,11,9,Card,Bike,1,0.44,4
OD2255056368,17:29:11,17:56:18.723520,3.303,27.1287,32.6222,서울특별시,중구,2,17,12,AppPay,Scooter,1,2.56,2
OD0747889649,02:59:47,03:06:40.955082,1.324,6.8993,27.1172,인천광역시,동구,2,2,19,Card,Car,2,0.05,5
OD4574292539,23:21:20,23:40:29.418174,3.852,19.157,20.3361,인천광역시,계양구,6,23,23,Card,Car,4,0.0,4
OD6621633648,03:11:31,03:39:47.754105,8.817,28.2792,20.316,서울특별시,관악구,3,3,6,Cash,Car,4,0.4,3
OD0698701593,07:43:05,07:49:03.981261,2.447,5.983,24.5389,서울특별시,성동구,1,7,1,Card,Bike,3,0.1,4
OD6382316656,04:20:36,04:38:17.166399,1.922,17.6861,14.5844,인천광역시,남동구,1,4,11,Cash,Bike,1,1.06,3
OD7917507631,07:50:10,08:33:09.865562,6.952,42.9978,9.7008,서울특별시,강남구,6,7,23,AppPay,Bike,6,4.77,5
OD2422719639,11:02:33,11:16:45.498174,4.403,14.2083,28.4733,서울특별시,마포구,6,11,9,Card,Scooter,2,1.11,2
OD3250404586,04:45:07,05:04:12.569182,3.556,19.0928,22.1653,서울특별시,종로구,2,4,12,AppPay,Scooter,4,2.37,4
OD1326392683,18:55:28,19:13:17.023812,5.188,17.8171,19.2957,서울특별시,강남구,6,18,23,AppPay,Bike,4,5.26,3
OD2426130826,19:47:27,20:14:51.697381,4.649,27.4116,29.6908,경기도,평택시,3,19,6,AppPay,Scooter,3,0.69,4
OD0407549651,12:15:22,12:34:43.045088,5.317,19.3508,30.1462,경기도,안산시 단원구,6,12,9,Cash,Scooter,3,0.6,3
OD7201213047,02:39:05,02:47:08.229178,0.5,8.0538,35.1457,서울특별시,성동구,4,2,14,AppPay,Scooter,3,0.13,2
OD8438333958,23:49:57,23:55:04.771631,0.5,5.1295,29.8163,경기도,고양시 덕양구,0,23,24,Cash,Scooter,1,3.15,2
OD8684567878,20:41:16,20:58:57.346019,3.602,17.6891,15.2719,경기도,수원시 장안구,3,20,13,Cash,Bike,2,2.62,4
OD3841724485,10:45:43,10:54:34.039757,3.949,8.8507,30.6875,서울특별시,은평구,2,10,5,Cash,Scooter,1,0.44,2
OD8155310735,05:02:39,05:07:29.438703,1.587,4.8406,19.6701,인천광역시,서구,5,5,15,Cash,Bike,2,0.32,3
OD8415783333,17:44:57,18:12:17.763005,4.822,27.3461,23.3674,경기도,평택시,2,17,19,Cash,Scooter,4,0.07,3
OD4969654417,17:09:36,17:13:20.848777,2.234,3.7475,35.7742,서울특별시,관악구,2,17,19,Card,Scooter,4,0.41,3
OD1683479397,06:04:07,06:23:10.797201,2.363,19.0633,25.1431,인천광역시,계양구,6,6,16,Card,Car,3,0.76,2
OD6498587250,07:25:25,07:37:59.210409,1.68,12.5702,35.0435,경기도,시흥시,3,7,20,Cash,Scooter,2,4.45,1
OD6042419789,10:25:16,10:42:39.133670,3.599,17.3856,23.7273,경기도,안산시 단원구,3,10,27,AppPay,Car,4,0.18,3
OD6522235026,17:31:07,17:55:07.201819,5.043,24.0034,15.3028,서울특별시,영등포구,5,17,22,Card,Bike,6,0.87,3
OD7848168136,02:17:28,02:23:11.392132,2.331,5.7232,26.3304,경기도,시흥시,6,2,2,AppPay,Scooter,4,3.69,4
OD6025405558,17:46:05,18:11:18.221681,5.129,25.2204,22.7689,서울특별시,성동구,0,17,10,AppPay,Bike,1,1.63,3
OD1548855157,00:33:25,00:41:00.589829,3.857,7.5932,35.415,서울특별시,송파구,0,0,24,Cash,Scooter,4,3.53,2
OD9382718413,19:06:30,19:23:11.436896,2.151,16.6906,17.6839,경기도,안산시 단원구,4,19,7,Cash,Bike,4,2.84,3
OD0553960507,12:30:48,12:40:09.499463,1.11,9.3583,33.2575,서울특별시,중구,1,12,18,Card,Scooter,3,0.0,3
OD3704130618,17:01:50,17:10:40.102124,1.057,8.835,29.479,경기도,용인시 수지구,0,17,3,AppPay,Scooter,3,0.5,2
OD8360078607,16:08:58,16:32:40.962051,4.349,23.716,13.2229,서울특별시,영등포구,2,16,5,Cash,Bike,5,1.48,2
OD9672234435,09:38:45,10:09:00.510677,3.561,30.2585,8.0,경기도,수원시 장안구,4,9,21,AppPay,Bike,4,0.27,4
OD9509157564,08:55:39,09:11:33.112897,3.614,15.9019,19.098,경기도,성남시 중원구,5,8,15,AppPay,Bike,3,1.81,3
OD6256625631,12:58:06,13:22:09.959545,3.437,24.066,18.7986,서울특별시,구로구,1,12,25,AppPay,Bike,2,1.3,3
OD5821866270,12:12:05,12:42:55.884952,4.219,30.8481,13.658,인천광역시,연수구,5,12,1,AppPay,Bike,4,0.44,4
OD5543244585,05:58:51,06:01:13.742884,0.5,2.379,12.6884,경기도,수원시 장안구,5,5,15,Cash,Bike,2,0.66,4
OD8182132787,19:51:09,20:04:37.215053,0.5,13.4703,26.2603,서울특별시,노원구,5,19,29,Card,Bike,3,1.56,3
OD3330078995,18:32:53,18:44:26.679465,1.284,11.5613,18.4708,서울특별시,성북구,0,18,31,Cash,Bike,4,0.25,4
OD7634893307,11:07:22,11:41:53.036068,6.126,34.5173,31.775,경기도,평택시,5,11,8,AppPay,Scooter,3,2.08,1
OD3871169656,19:19:25,19:36:07.184526,3.641,16.7031,24.7751,인천광역시,연수구,6,19,23,Card,Scooter,2,0.0,4
OD6164984748,23:41:55,23:53:56.693653,2.207,12.0282,20.1181,인천광역시,서구,3,23,20,Card,Car,3,0.93,3
OD2773272477,21:34:07,21:50:07.628686,1.832,16.0105,26.0655,서울특별시,성동구,4,21,14,Card,Scooter,3,0.98,4
OD1928958659,20:54:45,21:13:41.373631,3.088,18.9396,26.9651,서울특별시,구로구,0,20,10,Card,Scooter,2,0.02,2
OD2436039349,21:57:59,22:16:19.512777,3.321,18.3419,27.9268,서울특별시,동작구,1,21,1,AppPay,Scooter,2,1.59,3
OD0502245957,09:17:31,09:38:43.813870,1.005,21.2136,12.3411,서울특별시,성북구,4,9,28,Cash,Bike,1,0.7,3
OD5033732798,01:36:14,01:57:14.416223,4.971,21.0069,17.2376,경기도,시흥시,4,1,7,AppPay,Bike,3,1.05,4
OD4841730179,05:29:00,05:38:06.771214,2.289,9.1129,25.0959,경기도,부천시,5,5,22,Card,Car,1,0.39,4
OD5531519377,16:50:54,17:18:34.498116,5.556,27.675,13.7012,서울특별시,송파구,2,16,12,AppPay,Bike,4,2.84,3
OD4215120036,07:51:33,08:13:04.771211,2.802,21.5295,16.0829,인천광역시,미추홀구,5,7,22,AppPay,Bike,1,2.87,2
OD9277943887,13:07:55,13:30:08.695457,3.498,22.2283,22.6727,서울특별시,노원구,6,13,2,Card,Bike,2,1.71,3
OD9543048561,13:10:19,13:25:02.112475,2.421,14.7185,14.1723,경기도,안산시 단원구,5,13,22,AppPay,Bike,3,0.11,5
OD3940644620,05:43:04,05:57:03.660842,4.601,13.9943,20.6972,서울특별시,구로구,2,5,19,Cash,Bike,3,0.0,3
OD1104362319,00:57:25,01:18:23.880421,4.068,20.9813,16.3335,서울특별시,영등포구,6,0,23,AppPay,Bike,5,2.53,4
OD7541466346,12:55:12,12:59:53.308267,0.5,4.6885,41.6894,서울특별시,구로구,0,12,17,Cash,Scooter,4,0.55,2
OD7283120511,23:49:26,00:02:49.684286,3.184,13.3947,35.8212,서울특별시,용산구,2,23,26,AppPay,Car,1,0.18,1
OD4331853036,17:18:24,17:33:18.028818,1.744,14.9005,26.5444,서울특별시,용산구,4,17,7,AppPay,Bike,5,0.37,2
OD9077174976,11:05:20,11:17:48.360656,4.261,12.4727,24.8089,경기도,수원시 영통구,6,11,23,AppPay,Scooter,2,4.82,4
OD8520090819,06:20:47,06:44:20.588376,6.077,23.5598,19.4646,인천광역시,남동구,4,6,14,Cash,Scooter,5,0.0,4
OD7012832508,21:28:49,21:46:15.846533,1.828,17.4474,11.1469,경기도,용인시 수지구,3,21,27,AppPay,Bike,4,1.28,3
OD9474747582,02:27:05,02:41:26.454981,2.959,14.3576,33.0645,서울특별시,용산구,1,2,18,Card,Scooter,3,1.37,3
OD2413086358,06:06:42,06:22:01.847562,4.801,15.3308,26.0061,서울특별시,서초구,2,6,26,AppPay,Scooter,4,1.04,3
OD4081501593,11:37:42,11:51:44.447594,2.255,14.0408,18.0761,서울특별시,중구,5,11,1,Card,Bike,1,0.11,2
OD6712540167,11:47:42,12:01:14.804337,5.372,13.5467,26.9845,경기도,고양시 덕양구,1,11,11,AppPay,Car,4,3.7,3
OD4696427700,21:05:15,21:28:47.637493,3.539,23.544,30.1912,서울특별시,강남구,1,21,4,Card,Scooter,3,0.17,3
OD6977303256,14:32:59,14:47:12.177907,5.922,14.2196,26.6135,서울특별시,중구,6,14,30,Card,Bike,2,0.0,1
OD6519912811,05:43:18,06:15:25.465581,3.965,32.1244,20.5527,서울특별시,구로구,3,5,27,Cash,Bike,1,0.82,3
OD7666136616,00:15:09,00:33:12.844290,1.493,18.0641,8.0,경기도,용인시 기흥구,0,0,10,Cash,Bike,4,0.0,4
OD2633940761,16:03:31,16:24:58.273672,4.09,21.4546,14.9845,경기도,고양시 덕양구,5,16,8,AppPay,Scooter,4,0.0,4
OD7604700859,13:15:04,13:36:08.909977,2.657,21.0818,20.9024,인천광역시,서구,0,13,17,AppPay,Scooter,3,0.5,4
OD7521185869,17:06:34,17:18:05.615227,3.806,11.5269,21.5939,서울특별시,중구,5,17,29,Cash,Bike,5,0.0,4
OD8940708055,09:56:55,10:10:48.364131,2.938,13.8894,32.3606,경기도,수원시 장안구,6,9,9,Card,Scooter,3,1.16,2
OD5993303219,09:52:33,10:13:14.534075,0.81,20.6922,17.7036,경기도,평택시,4,9,28,AppPay,Bike,4,3.12,3
OD1563513499,04:14:08,04:28:12.945413,3.339,14.0824,18.6204,경기도,안산시 단원구,1,4,4,Cash,Bike,2,1.33,5
OD9899504235,00:46:13,01:04:56.561362,4.55,18.726,30.1863,서울특별시,동작구,1,0,4,AppPay,Scooter,3,1.68,3
OD3227228264,01:45:56,02:01:56.541511,3.187,16.009,29.5221,서울특별시,마포구,4,1,14,Card,Scooter,5,1.09,4
OD2752729603,03:38:37,03:47:27.059532,2.206,8.8343,27.8118,서울특별시,영등포구,0,3,10,Cash,Scooter,4,1.11,3
OD2160349075,09:38:46,10:00:11.661185,4.977,21.4277,25.0664,서울특별시,동작구,1,9,11,Cash,Scooter,4,4.5,5
OD5340898755,04:57:08,05:10:32.491245,4.217,13.4082,30.969,서울특별시,은평구,3,4,27,Card,Scooter,1,0.47,1
OD5488790609,11:07:58,11:28:54.307422,3.246,20.9385,25.7887,경기도,안산시 단원구,0,11,3,Card,Car,5,0.48,2
OD6961010906,22:38:27,22:54:36.644177,4.223,16.1607,27.0157,서울특별시,마포구,0,22,3,AppPay,Scooter,4,3.28,4
OD1037115175,18:18:55,18:41:24.179504,3.296,22.4863,17.3762,경기도,광명시,1,18,11,AppPay,Bike,2,4.06,2
OD0001700679,21:05:13,21:18:50.116607,3.808,13.6186,36.1252,서울특별시,구로구,5,21,29,Card,Scooter,3,2.47,1
OD7185106196,16:01:58,16:05:18.431842,1.369,3.3405,24.5892,서울특별시,성북구,3,16,13,Cash,Scooter,4,0.24,3
OD4262717022,14:58:17,15:13:47.010250,4.479,15.5002,32.8028,서울특별시,영등포구,5,14,8,AppPay,Scooter,2,2.84,3
OD2518440050,08:58:26,09:20:19.637044,4.012,21.894,29.4152,서울특별시,용산구,0,8,3,AppPay,Scooter,2,4.13,3
OD6832747454,00:02:01,00:23:03.356732,2.805,21.0393,8.0,경기도,고양시 덕양구,5,0,22,Card,Bike,2,0.07,5
OD4919447042,17:03:18,17:14:01.512663,3.249,10.7252,30.4136,-,-,1,17,18,Card,Car,2,0.0,3
OD5704531680,22:49:27,23:01:13.382803,0.5,11.773,28.3098,서울특별시,송파구,2,22,5,Cash,Bike,3,0.29,1
OD6572865516,09:32:47,09:49:29.296961,3.067,16.7049,28.4974,서울특별시,중구,0,9,10,Cash,Scooter,4,0.25,2
OD0483448105,22:31:48,22:44:48.139642,3.022,13.0023,17.5554,서울특별시,중구,4,22,7,AppPay,Bike,3,0.52,3
OD1128766894,12:44:04,13:04:04.153174,4.021,20.0026,23.7155,서울특별시,강남구,4,12,14,Card,Scooter,3,2.57,2
OD4719889854,19:39:26,20:07:17.573212,4.576,27.8596,30.553,서울특별시,성동구,1,19,25,AppPay,Scooter,4,3.83,3
OD8762398142,18:38:45,18:57:51.652618,3.226,19.1109,18.5082,경기도,용인시 기흥구,0,18,10,Cash,Bike,1,0.35,4
OD1374975234,05:03:10,05:35:17.872100,2.931,32.1312,9.0547,인천광역시,서구,3,5,6,Cash,Bike,4,1.27,4
OD2844722464,11:27:10,11:41:17.516661,4.304,14.1253,25.5711,서울특별시,동작구,1,11,18,Card,Car,4,1.47,4
OD0625103446,22:57:17,23:20:50.649005,3.67,23.5608,20.4309,서울특별시,성동구,0,22,31,Card,Scooter,3,0.1,4
OD6277670377,01:43:23,02:06:52.434853,4.685,23.4906,19.8959,서울특별시,중구,4,1,7,AppPay,Car,4,0.01,3
OD3726847704,10:59:09,11:18:04.740053,2.463,18.929,22.66,서울특별시,마포구,1,10,4,AppPay,Scooter,2,0.09,4
OD0701333245,03:46:51,03:58:58.766535,3.462,12.1294,35.1067,인천광역시,계양구,0,3,3,Cash,Scooter,4,0.41,2
OD0223951109,08:15:54,08:32:03.265978,1.446,16.1544,15.7706,경기도,부천시,3,8,13,Cash,Bike,2,4.79,4
OD4433591091,03:01:39,03:14:23.389066,0.5,12.7398,19.9819,서울특별시,마포구,2,3,19,Card,Bike,3,6.12,3
OD1496835747,05:44:57,06:03:43.532412,2.09,18.7755,23.3641,경기도,성남시 분당구,1,5,4,Cash,Scooter,4,0.39,3
OD7978116944,01:00:17,01:17:55.148313,3.18,17.6358,26.4242,경기도,고양시 덕양구,2,1,5,Cash,Car,2,2.14,1
OD2302744581,08:40:32,08:59:05.413402,2.356,18.5569,24.6252,서울특별시,서초구,5,8,15,AppPay,Bike,2,0.0,1
OD1917041261,18:27:51,18:46:09.531864,5.873,18.3089,27.8204,경기도,수원시 장안구,6,18,9,AppPay,Scooter,3,1.23,2
OD4831838689,16:45:04,17:08:21.990320,2.864,23.2998,23.6397,서울특별시,성북구,1,16,25,Card,Bike,1,0.12,3
OD6925122824,09:40:31,09:57:37.238012,5.173,17.104,20.8583,서울특별시,강남구,6,9,9,Cash,Bike,2,0.29,3
OD0147494587,01:56:59,02:19:23.696558,3.26,22.4116,24.1174,인천광역시,서구,0,1,17,Cash,Scooter,4,2.44,3
OD7978018667,03:58:16,04:14:56.641561,2.906,16.6774,13.1347,경기도,평택시,2,3,2,Card,Bike,1,0.38,2
OD3125020322,02:05:42,02:25:36.708237,5.316,19.9118,33.1568,서울특별시,구로구,5,2,29,Card,Scooter,5,4.19,2
OD5999518114,03:03:23,03:21:40.688579,2.417,18.2948,19.8838,서울특별시,관악구,5,3,1,Card,Car,3,3.02,2
OD6130142543,11:23:39,11:42:16.902309,2.579,18.6317,14.9531,서울특별시,용산구,2,11,5,Cash,Bike,5,0.03,4
OD5737712004,10:01:21,10:17:57.484166,5.433,16.6081,27.8859,경기도,용인시 수지구,1,10,4,AppPay,Scooter,3,0.23,3
OD8297120907,15:45:39,16:04:56.024681,3.158,19.2837,23.0519,서울특별시,성동구,2,15,19,AppPay,Scooter,2,0.08,4
OD3940234096,03:25:49,03:32:16.028317,1.155,6.4505,18.2398,경기도,수원시 장안구,6,3,23,Card,Bike,4,1.36,4
OD3907683676,05:19:20,05:39:23.550353,2.737,20.0592,16.2214,서울특별시,종로구,3,5,13,Card,Bike,2,1.34,5
OD1752152247,05:14:10,05:34:20.628642,3.383,20.1771,21.4388,서울특별시,관악구,0,5,17,Cash,Bike,2,0.0,1
OD5704179937,10:16:29,10:38:33.753535,5.668,22.0792,20.8441,서울특별시,구로구,0,10,24,Cash,Bike,3,1.45,3
OD3443908932,16:05:12,16:33:44.879661,3.791,28.548,21.9292,경기도,김포시,1,16,4,Card,Car,3,1.65,3
OD1193225325,22:08:41,22:19:39.410095,5.475,10.9735,35.1534,서울특별시,마포구,1,22,18,Cash,Car,1,0.0,2
OD9213446923,16:59:52,17:10:35.519809,0.5,10.7253,20.2082,서울특별시,용산구,1,16,11,Card,Bike,2,1.48,3
OD8187033402,05:01:15,05:25:48.235748,4.889,24.5539,26.8142,서울특별시,구로구,2,5,26,Cash,Scooter,3,0.26,2
OD8926681126,23:14:19,23:30:32.804510,3.868,16.2301,26.1292,서울특별시,강남구,6,23,2,Card,Scooter,2,0.0,4
OD0270343072,06:56:35,07:13:39.060708,4.085,17.0677,32.1536,서울특별시,강남구,1,6,18,Card,Scooter,3,1.64,1
OD9448201601,20:08:40,20:37:47.928672,5.932,29.1321,25.4427,서울특별시,성북구,6,20,23,Card,Scooter,4,0.2,3
OD0426706161,17:40:21,17:58:57.921262,3.942,18.6154,27.7886,인천광역시,계양구,6,17,16,AppPay,Bike,4,0.12,1
OD4223035938,12:26:41,12:58:43.181932,4.9,32.0364,12.5324,인천광역시,계양구,6,12,9,Card,Bike,2,0.11,3
OD6846604178,22:59:22,23:18:39.649943,5.627,19.2942,23.1378,서울특별시,마포구,3,22,6,Cash,Bike,4,0.9,2
OD4299585964,14:03:18,14:29:52.672585,5.666,26.5779,21.6511,서울특별시,용산구,0,14,31,AppPay,Bike,4,1.19,3
OD1980964426,23:01:27,23:17:12.105875,2.752,15.7518,20.8592,경기도,평택시,5,23,22,AppPay,Bike,5,0.47,2
OD1916251519,16:42:55,16:59:05.866626,4.853,16.1811,23.6483,서울특별시,성동구,4,16,7,Cash,Scooter,3,0.85,5
OD8743345363,08:22:13,08:25:58.000000,0.5,3.75,8.0,경기도,용인시 기흥구,5,8,29,Card,Bike,1,0.58,5
OD4232156428,16:26:34,16:47:38.265374,4.005,21.0711,23.7314,인천광역시,부평구,3,16,6,Card,Car,3,5.34,3
OD3329111818,02:12:35,02:24:26.886165,0.5,11.8648,17.2475,경기도,안산시 단원구,0,2,24,Cash,Bike,3,4.56,3
OD5181238181,10:13:26,10:39:02.015557,4.359,25.6003,19.6196,경기도,용인시 기흥구,1,10,11,AppPay,Scooter,4,0.37,4
OD6282186715,08:43:40,09:21:47.233381,6.207,38.1206,18.1501,서울특별시,마포구,1,8,25,Cash,Bike,3,1.64,2
OD5991562615,10:53:09,11:08:47.079265,2.605,15.6347,37.9069,경기도,용인시 기흥구,4,10,28,AppPay,Scooter,2,0.0,3
OD4535200219,15:02:48,15:28:09.514753,4.781,25.3586,21.5867,경기도,용인시 수지구,6,15,2,AppPay,Car,4,0.27,3
OD9629380311,21:14:51,21:27:49.634832,1.594,12.9772,20.8898,서울특별시,송파구,4,21,7,AppPay,Car,4,2.72,3
OD6922806473,14:45:50,15:01:05.753420,3.926,15.2626,32.0551,서울특별시,영등포구,0,14,24,Cash,Scooter,2,1.32,2
OD3392092564,09:24:13,09:54:17.734509,5.698,30.0789,17.9573,서울특별시,관악구,6,9,23,Cash,Bike,5,0.39,3
OD7413389832,09:58:10,10:16:10.267005,2.992,18.0045,25.412,경기도,수원시 장안구,3,9,27,Cash,Scooter,2,0.96,3
OD2537498767,01:40:00,02:03:26.371271,3.689,23.4395,22.6297,경기도,수원시 장안구,0,1,31,AppPay,Bike,1,1.99,1
OD8078522362,17:58:48,18:20:54.746711,5.288,22.1124,26.2487,경기도,부천시,4,17,14,AppPay,Bike,3,0.17,3
OD7898669713,14:10:13,14:30:10.307423,5.807,19.9551,31.7926,경기도,안산시 상록구,6,14,2,Cash,Scooter,2,0.34,2
OD5290323631,19:37:59,19:59:46.174555,5.696,21.7862,17.4492,서울특별시,송파구,1,19,4,AppPay,Bike,2,0.93,4
OD5798249901,01:43:02,01:57:45.905588,3.934,14.7318,32.9792,서울특별시,성북구,5,1,8,Cash,Bike,2,1.91,2
OD8458282693,10:20:10,10:47:00.807357,7.362,26.8468,31.5433,경기도,안산시 단원구,2,10,5,Card,Scooter,4,0.68,3
OD4409516667,03:06:57,03:30:09.350340,3.902,23.2058,31.4813,경기도,용인시 수지구,5,3,15,AppPay,Scooter,3,0.0,2
OD4262657639,07:51:03,08:07:08.024759,4.789,16.0837,22.2962,경기도,용인시 기흥구,5,7,1,Card,Bike,3,0.85,2
OD1174201090,20:56:58,21:16:57.477953,0.814,19.9913,23.5284,서울특별시,성북구,1,20,25,Card,Bike,4,0.08,2
OD4574360056,13:59:38,14:06:00.921819,3.483,6.382,34.1565,서울특별시,은평구,5,13,1,AppPay,Scooter,3,2.23,2
OD0398186230,17:44:52,17:57:10.323781,1.599,12.3054,22.4209,서울특별시,마포구,4,17,21,Card,Scooter,3,0.0,4
OD1006034596,14:35:44,15:11:13.680816,6.951,35.4947,16.9126,경기도,수원시 영통구,4,14,21,Cash,Bike,4,0.64,2
OD5162975143,05:32:16,05:46:42.776430,1.053,14.4463,15.338,서울특별시,강남구,4,5,28,Cash,Bike,3,0.46,4
OD8516436776,02:54:36,03:08:04.596641,4.999,13.4766,30.2257,경기도,평택시,4,2,7,Cash,Scooter,3,0.03,3
OD9760896612,16:58:30,17:14:40.947151,1.952,16.1825,18.6917,경기도,평택시,2,16,5,Card,Bike,1,0.64,3
OD5569713025,21:07:28,21:29:32.867905,3.97,22.0811,29.7074,서울특별시,강남구,0,21,10,AppPay,Scooter,3,6.31,3
OD1881354741,06:28:43,06:56:54.008226,5.638,28.1835,18.4436,서울특별시,노원구,6,6,30,Cash,Bike,4,2.6,3
OD9828302792,14:02:09,14:13:02.999107,1.841,10.9,14.4162,서울특별시,송파구,2,14,5,Cash,Bike,5,0.66,3
OD5285792868,14:35:51,14:54:43.286482,1.171,18.8714,23.0532,서울특별시,영등포구,6,14,9,AppPay,Scooter,5,0.0,4
OD8254106786,03:52:28,04:28:07.617771,5.521,35.6603,19.3625,서울특별시,동작구,6,3,9,Cash,Bike,4,2.56,2
OD2587980771,03:32:20,03:39:40.528293,0.5,7.3421,22.9269,경기도,수원시 장안구,4,3,21,Cash,Car,3,1.0,4
OD3768967075,08:22:18,08:36:10.701720,2.363,13.8784,26.413,서울특별시,강남구,0,8,31,Cash,Scooter,5,1.35,3
OD0066490134,23:52:30,00:03:09.103638,2.638,10.6517,15.9287,서울특별시,구로구,6,23,23,Cash,Car,4,2.72,4
OD8193459274,03:38:14,03:53:18.367287,3.2,15.0728,22.7576,서울특별시,은평구,3,3,27,Cash,Scooter,4,0.62,4
OD1255552626,14:12:20,14:25:57.963343,4.748,13.6327,34.1739,서울특별시,용산구,2,14,19,Card,Scooter,3,0.82,3
OD4755759724,14:54:58,15:17:23.320928,3.896,22.422,21.5025,인천광역시,연수구,2,14,26,Cash,Scooter,4,0.0,4
OD5608094280,03:36:37,03:52:57.193357,4.138,16.3366,23.2438,경기도,안산시 단원구,4,3,28,Cash,Scooter,2,1.17,3
OD5335288561,20:39:17,20:45:50.722536,1.546,6.562,14.1402,서울특별시,성북구,4,20,28,AppPay,Bike,2,3.61,4
OD2871979250,12:38:54,13:00:16.075929,4.949,21.3679,22.23,경기도,광명시,0,12,10,Card,Bike,5,1.31,3
OD3197496893,10:39:53,11:00:45.879769,4.966,20.8813,14.2679,서울특별시,강서구,2,10,19,Cash,Bike,3,0.72,3
OD5696778264,08:11:00,08:49:21.958689,4.907,38.366,13.6592,인천광역시,계양구,0,8,17,Cash,Bike,3,2.25,3
OD3799572652,15:40:34,16:05:10.736481,4.439,24.6123,15.451,서울특별시,송파구,1,15,1,AppPay,Bike,4,0.13,4
OD5520845950,21:28:17,21:55:32.486248,3.408,27.2581,10.0017,인천광역시,계양구,3,21,6,Cash,Bike,5,1.24,4
OD3468157008,03:02:33,03:12:10.162283,0.5,9.6194,35.6889,서울특별시,영등포구,2,3,12,Cash,Car,2,0.0,2
OD6385980143,05:28:31,05:45:18.584561,3.163,16.7931,26.4946,인천광역시,부평구,1,5,1,Card,Bike,2,0.37,1
OD0787140463,21:53:54,22:07:48.048169,2.187,13.9008,14.2673,서울특별시,영등포구,2,21,12,Card,Bike,2,0.22,5
OD0506174258,18:38:39,18:50:56.003025,1.415,12.2834,28.67,서울특별시,강서구,5,18,22,Card,Scooter,2,1.14,2
OD8019836090,02:18:48,02:40:01.221741,3.351,21.2204,20.8705,서울특별시,서초구,6,2,23,AppPay,Scooter,2,0.69,5
OD5414530974,12:35:34,12:57:46.030395,5.288,22.2005,25.0348,경기도,김포시,2,12,12,Card,Scooter,3,0.0,4
OD6148755782,13:22:11,13:31:47.457710,0.937,9.6076,25.7978,인천광역시,부평구,4,13,21,Cash,Scooter,3,0.31,3
OD9861900244,04:15:10,04:39:36.570006,6.713,24.4428,22.9417,서울특별시,영등포구,2,4,19,Cash,Bike,2,3.2,3
OD5060045579,01:08:17,01:21:24.800387,0.537,13.13,20.8651,서울특별시,강남구,1,1,18,Card,Bike,1,0.8,2
OD9329207198,02:12:41,02:41:19.151929,6.031,28.6359,17.2296,경기도,시흥시,2,2,19,Cash,Bike,5,0.02,4
OD3224088610,20:13:58,20:30:29.694074,2.451,16.5282,32.5568,경기도,용인시 기흥구,3,20,27,Card,Scooter,4,0.19,2
OD0090195170,06:39:12,07:01:41.290947,1.572,22.4882,13.375,서울특별시,용산구,3,6,6,Cash,Bike,3,0.67,4
OD8362587034,17:22:08,17:37:46.895825,2.273,15.6483,15.7164,경기도,부천시,1,17,25,Cash,Bike,3,4.47,5
OD5070432716,01:43:41,01:51:04.264388,3.165,7.3877,29.466,서울특별시,서초구,3,1,6,Cash,Scooter,4,1.0,4
OD1816279559,19:19:28,19:41:43.638425,4.029,22.2606,15.4784,서울특별시,강서구,3,19,6,Cash,Bike,3,0.94,3
OD5125182708,08:40:23,08:54:07.293764,1.365,13.7382,18.1016,서울특별시,구로구,3,8,20,Cash,Bike,3,0.73,3
OD3829365191,22:49:43,23:05:29.833823,3.821,15.7806,24.2936,서울특별시,영등포구,6,22,2,Card,Bike,3,0.9,3
OD2763661208,14:03:42,14:18:57.544350,2.01,15.2591,15.2785,경기도,안산시 상록구,1,14,4,Cash,Bike,3,1.1,3
OD2199244280,13:56:11,14:22:32.069582,3.942,26.3512,27.4415,서울특별시,노원구,2,13,26,AppPay,Scooter,4,0.56,4
OD6904943735,03:19:38,03:36:41.431011,1.23,17.0572,11.4473,경기도,수원시 장안구,5,3,22,Card,Bike,5,1.04,4
OD0404005878,23:41:48,00:16:46.184425,9.149,34.9697,17.8503,서울특별시,용산구,3,23,13,AppPay,Bike,3,2.05,3
OD5558634448,21:58:28,22:16:40.507943,4.261,18.2085,24.0249,경기도,용인시 기흥구,0,21,17,Cash,Bike,2,2.02,2
OD1378395322,21:55:04,22:06:43.092408,2.289,11.6515,20.8593,서울특별시,서초구,1,21,1,Card,Car,3,0.63,3
OD0662559290,10:46:59,11:25:33.430923,5.661,38.5738,11.2811,서울특별시,영등포구,5,10,22,Card,Bike,4,2.56,4
OD6036229962,22:18:41,22:41:35.279315,4.261,22.9047,26.7991,경기도,수원시 영통구,5,22,22,Cash,Scooter,3,0.08,4
OD1791338048,08:59:36,09:14:18.990180,2.767,14.7165,24.6808,서울특별시,관악구,3,8,20,AppPay,Scooter,2,1.82,4
OD0628107732,13:14:55,13:34:00.073428,3.629,19.0846,20.563,서울특별시,종로구,5,13,15,AppPay,Scooter,1,0.08,5
OD7777187046,03:13:34,03:33:47.789467,5.913,20.2298,18.4174,인천광역시,부평구,0,3,17,Cash,Bike,4,0.0,3
OD4852430924,21:27:44,21:52:55.519186,3.907,25.192,28.409,경기도,안산시 단원구,5,21,8,Cash,Car,3,0.1,3
OD3821891509,20:25:06,20:52:20.783419,7.172,27.2464,29.7828,서울특별시,노원구,4,20,21,AppPay,Car,3,1.25,3
OD4162163188,17:42:33,17:57:17.797932,0.5,14.7466,20.1986,경기도,고양시 덕양구,1,17,11,Cash,Bike,3,3.18,1
OD0983489421,17:57:42,18:20:44.491744,3.737,23.0415,22.5582,서울특별시,강남구,2,17,19,AppPay,Car,4,0.0,3
OD2950182102,03:45:29,04:11:18.414333,4.141,25.8236,10.2865,서울특별시,용산구,4,3,21,AppPay,Bike,1,3.85,5
OD0502541016,03:58:36,04:05:30.757538,2.266,6.9126,28.4449,경기도,평택시,4,3,14,Cash,Car,1,0.0,3
OD3846305065,07:02:32,07:10:39.238978,2.386,8.1206,29.4213,경기도,용인시 기흥구,3,7,6,Cash,Scooter,4,0.0,3
OD9733835347,17:30:58,17:42:07.507712,1.916,11.1585,31.7292,서울특별시,관악구,2,17,5,AppPay,Scooter,3,0.57,2
OD6418622092,21:28:34,21:43:45.825448,1.497,15.1971,13.775,경기도,김포시,2,21,26,Card,Bike,1,0.11,3
OD2751397144,17:57:34,18:03:17.224185,0.5,5.7204,16.8736,인천광역시,계양구,0,17,24,AppPay,Bike,3,0.35,2
OD5281144669,12:12:40,12:35:33.141948,3.439,22.8857,20.7308,경기도,수원시 영통구,4,12,28,Cash,Car,5,0.0,3
OD1866640479,14:58:10,15:12:22.279043,3.722,14.2047,26.0162,서울특별시,관악구,5,14,15,Card,Bike,5,3.42,3
OD5821082826,05:46:46,05:52:45.268535,0.5,5.9878,22.3219,서울특별시,중구,6,5,2,AppPay,Scooter,2,0.73,5
OD3864209786,13:24:18,13:31:25.799617,1.489,7.13,22.4716,서울특별시,용산구,2,13,12,Cash,Bike,1,0.2,3
OD2182650858,18:49:57,19:02:19.112667,2.715,12.3685,21.1351,경기도,안산시 단원구,6,18,9,Cash,Scooter,4,0.0,5
OD6947783414,01:10:15,01:35:35.030245,5.854,25.3338,18.4935,서울특별시,종로구,5,1,22,Cash,Scooter,4,0.27,4
OD9449679184,05:27:23,05:41:06.490075,2.696,13.7248,21.4045,경기도,수원시 영통구,3,5,13,AppPay,Bike,2,3.1,2
OD3988913141,10:03:15,10:19:35.894865,3.256,16.3482,26.3881,서울특별시,성동구,5,10,8,Cash,Car,4,1.13,2
OD1342773925,22:18:59,22:35:33.654806,0.541,16.5776,15.7549,서울특별시,송파구,0,22,24,AppPay,Bike,2,2.58,3
OD7894200691,22:24:41,22:46:16.668246,3.191,21.5945,20.967,서울특별시,관악구,4,22,21,Cash,Car,3,0.86,4
OD3815881740,22:36:56,22:56:18.351900,4.523,19.3725,29.7217,인천광역시,남동구,0,22,24,AppPay,Scooter,3,0.41,2
OD5753989961,07:44:52,07:59:10.173310,4.077,14.3029,25.5631,서울특별시,노원구,6,7,9,AppPay,Scooter,3,0.15,4
OD5088129016,02:16:55,02:32:31.635498,3.914,15.6106,27.2572,경기도,수원시 장안구,1,2,4,Card,Bike,4,0.14,3
OD4196935106,00:41:18,00:57:58.634539,1.722,16.6772,31.4285,서울특별시,동작구,6,0,9,Cash,Car,5,0.51,2
OD5216650201,04:37:58,04:54:12.371070,2.531,16.2395,35.0746,서울특별시,노원구,4,4,14,AppPay,Scooter,1,0.37,2
OD7241611975,12:30:54,12:46:38.693254,2.744,15.7449,15.6737,인천광역시,서구,3,12,13,Cash,Car,3,0.04,4
OD0514521120,19:45:26,20:04:24.611487,2.024,18.9769,17.6124,서울특별시,성동구,2,19,19,AppPay,Bike,4,0.97,3
OD7459436897,09:58:41,10:19:23.225527,2.971,20.7038,22.0381,경기도,안산시 상록구,0,9,31,Cash,Car,4,1.18,3
OD8489934937,15:30:37,15:49:15.956076,1.917,18.6493,20.4971,경기도,부천시,1,15,4,Card,Bike,3,1.54,4
OD7817763370,19:07:13,19:29:36.364712,4.873,22.3894,16.252,경기도,수원시 영통구,3,19,13,Card,Bike,1,2.9,3
OD0476086982,11:19:02,11:39:41.876602,4.248,20.6646,20.585,서울특별시,동작구,4,11,21,Card,Bike,2,2.45,3
OD0878148316,18:34:24,18:53:26.064771,2.206,19.0344,19.3124,서울특별시,강서구,6,18,2,AppPay,Bike,2,0.35,4
OD6843611973,01:45:01,02:07:31.659644,2.886,22.511,25.5826,인천광역시,계양구,3,1,13,AppPay,Bike,1,1.25,2
OD5494159499,05:06:41,05:27:11.693803,2.742,20.5116,15.9343,서울특별시,서초구,6,5,23,Card,Bike,2,0.57,5
OD2756241495,14:46:37,14:59:32.067896,2.781,12.9178,15.4744,서울특별시,중구,3,14,20,Cash,Bike,3,0.23,2
OD6748307792,04:34:28,04:48:55.747117,4.089,14.4625,33.207,경기도,광명시,4,4,14,Card,Scooter,3,0.18,1
OD4068303624,23:32:15,23:55:08.550686,3.791,22.8925,22.3277,서울특별시,관악구,1,23,4,Card,Bike,5,0.68,3
OD3326886371,21:11:13,21:22:03.066314,2.05,10.8344,21.4398,경기도,평택시,4,21,28,AppPay,Scooter,1,0.0,4
OD5583105787,07:26:14,07:47:53.255425,5.51,21.6543,32.0933,서울특별시,종로구,5,7,8,Cash,Car,2,0.69,1
OD3480502593,11:56:57,12:06:12.345179,0.792,9.2558,27.0443,서울특별시,은평구,0,11,3,Cash,Scooter,3,0.0,2
OD0628284563,09:40:20,09:51:33.700809,0.5,11.2283,22.3815,경기도,안산시 단원구,5,9,22,AppPay,Car,3,0.85,3
OD9757436254,12:05:15,12:19:50.244755,1.943,14.5874,19.0231,서울특별시,성북구,0,12,3,Cash,Scooter,2,3.02,4
OD3480085957,14:44:25,15:07:02.808723,5.378,22.6301,22.2539,서울특별시,강남구,5,14,15,AppPay,Bike,1,0.03,3
OD7268644127,08:28:06,08:37:06.610501,4.501,9.0102,29.9697,인천광역시,남동구,0,8,24,AppPay,Scooter,1,0.38,2
OD5317102108,03:24:31,03:46:00.806178,4.452,21.4968,13.0756,인천광역시,남동구,1,3,4,Cash,Bike,3,1.48,4
OD3794921199,23:52:08,00:12:03.912655,3.643,19.9319,25.8625,서울특별시,관악구,0,23,3,Cash,Scooter,3,0.42,3
OD8700350870,11:21:38,11:37:44.305721,0.5,16.1051,37.3995,서울특별시,마포구,0,11,10,AppPay,Car,3,0.43,2
OD1096240928,10:03:33,10:24:00.544865,4.997,20.4591,26.0407,인천광역시,연수구,5,10,15,Card,Scooter,4,3.75,4
OD8019309126,18:11:29,18:15:00.754300,0.5,3.5292,20.6969,경기도,광명시,4,18,14,Cash,Car,2,1.2,2
OD8501124681,23:40:39,00:00:30.463870,1.331,19.8577,14.0912,서울특별시,용산구,5,23,1,Cash,Bike,2,0.0,4
OD3060410532,04:08:18,04:20:54.404658,0.99,12.6067,11.531,서울특별시,관악구,4,4,7,Card,Bike,3,0.12,5
OD1723241784,16:29:16,16:40:43.152746,5.443,11.4525,28.5174,경기도,수원시 장안구,1,16,18,Cash,Scooter,4,1.48,3
OD8929208504,07:44:05,07:52:19.778909,0.5,8.2463,18.9589,서울특별시,종로구,0,7,10,Cash,Bike,2,1.89,3
OD7339812787,04:20:52,04:41:05.709183,6.117,20.2285,22.9717,서울특별시,성동구,5,4,29,AppPay,Bike,3,0.0,2
OD0469165533,07:02:41,07:21:38.406586,0.92,18.9568,12.562,서울특별시,송파구,0,7,31,Card,Bike,5,0.86,3
OD6731161486,07:36:11,07:41:30.612028,1.577,5.3269,17.7577,경기도,성남시 중원구,2,7,19,AppPay,Bike,3,0.05,4
OD8116978320,01:46:26,01:55:25.456196,4.204,8.9909,28.0538,경기도,수원시 장안구,3,1,27,AppPay,Scooter,5,1.43,3
OD1621132795,17:33:44,18:22:37.144346,6.179,48.8857,8.0,경기도,고양시 덕양구,0,17,10,Cash,Bike,2,1.6,5
OD9616427379,08:09:13,08:28:46.967288,6.145,19.5661,31.1141,서울특별시,영등포구,2,8,19,AppPay,Scooter,3,1.94,2
OD1062588368,07:57:07,08:12:18.706891,3.512,15.1951,27.1804,경기도,평택시,3,7,13,AppPay,Scooter,4,0.93,4
OD6509623882,13:21:58,13:33:55.725801,2.058,11.9621,16.9315,경기도,수원시 장안구,3,13,27,Cash,Car,4,0.81,4
OD9719771601,12:16:13,12:38:03.061686,4.598,21.8344,26.0306,경기도,김포시,0,12,17,Card,Bike,3,0.04,1
OD4230739575,11:25:55,11:50:38.043064,5.933,24.7174,24.4282,서울특별시,노원구,4,11,7,Cash,Car,4,1.45,2
OD0401985319,12:44:56,13:02:37.372197,6.388,17.6895,21.6656,서울특별시,마포구,3,12,20,AppPay,Bike,3,0.21,2
OD3130118914,16:55:33,17:20:34.539483,3.808,25.0257,16.1634,인천광역시,연수구,2,16,19,Card,Bike,1,2.11,4
OD5931846830,17:29:11,17:42:35.671613,4.05,13.4112,29.9162,경기도,평택시,2,17,26,Cash,Scooter,4,1.61,3
OD3719821020,17:17:32,17:30:05.847725,2.113,12.5641,20.9329,서울특별시,동작구,6,17,23,Card,Scooter,4,1.04,3
OD7703481793,15:18:07,15:44:00.738260,3.894,25.8956,25.8072,경기도,안산시 단원구,1,15,18,Cash,Scooter,4,0.0,3
OD1517209747,13:54:37,14:12:27.410170,1.478,17.8402,10.9332,서울특별시,성북구,4,13,21,Cash,Bike,3,0.38,4
OD4359386748,07:04:13,07:20:16.360187,1.448,16.056,23.6325,서울특별시,종로구,3,7,20,AppPay,Bike,4,1.95,2
OD8548832277,12:59:55,13:20:32.684017,3.255,20.6281,19.4025,서울특별시,마포구,4,12,28,Card,Car,1,1.27,2
OD1017271081,19:03:39,19:24:13.201580,4.219,20.57,16.7767,서울특별시,관악구,0,19,10,Cash,Bike,2,0.19,2
OD8101310441,07:50:37,08:10:15.226157,3.911,19.6371,38.7715,서울특별시,강서구,6,7,23,AppPay,Car,3,1.83,1
OD2513292711,09:07:28,09:30:43.073682,4.0,23.2512,14.4999,경기도,수원시 장안구,0,9,24,Cash,Bike,4,4.07,3
OD4977942604,20:17:43,20:33:29.306363,2.22,15.7718,15.3429,경기도,성남시 중원구,6,20,30,Card,Bike,2,0.0,4
OD0839238696,19:58:47,20:11:17.919185,4.712,12.5153,28.0902,서울특별시,구로구,3,19,6,Cash,Car,3,0.41,2
OD8968160929,22:38:58,23:02:16.477536,5.406,23.308,16.5249,서울특별시,서초구,6,22,2,AppPay,Bike,3,1.52,3
OD4270454889,09:42:45,10:00:23.238540,2.592,17.6373,30.3532,서울특별시,송파구,5,9,15,Cash,Scooter,5,0.0,3
OD9481290868,01:02:32,01:11:42.987600,2.293,9.1831,21.7764,서울특별시,용산구,6,1,16,AppPay,Bike,2,0.0,3
OD0976562874,11:18:37,11:49:01.838277,4.0,30.414,18.1835,경기도,성남시 중원구,5,11,22,Cash,Bike,3,1.82,3
OD6896905828,11:30:33,11:59:33.910216,8.309,29.0152,24.8056,경기도,안산시 단원구,4,11,21,Cash,Scooter,4,0.48,3
OD1938414682,04:29:14,04:50:05.713160,4.412,20.8619,30.5053,경기도,성남시 분당구,4,4,21,Cash,Scooter,3,2.23,2
OD6282293628,19:16:06,19:24:49.740675,1.054,8.729,32.9622,서울특별시,은평구,2,19,19,Card,Scooter,2,1.03,2
OD6058610271,16:31:58,16:51:02.846859,1.743,19.0808,11.7103,경기도,안산시 상록구,0,16,24,Card,Bike,3,1.47,5
OD8738679277,15:16:41,15:22:45.650573,1.712,6.0775,37.1883,경기도,수원시 영통구,1,15,11,Cash,Scooter,2,0.29,2
OD9291973423,08:30:48,08:53:44.422321,1.938,22.9404,23.394,경기도,시흥시,6,8,2,AppPay,Bike,3,0.02,2
OD2387051371,04:34:37,04:45:22.304570,2.248,10.7551,35.8585,경기도,용인시 기흥구,2,4,2,AppPay,Scooter,2,0.72,1
OD2409600937,00:34:09,00:44:14.645008,3.639,10.0941,21.6318,경기도,안산시 상록구,5,0,8,Card,Bike,5,0.39,3
OD7082536750,22:01:19,22:33:25.437367,5.223,32.1073,14.1619,경기도,용인시 수지구,3,22,6,AppPay,Bike,4,0.0,3
OD8704423726,16:44:45,17:15:31.255628,5.261,30.7709,13.5866,서울특별시,중구,4,16,7,Card,Bike,3,3.22,3
OD4684354367,14:23:20,15:04:55.615021,6.148,41.5936,13.0641,인천광역시,부평구,6,14,2,Card,Bike,3,0.18,4
OD8648895967,02:41:53,03:04:00.446653,2.971,22.1241,30.5758,인천광역시,부평구,2,2,19,Cash,Scooter,3,0.22,4
OD5677799712,09:36:25,10:14:56.082263,9.205,38.518,24.8403,경기도,성남시 분당구,5,9,1,Cash,Bike,2,2.57,2
OD2668658702,17:06:25,17:35:39.253497,5.283,29.2376,12.1744,서울특별시,중구,4,17,21,AppPay,Bike,2,0.58,4
OD3794732319,02:21:35,02:44:04.247695,4.225,22.4875,21.7409,경기도,김포시,4,2,21,AppPay,Bike,4,0.0,3
OD7837807587,14:36:19,14:52:13.992191,2.444,15.9165,21.8454,서울특별시,은평구,2,14,19,Card,Car,3,2.98,3
OD2427164876,06:50:03,07:12:03.266569,4.288,22.0044,26.4749,경기도,용인시 기흥구,4,6,28,Cash,Scooter,2,0.73,3
OD3801618383,12:47:25,13:13:59.060165,4.005,26.5677,30.1102,경기도,안산시 단원구,6,12,23,AppPay,Scooter,5,1.2,3
OD9719835042,06:28:40,06:36:39.047116,1.697,7.9841,19.517,경기도,고양시 덕양구,6,6,30,Cash,Car,1,0.21,4
OD4301042413,03:40:19,04:00:30.769550,4.007,20.1962,22.0842,서울특별시,마포구,2,3,2,Cash,Scooter,4,1.84,4
OD9101632243,23:48:39,00:02:17.446847,2.453,13.6408,28.6036,서울특별시,관악구,4,23,28,AppPay,Scooter,2,1.3,3
OD4544013587,03:24:54,03:31:05.215939,0.5,6.1869,22.598,경기도,용인시 기흥구,4,3,14,AppPay,Bike,1,3.11,2
OD3680527979,01:55:45,02:13:39.878432,3.587,17.9146,19.9308,서울특별시,동작구,2,1,12,Card,Car,3,3.43,3
OD8871359778,01:54:00,02:29:42.885975,7.478,35.7148,25.2751,인천광역시,부평구,2,1,5,Cash,Car,4,5.07,3
OD6611563941,13:17:08,13:35:04.800371,0.736,17.9467,27.3191,서울특별시,관악구,0,13,24,Card,Scooter,3,5.26,3
OD0095358121,16:53:38,17:13:13.247700,5.214,19.5875,19.194,경기도,성남시 분당구,6,16,9,AppPay,Bike,3,4.76,2
OD1877077042,04:39:49,04:58:47.046574,3.87,18.9674,24.3685,서울특별시,노원구,6,4,30,Cash,Bike,4,4.72,3
OD6905179400,12:30:12,13:00:50.768042,4.029,30.6461,21.3595,경기도,수원시 장안구,5,12,22,Cash,Bike,3,1.36,3
OD8025764338,09:18:09,09:29:14.758083,0.708,11.096,20.6737,경기도,부천시,3,9,27,Card,Car,1,3.75,4
OD2792030419,02:46:50,03:00:40.243451,2.753,13.8374,23.8188,인천광역시,연수구,6,2,23,Card,Scooter,3,1.07,5
OD5904674138,15:57:04,16:21:22.438865,3.136,24.3073,12.4258,서울특별시,종로구,0,15,31,Cash,Bike,2,0.69,3
OD5728005081,14:06:15,14:13:18.908324,2.448,7.0651,21.0068,서울특별시,영등포구,4,14,7,AppPay,Bike,3,0.15,4
OD0099045491,14:40:04,14:50:21.004860,0.5,10.2834,27.651,경기도,용인시 기흥구,5,14,1,Cash,Scooter,4,1.75,3
OD8392317638,06:59:01,07:18:01.279089,4.049,19.0047,23.9138,서울특별시,용산구,0,6,17,Cash,Bike,2,2.51,1
OD3222212299,05:44:17,05:53:25.992444,1.339,9.1499,25.0482,인천광역시,부평구,5,5,8,Cash,Scooter,4,0.47,4
OD8495276339,12:40:36,13:29:12.624130,6.352,48.6104,10.3209,인천광역시,남동구,0,12,17,Cash,Bike,1,3.01,4
OD7006417470,14:44:17,15:02:12.145360,3.514,17.9191,29.5889,서울특별시,용산구,6,14,2,Card,Scooter,4,1.78,2
OD6749971604,16:53:51,17:00:32.631387,0.5,6.6939,23.8195,서울특별시,성동구,2,16,19,AppPay,Scooter,1,0.95,5
OD6687009355,17:19:03,17:38:30.844238,3.749,19.4641,19.1593,인천광역시,동구,3,17,6,Cash,Scooter,2,0.22,4
OD5360609815,10:13:43,10:27:06.931899,2.061,13.3989,20.9221,서울특별시,송파구,5,10,1,Card,Scooter,3,0.83,4
OD8309701168,07:10:29,07:28:23.009464,7.073,17.9002,23.7074,경기도,고양시 덕양구,4,7,14,Card,Scooter,3,0.47,4
OD7883758794,14:47:57,15:07:44.354883,3.542,19.7892,34.3585,서울특별시,성북구,2,14,5,Card,Scooter,3,2.71,3
OD0632141906,04:09:49,04:40:46.283403,6.745,30.9547,16.5472,경기도,성남시 중원구,0,4,3,AppPay,Bike,4,0.96,3
OD6745211441,10:19:46,10:39:19.504785,1.028,19.5584,23.087,서울특별시,용산구,3,10,27,Card,Scooter,1,2.93,3
OD9299348158,22:23:03,22:31:34.538554,2.044,8.5256,14.3877,서울특별시,서초구,3,22,20,Card,Bike,4,4.98,3
OD8588743455,08:03:24,08:22:34.085783,5.931,19.1681,22.2988,서울특별시,강남구,6,8,9,Card,Bike,2,1.08,3
OD3176987706,23:52:14,00:18:12.650058,5.243,25.9775,22.9746,인천광역시,연수구,3,23,20,AppPay,Bike,2,2.81,3
OD1574574470,20:53:26,20:59:31.458960,2.101,6.091,20.6925,서울특별시,영등포구,0,20,3,AppPay,Car,4,0.28,4
OD0610664177,16:30:42,16:39:58.367337,2.526,9.2728,34.9776,서울특별시,영등포구,0,16,3,AppPay,Scooter,1,0.0,1
OD7706736524,16:00:05,16:29:51.660624,4.758,29.7777,17.0625,경기도,성남시 분당구,1,16,11,Card,Bike,4,1.92,4
OD8435010884,15:25:54,15:47:12.370408,4.345,21.3062,18.466,경기도,광명시,6,15,23,Card,Bike,2,2.51,3
OD5361915026,06:22:41,06:27:03.222987,0.5,4.3704,19.1686,서울특별시,강서구,2,6,26,Cash,Bike,3,1.46,3
OD0699063361,17:06:55,17:27:32.101147,3.291,20.6184,16.1437,경기도,안산시 단원구,5,17,8,Card,Bike,1,0.4,4
OD4516630695,01:07:56,01:25:19.615023,5.607,17.3936,29.4447,인천광역시,동구,4,1,28,Card,Car,3,1.0,2
OD9042886027,17:03:12,17:14:44.123257,0.5,11.5354,24.9746,경기도,안산시 단원구,3,17,6,Cash,Bike,1,6.18,4
OD1429068019,15:58:38,16:24:33.806065,5.953,25.9301,18.3549,경기도,성남시 분당구,2,15,5,Card,Bike,3,3.4,2
OD9728574723,11:14:36,11:36:40.794893,5.149,22.0799,21.7154,경기도,부천시,1,11,25,Card,Bike,3,0.83,3
OD3163068483,05:38:34,06:00:42.951967,3.021,22.1492,17.0646,서울특별시,송파구,5,5,22,Card,Bike,3,0.15,5
OD1290354877,07:46:11,08:02:25.589842,4.241,16.2432,25.9536,서울특별시,서초구,0,7,24,AppPay,Scooter,5,0.0,4
OD2954298903,12:49:27,13:12:46.006532,2.348,23.3168,18.2489,서울특별시,송파구,0,12,3,Card,Bike,2,0.3,3
OD9252721537,08:31:16,08:52:26.451974,4.571,21.1742,24.5382,서울특별시,성동구,1,8,11,AppPay,Car,3,0.16,3
OD1613747128,21:31:40,21:37:59.473104,2.941,6.3246,35.2899,인천광역시,동구,3,21,20,AppPay,Scooter,1,0.0,2
OD7357006683,02:09:43,02:22:23.016416,2.96,12.6669,19.0794,경기도,성남시 중원구,5,2,15,Card,Scooter,4,0.12,5
OD5365666432,04:51:47,05:10:25.346519,1.686,18.6391,21.5883,서울특별시,노원구,1,4,11,AppPay,Scooter,4,1.89,4
OD4305999516,03:52:21,04:03:41.963097,1.776,11.3494,25.4176,서울특별시,관악구,4,3,21,Cash,Bike,6,0.49,2
OD7980986022,02:20:48,02:39:41.025271,3.855,18.8838,28.3136,서울특별시,은평구,4,2,7,AppPay,Scooter,2,6.05,5
OD8904158540,01:33:12,01:58:37.825666,4.956,25.4304,23.9593,서울특별시,관악구,2,1,2,Cash,Scooter,1,0.0,4
OD9463036014,01:57:45,02:00:18.411996,1.059,2.5569,24.8499,인천광역시,연수구,0,1,17,Card,Bike,3,0.46,2
OD3595881804,09:34:25,09:54:01.677663,3.76,19.6113,18.9729,경기도,성남시 분당구,6,9,16,AppPay,Bike,2,1.71,3
OD4826866056,02:09:05,02:35:55.726383,5.939,26.8454,20.3169,서울특별시,영등포구,1,2,11,AppPay,Bike,1,2.11,2
OD6545695632,03:08:43,03:23:52.682842,3.131,15.1614,18.9976,서울특별시,구로구,1,3,18,Card,Bike,3,0.07,2
OD4114486501,13:52:22,14:06:14.201441,0.722,13.87,17.6196,서울특별시,서초구,2,13,5,Card,Bike,5,0.99,3
OD3122521257,22:57:20,23:12:38.396333,2.946,15.3066,32.3539,서울특별시,중구,3,22,20,Cash,Scooter,1,1.13,3
OD1995183009,01:29:58,01:49:47.123496,2.723,19.8187,13.1318,서울특별시,송파구,6,1,16,Card,Bike,4,3.95,4
OD7882645273,05:33:13,05:49:57.171097,2.499,16.7362,19.8535,서울특별시,송파구,5,5,15,AppPay,Bike,2,4.17,4
OD3617591671,09:01:16,09:19:00.419868,2.38,17.7403,19.5674,서울특별시,송파구,1,9,18,Cash,Bike,2,0.0,2
OD3662476658,16:37:52,17:09:24.206496,3.755,31.5368,20.3141,서울특별시,종로구,3,16,27,AppPay,Car,3,0.91,5
OD3381315392,08:22:05,08:34:27.929329,1.802,12.3822,19.5897,서울특별시,강남구,6,8,16,Cash,Bike,3,6.4,3
OD9936796581,05:13:32,05:30:50.928516,0.5,17.3155,26.496,경기도,용인시 수지구,0,5,3,AppPay,Car,2,0.49,3
OD6830618738,03:42:36,04:08:46.151847,5.822,26.1692,28.9268,-,-,4,3,7,Cash,Bike,2,0.26,3
OD8668002877,06:06:51,06:39:59.199868,4.361,33.1367,16.8107,서울특별시,송파구,0,6,24,Cash,Bike,1,0.8,4
OD4530553297,04:40:31,04:52:37.346056,2.958,12.1058,19.8663,서울특별시,강서구,6,4,9,Card,Bike,4,0.34,2
OD7383192552,20:21:42,20:32:07.953636,2.266,10.4326,35.1774,서울특별시,용산구,6,20,9,Cash,Scooter,3,1.8,2
OD8807296250,03:03:52,03:12:59.091156,4.162,9.1182,30.6837,경기도,용인시 수지구,0,3,17,Cash,Scooter,2,2.19,4
OD9161911007,10:20:58,10:36:28.519051,2.127,15.5087,30.8285,서울특별시,강남구,6,10,2,Card,Scooter,4,3.08,3
OD0356446274,04:29:31,04:41:46.835613,4.155,12.2639,26.5347,경기도,안산시 상록구,2,4,5,Card,Car,3,1.26,3
OD6136237788,05:56:18,06:13:11.971241,0.902,16.8995,23.6606,인천광역시,미추홀구,4,5,7,Card,Scooter,2,2.2,3
OD1153289492,21:17:13,21:33:51.686730,1.926,16.6448,19.8605,서울특별시,관악구,6,21,9,AppPay,Scooter,4,0.75,4
OD5503729968,05:43:47,06:00:38.049691,2.374,16.8508,21.6698,서울특별시,송파구,3,5,20,Cash,Bike,3,1.02,3
OD2738930583,23:42:01,23:53:39.698461,4.029,11.645,35.3784,서울특별시,송파구,4,23,28,Card,Scooter,2,0.7,3
OD0713617279,22:21:59,22:48:35.638383,3.965,26.6106,11.17,서울특별시,은평구,2,22,26,AppPay,Bike,3,2.52,4
OD9108972232,20:54:22,21:04:14.910320,3.691,9.8818,22.4135,서울특별시,구로구,1,20,18,Card,Bike,3,1.57,4
OD8747559473,11:59:58,12:25:36.109086,4.601,25.6352,24.1646,서울특별시,노원구,3,11,27,Card,Scooter,5,1.74,5
OD0841245623,10:32:11,10:43:53.869833,3.611,11.7145,21.5271,서울특별시,용산구,2,10,5,Cash,Bike,3,0.0,3
OD4412260922,02:38:52,03:00:41.050890,3.503,21.8175,24.4708,서울특별시,은평구,1,2,25,AppPay,Bike,4,0.0,1
OD9090512875,11:27:23,11:38:30.340800,3.125,11.1223,31.308,경기도,용인시 수지구,2,11,12,Card,Scooter,2,0.79,2
OD6026739659,06:51:54,07:29:36.053466,5.714,37.7009,12.5156,서울특별시,서초구,5,6,8,Card,Bike,4,0.23,3
OD8135496260,11:36:04,11:56:34.123679,5.547,20.5021,25.6834,인천광역시,부평구,6,11,2,Card,Scooter,3,3.29,3
OD0526208283,15:48:17,16:11:10.266523,5.544,22.8878,24.2027,서울특별시,중구,4,15,14,Card,Scooter,4,0.01,3
OD5992664544,15:58:17,16:13:37.409901,2.548,15.3402,27.6491,경기도,시흥시,0,15,3,Card,Scooter,5,0.0,2
OD1710005193,20:37:11,20:49:25.556233,2.957,12.2426,14.4915,서울특별시,강서구,5,20,15,Card,Bike,5,0.65,4
OD4736707511,20:53:11,21:07:20.941874,1.731,14.1657,27.1771,서울특별시,은평구,2,20,26,AppPay,Bike,3,4.46,3
OD0136575082,01:00:03,01:12:10.946631,3.326,12.1324,21.194,서울특별시,구로구,0,1,10,AppPay,Bike,4,0.14,1
OD5455744152,11:16:48,11:43:20.769560,2.967,26.5462,11.7405,서울특별시,마포구,1,11,4,Cash,Bike,1,0.85,4
OD0520249526,14:42:55,15:02:32.215291,2.378,19.6203,9.9514,경기도,고양시 덕양구,4,14,14,Card,Bike,3,0.28,4
OD3929422961,05:44:04,05:51:35.918656,2.569,7.532,32.4224,인천광역시,연수구,6,5,30,AppPay,Scooter,1,0.95,4
OD7958285183,15:01:15,15:18:51.946629,5.004,17.6158,32.366,서울특별시,강서구,3,15,27,Cash,Car,1,0.13,2
OD5314073893,11:33:47,11:46:37.569387,2.887,12.8428,36.3172,경기도,안산시 상록구,6,11,23,Card,Scooter,3,5.48,1
OD2782512433,13:12:22,13:29:29.096753,0.5,17.1183,30.0233,인천광역시,서구,4,13,14,Card,Scooter,4,1.34,3
OD0709691625,02:30:41,02:48:18.848721,2.842,17.6308,26.5375,서울특별시,강남구,0,2,24,Cash,Car,5,1.62,1
OD8163519316,08:07:52,08:22:13.543267,5.511,14.3591,35.4165,서울특별시,관악구,6,8,23,Card,Scooter,4,0.0,1
OD5477971462,10:48:48,11:04:04.296230,4.392,15.2716,23.0307,경기도,수원시 장안구,1,10,4,Cash,Scooter,5,0.13,2
OD9800457077,03:15:19,03:27:29.663809,3.778,12.1777,28.4755,경기도,부천시,6,3,23,Cash,Car,3,0.24,3
OD7407888797,22:32:33,22:50:51.369417,3.605,18.3062,23.4838,서울특별시,구로구,5,22,15,AppPay,Bike,3,0.0,2
OD7826137585,01:23:52,01:33:50.077035,3.608,9.968,29.3401,경기도,수원시 영통구,1,1,1,Cash,Car,4,1.23,3
OD7174451713,15:04:57,15:22:21.348497,1.128,17.4058,12.0256,경기도,시흥시,6,15,9,Card,Bike,2,1.81,3
OD9068519958,15:50:59,16:10:42.001341,2.916,19.7167,25.1055,서울특별시,영등포구,0,15,17,AppPay,Scooter,2,2.43,5
OD8971224916,23:12:27,23:24:09.943624,2.779,11.7157,14.2343,서울특별시,성동구,6,23,2,Card,Bike,3,1.19,3
OD9990985039,05:31:02,05:33:48.387497,0.5,2.7731,20.805,서울특별시,강서구,4,5,7,AppPay,Bike,3,0.26,2
OD9788904061,07:24:04,07:45:03.397868,5.049,20.99,28.0391,서울특별시,성북구,2,7,2,Card,Scooter,4,0.0,3
OD8381155223,12:29:53,12:51:28.694632,7.121,21.5949,24.3723,경기도,성남시 분당구,3,12,20,AppPay,Bike,2,1.36,2
OD8740217284,08:30:30,08:44:23.672708,1.858,13.8945,31.5467,인천광역시,연수구,5,8,15,Cash,Scooter,3,1.89,3
OD5815962488,05:59:42,06:15:56.922120,2.548,16.2487,13.6558,서울특별시,서초구,6,5,2,Cash,Car,4,0.63,4
OD5454179129,16:38:41,16:57:26.701300,2.89,18.7617,26.6122,서울특별시,은평구,3,16,6,AppPay,Scooter,3,1.58,3
OD6868076579,19:38:31,19:45:26.079004,2.598,6.918,26.5329,경기도,시흥시,2,19,5,AppPay,Bike,2,10.59,3
OD3806990753,08:33:42,08:47:38.974815,2.201,13.9496,31.8043,경기도,수원시 영통구,1,8,25,AppPay,Scooter,4,0.04,2
OD9942327002,02:58:10,03:28:01.878066,6.392,29.8646,18.9421,서울특별시,노원구,2,2,12,Cash,Car,3,1.34,4
OD5850978475,14:36:37,15:16:22.145685,6.807,39.7524,13.2412,경기도,시흥시,1,14,4,Card,Bike,2,1.18,3
OD3994813562,18:49:09,19:12:48.163811,4.339,23.6527,18.9102,인천광역시,부평구,2,18,12,AppPay,Car,3,7.91,3
OD8783871109,14:52:52,15:20:02.526662,4.04,27.1754,17.6254,서울특별시,동작구,5,14,8,Cash,Bike,4,0.0,3
OD4406758507,05:04:59,05:36:43.966529,3.889,31.7494,13.3425,경기도,광명시,2,5,12,Card,Bike,3,0.0,4
OD2898263084,02:50:42,03:16:51.331550,7.538,26.1555,25.2124,서울특별시,동작구,0,2,10,Cash,Car,3,1.75,2
OD5379500180,13:01:43,13:16:54.724652,0.5,15.1954,25.0705,경기도,성남시 분당구,2,13,5,Cash,Car,3,0.28,4
OD1772061982,00:26:45,00:45:06.657040,1.464,18.361,23.8822,인천광역시,동구,4,0,21,Card,Bike,2,3.63,2
OD0862632144,22:48:47,23:04:52.454584,4.441,16.0909,22.1127,서울특별시,송파구,0,22,31,Card,Car,3,0.18,3
OD3426493646,06:36:05,06:56:45.895147,3.186,20.6816,24.4969,경기도,고양시 덕양구,0,6,17,Card,Scooter,4,0.93,4
OD2097102882,16:05:54,16:14:29.633893,4.301,8.5939,30.0307,경기도,성남시 분당구,1,16,11,Cash,Scooter,3,3.24,2
OD9211717748,00:04:27,00:34:58.256266,7.364,30.5209,18.5784,경기도,수원시 장안구,6,0,9,Cash,Bike,3,0.0,4
OD1014436957,18:55:47,19:17:40.332526,3.531,21.8889,17.8007,경기도,부천시,0,18,10,Cash,Bike,4,1.15,4
OD3271624509,22:32:20,23:10:07.405441,6.63,37.7901,15.0121,서울특별시,관악구,0,22,17,AppPay,Bike,2,1.24,4
OD3293627216,19:08:54,19:31:22.256498,5.248,22.4709,41.2711,서울특별시,영등포구,6,19,9,Cash,Scooter,1,1.71,3
OD1334438639,03:59:37,04:18:30.553184,3.156,18.8926,17.9404,서울특별시,강서구,0,3,17,Card,Bike,3,0.2,3
OD2536595950,06:27:01,06:45:57.267534,3.187,18.9378,19.5081,경기도,성남시 중원구,2,6,12,Card,Bike,3,1.34,2
OD0029191298,04:36:41,05:11:13.162856,5.759,34.536,13.7268,경기도,성남시 중원구,6,4,16,Cash,Bike,6,0.7,3
OD4011392775,18:20:23,18:45:05.413026,2.836,24.7069,19.1514,경기도,시흥시,2,18,5,Cash,Bike,2,2.98,3
OD9429071221,02:34:44,02:41:04.115198,0.768,6.3353,19.8699,서울특별시,서초구,0,2,10,AppPay,Bike,4,0.46,2
OD6578524311,16:27:20,17:13:50.451376,5.557,46.5075,10.3201,경기도,수원시 장안구,1,16,25,AppPay,Bike,3,1.7,4
OD4359672892,02:02:37,02:12:36.524950,0.5,9.9921,30.5753,인천광역시,미추홀구,6,2,23,AppPay,Bike,4,1.12,2
OD8545475665,05:35:51,05:50:24.494850,3.071,14.5582,22.2512,인천광역시,서구,1,5,25,Card,Car,4,0.17,4
OD4806041285,09:28:14,09:58:14.601270,5.204,30.01,17.4786,인천광역시,계양구,6,9,9,Cash,Car,2,0.0,4
OD6798749837,09:27:22,09:42:35.847409,4.403,15.2308,17.46,경기도,수원시 영통구,4,9,21,AppPay,Bike,3,0.38,3
OD2467551588,01:17:31,01:30:24.075919,1.696,12.8846,13.4872,서울특별시,종로구,6,1,9,AppPay,Bike,3,1.77,1
OD0333395051,13:08:06,13:21:01.565722,1.382,12.9261,20.7802,서울특별시,동작구,2,13,26,Cash,Bike,4,0.0,2
OD2078064833,10:46:47,10:59:05.687624,1.587,12.3115,37.0849,경기도,부천시,0,10,3,AppPay,Scooter,3,0.41,1
OD1746487805,00:08:38,00:30:10.688419,5.482,21.5448,28.7088,인천광역시,계양구,1,0,25,AppPay,Car,3,0.63,1
OD3499606614,12:08:24,12:19:54.941440,2.042,11.5157,25.275,서울특별시,송파구,1,12,4,AppPay,Car,4,0.0,3
OD5545207852,20:25:59,20:49:14.153692,2.958,23.2526,19.6877,경기도,시흥시,2,20,5,AppPay,Car,5,0.81,2
OD5132578112,21:09:38,21:36:43.558123,5.845,27.0926,14.4854,서울특별시,송파구,1,21,25,Cash,Bike,4,1.18,3
OD0759195681,19:54:51,20:03:56.208322,3.295,9.0868,21.9642,서울특별시,송파구,0,19,24,AppPay,Bike,2,1.25,3
OD3359229331,09:52:03,10:08:43.541066,1.522,16.6757,33.6253,경기도,수원시 영통구,4,9,28,Card,Car,3,0.98,2
OD2144099976,09:45:17,09:50:16.156333,0.5,4.9859,14.5573,경기도,성남시 중원구,6,9,16,Cash,Bike,5,1.27,5
OD0785280210,00:27:24,00:47:05.430562,3.937,19.6905,15.8643,인천광역시,계양구,0,0,3,Cash,Bike,3,0.47,4
OD2844473054,06:20:19,06:32:01.008320,5.513,11.7001,28.271,서울특별시,강남구,1,6,4,AppPay,Scooter,2,0.12,3
OD5379023345,06:52:27,07:15:33.986297,3.882,23.1164,10.0766,서울특별시,동작구,2,6,26,Card,Bike,3,0.72,4
OD1268184632,03:46:43,04:09:25.921246,5.686,22.7154,31.752,경기도,시흥시,6,3,23,Card,Scooter,4,2.41,2
OD7854181628,03:30:09,03:56:22.930445,7.3,26.2322,32.4783,경기도,안산시 상록구,3,3,20,AppPay,Scooter,4,0.78,3
OD1135074739,23:41:34,23:56:56.774806,1.488,15.3796,29.6912,-,-,5,23,1,AppPay,Bike,3,1.28,1
OD3462560661,01:36:20,01:52:13.451411,3.685,15.8909,36.7473,경기도,평택시,4,1,14,Card,Scooter,4,3.54,3
OD3725560961,08:19:41,08:45:20.976230,3.352,25.6663,10.4908,인천광역시,부평구,5,8,22,Card,Bike,3,1.65,4
OD2167866341,13:20:12,13:34:29.825791,1.932,14.2971,22.2419,경기도,김포시,3,13,20,Card,Scooter,4,1.06,3
OD4760675984,10:00:07,10:16:24.111429,2.3,16.2852,24.4757,인천광역시,미추홀구,5,10,29,AppPay,Bike,2,0.73,2
OD5120537283,17:35:37,17:56:10.943572,4.767,20.5657,34.0497,경기도,시흥시,0,17,24,Cash,Scooter,3,1.79,1
OD8855946268,08:09:32,08:16:51.562984,1.365,7.326,31.0446,서울특별시,서초구,3,8,20,AppPay,Scooter,4,0.75,2
OD8630801439,21:23:12,21:35:49.249136,2.951,12.6208,20.1864,서울특별시,성북구,0,21,10,Cash,Car,1,3.02,3
OD5293224332,07:00:30,07:17:53.785763,3.543,17.3964,28.056,경기도,수원시 장안구,6,7,16,Cash,Scooter,4,1.36,3
OD7090147524,17:34:25,17:48:43.105525,3.659,14.3018,19.8878,경기도,수원시 영통구,3,17,13,AppPay,Bike,3,0.13,2
OD0350220827,08:39:59,08:52:14.567617,3.397,12.2595,30.339,서울특별시,노원구,1,8,11,Card,Scooter,5,0.02,2
OD7959263986,23:25:30,23:38:35.366886,3.284,13.0894,29.4304,서울특별시,송파구,1,23,1,Card,Scooter,3,2.31,2
OD9112437619,17:36:37,17:45:31.941249,2.095,8.9157,17.168,서울특별시,송파구,1,17,25,Card,Bike,2,2.61,3
OD9503604079,05:19:27,05:33:45.029780,1.943,14.3005,32.8248,경기도,수원시 영통구,0,5,31,Cash,Scooter,3,0.02,3
OD8566197413,07:42:06,08:04:13.329863,4.273,22.1222,32.0956,서울특별시,은평구,2,7,19,Card,Scooter,2,0.82,3
OD6427560204,14:02:01,14:23:19.770902,4.313,21.3128,24.1091,서울특별시,송파구,2,14,5,AppPay,Car,2,0.95,5
OD2827938936,18:36:16,19:06:02.398321,3.617,29.7733,10.5952,서울특별시,서초구,2,18,5,Card,Bike,4,3.79,4
OD7903687811,20:15:50,20:25:09.877951,0.5,9.3313,13.0877,서울특별시,종로구,2,20,26,Cash,Bike,3,0.14,2
OD5696019603,17:33:56,17:45:57.949393,1.909,12.0325,23.1734,서울특별시,성동구,2,17,12,Card,Bike,2,0.19,2
OD6297488723,00:46:17,00:56:24.890371,2.189,10.1315,26.2287,경기도,김포시,1,0,1,AppPay,Bike,2,2.8,1
OD6441396527,12:49:29,13:05:21.822716,3.544,15.8804,21.7043,서울특별시,성북구,2,12,19,Cash,Bike,1,0.08,3
OD4679099374,20:13:03,20:27:08.389520,3.171,14.0898,18.7942,경기도,수원시 영통구,5,20,15,Card,Bike,2,0.21,3
OD5337691726,17:34:17,17:51:03.982324,2.664,16.783,15.4664,경기도,부천시,5,17,1,Cash,Bike,1,2.46,4
OD4943985240,21:10:36,21:23:35.845636,5.328,12.9974,34.5391,서울특별시,종로구,1,21,25,Cash,Scooter,2,3.93,2
OD9299351358,14:25:21,14:45:13.775399,3.446,19.8796,23.2942,경기도,수원시 영통구,1,14,4,Cash,Car,2,0.53,4
OD5719044765,15:55:09,16:45:04.353888,8.507,49.9226,14.0366,경기도,평택시,6,15,16,Cash,Bike,2,1.0,4
OD5997951663,22:54:09,23:23:10.280836,5.6,29.0213,11.7665,서울특별시,서초구,4,22,21,AppPay,Bike,4,4.41,4
OD3733693491,15:07:54,15:35:52.202569,3.817,27.97,8.4422,서울특별시,강남구,5,15,1,AppPay,Bike,5,0.6,5
OD4410894466,04:56:50,05:23:15.863396,4.279,26.4311,31.2216,서울특별시,관악구,2,4,26,Cash,Car,2,0.29,2
OD7550896999,09:50:03,10:04:54.051081,1.262,14.8509,31.0937,인천광역시,연수구,3,9,13,AppPay,Scooter,2,0.65,4
OD0703168070,23:48:34,00:04:11.139190,3.378,15.619,20.8918,경기도,안산시 단원구,6,23,16,Card,Bike,2,0.52,2
OD6820959012,17:25:27,17:34:30.057062,0.5,9.051,17.1069,-,-,6,17,2,AppPay,Bike,5,1.0,3
OD8357323794,06:12:54,06:51:07.870424,4.507,38.2312,8.0,경기도,부천시,3,6,27,Card,Bike,3,1.54,5
OD5775429611,01:40:14,02:11:31.080011,6.967,31.2847,23.7789,서울특별시,종로구,1,1,1,Cash,Scooter,3,1.15,4
OD6252049415,23:17:45,23:30:11.419094,3.524,12.4403,27.0327,서울특별시,마포구,4,23,7,Card,Scooter,5,0.35,3
OD3648101263,06:40:49,06:49:34.159484,1.044,8.7527,17.6567,서울특별시,영등포구,6,6,2,Card,Bike,4,0.15,3
OD7342853944,11:43:31,12:08:45.176248,6.078,25.2363,24.7218,서울특별시,노원구,1,11,25,Card,Scooter,1,0.74,3
OD5734732541,10:51:09,11:10:02.207953,2.688,18.8868,22.4885,경기도,용인시 기흥구,2,10,26,Card,Bike,3,3.66,3
OD8836534876,19:07:58,19:18:31.146257,0.5,10.5524,23.8525,인천광역시,남동구,1,19,11,Cash,Scooter,3,0.97,3
OD0584164069,08:51:10,08:52:05.430063,0.5,0.9238,32.4734,경기도,용인시 수지구,0,8,3,AppPay,Scooter,1,0.25,4
OD8437402707,16:53:52,17:43:53.613842,6.189,50.0269,9.7533,경기도,성남시 중원구,0,16,17,Cash,Bike,4,1.27,4
OD4136624727,03:18:27,03:41:43.657261,3.898,23.2776,28.252,서울특별시,성북구,5,3,15,Card,Car,3,0.61,1
OD4088777834,17:32:25,17:53:26.336297,3.413,21.0223,19.5962,경기도,시흥시,2,17,12,Card,Bike,3,1.32,4
OD4177781178,10:29:44,10:49:29.518783,3.698,19.7586,17.8226,서울특별시,성동구,5,10,1,AppPay,Bike,3,0.0,4
OD5323497999,13:36:36,13:58:22.037347,5.449,21.7673,27.5595,서울특별시,종로구,2,13,5,Card,Car,2,0.44,4
OD5196697950,06:47:42,07:13:05.828346,2.758,25.3971,17.5612,서울특별시,관악구,0,6,3,AppPay,Bike,5,0.19,2
OD1259355954,17:05:09,17:33:59.960319,3.67,28.8493,9.8889,인천광역시,미추홀구,5,17,22,AppPay,Bike,3,2.87,4
OD0693453704,05:35:21,05:46:11.345266,5.481,10.8391,34.1332,인천광역시,동구,1,5,11,Card,Scooter,2,0.0,3
OD0149159621,05:37:59,05:47:06.531159,0.5,9.1255,17.9171,서울특별시,종로구,6,5,23,AppPay,Scooter,3,0.95,5
OD1090105607,21:28:09,21:41:45.727026,0.717,13.6121,30.8275,경기도,시흥시,2,21,19,Card,Scooter,3,0.89,3
OD6721701097,21:03:54,21:19:57.998872,1.564,16.0666,26.0916,서울특별시,마포구,3,21,27,Cash,Scooter,1,0.29,4
OD7536958658,23:38:02,23:53:38.423876,3.833,15.6071,23.8062,경기도,안산시 상록구,0,23,17,AppPay,Scooter,4,0.0,5
OD4524095482,07:51:30,08:10:17.113794,2.672,18.7852,26.816,인천광역시,동구,6,7,2,Card,Scooter,4,0.15,3
OD8298217528,13:14:31,13:36:23.624434,2.786,21.8771,22.4992,경기도,용인시 기흥구,2,13,26,AppPay,Bike,4,0.29,1
OD4739659738,05:03:12,05:26:41.106372,3.824,23.4851,24.5558,인천광역시,동구,4,5,14,AppPay,Scooter,3,0.68,5
OD1763539456,08:42:38,08:57:45.279031,3.9,15.1213,34.3784,서울특별시,종로구,4,8,28,AppPay,Car,3,0.09,1
OD7093250319,13:30:47,13:53:25.433615,5.155,22.6406,15.1659,경기도,고양시 덕양구,6,13,23,Cash,Bike,1,1.89,3
OD2357727983,02:29:27,02:47:08.816858,6.134,17.6969,34.0314,경기도,광명시,5,2,15,Card,Scooter,4,2.89,2
OD1621485762,03:55:37,04:14:37.311753,3.743,19.0052,29.4753,경기도,용인시 기흥구,2,3,19,Cash,Car,2,0.0,2
OD4533236912,09:31:22,09:50:36.539512,1.423,19.2423,12.4409,인천광역시,미추홀구,1,9,1,Cash,Bike,1,0.41,4
OD2745665172,04:14:17,04:37:58.278717,3.785,23.688,22.6754,서울특별시,동작구,6,4,16,Card,Bike,4,1.02,2
OD1209629668,08:44:38,09:00:06.857650,4.909,15.481,29.8838,경기도,광명시,2,8,12,Cash,Scooter,3,4.92,3
OD1774732890,11:02:10,11:12:06.361041,0.5,9.9394,32.3583,인천광역시,서구,6,11,16,Cash,Scooter,4,0.98,3
OD3763362533,12:47:39,13:35:33.359265,6.813,47.906,11.1178,경기도,평택시,6,12,23,Cash,Bike,4,0.8,5
OD9657296618,11:07:42,11:17:19.790212,2.772,9.6298,32.6351,경기도,고양시 덕양구,2,11,19,Card,Scooter,4,3.55,3
OD4682114294,04:29:57,04:51:13.502456,4.31,21.275,21.062,서울특별시,중구,5,4,29,Card,Scooter,3,4.52,3
OD2111062882,22:13:30,22:38:26.730388,5.819,24.9455,22.461,서울특별시,강서구,6,22,2,Card,Bike,1,6.34,2
OD7096117580,01:38:46,01:45:20.610341,0.5,6.5768,27.6927,서울특별시,은평구,1,1,11,Card,Scooter,2,0.56,2
OD5351316375,10:03:44,10:31:57.877462,4.13,28.2313,23.1985,서울특별시,성동구,4,10,28,AppPay,Scooter,3,2.58,5
OD9124388250,04:30:25,04:55:43.737482,2.545,25.3123,17.2982,경기도,수원시 장안구,6,4,23,AppPay,Bike,3,0.0,3
OD5280907980,00:02:19,00:18:14.511610,4.236,15.9252,19.3171,경기도,수원시 영통구,4,0,7,Cash,Bike,2,0.76,3
OD8899794967,13:04:02,13:19:05.203160,4.276,15.0534,18.0267,서울특별시,관악구,3,13,13,Cash,Bike,2,0.2,3
OD3420216814,08:18:04,08:47:05.024490,4.244,29.0171,11.1201,서울특별시,성동구,6,8,2,Card,Bike,3,0.32,4
OD0116201522,09:02:36,09:25:33.622828,3.955,22.9604,16.4028,서울특별시,은평구,4,9,21,Cash,Bike,4,1.58,2
OD4209657151,02:57:44,03:09:39.060521,2.442,11.9177,27.8522,경기도,평택시,3,2,27,Card,Scooter,1,0.65,3
OD3409432406,20:08:06,20:25:54.339051,3.974,17.8057,38.0545,서울특별시,은평구,2,20,12,AppPay,Scooter,4,1.19,2
OD4010564104,10:54:07,11:07:18.038966,2.158,13.184,24.886,경기도,시흥시,0,10,24,Cash,Scooter,3,3.71,4
OD1915286253,15:38:57,15:53:52.753891,1.401,14.9292,27.3446,서울특별시,종로구,6,15,9,Cash,Scooter,4,0.22,4
OD7270055478,06:43:59,07:09:15.695701,4.471,25.2783,18.557,서울특별시,동작구,3,6,13,Cash,Bike,3,1.33,3
OD4431234231,12:04:00,12:20:47.041834,3.181,16.784,32.1223,서울특별시,구로구,2,12,19,Card,Car,4,0.18,1
OD8655998245,09:20:28,09:32:26.633821,1.48,11.9772,14.9327,서울특별시,은평구,5,9,1,Cash,Bike,3,1.35,3
OD2246932097,13:48:41,13:54:34.811052,2.19,5.8969,38.4325,인천광역시,연수구,1,13,4,Cash,Car,3,0.33,2
OD7837814722,15:47:53,16:16:24.122644,4.331,28.5187,15.0488,서울특별시,노원구,6,15,9,Card,Bike,3,2.01,3
OD7174913843,16:24:07,16:42:03.358489,4.46,17.9393,28.9619,서울특별시,용산구,0,16,31,Cash,Scooter,4,0.3,3
OD3507863951,22:39:44,22:41:27.892159,0.697,1.7315,24.1687,경기도,평택시,5,22,22,Card,Bike,2,,3
OD5562650417,20:31:55,20:42:04.060855,5.121,10.151,30.2718,경기도,시흥시,0,20,3,Cash,Bike,4,1.18,2
OD8634064124,04:21:31,04:58:51.495871,4.379,37.3416,11.708,경기도,고양시 덕양구,4,4,21,Card,Bike,2,0.39,4
OD3172467068,15:32:35,15:45:43.895244,4.612,13.1483,34.9609,서울특별시,동작구,6,15,16,AppPay,Scooter,3,4.65,1
OD9551602909,02:06:34,02:25:27.690878,3.995,18.8948,28.7013,경기도,수원시 장안구,6,2,2,Card,Car,1,1.93,4
OD9714333455,23:09:25,23:25:29.047679,3.872,16.0675,19.5681,경기도,안산시 단원구,2,23,5,Card,Bike,3,4.0,3
OD2457046230,17:39:36,17:54:54.297277,5.368,15.305,26.7923,인천광역시,연수구,1,17,4,AppPay,Scooter,3,0.43,4
OD3433953837,21:31:51,22:16:57.348644,5.58,45.1058,8.8895,서울특별시,강남구,1,21,4,Card,Bike,2,1.84,4
OD7954728753,12:15:22,12:35:24.976277,0.5,20.0496,20.1036,경기도,안산시 단원구,0,12,3,Cash,Car,5,0.79,5
OD1436006566,05:50:12,05:59:15.972062,3.118,9.0662,20.6365,서울특별시,관악구,4,5,28,AppPay,Bike,3,0.0,2
OD8690095804,09:32:34,09:53:37.131588,3.363,21.0522,17.2733,경기도,고양시 덕양구,4,9,21,AppPay,Bike,2,0.79,5
OD6658345680,02:15:53,02:34:12.149448,6.439,18.3192,22.0801,경기도,용인시 수지구,1,2,11,Cash,Scooter,4,1.68,4
OD2967438661,02:06:15,02:34:53.936355,6.247,28.6489,15.2352,경기도,수원시 장안구,1,2,4,AppPay,Bike,2,1.07,4
OD3138785404,18:09:17,18:21:13.540906,4.842,11.9423,24.3288,서울특별시,서초구,3,18,20,Cash,Car,1,0.32,2
OD0335977386,15:29:12,15:45:47.197662,4.786,16.5866,27.7123,서울특별시,성북구,5,15,15,AppPay,Car,4,0.78,1
OD1665683603,23:12:40,23:25:08.967347,3.371,12.4828,21.0428,인천광역시,계양구,2,23,26,Card,Scooter,5,1.96,4
OD4734256555,04:03:22,04:29:33.069054,4.708,26.1845,19.7033,서울특별시,성동구,1,4,18,Cash,Car,5,0.58,4
OD7630272590,19:46:39,20:16:29.870711,7.985,29.8478,16.4757,서울특별시,서초구,4,19,28,Card,Bike,4,1.0,2
OD3379298088,01:39:36,01:50:58.814336,1.552,11.3802,11.8542,서울특별시,노원구,3,1,20,AppPay,Bike,2,0.16,4
OD6342099141,12:50:49,13:04:05.308843,0.863,13.2718,27.9308,경기도,시흥시,3,12,13,AppPay,Scooter,6,0.11,2
OD0475540254,06:58:45,07:11:07.060101,5.502,12.3677,36.079,경기도,수원시 장안구,4,6,28,Cash,Scooter,4,1.27,2
OD7255819790,17:32:17,17:49:01.414509,2.702,16.7402,19.976,경기도,성남시 중원구,0,17,17,Card,Car,2,2.55,4
OD0441060513,13:40:26,14:00:37.200644,7.197,20.1867,25.3863,서울특별시,종로구,1,13,18,Card,Car,3,0.0,3
OD1645488122,22:24:17,22:49:42.706011,5.145,25.4284,25.5129,서울특별시,서초구,4,22,28,AppPay,Bike,4,1.94,3
OD2741277395,06:01:16,06:26:49.240693,3.408,25.554,16.1779,인천광역시,남동구,3,6,20,AppPay,Bike,2,1.58,3
OD5885649322,02:16:58,02:30:21.444199,3.44,13.3907,25.4262,서울특별시,종로구,4,2,14,AppPay,Car,6,0.39,3
OD7085730469,06:11:57,06:23:52.594796,1.024,11.9266,28.5653,인천광역시,서구,5,6,22,AppPay,Scooter,5,1.37,2
OD7849352705,08:28:16,08:48:21.741609,4.346,20.0957,28.133,경기도,광명시,4,8,21,Card,Scooter,2,1.58,2
OD3687095109,01:57:01,02:16:29.297334,3.023,19.4716,24.165,서울특별시,용산구,6,1,2,AppPay,Bike,3,0.78,1
OD4849074204,06:07:43,06:19:17.196832,2.306,11.5699,27.2111,경기도,고양시 덕양구,3,6,20,AppPay,Scooter,2,0.32,3
OD2434902361,10:10:51,10:22:25.573325,0.5,11.5762,12.6723,경기도,안산시 상록구,3,10,20,Card,Bike,2,1.24,4
OD8198350799,16:13:24,16:20:08.839932,2.284,6.7473,29.5465,경기도,부천시,6,16,16,Card,Scooter,2,0.84,1
OD9963353595,15:43:28,16:13:21.275015,6.237,29.8879,17.9301,서울특별시,마포구,5,15,29,Cash,Bike,2,3.61,3
OD9011545581,21:20:55,21:37:34.653045,2.144,16.6609,15.9904,경기도,안산시 단원구,6,21,2,Card,Bike,4,0.23,4
OD2291330173,09:00:46,09:05:47.472614,0.5,5.0245,32.7158,서울특별시,마포구,0,9,17,Cash,Scooter,4,0.32,2
OD4318079406,04:02:39,04:25:52.647796,5.722,23.2275,29.1292,서울특별시,영등포구,5,4,29,Card,Scooter,3,1.9,1
OD6560014948,20:26:54,20:42:41.709286,4.186,15.7952,21.731,서울특별시,마포구,2,20,12,AppPay,Bike,2,3.95,3
OD8457443863,22:25:49,22:36:29.123387,4.305,10.6687,28.0212,서울특별시,중구,4,22,7,Cash,Car,5,0.1,1
OD8466372476,07:34:35,07:47:56.161225,3.035,13.3527,38.9061,서울특별시,중구,6,7,9,Card,Scooter,4,0.87,2
OD5397978611,03:21:29,03:27:24.084496,0.5,5.9181,19.3626,경기도,고양시 덕양구,1,3,25,Cash,Bike,2,9.89,3
OD1059590565,20:23:19,20:34:59.016757,2.062,11.6669,17.5718,서울특별시,성동구,0,20,24,Cash,Bike,4,0.19,5
OD6779552035,19:46:27,20:15:30.529976,5.606,29.0588,15.3522,서울특별시,강서구,2,19,12,Cash,Bike,3,0.0,4
OD6156737140,11:33:59,11:52:44.584828,2.884,18.7597,18.6335,경기도,수원시 영통구,3,11,27,Card,Bike,2,0.62,4
OD5781929934,07:25:41,07:51:35.099700,4.912,25.9017,19.17,경기도,용인시 기흥구,2,7,5,Cash,Scooter,4,3.37,5
OD4873366200,08:58:34,09:07:54.806615,1.381,9.3468,16.2071,인천광역시,미추홀구,4,8,28,Cash,Bike,5,0.34,3
OD8793461981,04:29:08,04:41:25.026243,5.329,12.2838,26.0293,서울특별시,용산구,6,4,30,Card,Car,1,2.23,2
OD4904236318,05:10:54,05:26:45.290837,2.056,15.8548,11.7789,경기도,부천시,0,5,31,Card,Bike,1,6.06,5
OD8129372665,20:45:55,20:56:26.453217,2.949,10.5242,22.6063,경기도,용인시 기흥구,2,20,12,Cash,Bike,1,0.5,3
OD9097120742,22:56:47,23:17:24.205547,3.451,20.6201,18.9183,서울특별시,송파구,3,22,6,Cash,Bike,2,4.55,4
OD4137246543,05:49:31,06:01:55.301759,2.557,12.405,31.9449,경기도,성남시 중원구,1,5,25,Card,Car,3,1.72,2
OD1181111702,06:12:43,06:30:26.259014,2.105,17.721,24.5927,경기도,성남시 중원구,4,6,7,Cash,Scooter,4,1.47,4
OD7648685736,14:56:04,15:13:47.799086,3.318,17.73,24.498,경기도,성남시 분당구,0,14,10,Cash,Bike,2,0.0,3
OD8978062678,19:02:46,19:26:40.131762,4.811,23.9022,20.6699,경기도,부천시,2,19,12,Card,Bike,4,1.39,1
OD1988942223,15:27:11,15:49:43.066497,1.658,22.5344,14.0948,서울특별시,동작구,2,15,5,Card,Bike,1,0.4,4
OD1938808500,21:10:27,21:38:07.468711,7.094,27.6745,170.4912,서울특별시,노원구,2,21,12,Cash,Bike,3,0.46,2
OD5273700212,13:46:36,14:12:08.177179,4.389,25.5363,20.4866,경기도,용인시 수지구,4,13,21,Cash,Bike,2,0.32,3
OD3112987517,14:54:30,15:11:24.201047,3.852,16.9034,17.8416,서울특별시,서초구,1,14,4,AppPay,Bike,3,0.77,3
OD0912988657,10:09:46,10:31:36.610882,3.595,21.8435,28.1635,서울특별시,용산구,3,10,13,Card,Car,1,0.64,3
OD9480225648,21:29:56,21:37:42.236988,2.321,7.7706,17.9189,인천광역시,서구,5,21,29,Card,Car,3,1.89,5
OD3440406071,01:47:58,02:14:46.412848,4.65,26.8069,16.6983,경기도,안산시 단원구,5,1,22,Card,Bike,4,1.04,3
OD6965894849,08:58:40,09:23:40.643198,5.077,25.0107,24.2071,서울특별시,노원구,1,8,18,Card,Scooter,4,2.65,4
OD5027178757,14:15:15,14:33:56.224650,2.761,18.6871,21.418,서울특별시,마포구,6,14,23,AppPay,Bike,4,2.89,4
OD3466915190,00:45:03,01:18:53.701658,4.943,33.845,22.3505,서울특별시,용산구,0,0,24,Cash,Bike,1,1.89,3
OD8471393751,06:50:02,07:18:41.913169,4.342,28.6652,21.4493,서울특별시,서초구,2,6,2,AppPay,Scooter,1,7.0,4
OD6346335333,20:59:40,21:08:08.691452,1.981,8.4782,14.0223,경기도,안산시 단원구,4,20,21,Card,Bike,2,1.07,4
OD6100878352,22:16:05,22:30:21.258440,4.273,14.271,27.7804,인천광역시,계양구,0,22,3,AppPay,Scooter,3,4.36,3
OD7589871886,07:26:11,07:41:29.236995,3.947,15.3039,19.3018,서울특별시,노원구,1,7,18,Card,Bike,4,0.29,4
OD5109059979,10:27:41,10:45:26.761574,2.39,17.7627,15.7624,서울특별시,강남구,3,10,13,Cash,Car,2,0.0,5
OD3960870634,00:08:06,00:40:06.010140,6.672,32.0002,21.8763,인천광역시,동구,5,0,22,Card,Bike,1,3.59,2
OD1469146961,03:11:10,03:30:17.314279,4.516,19.1219,14.9394,서울특별시,송파구,2,3,5,AppPay,Bike,2,0.0,2
OD1205532146,10:18:04,10:28:49.310814,4.886,10.7552,29.5537,서울특별시,용산구,1,10,11,AppPay,Car,1,0.13,3
OD1482317912,00:04:47,00:27:29.216065,6.111,22.7036,18.4627,-,-,4,0,7,AppPay,Bike,5,2.95,2
OD7219590289,08:13:19,08:22:14.064522,0.5,8.9177,8.0,서울특별시,송파구,1,8,11,Card,Bike,4,1.18,4
OD8417285314,17:43:41,18:12:56.563922,4.958,29.2594,13.8752,서울특별시,성북구,0,17,24,Card,Bike,4,0.17,4
OD1534572348,07:47:49,08:00:16.495839,1.281,12.4583,18.5234,서울특별시,성북구,3,7,6,Card,Bike,2,4.29,4
OD1669138280,02:27:46,03:00:17.206397,2.371,32.5201,8.0,경기도,고양시 덕양구,3,2,13,Cash,Bike,2,0.13,3
OD2126586634,09:39:50,10:04:08.013124,3.216,24.3002,13.2656,경기도,성남시 중원구,5,9,22,Cash,Bike,3,0.0,4
OD5823651679,18:15:45,18:32:13.218923,4.071,16.4703,29.4527,서울특별시,관악구,4,18,28,Card,Car,3,0.86,3
OD3217641646,23:54:36,23:58:18.539489,1.481,3.709,23.955,경기도,안산시 상록구,0,23,17,AppPay,Bike,3,0.15,2
OD3880053406,14:45:14,15:13:44.338301,3.975,28.5056,16.9516,서울특별시,은평구,4,14,28,AppPay,Bike,1,1.28,3
OD6636697553,16:29:10,16:42:43.776988,3.443,13.5629,23.086,경기도,부천시,6,16,16,AppPay,Car,4,1.01,2
OD9014966578,02:54:36,03:06:40.441470,4.435,12.074,23.8801,경기도,용인시 기흥구,0,2,10,Cash,Scooter,3,1.27,4
OD8279789731,03:06:09,03:29:58.996958,3.911,23.8333,16.7468,서울특별시,동작구,1,3,1,AppPay,Bike,3,0.11,3
OD8657204101,16:17:06,16:37:57.150799,6.066,20.8525,18.0327,경기도,부천시,6,16,2,Cash,Bike,2,1.64,4
OD8799011433,05:12:16,05:35:20.142188,4.363,23.069,15.8584,인천광역시,서구,2,5,12,Card,Bike,2,0.03,4
OD5852729341,01:12:11,01:16:57.120255,2.193,4.7687,37.6511,경기도,부천시,2,1,2,Card,Car,3,0.0,1
OD1227028326,16:32:25,16:45:02.247938,3.371,12.6208,22.1534,경기도,안산시 상록구,0,16,24,Card,Car,3,0.05,2
OD5097211745,23:45:56,00:04:57.528020,4.651,19.0255,20.7397,서울특별시,종로구,5,23,15,AppPay,Bike,3,0.99,3
OD8634523471,09:04:41,09:23:34.219657,3.79,18.887,19.7465,서울특별시,관악구,0,9,3,Cash,Scooter,3,0.0,3
OD8592787560,03:42:52,03:56:39.100357,2.572,13.785,24.8529,-,-,2,3,12,Card,Scooter,2,2.81,3
OD6994676040,09:34:03,09:40:37.700757,3.613,6.5783,32.954,경기도,김포시,3,9,6,Cash,Scooter,3,1.16,2
OD6800816071,05:58:37,06:50:31.124518,6.86,51.9021,11.113,서울특별시,강서구,0,5,24,AppPay,Bike,5,0.0,5
OD7396398012,12:08:10,12:24:07.464261,1.465,15.9577,17.2464,경기도,평택시,5,12,22,Card,Bike,2,0.0,3
OD9209601709,20:31:19,21:02:04.984254,4.397,30.7664,14.884,경기도,안산시 단원구,5,20,1,Cash,Bike,3,0.43,5
OD8246363630,12:12:00,12:27:08.198468,3.977,15.1366,18.7364,서울특별시,마포구,0,12,3,AppPay,Car,4,1.23,5
OD8171949115,23:26:04,23:45:03.215030,4.116,18.9869,25.2877,서울특별시,용산구,0,23,17,Cash,Scooter,4,3.54,4
OD2532748076,17:07:41,17:20:59.860913,3.438,13.3143,16.891,경기도,수원시 장안구,4,17,28,Cash,Bike,3,0.0,4
OD0762648916,20:03:31,20:11:04.787223,0.5,7.5631,14.5735,서울특별시,중구,3,20,6,AppPay,Bike,5,0.28,3
OD8595571323,09:21:36,09:32:34.359587,0.519,10.9727,22.5977,서울특별시,용산구,2,9,26,Card,Bike,2,1.64,2
OD2697357729,05:43:21,05:59:44.985583,2.372,16.3998,30.4483,서울특별시,중구,0,5,24,Card,Scooter,3,2.32,3
OD1965512393,08:10:27,08:24:37.222953,1.372,14.1704,13.4697,경기도,수원시 영통구,6,8,30,Card,Bike,5,0.9,3
OD3323705782,10:16:58,10:44:39.885815,4.588,27.6981,27.6704,서울특별시,은평구,2,10,12,Card,Scooter,2,2.14,3
OD1735367144,18:44:31,18:59:09.504845,1.406,14.6417,24.2839,서울특별시,서초구,0,18,10,Cash,Scooter,5,1.87,4
OD7487897962,00:20:57,00:41:06.432106,2.63,20.1572,27.9965,서울특별시,은평구,4,0,14,Card,Scooter,3,0.61,2
OD9953101438,20:54:38,21:04:08.060902,3.609,9.501,25.4609,경기도,수원시 영통구,1,20,4,Cash,Car,2,0.3,4
OD2654256426,14:40:13,15:03:08.141059,4.609,22.919,18.5302,서울특별시,마포구,1,14,11,Card,Bike,1,1.09,2
OD7351957068,18:31:40,18:48:43.669222,2.591,17.0612,21.3918,서울특별시,영등포구,5,18,8,AppPay,Car,4,1.63,3
OD8203351384,20:52:01,21:30:39.906583,6.124,38.6484,17.5934,서울특별시,중구,0,20,10,Card,Scooter,5,0.0,4
OD8793041671,23:37:02,23:46:38.537425,0.5,9.609,26.7869,경기도,성남시 중원구,4,23,14,Card,Bike,1,2.11,3
OD4799321959,08:42:18,08:43:30.460774,0.5,1.2077,24.841,인천광역시,서구,6,8,9,Card,Scooter,3,0.73,2
OD5988999914,14:39:14,15:10:43.254489,5.13,31.4876,22.1244,서울특별시,용산구,1,14,11,Card,Bike,2,0.94,3
OD7892496665,01:32:12,02:02:11.031006,5.608,29.9839,17.5817,인천광역시,계양구,5,1,15,Cash,Bike,1,2.88,4
OD0080366535,05:17:12,05:44:42.062856,3.675,27.501,28.2026,서울특별시,영등포구,6,5,9,AppPay,Scooter,5,2.62,3
OD1629430036,07:58:16,08:14:28.536200,2.561,16.2089,20.8857,서울특별시,성북구,0,7,3,Cash,Bike,4,0.83,3
OD2150689282,16:54:04,17:10:38.730964,3.366,16.5788,21.6254,서울특별시,서초구,6,16,2,AppPay,Bike,1,0.91,3
OD3080181862,21:19:19,21:48:59.785911,4.957,29.6798,14.6103,인천광역시,남동구,5,21,1,Card,Bike,2,0.56,3
OD4497279568,23:20:23,23:43:32.726391,4.966,23.1621,25.4067,서울특별시,중구,5,23,1,Card,Scooter,5,1.02,3
OD1416296375,14:18:03,14:27:01.517398,4.619,8.9753,30.879,인천광역시,연수구,5,14,8,AppPay,Bike,3,1.06,2
OD2126716267,11:14:59,11:31:07.511553,3.271,16.1419,21.4648,경기도,김포시,1,11,18,AppPay,Bike,2,0.0,3
OD9346159743,09:48:14,10:11:09.753379,4.442,22.9292,18.4941,서울특별시,종로구,0,9,24,Cash,Bike,1,1.71,2
OD5571443873,00:38:32,00:47:31.156462,2.618,8.9859,23.1508,서울특별시,송파구,1,0,4,Cash,Bike,4,2.7,2
OD8920514012,01:07:35,01:18:12.763910,1.248,10.6294,19.1806,서울특별시,종로구,0,1,24,AppPay,Bike,4,0.34,3
OD8880817699,20:20:36,20:40:36.808202,3.814,20.0135,18.0995,인천광역시,연수구,4,20,14,AppPay,Car,2,3.36,5
OD3990456545,05:16:09,05:32:16.547078,5.468,16.1258,27.4557,서울특별시,관악구,5,5,8,Cash,Car,4,1.0,2
OD1790983702,22:08:50,22:21:31.759496,2.723,12.696,23.8701,서울특별시,용산구,4,22,21,Card,Scooter,3,1.58,4
OD8900338440,00:29:18,00:51:16.980377,3.754,21.983,25.2289,-,-,3,0,20,AppPay,Scooter,3,1.18,4
OD8782114033,01:04:17,01:24:31.231027,2.408,20.2372,8.0,서울특별시,송파구,3,1,13,AppPay,Bike,4,2.69,5
OD6110405729,09:54:00,10:15:30.256622,3.467,21.5043,19.7288,경기도,평택시,2,9,12,Cash,Car,4,5.18,2
OD4845365018,03:25:59,03:45:50.780130,4.601,19.863,27.2817,서울특별시,서초구,4,3,7,Card,Scooter,3,1.99,3
OD7309957399,11:52:29,12:39:26.129345,4.375,46.9522,8.0,서울특별시,성동구,5,11,22,Cash,Bike,3,1.73,5
OD0853491725,15:15:33,15:26:13.032653,1.048,10.6672,28.3033,서울특별시,중구,3,15,27,Card,Car,2,0.0,3
OD6660111033,12:18:02,12:29:02.093715,0.5,11.0016,11.1712,경기도,평택시,4,12,7,Card,Bike,4,0.0,3
OD8807264880,00:53:02,01:02:43.963340,1.748,9.6994,33.0235,서울특별시,강남구,3,0,13,AppPay,Scooter,2,0.52,3
OD6319822111,22:12:04,22:33:19.032119,2.632,21.2505,22.5623,경기도,부천시,3,22,20,Card,Bike,2,0.95,3
OD3392891362,07:18:45,07:48:43.995072,5.144,29.9833,12.1106,경기도,평택시,0,7,17,Card,Bike,4,0.27,5
OD4072017756,08:02:33,08:14:43.923541,1.11,12.1821,18.1909,서울특별시,성북구,1,8,11,Card,Bike,4,0.52,3
OD8819508754,02:50:38,03:07:10.779328,1.945,16.5463,8.4818,서울특별시,노원구,3,2,27,AppPay,Bike,2,0.0,4
OD4460798858,09:06:11,09:23:47.701886,4.705,17.6117,22.4503,서울특별시,송파구,1,9,1,Cash,Bike,3,0.09,1
OD6706235042,11:32:24,11:40:53.568219,4.01,8.4928,37.4445,서울특별시,중구,5,11,29,Cash,Scooter,2,4.79,1
OD7453752909,05:53:33,06:20:49.718990,5.45,27.2786,19.0934,경기도,평택시,2,5,5,Card,Bike,3,2.09,3
OD1186940530,10:36:30,10:51:40.055919,2.773,15.1676,20.4952,서울특별시,관악구,1,10,1,Cash,Bike,4,0.02,2
OD1489384348,22:24:54,22:35:24.874143,1.167,10.5146,21.4894,서울특별시,서초구,2,22,19,AppPay,Bike,2,0.0,4
OD7265036445,04:13:34,04:18:27.313103,1.639,4.8886,20.1185,인천광역시,미추홀구,5,4,22,AppPay,Car,4,1.39,5
OD2674459093,19:38:15,19:53:48.159406,1.629,15.5527,26.2028,서울특별시,종로구,3,19,27,Card,Scooter,3,1.13,4
OD4367551737,21:54:07,22:12:37.449672,2.963,18.5075,22.5085,인천광역시,남동구,0,21,10,Card,Bike,4,0.68,1
OD9627998470,04:14:32,04:36:41.987109,6.556,22.1665,23.3141,인천광역시,부평구,5,4,8,AppPay,Scooter,6,0.34,3
OD2928238009,14:10:39,14:24:50.573132,4.062,14.1929,28.6883,서울특별시,성북구,4,14,7,Cash,Bike,5,1.92,4
OD2983474006,17:18:02,17:29:40.226594,3.074,11.6371,31.6924,경기도,수원시 영통구,5,17,8,Cash,Scooter,2,1.66,2
OD2697864583,17:35:29,17:44:37.409876,3.348,9.1402,21.9782,경기도,성남시 중원구,3,17,27,AppPay,Scooter,3,0.0,5
OD2097190995,16:11:33,16:29:46.174005,4.901,18.2196,33.6041,서울특별시,용산구,3,16,13,AppPay,Scooter,2,1.04,2
OD9763031546,04:08:11,04:24:53.461128,3.091,16.7077,28.7207,서울특별시,관악구,1,4,25,Card,Scooter,3,0.3,3
OD5166165266,08:15:19,08:19:28.423105,0.5,4.1571,23.9472,서울특별시,동작구,2,8,19,AppPay,Scooter,4,0.32,4
OD8841773511,10:10:01,10:46:01.299751,5.31,36.005,9.5078,경기도,성남시 분당구,6,10,23,Card,Bike,3,0.6,4
OD0520024549,02:21:10,02:37:05.226401,4.416,15.9204,25.7427,서울특별시,성동구,2,2,12,Cash,Scooter,2,4.42,3
OD6068234839,21:19:08,21:37:02.458171,4.013,17.9076,23.1168,서울특별시,강서구,0,21,3,Card,Bike,1,0.0,2
OD4875869100,05:55:02,06:20:04.759562,3.584,25.046,10.045,서울특별시,관악구,2,5,2,AppPay,Bike,4,3.01,3
OD7420837976,20:40:40,21:04:35.235291,4.525,23.9206,25.1691,서울특별시,서초구,4,20,28,Card,Scooter,4,0.66,4
OD4847628106,21:53:30,22:02:09.841517,5.792,8.664,41.0096,경기도,고양시 덕양구,1,21,18,AppPay,Scooter,3,0.62,2
OD2027344206,18:22:02,18:44:00.349571,2.628,21.9725,16.505,서울특별시,성북구,5,18,8,Cash,Bike,3,3.13,3
OD7075909332,23:48:59,00:15:58.539785,5.785,26.9923,26.333,서울특별시,서초구,3,23,6,Card,Scooter,5,0.0,3
OD2173873344,04:07:58,04:16:12.626216,0.675,8.2438,20.0025,인천광역시,부평구,4,4,7,AppPay,Scooter,6,5.5,4
OD6622316767,20:27:32,20:39:50.280804,3.367,12.3047,31.9541,서울특별시,관악구,5,20,22,AppPay,Car,5,0.0,2
OD0783950626,09:36:34,09:48:26.934004,0.5,11.8822,30.3408,서울특별시,동작구,0,9,24,AppPay,Bike,2,0.0,2
OD9965860217,16:06:47,16:30:43.615771,3.364,23.9436,13.4694,서울특별시,성북구,3,16,6,AppPay,Bike,2,0.44,4
OD8771045009,12:26:08,13:00:13.428415,5.48,34.0905,14.3507,경기도,평택시,1,12,18,AppPay,Bike,2,4.27,5
OD6560538148,03:33:12,03:52:04.868072,3.064,18.8811,30.9133,인천광역시,계양구,5,3,29,Card,Scooter,3,0.2,3
OD5675348272,04:04:21,04:24:28.902216,1.875,20.1317,31.3823,서울특별시,성북구,0,4,24,Card,Scooter,2,0.02,3
OD3313598907,13:53:31,14:09:50.147448,1.369,16.3191,14.4457,경기도,부천시,2,13,19,Cash,Bike,4,1.52,2
OD8609083174,08:25:54,08:47:27.883940,2.335,21.5647,14.4813,경기도,시흥시,0,8,10,Card,Bike,2,1.94,3
OD2521692063,23:31:14,23:52:16.534192,3.128,21.0422,22.7875,경기도,용인시 기흥구,6,23,23,Card,Car,2,0.03,4
OD0302912751,12:47:32,13:00:39.709032,2.562,13.1285,32.6824,서울특별시,강남구,0,12,3,AppPay,Car,3,1.88,2
OD0398724710,01:55:49,02:17:39.525649,3.999,21.8421,21.4424,서울특별시,노원구,1,1,4,Cash,Bike,5,2.82,2
OD9598125153,06:26:30,06:51:54.568753,2.714,25.4095,8.0,서울특별시,송파구,2,6,12,AppPay,Bike,2,0.28,3
OD7487397853,07:16:20,07:32:57.990117,3.181,16.6332,22.7174,경기도,수원시 영통구,5,7,8,Cash,Bike,3,0.0,3
OD6745575082,07:28:22,07:40:30.892864,1.935,12.1482,18.2925,경기도,광명시,0,7,10,Card,Scooter,3,2.68,4
OD2018733027,10:36:10,11:14:56.437644,5.217,38.774,9.8807,서울특별시,은평구,1,10,4,AppPay,Bike,5,3.2,3
OD1056304654,00:39:47,01:09:55.121265,3.372,30.1354,8.0,-,-,1,0,1,AppPay,Bike,2,0.02,5
OD8796729967,21:23:58,21:48:55.346494,3.327,24.9558,8.0,서울특별시,노원구,5,21,8,AppPay,Bike,4,0.72,4
OD2674196832,22:21:11,22:53:10.131368,4.151,31.9855,13.3032,인천광역시,동구,0,22,24,AppPay,Bike,4,2.13,3
OD1076925021,23:41:04,23:59:09.205444,5.015,18.0868,21.5386,경기도,용인시 기흥구,5,23,15,Cash,Bike,4,1.66,1
OD7913429049,02:55:45,03:06:11.253613,2.781,10.4376,33.6288,서울특별시,성북구,1,2,4,Cash,Scooter,2,1.28,3
OD1113432724,23:08:05,23:25:17.995816,2.036,17.2166,25.5797,서울특별시,강서구,6,23,30,AppPay,Scooter,2,0.46,3
OD2822507111,04:35:54,04:58:41.068756,4.511,22.7845,19.8113,서울특별시,관악구,0,4,3,Card,Bike,4,3.15,4
OD4650126012,17:54:32,18:13:36.029042,4.576,19.0672,19.9508,서울특별시,은평구,4,17,14,Card,Scooter,4,0.0,4
OD2240429773,01:26:42,01:41:28.748881,2.61,14.7791,16.5617,경기도,부천시,6,1,23,AppPay,Bike,4,2.34,3
OD1051441417,07:41:05,07:54:26.641349,5.268,13.3607,24.9452,경기도,고양시 덕양구,6,7,16,AppPay,Car,4,3.81,2
OD1574644344,03:30:40,03:44:59.440654,1.732,14.324,18.7644,경기도,성남시 분당구,1,3,25,AppPay,Bike,3,0.0,4
OD9876177912,12:26:35,12:46:32.797928,4.324,19.9633,30.3391,경기도,성남시 분당구,5,12,15,Card,Scooter,3,0.41,2
OD1223164364,08:43:39,09:09:25.100649,4.971,25.7683,17.7856,경기도,고양시 덕양구,6,8,16,AppPay,Car,3,0.32,5
OD4568059923,10:04:54,10:35:03.185013,3.206,30.1531,24.0293,서울특별시,강남구,1,10,4,Card,Scooter,4,1.27,3
OD6060285075,15:24:52,16:01:29.744749,7.743,36.6291,20.2602,경기도,광명시,2,15,26,AppPay,Car,4,0.0,3
OD4750659185,06:46:33,07:04:45.373120,3.412,18.2062,18.9622,서울특별시,중구,6,6,16,AppPay,Bike,4,1.81,3
OD0114372833,02:17:14,02:27:42.539453,3.883,10.4757,30.9441,서울특별시,용산구,5,2,22,Cash,Scooter,3,0.54,3
OD7870697401,03:00:00,03:16:45.364775,4.265,16.7561,30.0186,인천광역시,미추홀구,5,3,29,Card,Scooter,3,0.72,3
OD3409838290,17:42:27,17:49:06.271028,3.06,6.6545,27.5883,서울특별시,서초구,6,17,9,Cash,Scooter,4,1.26,2
OD8893383203,16:29:38,16:48:46.113031,5.26,19.1352,26.8127,서울특별시,성동구,0,16,17,Card,Car,2,0.0,1
OD1059862748,14:14:13,14:45:32.542613,5.767,31.3257,15.1655,서울특별시,마포구,3,14,20,Card,Bike,2,0.8,3
OD1578605040,05:02:41,05:13:06.558824,1.249,10.426,18.0903,경기도,용인시 수지구,0,5,10,Card,Bike,3,3.7,4
OD2663632685,13:19:24,13:35:10.041175,3.27,15.7674,14.9581,경기도,시흥시,6,13,16,Cash,Bike,2,0.16,2
OD2734901897,10:07:16,10:44:05.897235,6.589,36.8316,17.1732,경기도,성남시 중원구,2,10,12,AppPay,Bike,3,2.4,1
OD7967605257,15:54:31,16:14:10.133054,4.146,19.6522,24.9746,서울특별시,성동구,3,15,13,Cash,Bike,3,0.21,4
OD6525171659,09:42:10,09:53:19.601015,4.19,11.16,22.5285,서울특별시,서초구,5,9,8,AppPay,Bike,2,0.37,1
OD7163735773,15:49:28,15:58:38.506518,1.691,9.1751,14.987,서울특별시,중구,5,15,29,Card,Bike,4,0.66,4
OD8381143576,03:08:48,03:26:07.704877,4.052,17.3284,20.3836,경기도,평택시,2,3,12,Cash,Bike,4,10.54,4
OD6310785160,16:31:12,16:44:20.070971,1.323,13.1345,31.1284,경기도,평택시,4,16,28,AppPay,Scooter,3,2.89,3
OD8926117473,06:59:21,07:15:01.453184,1.976,15.6742,21.1987,서울특별시,성북구,4,6,14,Cash,Bike,3,0.48,3
OD0192639129,17:04:38,17:23:31.655846,3.027,18.8943,20.5813,서울특별시,종로구,3,17,13,Cash,Bike,2,1.28,2
OD2601540787,03:13:47,03:27:40.373268,3.009,13.8896,18.0002,서울특별시,영등포구,0,3,17,Cash,Bike,3,1.35,3
OD2627334169,23:32:26,23:59:37.769920,4.81,27.1962,18.5237,경기도,용인시 수지구,0,23,24,Card,Car,2,0.62,4
OD8841137026,22:46:46,23:15:39.785985,3.206,28.8964,10.8915,인천광역시,계양구,3,22,27,Cash,Bike,6,0.0,4
OD1106180646,08:16:07,08:35:31.409392,5.388,19.4068,18.0662,서울특별시,구로구,3,8,27,Cash,Car,5,0.44,4
OD0606784595,12:38:12,12:53:46.766457,3.276,15.5794,27.8522,-,-,2,12,19,AppPay,Scooter,4,0.49,3
OD8067840194,22:52:20,23:12:05.982137,5.761,19.7664,32.7672,경기도,부천시,4,22,28,Cash,Scooter,2,0.0,2
OD0636637982,01:07:48,01:26:25.423751,1.108,18.6237,17.874,서울특별시,성동구,1,1,18,Cash,Bike,2,0.49,2
OD0905562357,14:52:11,14:57:54.776321,0.616,5.7296,28.4932,서울특별시,동작구,4,14,14,AppPay,Scooter,5,0.67,3
OD0580123313,01:59:36,02:21:17.276432,3.939,21.6879,23.1439,서울특별시,송파구,4,1,7,Card,Scooter,4,1.95,3
OD3015989295,20:49:53,21:07:01.670052,3.566,17.1445,24.7858,경기도,안산시 단원구,4,20,14,Cash,Bike,3,1.09,2
OD6532445245,18:42:33,18:50:53.772781,2.253,8.3462,26.492,인천광역시,서구,5,18,1,Card,Bike,4,2.68,3
OD0615414681,00:57:58,01:01:21.682683,1.119,3.3947,28.8918,서울특별시,마포구,3,0,13,Card,Scooter,4,4.64,3
OD5937528626,13:02:28,13:18:43.458072,2.231,16.2576,28.0013,서울특별시,중구,2,13,5,AppPay,Scooter,2,3.42,3
OD0894306404,15:59:54,16:13:16.220361,3.606,13.3703,23.1336,서울특별시,노원구,3,15,13,AppPay,Scooter,3,0.0,3
OD0822053197,18:46:57,19:04:41.075569,4.7,17.7346,31.5408,경기도,김포시,3,18,20,Card,Scooter,2,2.64,2
OD6934807150,02:44:29,03:05:19.985936,3.521,20.8498,30.0724,서울특별시,마포구,1,2,18,AppPay,Scooter,3,4.31,2
OD0398172497,19:12:53,19:35:38.381203,3.895,22.7564,19.0609,서울특별시,구로구,2,19,12,Card,Bike,4,0.39,4
OD5050454668,22:12:55,22:24:41.356023,2.479,11.7726,33.13,경기도,광명시,5,22,22,Cash,Scooter,4,1.08,2
OD8165458528,02:40:12,02:59:28.133229,4.804,19.2689,29.0038,경기도,수원시 장안구,2,2,12,Cash,Scooter,4,1.24,3
OD7083380834,19:11:43,19:31:44.578267,3.276,20.0263,12.4154,경기도,수원시 영통구,4,19,7,AppPay,Bike,4,0.35,2
OD4811782372,16:55:19,17:11:45.385347,2.669,16.4398,9.813,인천광역시,연수구,6,16,23,AppPay,Bike,1,1.1,4
OD5185340578,06:27:18,06:39:31.135540,2.984,12.2189,30.6009,서울특별시,은평구,3,6,13,AppPay,Scooter,1,0.58,4
OD1595076161,01:11:29,01:32:26.553742,4.02,20.9592,16.0854,서울특별시,관악구,6,1,2,Cash,Bike,5,2.25,4
OD3067694414,18:56:50,19:09:19.886382,4.147,12.4981,35.7789,서울특별시,중구,2,18,5,AppPay,Car,1,2.2,3
OD1249046029,22:11:24,22:29:30.152928,3.72,18.1025,19.2856,서울특별시,영등포구,4,22,14,AppPay,Bike,4,2.26,3
OD2276582441,12:26:10,12:31:18.566962,3.857,5.1428,45.0,서울특별시,동작구,2,12,5,Card,Scooter,5,0.44,1
OD8802373043,15:38:40,15:55:54.925803,2.2,17.2488,22.5024,경기도,용인시 기흥구,3,15,27,AppPay,Bike,2,0.25,2
OD5155431111,20:29:58,20:54:17.401093,4.228,24.3234,15.8608,경기도,안산시 단원구,0,20,31,Card,Bike,3,0.0,3
OD9135524584,09:27:13,09:39:29.670873,1.891,12.2778,32.2924,서울특별시,서초구,2,9,19,Cash,Scooter,3,2.9,3
OD3818929742,10:21:25,10:40:06.413293,4.364,18.6902,25.9064,인천광역시,남동구,3,10,27,Card,Scooter,3,0.31,3
OD8235806996,00:53:03,01:08:17.708599,1.878,15.2451,31.0359,경기도,안산시 상록구,3,0,6,Cash,Scooter,7,0.51,2
OD6399579816,20:43:28,20:52:39.607208,0.808,9.1935,23.284,서울특별시,은평구,0,20,24,AppPay,Car,2,0.0,3
OD1557060012,18:13:21,18:39:03.996015,5.79,25.7166,24.68,경기도,부천시,6,18,23,Cash,Bike,4,1.73,2
OD8799327595,22:32:25,22:51:25.323693,4.782,19.0054,29.276,서울특별시,동작구,2,22,19,Card,Car,2,0.66,3
OD8375856274,00:54:35,01:15:36.419357,5.285,21.0237,22.435,경기도,용인시 기흥구,4,0,14,Card,Bike,3,0.0,2
OD0445182147,17:29:02,17:52:55.875988,4.493,23.8979,18.714,경기도,용인시 기흥구,2,17,19,Cash,Bike,3,0.0,3
OD4126108630,11:27:48,11:53:01.822695,6.831,25.2304,32.4741,경기도,성남시 분당구,5,11,8,Card,Scooter,2,0.85,2
OD8973210394,21:07:14,21:33:54.865528,6.212,26.6811,19.04,서울특별시,영등포구,3,21,13,Cash,Bike,2,0.45,2
OD9606790132,01:46:06,02:07:48.742904,4.582,21.7124,26.3245,서울특별시,강남구,6,1,9,Cash,Car,5,0.79,3
OD0905149217,04:32:32,04:48:55.905106,2.978,16.3984,30.3104,서울특별시,강서구,0,4,17,Card,Scooter,3,0.54,2
OD1153472083,12:38:00,12:47:22.537381,0.831,9.3756,15.7986,서울특별시,은평구,1,12,18,Card,Bike,2,1.02,3
OD5887499701,10:53:18,11:10:56.166438,5.44,17.6361,27.1784,경기도,시흥시,1,10,11,Cash,Car,5,0.44,3
OD5950113758,03:13:25,03:35:40.948033,4.418,22.2658,14.6293,서울특별시,마포구,0,3,24,Cash,Car,5,0.18,3
OD4814431608,07:18:17,07:27:28.133601,1.223,9.1856,12.9543,서울특별시,성북구,6,7,2,AppPay,Bike,3,3.69,4
OD1263129112,08:46:43,09:05:38.633234,4.469,18.9272,27.5031,경기도,수원시 장안구,0,8,24,Cash,Bike,5,2.81,2
OD8265408304,14:07:30,14:28:35.799826,4.983,21.0967,28.4872,서울특별시,용산구,0,14,10,AppPay,Scooter,2,1.4,2
OD1634355812,22:32:37,23:08:04.710536,5.363,35.4618,24.3747,경기도,김포시,3,22,6,Card,Bike,3,0.05,3
OD2436356533,07:16:35,07:33:03.581055,3.371,16.4764,30.4856,인천광역시,부평구,0,7,31,Cash,Scooter,2,1.87,3
OD3688556372,14:22:41,14:38:17.934169,4.153,15.6156,34.2638,인천광역시,부평구,2,14,26,Card,Car,5,1.2,2
OD7388333956,03:00:08,03:14:49.230372,2.908,14.6872,24.4805,경기도,수원시 장안구,5,3,8,AppPay,Scooter,2,4.09,4
OD0840742630,05:59:48,06:25:01.888907,4.746,25.2315,20.2984,경기도,수원시 장안구,3,5,13,Card,Bike,6,0.0,3
OD8513032060,15:00:50,15:16:26.162820,3.915,15.6027,28.2163,서울특별시,동작구,6,15,2,Card,Car,4,0.18,3
OD9792810940,15:28:25,16:21:34.592644,5.943,53.1599,8.7188,인천광역시,연수구,2,15,12,Cash,Bike,2,2.38,4
OD1242540541,22:31:29,22:50:48.651822,3.322,19.3275,17.8947,서울특별시,구로구,2,22,26,AppPay,Bike,2,6.46,5
OD5431886801,05:22:51,05:49:08.664113,4.261,26.2944,19.17,서울특별시,서초구,4,5,7,AppPay,Bike,2,0.02,2
OD4876227640,10:20:15,10:31:30.703633,4.21,11.2617,35.2381,인천광역시,동구,2,10,19,Card,Car,1,1.44,2
OD0502626813,01:30:23,01:47:23.335952,4.252,17.0056,16.5326,경기도,김포시,4,1,21,Card,Bike,3,0.0,4
OD1036829191,20:03:01,20:06:56.181981,0.793,3.9197,35.2525,경기도,부천시,3,20,6,Card,Scooter,3,0.88,3
OD7698538414,18:12:24,18:28:31.849141,2.614,16.1308,18.9667,경기도,수원시 장안구,4,18,14,AppPay,Bike,5,0.33,4
OD9313111977,13:11:15,13:25:30.235674,3.046,14.2539,25.1145,경기도,성남시 중원구,5,13,15,Card,Scooter,3,1.21,4
OD1281469205,03:08:33,03:24:14.835914,2.252,15.6973,21.6569,경기도,성남시 분당구,4,3,21,Cash,Bike,3,0.76,2
OD8184240796,05:04:22,05:25:35.863956,2.798,21.2311,14.8882,서울특별시,중구,3,5,6,AppPay,Bike,3,0.0,3
OD4974765031,10:48:35,11:13:00.100735,4.487,24.4183,23.2571,인천광역시,연수구,0,10,10,Card,Car,3,3.75,5
OD3905254430,17:53:24,18:13:24.132468,3.959,20.0022,27.6565,경기도,안산시 단원구,2,17,5,Card,Scooter,2,0.09,1
OD4940698256,13:15:21,13:40:09.960192,4.75,24.816,20.212,경기도,성남시 중원구,1,13,4,AppPay,Car,5,0.97,2
OD4163784691,23:16:42,23:34:22.316738,2.957,17.6719,16.0226,서울특별시,중구,4,23,28,Cash,Bike,3,1.86,4
OD8481400154,14:28:48,14:35:15.983029,1.684,6.4664,25.9287,경기도,시흥시,0,14,10,Cash,Car,2,0.73,2
OD2445806543,18:14:37,18:32:10.409703,2.257,17.5568,19.5978,경기도,고양시 덕양구,5,18,8,Card,Bike,4,0.39,3
OD3362075038,12:55:09,13:23:34.910117,4.899,28.4318,14.7896,서울특별시,종로구,4,12,14,Cash,Bike,1,1.65,5
OD4375205824,08:37:15,08:59:18.402548,2.025,22.0567,22.4459,서울특별시,노원구,4,8,21,AppPay,Bike,3,0.49,2
OD0844986497,18:08:19,18:24:44.568854,3.591,16.4261,27.1432,경기도,수원시 장안구,0,18,10,Card,Scooter,4,1.27,2
OD2251564257,17:51:42,18:19:15.046427,3.482,27.5508,8.0,경기도,성남시 중원구,4,17,21,Cash,Bike,4,2.33,4
OD2287472798,22:03:33,22:22:31.711427,3.497,18.9785,23.4857,서울특별시,성동구,5,22,15,Cash,Bike,2,0.0,1
OD4323782440,12:37:57,12:51:58.379905,5.111,14.023,26.5631,서울특별시,구로구,1,12,18,Card,Scooter,3,1.37,3
OD8578352197,05:27:17,05:47:32.659755,4.985,20.261,22.1371,경기도,수원시 장안구,5,5,8,Cash,Scooter,2,0.4,4
OD6322598376,17:11:24,17:25:18.338201,5.309,13.9056,29.5447,경기도,용인시 수지구,1,17,4,AppPay,Car,3,0.84,2
OD2588370912,21:40:42,21:55:01.420411,4.637,14.3237,19.4243,인천광역시,남동구,3,21,6,AppPay,Bike,3,0.0,3
OD7386647745,06:29:52,06:54:12.155506,4.979,24.3359,23.9931,서울특별시,구로구,5,6,22,Card,Scooter,3,3.58,3
OD0665618855,21:34:09,21:58:22.554738,5.067,24.2259,21.3822,서울특별시,강남구,6,21,30,AppPay,Bike,3,2.17,3
OD5474230857,23:15:16,23:35:35.030503,1.07,20.3172,16.4629,서울특별시,노원구,3,23,27,Card,Bike,4,0.06,3
OD7819197250,20:25:58,20:39:49.009560,2.391,13.8502,16.7309,서울특별시,서초구,4,20,7,AppPay,Bike,2,1.04,4
OD6403877364,03:08:06,03:16:17.859604,2.701,8.1977,27.1062,-,-,5,3,22,Card,Scooter,5,0.82,4
OD4944919471,23:11:33,23:32:46.380471,1.519,21.223,14.3609,서울특별시,마포구,0,23,24,Cash,Bike,4,0.48,3
OD1407516264,14:36:13,14:49:46.744916,0.856,13.5624,12.6043,경기도,안산시 상록구,2,14,12,Cash,Bike,4,0.0,3
OD2157483581,22:54:05,23:12:06.491865,1.502,18.0249,29.9275,경기도,안산시 상록구,2,22,5,AppPay,Car,3,2.2,1
OD4958171096,00:11:54,00:37:28.785469,3.973,25.5798,21.0074,인천광역시,서구,3,0,6,Cash,Bike,3,0.0,3
OD1297382338,14:07:20,14:17:19.752780,4.489,9.9959,26.9478,서울특별시,용산구,4,14,14,AppPay,Car,3,2.62,2
OD9323815961,09:18:35,09:36:11.808734,2.541,17.6135,19.4246,경기도,수원시 영통구,5,9,1,AppPay,Car,2,0.0,3
OD4191679863,15:44:07,15:49:36.490734,1.582,5.4915,24.6959,인천광역시,동구,4,15,7,Card,Bike,3,1.15,2
OD6096033042,00:31:43,00:52:34.853929,3.226,20.8642,15.0293,서울특별시,노원구,3,0,6,Card,Bike,2,3.26,4
OD7630511292,03:52:26,04:02:32.796157,2.71,10.1133,21.4429,서울특별시,송파구,1,3,4,AppPay,Car,3,2.62,3
OD5672679281,13:54:46,14:15:57.526170,5.116,21.1921,24.8762,경기도,수원시 장안구,0,13,10,Card,Bike,5,0.37,2
OD1598194199,15:49:36,16:16:27.748831,3.226,26.8625,8.0,경기도,평택시,0,15,31,AppPay,Bike,4,1.01,5
OD4336341368,08:11:31,08:29:24.079367,4.963,17.8847,27.2865,경기도,성남시 분당구,4,8,14,AppPay,Bike,2,0.63,1
OD0702382774,19:15:39,19:23:36.622393,2.525,7.9604,19.0345,인천광역시,남동구,0,19,3,Cash,Bike,5,1.28,3
OD9188810015,20:01:02,20:30:51.241278,7.521,29.8207,23.75,서울특별시,송파구,5,20,22,Cash,Scooter,4,2.8,4
OD6227189470,02:39:43,02:49:08.839991,2.836,9.4307,31.028,서울특별시,용산구,2,2,26,AppPay,Scooter,2,7.75,3
OD0465485877,12:15:46,12:31:34.286051,3.581,15.8048,27.5675,경기도,용인시 기흥구,0,12,17,Cash,Scooter,3,1.77,3
OD2564435087,09:36:19,09:48:49.394505,4.513,12.5066,26.0488,서울특별시,송파구,0,9,24,AppPay,Scooter,3,4.3,3
OD6839719785,15:02:12,15:23:53.234312,3.673,21.6872,19.2326,서울특별시,강남구,4,15,28,Cash,Car,4,0.0,5
OD4011265988,08:51:11,09:04:20.058826,4.904,13.151,22.3759,경기도,성남시 분당구,2,8,12,Card,Bike,2,0.8,2
OD5788041033,01:11:27,01:42:52.914502,5.258,31.4319,19.4234,서울특별시,동작구,2,1,2,Cash,Bike,4,4.57,4
OD6107155025,12:52:06,13:21:53.664402,5.723,29.7944,20.8865,경기도,용인시 수지구,0,12,3,AppPay,Scooter,3,0.96,4
OD9365584190,07:06:25,07:30:06.566056,5.03,23.6928,23.1824,서울특별시,서초구,5,7,1,Cash,Car,5,1.0,4
OD9056667179,06:10:54,06:32:58.933171,2.777,22.0822,18.639,경기도,용인시 기흥구,5,6,22,AppPay,Bike,3,0.0,4
OD5221785249,03:12:26,03:25:17.164401,3.578,12.8527,26.6671,서울특별시,종로구,4,3,14,Card,Bike,3,2.12,1
OD5174587095,14:45:42,14:59:11.008895,2.538,13.4835,17.1635,서울특별시,마포구,5,14,1,Cash,Bike,2,6.53,5
OD2136261479,12:09:51,12:22:09.318030,2.453,12.3053,16.7541,서울특별시,노원구,1,12,1,Card,Bike,2,3.27,5
OD7241034853,03:00:48,03:19:28.264369,6.591,18.6711,30.5332,경기도,용인시 수지구,0,3,10,AppPay,Scooter,5,0.58,4
OD2398483773,12:45:04,13:15:11.533846,3.181,30.1256,8.0,서울특별시,강남구,4,12,7,Cash,Bike,3,1.15,5
OD2353968656,16:20:45,16:37:17.733655,4.202,16.5456,29.4509,서울특별시,강남구,2,16,19,Card,Scooter,3,0.06,2
OD5015508584,20:11:12,20:28:53.147302,2.964,17.6858,25.8757,서울특별시,구로구,2,20,5,Cash,Scooter,3,0.69,4
OD3490458451,07:57:57,08:07:07.146658,3.604,9.1691,34.3194,경기도,평택시,1,7,11,Cash,Scooter,2,3.36,3
OD4438042455,11:36:40,11:59:55.146973,4.43,23.2524,20.5296,경기도,시흥시,1,11,25,Card,Scooter,4,0.7,4
OD3289969122,00:28:49,00:44:37.790133,1.745,15.8132,24.0293,서울특별시,중구,6,0,16,Card,Scooter,3,0.83,4
OD1534413646,12:13:37,12:34:55.191180,4.111,21.3032,25.7124,서울특별시,종로구,0,12,24,AppPay,Scooter,2,1.08,5
OD0420219142,21:32:46,21:49:55.208019,1.925,17.1535,22.5276,서울특별시,관악구,6,21,30,Cash,Bike,4,1.66,2
OD1508425334,19:19:52,19:33:34.878965,4.349,13.7146,34.5084,경기도,성남시 분당구,2,19,26,Card,Scooter,1,0.17,3
OD7715386113,06:19:39,06:32:45.717115,0.782,13.112,24.1725,경기도,안산시 단원구,6,6,30,Cash,Bike,5,0.14,3
OD4472622160,09:02:34,09:16:21.320303,3.889,13.7887,24.8785,경기도,수원시 장안구,0,9,24,AppPay,Bike,4,2.16,2
OD0415970418,01:36:54,01:54:38.700325,3.581,17.745,19.0724,서울특별시,동작구,6,1,9,Card,Bike,4,2.79,3
OD6232734022,14:45:18,15:02:10.610036,3.629,16.8768,31.7031,경기도,성남시 분당구,4,14,7,AppPay,Scooter,2,0.22,3
OD1710110899,23:10:21,23:35:59.995092,5.546,25.6499,22.4834,서울특별시,서초구,0,23,24,Cash,Bike,2,1.51,2
OD7502644656,20:16:00,20:24:22.554748,0.5,8.3759,23.3508,서울특별시,종로구,6,20,16,Cash,Scooter,3,0.0,4
OD8695395578,18:41:40,19:17:36.293348,5.34,35.9382,11.2152,서울특별시,중구,0,18,31,Cash,Bike,5,0.45,5
OD1204823257,09:05:00,09:28:28.001092,5.108,23.4667,25.1834,서울특별시,성동구,0,9,10,Card,Scooter,2,0.6,2
OD6425191666,16:57:40,17:14:21.492643,2.001,16.6915,13.4027,서울특별시,마포구,4,16,7,Card,Bike,2,1.49,4
OD3370690003,05:19:34,05:39:31.281821,2.943,19.9547,23.3014,서울특별시,강서구,0,5,3,AppPay,Scooter,2,1.43,3
OD4439486358,14:42:03,15:05:13.452113,3.383,23.1742,8.7654,인천광역시,남동구,6,14,16,AppPay,Bike,2,2.05,3
OD8399903962,18:45:16,19:04:38.515884,3.549,19.3753,12.7095,경기도,광명시,3,18,20,Card,Car,4,0.22,5
OD5156832451,00:49:23,01:02:31.287035,1.349,13.1381,17.8087,서울특별시,동작구,2,0,26,Cash,Car,3,1.07,5
OD3814598465,14:18:08,14:42:13.297811,3.757,24.0883,17.5002,인천광역시,남동구,2,14,5,AppPay,Bike,4,1.4,2
OD0563596392,08:12:53,08:30:23.658532,3.43,17.511,22.5237,서울특별시,노원구,6,8,23,Cash,Bike,3,0.75,2
OD2656029909,22:52:15,23:07:13.988049,3.148,14.9831,23.0306,경기도,수원시 장안구,0,22,3,AppPay,Bike,4,3.03,3
OD3369681273,12:10:52,12:28:22.446189,5.837,17.5074,32.8034,서울특별시,중구,5,12,15,Card,Scooter,3,0.63,2
OD2567156718,05:18:13,05:29:59.573127,1.691,11.7762,30.232,서울특별시,노원구,2,5,19,AppPay,Scooter,4,0.83,3
OD4829342699,17:52:51,18:19:20.623563,3.841,26.4937,15.4179,경기도,광명시,5,17,15,Cash,Bike,2,4.96,4
OD6047018281,06:54:48,07:13:43.258463,4.052,18.921,23.736,인천광역시,동구,2,6,5,Card,Scooter,2,0.04,3
OD3985963516,22:36:39,22:48:03.897638,0.5,11.415,20.2256,경기도,안산시 단원구,5,22,15,AppPay,Bike,4,1.41,2
OD2072881854,09:25:30,09:48:48.249054,4.458,23.3042,15.4349,서울특별시,관악구,4,9,7,Card,Bike,4,0.3,4
OD9056264124,13:04:20,13:21:03.689226,1.043,16.7282,18.4574,서울특별시,용산구,5,13,22,AppPay,Bike,5,2.09,2
OD1733108933,19:18:10,19:55:03.295651,5.635,36.8883,27.2413,경기도,고양시 덕양구,2,19,12,Card,Bike,2,0.19,2
OD1742315390,03:13:43,03:28:55.316600,7.437,15.2053,29.3465,서울특별시,서초구,6,3,16,AppPay,Scooter,4,0.31,3
OD3055942542,18:00:39,18:20:13.004397,2.4,19.5667,24.5827,경기도,안산시 단원구,1,18,11,Card,Scooter,2,0.11,3
OD2522630009,12:23:58,12:45:39.944219,4.116,21.6991,23.8502,경기도,성남시 분당구,6,12,9,Cash,Bike,2,1.04,2
OD2404294157,14:07:42,14:16:31.697789,2.923,8.8283,31.5299,서울특별시,은평구,5,14,22,Cash,Scooter,3,0.0,2
OD9573353061,08:51:06,09:03:25.124904,3.209,12.3187,15.7687,경기도,수원시 장안구,6,8,9,Card,Car,1,0.24,4
OD7663010907,00:28:34,00:38:59.435529,3.48,10.4239,28.5166,서울특별시,은평구,4,0,21,Cash,Scooter,3,2.73,4
OD3056340056,03:16:13,03:39:43.228546,2.472,23.5038,14.209,서울특별시,은평구,4,3,28,Cash,Bike,3,0.07,3
OD9210902593,08:50:38,09:08:30.424032,2.975,17.8737,33.4746,서울특별시,강서구,1,8,18,Card,Scooter,4,1.17,2
OD3193627971,06:16:13,06:38:33.093232,6.176,22.3349,28.0291,서울특별시,강남구,3,6,13,Card,Car,6,0.1,3
OD4386159101,10:14:01,10:28:59.528358,4.802,14.9755,26.5265,서울특별시,서초구,4,10,7,Card,Scooter,3,0.0,3
OD9241396121,05:38:02,05:57:42.628087,3.935,19.6771,28.2257,서울특별시,강남구,3,5,27,AppPay,Scooter,4,3.64,4
OD5501866734,03:47:11,04:08:33.894599,3.628,21.3816,21.7255,인천광역시,연수구,5,3,8,AppPay,Bike,1,0.0,3
OD9483349564,19:21:33,19:40:57.005656,2.826,19.4001,20.0839,서울특별시,성북구,2,19,26,Card,Bike,3,0.0,2
OD7423634254,21:48:15,22:10:55.834353,2.633,22.6806,9.9789,서울특별시,마포구,1,21,18,AppPay,Bike,3,0.0,4
OD4737314961,00:12:38,00:29:11.147388,5.301,16.5525,23.647,경기도,평택시,6,0,16,Cash,Scooter,1,0.36,3
OD1324523557,04:23:30,04:45:01.114686,3.077,21.5186,17.5583,경기도,수원시 영통구,0,4,31,Card,Bike,3,2.85,3
OD3569063295,07:35:11,07:48:34.915660,2.169,13.3986,27.0044,서울특별시,영등포구,0,7,17,Cash,Bike,4,0.02,1
OD9228820138,11:17:53,11:38:57.328854,5.899,21.0721,24.5302,서울특별시,중구,5,11,8,AppPay,Scooter,1,2.32,3
OD0377670904,02:34:25,02:55:06.387608,1.799,20.6898,17.1778,경기도,안산시 상록구,2,2,12,Cash,Bike,2,0.06,2
OD7473985736,21:42:32,22:01:01.770183,6.478,18.4962,28.9768,경기도,용인시 수지구,4,21,28,Cash,Scooter,3,0.53,4
OD1947476727,21:27:23,21:44:26.534157,2.697,17.0589,25.6705,서울특별시,은평구,6,21,30,Card,Bike,4,0.45,2
OD6820383039,10:59:08,11:14:53.112948,5.182,15.7519,31.739,경기도,시흥시,1,10,18,AppPay,Car,3,0.5,2
OD6176470849,01:50:42,02:34:15.068870,3.814,43.5511,8.0,서울특별시,강서구,0,1,10,Card,Bike,1,2.15,5
OD9708998552,12:34:31,12:50:13.441878,4.935,15.7074,28.75,서울특별시,구로구,6,12,16,AppPay,Bike,4,0.44,2
OD6676264454,07:17:34,07:20:08.571444,0.935,2.5762,21.7816,서울특별시,성북구,6,7,16,Cash,Bike,4,1.35,2
OD6919871531,15:06:33,15:26:21.964990,3.774,19.8161,25.9342,서울특별시,구로구,6,15,30,AppPay,Scooter,2,1.56,4
OD1285584408,22:47:31,23:11:54.118803,6.485,24.3853,27.4288,경기도,광명시,3,22,6,Cash,Car,2,3.2,2
OD1659930083,06:24:48,06:39:58.953349,1.349,15.1826,17.9506,경기도,부천시,0,6,24,Card,Car,1,0.79,3
OD3688771818,17:53:21,18:25:26.953196,5.728,32.0992,18.8986,서울특별시,용산구,2,17,12,Card,Car,3,0.1,3
OD7885418767,02:42:07,02:50:35.039141,2.328,8.4673,21.4573,서울특별시,용산구,6,2,2,AppPay,Scooter,2,0.59,4
OD7482354326,18:10:18,18:32:57.842920,3.176,22.664,19.94,서울특별시,구로구,0,18,17,Cash,Scooter,5,0.27,4
OD3616477028,21:28:59,21:58:50.798930,5.738,29.8633,12.6263,인천광역시,동구,5,21,29,AppPay,Bike,3,1.39,4
OD7752288291,05:00:44,05:21:12.801085,3.741,20.48,27.1932,경기도,성남시 중원구,1,5,4,AppPay,Car,4,0.0,3
OD4749053546,09:41:12,09:59:29.576716,4.949,18.2929,28.4172,서울특별시,동작구,2,9,5,AppPay,Scooter,5,2.73,3
OD2758136509,06:00:10,06:21:17.102982,4.795,21.1184,14.6433,경기도,시흥시,3,6,13,AppPay,Bike,4,3.47,3
OD3434176987,18:39:37,18:55:46.130798,3.041,16.1522,31.5545,경기도,수원시 장안구,6,18,23,AppPay,Car,1,0.0,2
OD3416609658,12:18:29,12:37:44.383309,1.362,19.2564,13.7156,경기도,안산시 상록구,4,12,14,Card,Bike,2,1.01,4
OD4407671831,11:58:12,12:17:36.370610,3.47,19.4062,24.8645,경기도,성남시 분당구,1,11,25,AppPay,Bike,1,0.0,2
OD7276806780,04:03:58,04:28:59.857594,2.917,25.031,12.2375,경기도,성남시 중원구,1,4,4,Card,Bike,2,0.0,4
OD8760935615,19:23:12,19:38:01.734999,5.065,14.8289,30.4545,인천광역시,동구,2,19,12,AppPay,Car,2,0.0,3
OD2328614930,08:37:57,08:59:40.483382,4.908,21.7247,24.3199,서울특별시,영등포구,3,8,20,Cash,Car,5,2.0,3
OD5459618969,06:10:54,06:20:54.000152,3.845,10.0,23.0722,서울특별시,성동구,4,6,28,AppPay,Car,7,0.05,2
OD1840235950,17:53:44,17:58:52.553511,0.859,5.1426,25.1707,인천광역시,연수구,0,17,17,AppPay,Car,1,3.14,3
OD6667723511,15:24:57,15:43:40.410228,1.06,18.7235,24.0461,서울특별시,관악구,1,15,18,AppPay,Car,4,1.59,2
OD2999057851,02:43:32,02:58:00.406779,2.307,14.4734,21.7953,경기도,시흥시,1,2,25,Card,Bike,3,0.66,4
OD5914558688,17:43:49,18:00:25.239692,2.353,16.604,16.1691,서울특별시,은평구,0,17,31,Cash,Bike,3,2.61,4
OD0123865898,00:42:58,01:00:09.712549,5.095,17.1952,20.8216,서울특별시,영등포구,4,0,7,AppPay,Scooter,3,0.0,5
OD8064859131,05:50:59,06:23:27.929300,4.685,32.4822,14.2724,서울특별시,강서구,3,5,20,AppPay,Bike,1,0.51,3
OD0356473952,13:42:23,13:54:51.452079,3.299,12.4742,26.0536,경기도,평택시,2,13,5,Card,Car,3,0.84,3
OD5215255723,15:34:58,15:54:30.944225,2.947,19.5491,17.9978,서울특별시,종로구,6,15,16,Cash,Scooter,3,1.24,5
OD8057442935,03:25:33,03:48:23.152337,2.211,22.8359,10.0317,경기도,광명시,5,3,8,Card,Bike,3,0.46,5
OD5666352692,04:23:57,04:37:49.518769,2.774,13.8753,19.1124,서울특별시,용산구,5,4,1,Card,Bike,3,0.98,2
OD9230225407,10:26:22,10:41:35.210408,1.944,15.2202,13.5697,서울특별시,서초구,6,10,2,AppPay,Bike,3,0.09,4
OD2264296414,01:07:36,01:24:16.877652,2.961,16.6813,29.1987,서울특별시,서초구,5,1,22,AppPay,Car,4,0.32,3
OD7237447439,00:25:59,00:44:43.951147,4.221,18.7492,20.6663,경기도,성남시 분당구,4,0,14,Card,Scooter,2,0.67,5
OD0341114943,01:31:35,01:59:37.231983,5.568,28.0372,23.9659,서울특별시,노원구,5,1,1,AppPay,Scooter,2,3.38,3
OD2218144027,13:35:42,13:39:36.584921,2.065,3.9097,31.6872,인천광역시,서구,1,13,11,Card,Scooter,5,3.59,3
OD3943032204,10:02:16,10:12:40.569339,3.115,10.4095,32.9581,서울특별시,강서구,3,10,20,Card,Scooter,3,2.16,2
OD1834948210,09:43:31,10:01:14.393819,5.86,17.7232,20.0193,경기도,수원시 장안구,4,9,21,Card,Bike,3,0.6,2
OD1359010584,13:49:21,14:08:58.578419,4.492,19.6263,27.6922,서울특별시,마포구,4,13,21,AppPay,Scooter,2,0.18,2
OD3251912082,08:21:11,08:40:41.339761,5.337,19.5057,31.3861,경기도,성남시 분당구,0,8,31,AppPay,Scooter,2,2.45,2
OD7765009192,00:15:41,00:41:46.161813,4.97,26.086,16.3128,서울특별시,중구,6,0,23,Card,Bike,2,1.39,3
OD8886056509,16:12:13,16:38:04.113443,1.915,25.8519,16.4618,서울특별시,용산구,6,16,23,Card,Bike,4,0.81,4
OD2024152528,23:47:58,00:06:24.689748,3.211,18.4448,21.4024,경기도,수원시 장안구,4,23,14,Card,Bike,3,2.6,4
OD5721524503,23:08:47,23:25:08.693884,3.623,16.3616,28.1509,인천광역시,서구,2,23,5,Cash,Car,4,1.89,3
OD7268391899,10:43:11,11:00:18.410672,2.568,17.1235,17.093,경기도,수원시 장안구,4,10,28,Card,Bike,5,0.19,4
OD1108525785,21:02:44,21:12:11.507217,3.159,9.4585,30.7973,경기도,성남시 중원구,4,21,14,Cash,Scooter,2,2.39,3
OD1793627422,10:49:03,11:00:51.150677,2.564,11.8025,19.6985,서울특별시,강남구,2,10,19,Card,Bike,2,0.01,3
OD2884234816,18:14:46,18:37:21.032529,,22.5839,22.2181,경기도,용인시 기흥구,1,18,4,AppPay,Bike,3,1.42,3
OD5321810593,02:32:02,02:50:09.062427,2.496,18.1177,9.8376,경기도,성남시 중원구,3,2,20,Card,Bike,1,2.18,3
OD2429086702,05:11:33,05:51:52.282419,6.045,40.3214,10.8704,서울특별시,송파구,6,5,30,Card,Bike,3,0.1,4
OD3010602730,22:49:51,22:59:31.980171,0.892,9.683,35.7113,경기도,성남시 중원구,6,22,9,AppPay,Scooter,1,0.11,2
OD3035579621,01:50:43,02:11:07.573247,3.465,20.4096,13.4788,서울특별시,은평구,1,1,25,Card,Bike,5,0.0,5
OD1141325182,17:50:51,18:20:29.084928,5.053,29.6347,18.9756,경기도,용인시 수지구,4,17,14,Cash,Bike,5,0.69,5
OD3625399954,21:42:33,21:57:44.166384,4.715,15.1861,30.0178,서울특별시,서초구,3,21,27,Card,Car,3,0.56,3
OD1873269237,23:58:57,00:33:51.614706,6.032,34.9102,15.0986,인천광역시,미추홀구,6,23,2,Cash,Bike,4,2.11,4
OD4306083982,20:35:29,20:58:27.332177,5.047,22.9722,19.15,경기도,용인시 수지구,4,20,28,AppPay,Car,1,2.32,3
OD5888688979,14:46:38,15:09:38.567814,4.427,23.0095,27.6476,서울특별시,서초구,5,14,22,AppPay,Scooter,2,1.07,2
OD5410830372,01:20:00,01:34:51.099521,0.673,14.8517,23.4079,경기도,김포시,2,1,5,Cash,Bike,2,3.59,3
OD1981642329,18:35:26,18:40:07.815381,0.907,4.6969,23.0357,경기도,수원시 영통구,5,18,1,AppPay,Car,3,0.0,2
OD9606368941,18:23:08,18:42:21.713291,5.42,19.2286,25.1424,서울특별시,강서구,5,18,15,Cash,Scooter,1,0.21,4
OD4053410068,07:54:09,08:35:56.472362,9.893,41.7912,22.1429,경기도,안산시 단원구,2,7,5,AppPay,Scooter,4,0.26,4
OD9360902114,10:33:54,10:53:44.820875,5.404,19.847,29.1226,경기도,김포시,3,10,27,Cash,Scooter,3,0.3,4
OD6482903463,12:57:36,13:05:09.683776,2.194,7.5614,17.4057,서울특별시,은평구,0,12,17,AppPay,Bike,2,0.0,3
OD5485726835,22:01:48,22:14:10.301223,2.432,12.3717,28.0154,서울특별시,성북구,1,22,25,Cash,Scooter,4,0.48,3
OD5962570892,16:41:45,17:00:13.329014,1.968,18.4722,12.2947,서울특별시,서초구,1,16,1,Cash,Bike,5,0.9,4
OD5331378123,08:38:36,08:59:15.012920,3.827,20.6502,24.9673,서울특별시,중구,4,8,21,Cash,Car,2,11.72,5
OD2098641020,04:49:56,05:21:36.023584,5.205,31.6671,23.7885,서울특별시,중구,5,4,22,Cash,Scooter,3,0.25,3
OD3062881475,17:57:51,18:30:22.470147,4.956,32.5245,10.372,경기도,수원시 장안구,6,17,9,Cash,Bike,3,1.27,3
OD2844643789,07:57:11,08:18:51.801691,3.123,21.68,32.5812,경기도,성남시 중원구,5,7,15,Card,Scooter,3,0.0,2
OD4395052558,00:19:31,00:36:09.091960,3.691,16.6349,27.8702,경기도,부천시,4,0,7,AppPay,Car,3,0.27,3
OD7810157895,13:49:07,14:06:05.603634,0.5,16.9767,22.7004,서울특별시,강남구,4,13,14,Card,Bike,4,0.0,2
OD0494656518,18:33:12,19:02:27.873378,3.255,29.2646,14.1257,서울특별시,강남구,1,18,4,Card,Bike,1,0.85,3
OD4089850285,11:51:34,12:10:48.464275,5.238,19.2411,19.6023,서울특별시,노원구,5,11,1,Cash,Scooter,4,0.03,3
OD5819540164,11:32:55,11:53:42.842187,1.327,20.7974,27.8719,경기도,수원시 영통구,6,11,16,Card,Bike,3,1.05,2
OD6232647349,23:51:02,00:09:21.059429,1.478,18.3177,22.8424,서울특별시,마포구,5,23,1,Card,Car,4,7.12,4
OD5907180815,08:22:39,08:36:34.301400,2.55,13.9217,33.9587,경기도,수원시 영통구,1,8,4,Cash,Car,3,1.32,2
OD3794337463,02:24:26,03:01:23.538668,4.009,36.959,8.0,서울특별시,동작구,5,2,8,AppPay,Bike,4,0.05,4
OD7088361689,15:33:09,15:48:52.547103,3.387,15.7258,22.3989,서울특별시,관악구,0,15,10,AppPay,Bike,1,3.36,1
OD5589981422,11:58:56,12:13:51.290474,4.879,14.9215,22.4071,인천광역시,계양구,0,11,3,AppPay,Scooter,2,0.38,3
OD9970360318,10:22:27,10:32:44.529312,3.69,10.2922,30.3023,경기도,김포시,6,10,16,Cash,Scooter,3,0.69,3
OD8397400428,12:49:16,13:08:56.021892,5.101,19.667,18.7844,서울특별시,동작구,1,12,25,Card,Car,3,0.95,5
OD8141119987,00:01:48,02:35:57.253706,7.191,154.1542,12.7301,경기도,부천시,2,0,19,Cash,Bike,2,0.02,5
OD8893077939,15:13:39,15:42:13.754426,5.601,28.5792,19.8163,서울특별시,용산구,4,15,14,AppPay,Bike,2,2.73,3
OD5859876045,10:23:12,10:31:46.734649,2.164,8.5789,27.6474,경기도,성남시 중원구,2,10,12,Card,Bike,4,1.1,3
OD4777008576,15:31:49,16:04:28.370910,4.603,32.6562,12.2832,경기도,수원시 영통구,1,15,4,Card,Bike,3,0.49,4
OD0705895932,22:31:43,22:42:29.445420,1.335,10.7741,31.6294,서울특별시,종로구,4,22,21,Card,Scooter,2,1.55,2
OD6792728336,18:30:29,18:39:17.890340,2.613,8.8148,19.3781,서울특별시,성동구,5,18,22,Card,Bike,4,0.48,4
OD8294647995,13:48:22,14:03:48.271611,5.174,15.4379,26.3279,경기도,수원시 영통구,2,13,19,Card,Scooter,4,1.35,4
OD4758177269,15:03:51,15:21:12.268140,2.657,17.3545,26.2438,서울특별시,종로구,0,15,24,Card,Scooter,5,2.17,4
OD8330741372,00:31:44,00:52:36.699755,0.5,20.8783,15.1147,인천광역시,부평구,5,0,15,Cash,Car,3,1.97,4
OD0109088193,23:08:23,23:19:54.228073,2.871,11.5205,20.7223,서울특별시,성북구,1,23,18,Cash,Scooter,2,0.0,3
OD1772868001,14:12:52,14:25:30.535350,4.953,12.6423,31.0632,경기도,평택시,0,14,17,Cash,Scooter,4,0.79,3
OD9366444003,20:17:37,20:32:37.256974,2.009,15.0043,27.6185,서울특별시,마포구,0,20,17,Card,Scooter,5,0.59,3
OD8632676694,07:00:56,07:08:16.879734,4.128,7.348,40.404,서울특별시,동작구,6,7,16,Cash,Scooter,4,0.98,2
OD5367254968,06:32:55,06:56:28.970194,5.08,23.5662,30.079,인천광역시,동구,0,6,3,Card,Scooter,5,0.35,2
OD3394754768,17:41:24,18:00:36.305496,2.51,19.2051,27.8442,서울특별시,마포구,2,17,5,Card,Scooter,3,0.11,3
OD2804509549,00:29:20,00:39:53.497867,1.31,10.5583,28.4203,경기도,성남시 분당구,0,0,10,Cash,Bike,3,0.7,1
OD0737797690,17:13:18,17:34:17.870686,3.422,20.9978,22.4731,서울특별시,마포구,1,17,18,Card,Car,3,0.85,2
OD3870132671,19:39:53,19:44:22.024955,1.211,4.4837,28.3459,서울특별시,관악구,0,19,17,Card,Scooter,1,0.86,3
OD8904005034,21:13:32,21:43:58.352349,,30.4392,18.3293,서울특별시,마포구,2,21,26,Card,Bike,3,0.21,3
OD9111784389,19:35:31,19:44:53.457725,5.135,9.3743,32.8679,인천광역시,연수구,5,19,15,Cash,Scooter,2,1.12,3
OD1999971534,22:03:12,22:23:20.751591,4.614,20.1459,26.7291,경기도,용인시 기흥구,1,22,18,Cash,Scooter,1,0.72,4
OD8648383144,19:09:32,19:28:52.055135,3.136,19.3343,20.9736,경기도,평택시,1,19,4,AppPay,Scooter,3,0.16,4
OD7561839933,19:07:48,19:24:48.360081,1.133,17.006,33.0734,인천광역시,미추홀구,6,19,9,Cash,Scooter,3,0.76,2
OD9726542227,18:49:25,19:09:14.776046,2.959,19.8296,13.4171,경기도,수원시 장안구,1,18,4,Card,Bike,2,1.48,4
OD0601408337,18:16:43,18:25:30.150730,2.868,8.7858,27.8496,서울특별시,강남구,2,18,12,AppPay,Bike,3,0.15,2
OD6875616847,04:48:22,04:55:52.089762,1.843,7.5015,22.5291,서울특별시,마포구,2,4,5,AppPay,Bike,3,3.12,3
OD3887335054,00:56:43,01:09:42.426144,2.928,12.9904,13.689,경기도,시흥시,6,0,2,Card,Bike,2,0.45,5
OD0363010329,05:47:46,05:57:09.885780,2.198,9.3981,31.5219,서울특별시,강서구,3,5,27,AppPay,Car,3,1.6,2
OD4043420405,05:31:16,05:43:04.500651,1.673,11.8083,24.9312,서울특별시,성동구,0,5,3,AppPay,Bike,2,3.11,2
OD3820930987,13:25:24,13:30:45.214446,0.5,5.3536,19.9083,서울특별시,강남구,2,13,19,Cash,Bike,5,1.75,4
OD1623846383,20:41:04,20:58:23.054856,1.75,17.3176,11.119,서울특별시,마포구,1,20,4,Cash,Bike,2,0.25,4
OD3417712908,15:33:12,15:50:42.512828,4.826,17.5085,35.3258,인천광역시,서구,5,15,8,Card,Car,3,0.53,2
OD5004751685,21:59:22,22:12:55.950770,2.598,13.5658,25.2362,서울특별시,동작구,0,21,31,Cash,Scooter,4,3.84,4
OD8434510822,19:49:04,19:53:00.483293,0.919,3.9414,18.5563,경기도,평택시,4,19,28,AppPay,Car,2,0.84,4
OD3954595979,23:01:57,23:19:23.900373,4.332,17.4483,29.8268,서울특별시,노원구,2,23,12,Card,Scooter,5,0.0,2
OD8372173616,20:51:09,21:22:43.484030,2.998,31.5747,8.8605,서울특별시,강서구,3,20,13,Card,Bike,2,2.14,4
OD6813617565,07:41:38,07:52:44.892393,1.014,11.1149,19.2134,경기도,수원시 장안구,4,7,7,Cash,Scooter,2,5.74,4
OD9106097728,23:28:52,23:44:59.791603,2.5,16.1299,22.1042,서울특별시,중구,0,23,24,Cash,Bike,5,1.08,2
OD1970037007,02:31:41,02:46:50.329197,4.826,15.1555,25.3108,서울특별시,용산구,2,2,2,Cash,Bike,4,0.94,2
OD6981838129,10:52:55,11:03:39.772017,4.407,10.7462,31.69,경기도,성남시 중원구,5,10,15,Card,Scooter,3,3.35,3
OD1151154862,00:49:45,01:19:54.547628,3.223,30.1591,10.1843,경기도,용인시 기흥구,4,0,14,AppPay,Bike,3,0.0,5
OD5164930822,03:55:21,04:05:28.919194,2.03,10.132,30.1213,경기도,용인시 수지구,0,3,24,AppPay,Scooter,5,3.83,2
OD2503203747,16:13:09,16:22:48.309784,0.5,9.6552,19.2616,서울특별시,영등포구,0,16,17,Cash,Bike,2,1.4,3
OD2624382030,14:05:26,14:37:53.159100,5.348,32.4527,16.495,서울특별시,노원구,1,14,4,Cash,Car,4,1.19,5
OD6037488187,11:43:41,12:09:28.957598,4.851,25.7993,21.2736,경기도,수원시 영통구,3,11,13,Cash,Bike,5,1.42,2
OD9467171664,09:53:22,10:17:07.966204,4.531,23.7661,18.3637,서울특별시,강서구,0,9,3,Cash,Bike,4,0.42,3
OD1339650091,01:02:14,01:12:28.873101,1.811,10.2479,10.6041,경기도,시흥시,6,1,9,Card,Bike,2,2.93,4
OD4772075939,11:59:08,12:04:29.091501,1.884,5.3515,21.1209,경기도,고양시 덕양구,0,11,3,AppPay,Scooter,1,0.36,5
OD0985760467,18:51:53,19:08:43.776124,1.503,16.8463,18.5131,경기도,부천시,5,18,29,Cash,Car,2,0.16,3
OD3882188972,04:56:03,05:11:03.220054,1.687,15.0037,17.3832,경기도,시흥시,0,4,17,Cash,Bike,1,4.81,2
OD0633305293,19:02:21,19:19:22.916787,3.465,17.0319,22.4814,서울특별시,노원구,1,19,25,Cash,Bike,5,0.37,2
OD7814779023,18:44:55,19:00:20.097086,4.145,15.4183,31.2907,서울특별시,용산구,0,18,24,Cash,Scooter,3,4.09,2
OD7187184365,18:12:18,18:40:41.635042,6.666,28.3939,18.9866,서울특별시,은평구,5,18,8,Cash,Bike,2,0.0,3
OD3109781950,14:26:44,14:44:56.773826,5.345,18.2129,31.2337,-,-,0,14,17,AppPay,Bike,2,1.91,1
OD0946715478,09:00:37,09:19:08.304201,2.605,18.5217,11.095,서울특별시,중구,1,9,4,AppPay,Bike,4,,3
OD2933805291,03:32:28,03:53:44.081634,2.087,21.268,11.8384,서울특별시,성북구,5,3,22,AppPay,Bike,3,0.0,4
OD9123729170,08:51:17,08:57:01.956501,0.5,5.7493,29.7708,경기도,시흥시,1,8,4,Cash,Scooter,4,6.58,1
OD5728653095,16:04:56,16:19:50.467922,4.48,14.9078,18.0291,서울특별시,서초구,3,16,6,Cash,Bike,3,0.99,3
OD4443335891,13:15:34,13:40:51.417305,3.556,25.2903,14.9046,인천광역시,남동구,5,13,15,AppPay,Bike,1,0.14,3
OD6032495711,21:38:52,21:51:26.610734,2.368,12.5768,18.458,인천광역시,동구,2,21,5,AppPay,Bike,4,0.26,2
OD0350604826,12:10:33,12:34:07.226922,2.251,23.5704,21.8869,경기도,부천시,3,12,13,AppPay,Car,5,0.86,3
OD9023207115,10:37:58,10:53:48.440410,1.033,15.8407,25.7133,인천광역시,연수구,5,10,22,Cash,Car,5,0.0,4
OD9506354847,09:03:47,09:14:41.082013,2.033,10.9014,28.1548,경기도,김포시,1,9,18,Card,Bike,7,0.83,2
OD8551122580,14:40:53,15:05:01.681041,6.07,24.1447,24.3849,서울특별시,중구,3,14,27,AppPay,Bike,3,0.91,2
OD2640281521,13:11:29,13:23:20.407695,2.629,11.8568,19.7997,경기도,성남시 중원구,3,13,13,Cash,Bike,3,0.28,2
OD9608531592,23:12:07,23:24:17.117060,3.123,12.1686,29.0456,경기도,안산시 상록구,0,23,24,Cash,Scooter,2,0.74,3
OD2582072800,05:33:34,05:53:45.590398,7.91,20.1932,36.5187,서울특별시,은평구,3,5,27,AppPay,Scooter,3,1.94,2
OD1421724250,05:31:58,05:48:33.172197,2.557,16.5862,19.4269,경기도,고양시 덕양구,4,5,21,AppPay,Bike,1,4.33,4
OD9097937099,19:01:13,19:15:25.564148,0.601,14.2094,14.8322,서울특별시,구로구,2,19,5,Cash,Bike,4,0.57,3
OD1129221192,10:11:41,10:37:24.276978,4.141,25.7213,15.9636,서울특별시,성동구,0,10,3,Cash,Car,4,1.98,4
OD0723025727,20:00:34,20:19:14.960230,2.679,18.6827,26.071,경기도,안산시 단원구,1,20,4,Card,Car,3,0.85,2
OD4149227401,19:01:27,19:24:13.662009,3.334,22.7777,23.7288,서울특별시,관악구,6,19,9,Card,Bike,4,0.0,3
OD4747425633,23:14:00,23:40:27.424929,3.939,26.4571,17.7867,서울특별시,노원구,2,23,12,Cash,Bike,3,0.28,3
OD5944305186,09:57:54,10:12:53.569069,4.92,14.9928,27.7438,서울특별시,마포구,6,9,9,Card,Car,5,0.0,3
OD0433580924,07:38:58,07:46:22.947768,1.029,7.4158,19.6108,서울특별시,마포구,0,7,3,Cash,Bike,3,4.22,4
OD7679379290,00:37:12,01:12:19.019202,5.263,35.117,14.3545,경기도,고양시 덕양구,6,0,9,AppPay,Bike,3,0.95,3
OD0059371721,20:04:28,20:31:15.431747,3.076,26.7905,12.6901,서울특별시,구로구,0,20,24,Cash,Bike,1,0.62,3
OD1028867005,22:44:04,23:00:26.217686,3.12,16.3703,22.1631,인천광역시,계양구,3,22,13,AppPay,Scooter,3,1.26,4
OD9288374198,01:35:15,01:45:58.238988,2.783,10.7206,31.0174,경기도,평택시,1,1,1,Cash,Scooter,3,0.42,2
OD2172167826,22:56:43,23:14:06.351532,2.011,17.3892,17.7208,서울특별시,용산구,0,22,31,AppPay,Bike,4,0.98,3
OD6268142747,13:35:37,13:57:46.122562,3.95,22.152,24.5895,서울특별시,성동구,6,13,2,Card,Bike,5,0.93,3
OD4626809076,18:00:17,18:17:15.942630,3.091,16.9824,29.5192,경기도,안산시 상록구,5,18,1,AppPay,Scooter,1,0.47,2
OD4945694134,22:12:32,22:32:47.057330,0.853,20.251,8.3459,서울특별시,종로구,6,22,2,Cash,Bike,2,0.2,5
OD7594178179,02:16:05,02:27:16.337895,3.269,11.189,17.8834,경기도,용인시 기흥구,5,2,8,Cash,Bike,1,0.0,3
OD4898554892,12:29:38,12:41:22.854098,0.5,11.7476,30.3115,경기도,성남시 중원구,1,12,4,Card,Scooter,3,0.0,3
OD1642381307,02:46:43,03:10:31.709719,3.294,23.8118,25.1936,경기도,용인시 기흥구,1,2,4,AppPay,Scooter,2,0.13,2
OD8441282450,11:56:01,12:09:53.310245,4.024,13.8718,33.0666,서울특별시,동작구,0,11,17,Cash,Scooter,2,3.95,2
OD6687104381,08:08:17,08:36:57.471275,5.458,28.6745,21.3866,서울특별시,성동구,3,8,13,Cash,Bike,2,1.76,1
OD8619080181,19:51:31,20:10:28.900113,2.079,18.965,27.6421,서울특별시,영등포구,6,19,23,Cash,Scooter,4,1.15,3
OD1318835087,20:08:08,20:23:43.243720,1.883,15.5874,26.8361,경기도,성남시 중원구,5,20,15,Cash,Bike,3,0.0,2
OD3500357926,07:48:51,08:05:38.162388,3.716,16.786,26.6573,서울특별시,은평구,6,7,16,Cash,Bike,5,0.0,1
OD6191782602,06:45:35,07:00:10.575374,5.029,14.5929,25.4767,서울특별시,은평구,6,6,2,AppPay,Scooter,4,0.0,3
OD8740340663,15:23:01,16:02:18.457262,7.412,39.291,16.5763,서울특별시,마포구,6,15,30,Cash,Bike,5,0.0,4
OD0533708882,12:50:36,13:01:17.434892,0.5,10.6906,21.9608,경기도,성남시 중원구,3,12,6,AppPay,Bike,3,0.98,3
OD8224824674,07:21:47,07:26:50.551337,0.817,5.0592,35.8536,서울특별시,동작구,1,7,11,AppPay,Scooter,4,0.28,1
OD0092271799,06:13:00,06:40:21.467286,5.485,27.3578,14.9205,서울특별시,중구,2,6,26,Card,Bike,3,0.46,4
OD5576310648,08:48:08,09:21:31.718554,6.259,33.3953,20.1166,경기도,고양시 덕양구,2,8,5,Card,Scooter,3,4.16,3
OD7966354068,14:13:10,14:27:42.094064,6.295,14.5349,25.9843,-,-,3,14,6,AppPay,Scooter,4,0.46,1
OD2933622637,17:42:26,18:05:25.966705,7.975,22.9994,32.0482,경기도,평택시,0,17,17,Cash,Scooter,4,0.4,2
OD1450963097,03:41:27,04:04:03.072042,4.506,22.6012,16.8319,인천광역시,남동구,5,3,8,Cash,Car,1,0.32,4
OD2197003938,23:04:29,23:22:04.783198,1.629,17.5964,27.3306,-,-,0,23,3,AppPay,Scooter,3,0.53,4
OD5973223644,20:55:48,21:10:17.525635,1.094,14.4921,19.3334,경기도,부천시,6,20,9,Cash,Bike,2,1.24,2
OD5704519842,11:31:19,11:42:47.753317,2.678,11.4792,30.2228,서울특별시,영등포구,1,11,18,AppPay,Car,3,0.82,2
OD2388981571,06:15:27,06:38:48.664829,6.018,23.3611,30.2041,경기도,용인시 수지구,1,6,11,Cash,Scooter,2,2.27,4
OD7164614247,20:00:12,20:05:01.202594,1.014,4.82,14.6732,서울특별시,성북구,3,20,13,Card,Bike,2,1.29,4
OD7442936361,23:02:55,23:31:40.793530,6.013,28.7632,16.603,경기도,김포시,2,23,5,AppPay,Bike,3,0.37,2
OD2182227169,20:01:35,20:27:58.604870,5.111,26.3934,21.3103,인천광역시,부평구,2,20,12,Cash,Car,3,1.96,3
OD3489591240,09:42:29,10:05:07.557317,4.602,22.6426,29.6342,서울특별시,강서구,3,9,20,Cash,Scooter,5,0.0,3
OD3991047797,09:37:42,10:04:04.347840,2.259,26.3725,21.5496,서울특별시,은평구,4,9,28,AppPay,Car,4,1.11,3
OD3544453341,14:41:03,15:11:02.140580,4.794,29.9857,18.3236,경기도,성남시 분당구,3,14,27,Card,Bike,5,0.42,3
OD9356686149,23:25:25,23:46:52.808211,4.609,21.4635,28.6229,경기도,시흥시,5,23,22,Card,Scooter,3,1.66,3
OD3473654904,20:54:01,21:19:43.039967,5.601,25.7007,27.4728,서울특별시,동작구,3,20,20,AppPay,Scooter,1,5.21,3
OD5495543143,07:30:38,07:46:23.483582,3.921,15.7581,22.7558,경기도,성남시 중원구,1,7,25,Cash,Scooter,3,0.39,3
OD5230307787,20:02:10,20:24:31.599576,3.211,22.36,14.0148,인천광역시,미추홀구,1,20,4,Card,Bike,3,0.0,4
OD5399090594,13:57:07,14:15:32.416580,4.32,18.4236,26.3026,서울특별시,종로구,6,13,30,Cash,Scooter,3,1.76,4
OD5648109668,03:10:23,03:21:36.049013,2.059,11.2175,22.6028,서울특별시,송파구,4,3,21,Cash,Car,2,1.99,3
OD5685093584,14:39:11,15:03:20.525032,3.626,24.1588,11.7942,인천광역시,계양구,4,14,7,Cash,Bike,4,0.36,4
OD1184688360,02:41:06,02:57:41.647101,1.389,16.5941,17.2752,서울특별시,구로구,2,2,5,Card,Bike,4,3.51,2
OD1392403065,20:38:31,20:59:01.457926,5.604,20.5076,24.5177,경기도,평택시,2,20,26,Cash,Bike,5,1.46,2
OD5149201714,21:33:28,21:40:19.629979,2.917,6.8605,25.5122,경기도,부천시,1,21,25,AppPay,Car,3,0.08,2
OD1425408526,05:06:15,05:19:14.488553,3.601,12.9915,30.1248,서울특별시,마포구,3,5,27,AppPay,Scooter,4,0.28,2
OD6846664300,01:28:09,01:38:52.693082,1.656,10.7282,17.8945,서울특별시,동작구,4,1,7,Cash,Bike,3,2.95,3
OD4621181952,02:07:47,02:23:14.561510,2.116,15.4594,12.3364,경기도,수원시 장안구,2,2,26,AppPay,Bike,5,0.0,4
OD6556782141,22:30:09,23:01:04.839697,4.108,30.9307,18.454,서울특별시,성동구,3,22,6,Card,Bike,2,1.15,2
OD8942764484,22:57:38,23:18:19.882178,4.88,20.698,26.7344,서울특별시,관악구,5,22,8,AppPay,Scooter,2,0.28,4
OD5716769636,09:42:18,10:02:34.613146,3.995,20.2769,27.2093,서울특별시,종로구,0,9,17,Card,Scooter,3,3.69,4
OD5588659296,13:40:47,13:54:50.219646,2.656,14.0537,26.9542,서울특별시,성동구,4,13,21,AppPay,Car,3,0.21,2
OD6036710408,04:11:06,04:22:11.918186,0.5,11.0986,18.7391,경기도,수원시 영통구,4,4,28,Cash,Bike,4,0.0,3
OD6543165204,12:34:18,13:07:09.626918,7.51,32.8604,30.5498,경기도,김포시,3,12,13,Card,Scooter,3,2.46,2
OD0499607868,10:20:09,10:37:26.730508,4.07,17.2955,25.9982,서울특별시,용산구,5,10,15,Cash,Car,4,0.79,2
OD5931292328,02:27:56,02:43:37.514534,3.322,15.6919,31.1818,경기도,안산시 상록구,0,2,24,Cash,Scooter,3,2.37,2
OD4831072277,04:53:58,05:11:03.959889,3.593,17.0993,26.2934,경기도,안산시 단원구,4,4,14,Cash,Car,3,0.41,1
OD6352452054,06:25:44,06:40:56.159068,2.479,15.2027,18.2338,서울특별시,종로구,2,6,2,Card,Car,2,3.39,3
OD5166997477,04:07:16,04:21:12.046991,3.078,13.9341,33.9045,경기도,고양시 덕양구,3,4,6,AppPay,Scooter,3,4.32,2
OD0208193620,09:00:39,09:08:47.903739,2.329,8.1484,17.1508,서울특별시,은평구,1,9,1,AppPay,Bike,4,1.02,3
OD3387721888,14:04:34,14:10:11.013968,1.591,5.6169,18.836,서울특별시,성동구,0,14,31,Card,Car,4,0.9,3
OD9161881035,13:17:38,13:32:17.206444,2.726,14.6534,17.3176,서울특별시,구로구,6,13,16,Cash,Bike,5,4.76,4
OD5453108695,01:15:47,01:21:28.944065,2.561,5.6991,26.9595,경기도,수원시 영통구,3,1,13,Cash,Scooter,4,0.0,2
OD3916072380,04:09:36,04:40:31.373223,4.549,30.9229,22.2924,서울특별시,관악구,3,4,13,Card,Bike,1,1.26,3
OD2012077106,08:01:29,08:19:17.530205,6.476,17.8088,28.871,경기도,성남시 분당구,5,8,8,Card,Car,3,0.0,3
OD8684984867,17:17:33,17:29:16.854269,4.349,11.7309,29.3227,경기도,수원시 장안구,5,17,29,Cash,Car,3,0.0,2
OD3574447385,18:12:02,18:28:06.614432,3.427,16.0769,24.0006,경기도,부천시,4,18,7,Card,Scooter,2,3.11,3
OD2268843875,08:26:07,08:31:25.921588,1.1,5.3154,27.1642,경기도,안산시 상록구,1,8,4,Card,Car,4,1.17,3
OD4951763762,05:40:05,05:51:23.632246,0.5,11.3105,23.2775,경기도,용인시 수지구,4,5,14,AppPay,Bike,4,0.18,3
OD3632390754,21:51:46,22:06:31.075508,3.652,14.7513,17.8225,-,-,3,21,13,Cash,Bike,6,1.09,2
OD9251523063,06:03:10,06:28:18.866139,5.355,25.1478,21.6649,서울특별시,영등포구,3,6,6,Card,Bike,3,1.55,2
OD8924748959,07:20:56,07:38:04.775598,2.195,17.1463,18.1777,경기도,안산시 상록구,1,7,25,Cash,Bike,5,0.03,3
OD3930653838,10:48:51,11:03:18.874465,0.5,14.4646,10.0728,경기도,성남시 분당구,2,10,19,Card,Bike,3,0.7,4
OD1358981534,05:46:14,06:18:06.297837,4.077,31.8716,15.5267,서울특별시,강서구,5,5,22,Card,Bike,5,0.03,2
OD2656874144,05:48:59,06:03:14.654225,2.763,14.2609,24.1073,경기도,성남시 분당구,1,5,11,Card,Bike,3,0.0,2
OD0459924991,11:15:14,11:31:07.631530,3.876,15.8939,22.7623,서울특별시,은평구,5,11,22,Card,Car,1,0.18,3
OD8792188103,07:27:15,07:53:09.659844,3.715,25.911,9.7031,경기도,수원시 장안구,6,7,2,AppPay,Bike,3,1.95,4
OD0039958598,03:47:10,03:53:36.298956,1.745,6.4383,29.6196,서울특별시,서초구,1,3,11,AppPay,Scooter,2,2.21,4
OD4101122458,15:43:45,15:59:09.852797,2.694,15.4142,23.5727,경기도,성남시 중원구,0,15,24,AppPay,Scooter,2,0.13,3
OD9776941847,22:31:58,22:48:46.055275,2.696,16.8009,18.2361,서울특별시,성동구,3,22,6,Card,Bike,4,0.86,5
OD4835376234,19:48:25,20:06:35.146667,3.337,18.1691,24.9155,경기도,고양시 덕양구,3,19,13,Cash,Bike,3,0.53,1
OD5031468418,04:01:23,04:20:43.647532,3.218,19.3441,23.5027,경기도,용인시 기흥구,5,4,8,Cash,Scooter,3,2.59,3
OD2140379440,18:41:49,18:53:24.957747,2.263,11.5993,30.1693,서울특별시,노원구,2,18,26,Card,Scooter,3,2.06,1
OD2572271930,07:59:58,08:36:51.732665,4.125,36.8955,12.2131,인천광역시,동구,5,7,8,AppPay,Bike,2,0.29,3
OD4129498817,01:36:51,01:50:51.172054,4.846,14.0029,20.7656,경기도,용인시 수지구,6,1,23,Cash,Bike,4,1.29,2
OD6434585442,08:23:57,08:29:35.317339,0.703,5.6386,18.9457,서울특별시,마포구,3,8,20,Cash,Car,6,0.02,3
OD1873713640,21:26:34,21:50:36.961098,3.783,24.0494,22.4384,서울특별시,중구,1,21,25,Card,Bike,2,0.63,4
OD5308616885,13:17:25,13:33:03.016706,3.539,15.6336,34.2252,서울특별시,서초구,6,13,23,AppPay,Scooter,1,0.0,3
OD8945871169,12:28:45,12:42:44.661998,1.724,13.9944,23.5994,서울특별시,성동구,0,12,31,AppPay,Scooter,3,0.13,4
OD5420904916,15:52:10,16:13:35.602339,3.429,21.4267,27.3165,서울특별시,서초구,0,15,24,AppPay,Scooter,1,0.14,2
OD5990072488,09:32:00,09:56:17.595099,4.767,24.2933,16.0955,경기도,고양시 덕양구,0,9,3,Card,Bike,3,2.51,3
OD5929549753,17:49:14,18:12:15.296023,2.861,23.0216,25.7474,서울특별시,동작구,6,17,9,Cash,Car,4,0.88,3
OD2934860890,14:19:54,14:34:55.649633,3.082,15.0275,19.3253,서울특별시,서초구,2,14,12,Cash,Bike,5,0.0,2
OD2394043284,00:21:18,00:43:36.155845,3.003,22.3026,14.1075,서울특별시,성북구,2,0,5,AppPay,Bike,3,0.0,4
OD7744725953,05:59:29,06:22:22.620087,4.539,22.8937,18.4477,서울특별시,종로구,5,5,22,Card,Car,3,2.37,5
OD3173259832,00:05:21,00:29:40.963293,3.268,24.3327,21.6881,경기도,고양시 덕양구,6,0,9,Card,Bike,2,0.37,1
OD4327277319,19:46:12,20:13:26.299452,4.898,27.2383,11.9127,서울특별시,노원구,6,19,9,Card,Bike,2,1.0,4
OD3058038791,07:39:44,08:00:41.190304,4.686,20.9532,27.3088,경기도,수원시 장안구,5,7,8,Cash,Car,5,4.34,2
OD1240595901,07:49:16,08:08:40.385660,4.659,19.4064,18.8561,서울특별시,서초구,2,7,5,Cash,Bike,3,2.79,3
OD3195859560,09:59:00,10:23:58.128646,4.447,24.9688,16.1237,경기도,성남시 중원구,0,9,10,AppPay,Bike,4,0.2,2
OD8989706589,02:14:10,02:24:49.951266,2.428,10.6659,34.0908,서울특별시,동작구,0,2,31,Cash,Scooter,5,0.41,1
OD6541859199,18:44:24,19:03:48.473841,3.249,19.4079,23.9699,서울특별시,용산구,2,18,19,Cash,Bike,3,1.65,3
OD6786352839,22:52:36,23:16:18.820998,5.878,23.7137,24.5638,서울특별시,중구,2,22,5,Cash,Bike,3,3.94,3
OD7168254693,08:15:03,08:42:48.469159,4.224,27.7578,21.4374,경기도,안산시 상록구,4,8,14,Cash,Car,4,8.05,3
OD2035745514,21:27:27,21:55:11.460470,5.512,27.741,18.8482,서울특별시,강서구,4,21,7,Cash,Bike,3,2.44,1
OD3354253769,14:31:47,14:41:55.800303,1.827,10.1467,28.6716,경기도,성남시 분당구,5,14,8,Cash,Scooter,3,3.17,2
OD5646552253,22:41:35,22:49:57.200083,1.952,8.37,22.4587,경기도,성남시 분당구,4,22,14,Cash,Bike,3,0.0,3
OD5927027929,11:48:31,12:19:24.425106,3.477,30.8904,13.8954,서울특별시,성동구,4,11,7,Cash,Bike,1,0.54,4
OD4494383036,12:46:09,13:09:56.483335,2.353,23.7914,23.1875,인천광역시,연수구,3,12,13,Cash,Bike,3,0.0,3
OD3288463032,17:27:51,17:53:01.597929,4.599,25.1766,19.6458,서울특별시,성동구,0,17,3,AppPay,Bike,3,1.32,3
OD2743213177,21:55:06,22:09:25.406778,2.846,14.3234,20.5514,서울특별시,용산구,3,21,13,Cash,Bike,3,0.08,3
OD9317269190,02:22:08,02:43:48.329653,5.593,21.6722,21.5519,인천광역시,계양구,1,2,1,Card,Bike,2,0.75,2
OD0723924395,19:17:06,19:24:50.869323,2.2,7.7478,23.504,경기도,시흥시,5,19,1,Cash,Scooter,2,0.35,3
OD4460003268,08:55:56,09:12:25.703473,3.201,16.4951,29.9202,서울특별시,성동구,3,8,13,AppPay,Car,2,1.78,3
OD2462062208,21:43:43,22:03:57.136146,0.5,20.2356,22.0309,서울특별시,성동구,0,21,17,Cash,Scooter,2,0.12,4
OD7235785169,19:20:59,19:40:48.002656,4.057,19.8167,19.6796,서울특별시,은평구,2,19,19,Card,Bike,1,3.16,3
OD4925750023,06:18:46,06:28:19.756103,0.5,9.5626,20.0243,경기도,수원시 장안구,6,6,30,Cash,Bike,2,0.12,3
OD6607198660,21:04:17,21:25:27.403233,2.51,21.1734,12.6218,경기도,평택시,6,21,23,Cash,Bike,6,3.75,3
OD5891587080,22:18:22,22:46:33.431317,3.745,28.1905,29.8664,경기도,수원시 영통구,1,22,11,Card,Car,4,2.37,3
OD6629945471,04:45:24,05:06:25.287774,5.147,21.0215,25.3189,서울특별시,강남구,5,4,22,Card,Car,2,1.4,4
OD1465622493,19:58:29,20:17:55.043649,4.455,19.4341,22.2085,서울특별시,관악구,3,19,6,Cash,Bike,3,0.0,2
OD3079006818,16:51:04,17:15:32.489509,4.328,24.4748,20.1581,인천광역시,동구,3,16,6,AppPay,Scooter,3,0.42,3
OD4109331362,07:45:01,08:07:00.686437,3.1,21.9948,23.3213,경기도,광명시,1,7,11,Cash,Scooter,3,0.32,4
OD5828965053,22:58:21,23:26:26.280697,4.924,28.088,18.7342,경기도,성남시 중원구,2,22,19,AppPay,Bike,2,5.32,1
OD4236308565,16:31:09,16:55:16.751797,3.552,24.1292,12.3498,서울특별시,강서구,3,16,27,Card,Bike,2,0.82,3
OD8366688320,19:35:42,19:53:05.366421,4.382,17.3894,15.8349,경기도,부천시,6,19,23,AppPay,Bike,4,0.74,4
OD4080965440,15:51:01,16:01:29.064627,3.619,10.4677,24.7555,서울특별시,동작구,3,15,6,Cash,Car,3,1.31,3
OD4501520271,12:17:28,12:46:04.878355,3.302,28.6146,16.9702,서울특별시,영등포구,6,12,9,Cash,Bike,4,1.68,4
OD1213117850,05:33:58,05:55:10.496076,4.63,21.2083,33.728,경기도,용인시 수지구,1,5,25,Card,Scooter,4,0.31,2
OD7217676093,23:35:22,23:48:05.057219,4.92,12.7176,31.6295,경기도,평택시,1,23,11,AppPay,Scooter,3,1.71,2
OD8811048470,23:31:28,23:45:40.051830,2.875,14.2009,29.3661,경기도,고양시 덕양구,5,23,22,Card,Car,1,0.76,2
OD2311637416,04:32:18,04:43:16.509584,0.5,10.9752,13.17,서울특별시,동작구,0,4,17,AppPay,Bike,6,1.2,3
OD3169050570,14:17:17,14:36:19.390723,4.292,19.0398,26.7307,서울특별시,마포구,6,14,23,AppPay,Car,3,0.0,3
OD5058248573,16:22:12,16:39:01.746632,2.629,16.8291,21.4346,서울특별시,동작구,2,16,26,Cash,Car,4,0.0,4
OD7727235748,22:58:56,23:12:22.317182,2.564,13.4386,33.8466,경기도,평택시,5,22,1,Cash,Bike,3,3.19,1
OD6242451190,03:21:00,03:43:02.889866,3.232,22.0482,19.7784,서울특별시,구로구,0,3,3,Card,Bike,2,0.51,4
OD9768907943,04:41:48,04:58:36.935123,4.231,16.8156,18.873,경기도,수원시 장안구,0,4,24,Cash,Bike,2,1.7,3
OD8212225630,22:36:47,23:12:34.811277,5.762,35.7969,14.5295,서울특별시,구로구,1,22,25,Cash,Bike,5,1.36,4
OD4247759452,07:56:21,08:04:03.182021,2.6,7.703,23.6469,경기도,수원시 영통구,3,7,6,AppPay,Scooter,2,0.0,4
OD0341952654,15:26:12,15:28:01.461868,0.5,1.8244,26.9951,서울특별시,마포구,1,15,11,AppPay,Scooter,3,2.64,4
OD0002183407,07:28:17,07:54:23.195724,4.21,26.1033,11.3224,서울특별시,성북구,2,7,19,Card,Bike,4,0.07,3
OD3834371254,04:25:14,04:47:23.335657,4.324,22.1556,24.1661,인천광역시,연수구,1,4,18,Card,Bike,5,2.73,1
OD3415645668,06:10:51,06:28:34.396261,3.318,17.7233,19.3463,서울특별시,서초구,3,6,20,Card,Bike,3,2.15,3
OD8572407729,12:01:47,12:24:14.252070,5.458,22.4542,17.6244,서울특별시,중구,4,12,21,Cash,Bike,6,1.33,3
OD0669416309,03:05:30,03:22:40.035485,3.704,17.1673,29.8619,서울특별시,은평구,4,3,28,AppPay,Scooter,2,0.0,2
OD0037128919,01:24:22,01:44:15.200163,4.967,19.8867,24.7027,-,-,5,1,8,AppPay,Bike,4,2.75,1
OD7124051344,20:38:05,21:04:01.523589,7.521,25.9421,26.7032,경기도,수원시 영통구,6,20,16,AppPay,Bike,3,0.43,2
OD1787347524,01:07:40,01:21:47.014889,2.139,14.1169,24.1391,경기도,수원시 장안구,6,1,2,AppPay,Bike,4,0.0,1
OD5997631234,20:25:23,20:33:14.909004,1.817,7.8652,31.5072,서울특별시,성북구,5,20,29,Card,Scooter,2,0.02,3
OD2560630880,01:59:50,02:18:01.217732,1.552,18.187,20.2705,서울특별시,강서구,0,1,17,Cash,Scooter,2,1.01,4
OD9366080081,12:31:37,12:58:18.686283,4.274,26.6948,16.335,경기도,안산시 단원구,6,12,16,AppPay,Bike,1,0.3,3
OD1712427330,06:10:41,06:22:47.503790,3.599,12.1084,23.0111,경기도,수원시 장안구,0,6,10,Card,Scooter,2,0.55,3
OD1376177578,16:36:51,17:03:04.172971,5.245,26.2195,21.8404,서울특별시,강남구,5,16,15,Card,Scooter,3,0.52,4
OD7677866197,04:29:02,04:38:34.578616,0.5,9.543,31.3313,경기도,수원시 영통구,1,4,25,Card,Scooter,2,0.02,3
OD2924941836,23:28:57,23:49:34.812216,2.254,20.6302,21.9364,경기도,안산시 상록구,4,23,28,Card,Scooter,1,1.01,5
OD3267714826,18:16:49,18:29:01.832864,4.101,12.2139,25.5901,서울특별시,서초구,2,18,26,Card,Scooter,2,1.95,3
OD7820267334,05:49:34,06:02:37.041143,4.299,13.0507,32.552,서울특별시,관악구,1,5,11,Cash,Scooter,3,2.39,2
OD7000125681,06:19:05,06:32:21.189400,1.941,13.2698,28.7219,인천광역시,연수구,0,6,17,Card,Car,2,0.81,2
OD6989165823,19:12:16,19:26:44.036838,1.512,14.4673,8.1538,서울특별시,중구,2,19,26,Card,Bike,2,0.75,4
OD7200965660,06:25:23,06:36:37.926146,0.5,11.2488,14.4524,인천광역시,미추홀구,6,6,23,AppPay,Bike,1,3.29,3
OD2809684916,10:17:46,10:29:23.455646,2.93,11.6243,30.9419,서울특별시,영등포구,1,10,4,Cash,Scooter,2,0.67,3
OD3089687782,16:12:16,16:28:55.655306,3.024,16.6609,23.4717,서울특별시,노원구,0,16,17,AppPay,Car,4,4.14,2
OD1223587892,20:53:23,21:07:49.440352,1.869,14.4407,26.442,인천광역시,미추홀구,3,20,6,Cash,Scooter,3,0.98,4
OD7461998110,08:39:09,09:13:25.148689,4.958,34.2691,13.1746,서울특별시,은평구,1,8,1,Card,Bike,2,1.3,3
OD9600317137,20:23:41,20:35:05.772551,2.392,11.4129,22.5481,경기도,수원시 장안구,2,20,5,Cash,Bike,2,0.06,2
OD9751975779,13:57:32,14:12:14.535424,3.171,14.7089,22.7096,서울특별시,은평구,0,13,10,AppPay,Bike,3,1.24,2
OD0232390655,18:43:04,19:00:57.487732,4.531,17.8915,32.4261,서울특별시,서초구,3,18,13,Card,Scooter,2,4.39,1
OD2428432274,04:57:58,05:19:27.862693,3.521,21.4977,14.8495,서울특별시,중구,1,4,1,Card,Bike,6,0.71,3
OD5494293660,12:24:16,12:38:00.612259,3.637,13.7435,25.3283,서울특별시,성동구,1,12,18,AppPay,Bike,4,0.73,1
OD1049679805,14:29:33,14:59:20.590761,3.066,29.7932,8.0191,서울특별시,중구,5,14,29,AppPay,Bike,2,1.81,5
OD4957271744,03:55:48,04:09:25.031582,1.21,13.6172,25.1421,-,-,2,3,5,Card,Car,3,0.2,4
OD4221662557,01:33:51,01:47:57.732505,2.321,14.1122,25.8457,경기도,용인시 기흥구,5,1,29,Cash,Scooter,4,1.64,3
OD8217209391,14:02:16,14:41:32.810343,6.942,39.2802,15.9064,인천광역시,연수구,1,14,18,AppPay,Bike,4,0.62,3
OD5462718855,17:12:12,17:28:19.798927,2.265,16.13,22.1901,서울특별시,강서구,1,17,25,AppPay,Bike,3,0.64,2
OD2850979856,05:18:38,05:51:25.702935,4.478,32.795,16.7538,경기도,성남시 중원구,5,5,8,Cash,Bike,1,1.4,3
OD1605838257,14:46:58,15:20:00.515288,3.918,33.0419,11.0242,경기도,안산시 단원구,2,14,19,Card,Bike,4,0.27,5
OD7283762675,23:00:27,23:30:44.373261,5.003,30.2896,16.097,서울특별시,용산구,2,23,5,Cash,Bike,3,0.68,2
OD3514799644,20:27:45,20:39:42.028244,2.172,11.9505,19.7959,서울특별시,동작구,0,20,3,Card,Bike,1,0.11,4
OD4688165728,15:56:39,16:20:49.866141,4.729,24.1811,16.0179,경기도,성남시 중원구,4,15,14,Cash,Bike,2,0.09,3
OD8790590438,22:25:22,22:51:26.177752,4.356,26.0696,20.429,서울특별시,서초구,1,22,1,AppPay,Bike,4,0.0,3
OD3039988346,03:50:32,04:10:05.157095,2.086,19.5526,19.7003,서울특별시,중구,1,3,11,Cash,Bike,6,0.05,3
OD5812886322,17:09:57,17:20:21.256073,2.209,10.4043,22.7159,인천광역시,서구,0,17,17,Cash,Car,5,0.52,2
OD7930440092,22:55:56,23:13:36.040732,4.509,17.6673,152.7799,서울특별시,강남구,1,22,25,Card,Bike,1,0.58,3
OD5157359227,13:41:28,13:57:21.204943,2.709,15.8867,15.2252,서울특별시,은평구,4,13,21,AppPay,Bike,4,1.46,5
OD7087545802,12:07:38,12:29:42.585876,4.781,22.0764,15.382,경기도,부천시,6,12,9,Cash,Bike,4,0.82,3
OD7099680545,07:54:28,08:19:24.180471,2.618,24.9363,19.4578,서울특별시,중구,2,7,5,Cash,Bike,3,0.44,3
OD2997670499,05:02:17,05:15:44.028213,4.509,13.4505,23.4394,인천광역시,미추홀구,6,5,30,AppPay,Scooter,3,2.57,3
OD1437477901,14:52:13,15:15:19.261605,3.663,23.1044,23.3613,경기도,성남시 분당구,5,14,22,Card,Bike,3,0.13,2
OD3434698252,05:29:51,05:43:28.291356,3.198,13.6215,14.0876,경기도,김포시,4,5,7,Card,Bike,4,4.57,2
OD1296986151,20:32:51,20:53:54.745978,5.267,21.0624,25.1059,서울특별시,성북구,6,20,16,AppPay,Scooter,4,1.95,3
OD1297366858,15:23:39,15:41:56.462887,3.429,18.291,20.4369,서울특별시,성동구,4,15,28,Cash,Bike,1,0.62,3
OD0266972430,22:23:41,22:41:28.584489,2.711,17.7931,26.0553,경기도,성남시 분당구,4,22,28,Cash,Scooter,5,6.98,3
OD8040458040,19:19:17,19:44:07.623047,5.008,24.8437,37.846,서울특별시,은평구,4,19,14,Card,Scooter,5,0.58,4
OD7289799504,05:40:40,06:00:08.092356,5.221,19.4682,18.8962,인천광역시,서구,4,5,7,Card,Bike,3,1.71,2
OD4770408855,14:45:35,15:01:04.082449,3.587,15.4847,16.0967,경기도,수원시 장안구,5,14,8,AppPay,Bike,4,0.39,3
OD7463511360,01:11:22,01:26:34.824623,4.124,15.2137,26.6933,서울특별시,동작구,3,1,27,Cash,Scooter,4,0.31,3
OD9409396930,10:41:35,10:54:06.003570,3.387,12.5167,36.1926,서울특별시,마포구,2,10,12,Card,Car,6,0.23,3
OD3794658678,13:13:48,13:32:37.127986,4.257,18.8188,21.8566,서울특별시,관악구,1,13,11,AppPay,Scooter,4,0.98,4
OD5682057496,11:54:31,12:11:45.853919,3.858,17.2476,15.3087,서울특별시,종로구,1,11,1,AppPay,Bike,2,0.01,2
OD8985571945,03:18:34,03:44:31.089415,5.088,25.9515,12.0851,서울특별시,송파구,6,3,16,Cash,Scooter,2,1.07,5
OD7746538624,06:52:37,07:06:04.979290,2.699,13.4663,22.9681,경기도,고양시 덕양구,6,6,2,Cash,Scooter,4,0.46,5
OD9912876207,10:00:27,10:18:54.456548,1.783,18.4576,28.6627,서울특별시,성북구,4,10,28,Card,Scooter,2,1.31,3
OD7183837467,17:53:32,18:12:57.044328,5.145,19.4174,15.8984,서울특별시,강서구,3,17,20,Cash,Bike,2,0.14,2
OD9047780881,17:29:19,17:40:05.891485,4.457,10.7815,38.4332,경기도,성남시 중원구,1,17,25,Cash,Scooter,4,0.09,2
OD1053829175,18:45:07,19:08:02.170843,3.868,22.9195,14.5444,경기도,김포시,0,18,10,Card,Bike,1,0.61,3
OD7141245499,14:50:02,14:57:12.436044,3.222,7.1739,26.9444,서울특별시,성동구,3,14,27,Card,Bike,4,1.51,3
OD0288448422,09:09:02,09:25:12.547125,2.925,16.1758,16.4696,경기도,성남시 중원구,3,9,13,Card,Bike,2,1.04,3
OD1753614133,06:38:54,06:52:52.020299,6.903,13.967,31.6532,인천광역시,미추홀구,3,6,6,Cash,Scooter,2,0.34,2
OD6153016387,15:14:49,15:38:16.863494,3.91,23.4644,27.4804,서울특별시,성동구,0,15,10,AppPay,Car,3,4.22,2
OD6709047920,08:56:05,09:17:14.224485,4.977,21.1537,19.7367,경기도,안산시 상록구,3,8,27,AppPay,Bike,3,1.88,3
OD6656740128,09:07:58,09:13:45.221735,2.596,5.787,29.7789,서울특별시,강남구,2,9,12,Cash,Scooter,2,1.12,2
OD5613936948,13:53:54,14:42:52.010261,5.964,48.9668,8.0,서울특별시,관악구,3,13,6,AppPay,Bike,2,0.35,5
OD3147264379,04:33:10,05:08:27.549585,6.226,35.2925,25.2718,경기도,안산시 상록구,6,4,23,AppPay,Scooter,4,0.0,3
OD4255122274,01:43:30,02:04:49.583450,2.582,21.3264,25.1761,서울특별시,동작구,6,1,2,Cash,Bike,2,0.35,3
OD9773405863,21:52:11,22:10:11.873447,5.962,18.0146,29.4735,서울특별시,성북구,4,21,7,Card,Car,3,0.0,2
OD3189874974,20:54:56,21:05:37.273597,5.016,10.6879,28.161,서울특별시,영등포구,5,20,22,AppPay,Bike,6,0.09,1
OD6552865785,13:06:00,13:32:14.950505,4.029,26.2492,17.1739,서울특별시,관악구,1,13,4,Cash,Bike,2,0.08,4
OD6056556571,15:35:27,15:50:28.434793,2.787,15.0239,32.4661,서울특별시,강서구,5,15,1,Cash,Scooter,3,0.0,1
OD8066408485,23:42:20,00:05:40.132934,3.057,23.3355,17.4328,서울특별시,성동구,6,23,2,AppPay,Bike,3,0.43,2
OD2156176753,15:09:01,15:38:22.308657,7.63,29.3551,19.5128,서울특별시,성동구,6,15,9,AppPay,Bike,4,1.7,4
OD6175268314,06:21:04,06:32:34.638711,1.656,11.5106,21.5304,경기도,안산시 상록구,2,6,12,Cash,Bike,3,0.67,2
OD7421480983,18:08:51,18:28:42.814660,3.304,19.8636,22.415,경기도,고양시 덕양구,4,18,28,Cash,Bike,6,0.3,2
OD4924945484,18:10:00,18:38:53.557221,4.648,28.8926,16.4576,인천광역시,서구,1,18,4,AppPay,Bike,1,2.77,3
OD9996969062,20:22:13,20:27:22.598697,1.347,5.16,28.2583,서울특별시,용산구,2,20,12,AppPay,Scooter,2,1.6,2
OD5975777061,06:49:01,07:01:56.300679,3.203,12.9217,14.8708,서울특별시,성동구,4,6,21,AppPay,Bike,3,0.42,4
OD1441654682,23:08:47,23:29:51.951574,3.84,21.0825,19.0734,인천광역시,연수구,2,23,26,Card,Scooter,4,0.0,5
OD5385413210,17:58:12,18:13:09.638156,2.9,14.9606,21.5133,서울특별시,송파구,5,17,22,Card,Bike,5,0.52,3
OD6708576030,18:22:50,18:41:42.848118,3.173,18.8808,17.6093,경기도,수원시 장안구,4,18,7,Cash,Bike,4,0.23,3
OD1738443404,03:20:07,03:30:59.472005,1.85,10.8745,16.3051,서울특별시,마포구,6,3,30,AppPay,Bike,2,1.67,4
OD7435344174,07:59:10,08:23:25.091773,5.196,24.2515,26.7285,서울특별시,송파구,3,7,6,Card,Bike,3,1.67,3
OD6639944604,23:43:06,00:06:06.997586,4.417,23.0166,17.7021,경기도,부천시,3,23,13,AppPay,Bike,3,0.87,3
OD3731642997,04:01:49,04:28:08.783928,5.362,26.3297,15.7601,경기도,평택시,2,4,26,Card,Bike,3,0.0,3
OD8722550467,10:11:02,10:28:53.696081,4.913,17.8616,17.4648,서울특별시,서초구,0,10,24,Card,Bike,2,0.57,4
OD7478292236,11:39:21,12:18:01.532847,2.625,38.6755,10.5332,서울특별시,강서구,3,11,20,Cash,Bike,4,5.97,4
OD3407766585,09:15:44,09:33:44.007469,3.529,18.0001,22.4067,서울특별시,관악구,1,9,25,AppPay,Car,2,1.04,2
OD3312603778,20:56:19,21:10:53.955848,3.761,14.5826,24.8493,서울특별시,강서구,6,20,23,Card,Scooter,2,0.15,3
OD8153015854,22:33:29,22:57:22.476111,4.603,23.8913,27.1513,서울특별시,용산구,6,22,2,AppPay,Scooter,2,1.09,2
OD7571737110,11:01:40,11:26:21.719859,4.015,24.6953,20.4088,경기도,부천시,4,11,21,Cash,Bike,4,0.0,3
OD6962804341,15:32:36,15:51:26.366015,2.704,18.8394,19.6654,서울특별시,은평구,5,15,8,Cash,Bike,4,0.72,2
OD9617043507,10:15:08,10:36:26.560939,5.162,21.3093,18.8051,서울특별시,구로구,2,10,12,AppPay,Scooter,4,1.47,4
OD6164187454,04:11:02,04:43:23.339189,2.787,32.3557,8.7482,경기도,수원시 영통구,6,4,2,Card,Bike,1,1.23,4
OD4203824831,03:48:24,04:00:08.313128,1.444,11.7386,13.9597,경기도,부천시,1,3,18,Cash,Bike,3,0.35,4
OD9750405611,14:50:28,15:11:20.280706,3.282,20.8713,22.2428,경기도,수원시 영통구,1,14,4,AppPay,Car,2,3.76,3
OD6312515022,03:50:48,03:58:38.272832,3.274,7.8379,43.0649,경기도,성남시 분당구,1,3,25,Card,Scooter,2,1.41,2
OD2044786630,22:14:55,22:44:55.642133,8.089,30.0107,21.6954,경기도,시흥시,5,22,15,AppPay,Bike,2,2.92,3
OD0921479074,23:42:24,23:47:48.693204,0.5,5.4116,17.9791,서울특별시,용산구,0,23,17,AppPay,Bike,3,0.58,3
OD2484130916,11:55:36,12:14:35.158087,2.167,18.986,14.6487,서울특별시,용산구,1,11,4,Cash,Bike,4,0.42,2
OD1201723212,01:56:13,02:23:21.451404,5.05,27.1409,14.4835,서울특별시,서초구,3,1,27,Card,Bike,5,2.44,4
OD6725271954,11:07:00,11:30:26.290287,3.465,23.4382,21.0487,서울특별시,은평구,5,11,29,Cash,Bike,3,3.41,2
OD7723878347,21:16:21,21:34:12.019305,0.611,17.8503,22.767,서울특별시,영등포구,6,21,2,AppPay,Scooter,3,3.24,3
OD2926826484,11:46:33,12:00:22.235262,1.844,13.8206,28.2669,서울특별시,동작구,0,11,31,Card,Scooter,3,0.0,4
OD1746635516,02:40:11,02:50:07.414416,2.236,9.9402,24.9616,서울특별시,은평구,3,2,27,Card,Scooter,4,3.45,3
OD1673327093,18:45:16,19:06:20.189962,4.09,21.0698,22.7695,경기도,성남시 중원구,3,18,6,AppPay,Scooter,5,0.0,4
OD9193364337,11:08:16,11:38:41.052734,7.409,30.4175,22.164,경기도,고양시 덕양구,2,11,19,Card,Bike,4,1.28,3
OD1746247401,23:36:48,00:08:14.721702,4.746,31.4454,23.0814,경기도,용인시 수지구,1,23,4,Cash,Bike,5,0.0,3
OD1931771041,04:01:20,04:14:52.815768,1.851,13.5469,29.3917,경기도,수원시 장안구,5,4,1,Card,Scooter,5,1.15,4
OD7587160092,16:38:48,16:57:15.582686,3.921,18.4597,21.8326,서울특별시,노원구,3,16,20,Card,Car,2,3.18,4
OD1322008868,03:51:11,03:59:06.597694,1.693,7.9266,34.316,인천광역시,서구,0,3,17,Card,Scooter,5,1.38,3
OD4510612212,23:00:44,23:25:44.751949,2.973,25.0125,19.2133,인천광역시,서구,0,23,10,Card,Bike,2,1.86,3
OD9617324623,08:35:31,08:59:24.256793,3.095,23.8876,21.3354,서울특별시,성북구,4,8,14,Card,Bike,2,3.3,2
OD1419961409,01:25:58,01:56:17.572464,8.46,30.3262,30.9843,서울특별시,관악구,0,1,17,Card,Scooter,1,0.0,3
OD1494229527,22:31:03,22:48:51.589677,5.635,17.8098,30.0778,서울특별시,노원구,2,22,26,Cash,Car,6,2.23,3
OD0346108507,04:13:07,04:27:38.135704,1.983,14.5189,18.501,경기도,안산시 상록구,3,4,20,Cash,Bike,2,0.56,3
OD2340189123,14:40:00,15:06:07.997029,5.377,26.1333,17.7256,경기도,안산시 단원구,6,14,9,Card,Car,3,0.0,4
OD8889533400,06:19:40,06:40:39.538596,3.052,20.9923,17.2241,인천광역시,계양구,4,6,28,Cash,Bike,3,0.32,2
OD9162697970,12:11:18,12:21:01.659599,1.881,9.7277,20.2163,서울특별시,영등포구,3,12,13,Card,Bike,3,0.0,3
OD6680469487,02:03:51,02:22:48.488351,5.586,18.9581,35.1401,서울특별시,송파구,1,2,25,Card,Scooter,3,0.65,2
OD4974157956,18:22:14,18:45:18.111486,3.425,23.0685,22.1614,서울특별시,구로구,3,18,13,AppPay,Bike,4,1.55,3
OD5075815886,02:38:07,03:01:39.424951,4.086,23.5404,25.8204,서울특별시,종로구,0,2,3,AppPay,Scooter,4,3.58,3
OD5737912259,15:14:54,15:35:39.450499,2.156,20.7575,33.9063,-,-,5,15,15,Cash,Scooter,4,1.84,2
OD1973760200,09:21:51,09:49:17.039187,4.82,27.434,19.7063,서울특별시,관악구,5,9,15,Cash,Scooter,5,1.53,4
OD9686409062,00:50:27,01:07:28.531658,2.567,17.0255,16.9684,서울특별시,강서구,4,0,7,AppPay,Bike,4,4.87,3
OD3041458706,05:54:31,06:17:23.493318,1.545,22.8749,14.898,경기도,용인시 수지구,6,5,2,Cash,Bike,5,0.78,3
OD0725169042,00:40:57,01:01:27.111011,2.808,20.5019,15.7266,서울특별시,서초구,2,0,5,AppPay,Bike,3,0.34,3
OD6683397718,18:53:06,19:08:07.230962,0.939,15.0205,16.9956,경기도,광명시,2,18,26,Cash,Bike,5,1.43,3
OD6061730096,12:04:11,12:25:20.553794,3.407,21.1592,29.7506,경기도,부천시,1,12,1,AppPay,Scooter,3,0.11,3
OD9023478962,09:35:33,09:55:45.325714,2.571,20.2054,27.7045,서울특별시,마포구,2,9,5,Card,Scooter,2,1.43,3
OD0964860656,15:51:27,16:17:52.437046,4.621,26.424,15.6321,서울특별시,관악구,2,15,19,AppPay,Bike,4,1.71,3
OD5533080518,16:04:20,16:39:41.532312,5.392,35.3589,10.6495,경기도,수원시 영통구,5,16,29,Cash,Bike,4,0.0,5
OD1892108113,05:48:25,06:13:03.674339,2.937,24.6446,15.434,경기도,안산시 상록구,5,5,22,AppPay,Bike,3,2.87,4
OD4463656598,14:39:34,14:58:00.235267,3.599,18.4373,23.1542,경기도,부천시,1,14,4,Cash,Scooter,4,0.13,4
OD3302037376,07:38:35,07:54:52.242793,0.956,16.2874,8.0,서울특별시,강남구,4,7,7,Card,Bike,3,1.37,4
OD1502086248,02:20:07,02:36:51.267872,2.161,16.7378,22.955,서울특별시,은평구,0,2,24,AppPay,Scooter,1,0.73,3
OD6135128556,15:01:36,15:26:10.973172,3.277,24.5829,20.464,경기도,성남시 중원구,0,15,31,AppPay,Bike,2,0.53,4
OD3995592500,14:51:52,15:03:47.973932,5.876,11.9329,29.5433,서울특별시,동작구,4,14,21,Card,Scooter,3,2.15,2
OD8167123411,02:37:20,02:50:48.079208,3.003,13.468,33.1891,서울특별시,마포구,0,2,17,Card,Scooter,1,0.69,2
OD3830804779,01:31:03,01:49:51.312678,3.285,18.8052,13.58,경기도,평택시,1,1,25,Card,Bike,1,0.17,3
OD1875409412,15:31:47,15:33:50.922125,0.669,2.0654,19.4389,인천광역시,미추홀구,5,15,8,Cash,Bike,2,0.5,2
OD0104307032,15:51:52,16:01:02.394469,0.5,9.1732,22.0038,서울특별시,은평구,5,15,15,Card,Car,3,2.16,3
OD2228202521,05:11:45,05:41:36.723921,3.398,29.8621,14.2234,경기도,시흥시,0,5,24,AppPay,Bike,3,1.54,3
OD9706007675,12:53:48,12:59:43.375243,1.191,5.9229,16.0281,경기도,성남시 중원구,4,12,14,Cash,Bike,2,0.36,4
OD4578023464,08:21:31,08:36:24.081292,3.775,14.8847,28.312,경기도,수원시 영통구,5,8,8,Card,Scooter,1,0.05,2
OD3944097360,01:45:54,02:00:05.821345,5.055,14.197,27.0944,경기도,김포시,2,1,26,Cash,Scooter,4,6.64,3
OD4388514493,05:22:13,05:44:21.299607,5.062,22.1383,21.1001,경기도,용인시 기흥구,2,5,19,AppPay,Car,1,0.97,3
OD5780411971,23:13:32,23:26:46.519500,3.281,13.242,22.502,서울특별시,중구,3,23,6,AppPay,Car,3,0.03,3
OD5727926461,14:49:39,15:12:59.255158,3.052,23.3376,14.7059,인천광역시,서구,3,14,13,Card,Bike,1,2.56,4
OD4228077281,13:22:21,13:37:27.793920,3.756,15.1132,22.4451,서울특별시,은평구,2,13,12,AppPay,Car,2,0.85,4
OD5992831673,04:53:34,05:04:58.869707,1.143,11.4145,21.6666,경기도,안산시 단원구,4,4,7,AppPay,Scooter,4,2.04,4
OD5170532831,02:10:00,02:26:59.083526,2.338,16.9847,16.2624,서울특별시,종로구,5,2,8,AppPay,Bike,2,0.0,3
OD6835348753,00:37:51,00:53:45.678601,2.805,15.9113,16.1994,서울특별시,마포구,3,0,6,AppPay,Bike,2,0.14,4
OD6144790047,17:33:25,17:50:14.428156,3.212,16.8238,24.2491,경기도,안산시 상록구,4,17,21,Card,Car,1,1.54,3
OD7505832707,21:35:13,22:00:29.101245,5.789,25.2684,22.0327,경기도,김포시,5,21,1,AppPay,Scooter,3,0.5,3
OD0906573040,00:02:16,00:28:34.110716,5.069,26.3018,16.9083,서울특별시,중구,1,0,18,Cash,Bike,4,0.89,4
OD5585659315,04:53:56,05:10:39.856851,3.589,16.7309,26.7592,서울특별시,노원구,6,4,9,Card,Scooter,4,0.68,3
OD4683323170,14:16:39,14:33:38.002594,2.541,16.9834,26.9009,서울특별시,용산구,6,14,23,Card,Scooter,2,0.91,3
OD6915995129,19:01:38,19:30:32.251074,2.614,28.9042,11.3632,경기도,성남시 분당구,3,19,13,AppPay,Bike,4,0.26,4
OD3088145513,18:57:13,19:23:21.702726,5.397,26.145,26.9413,경기도,광명시,6,18,16,Card,Car,5,0.2,1
OD5315287496,20:00:14,20:11:45.121480,0.719,11.5187,21.5306,경기도,수원시 장안구,0,20,10,Cash,Car,4,1.03,4
OD5148324033,23:55:31,00:12:15.800726,4.87,16.7467,21.8716,서울특별시,영등포구,0,23,3,Cash,Scooter,5,0.58,4
OD3566992475,04:51:45,05:19:44.418170,6.414,27.9903,16.6457,서울특별시,중구,5,4,29,AppPay,Bike,4,6.04,4
OD3241192633,17:20:59,17:42:14.737519,3.527,21.2623,25.2845,서울특별시,관악구,5,17,22,Card,Scooter,1,4.02,3
OD5533919222,20:57:37,21:10:32.405896,4.377,12.9234,24.7012,경기도,시흥시,6,20,2,Cash,Scooter,2,0.0,4
OD3144071016,21:45:10,21:55:36.370877,2.234,10.4395,26.8738,경기도,안산시 단원구,6,21,23,Cash,Scooter,5,2.48,4
OD5636253248,06:43:44,07:03:20.949851,3.893,19.6158,25.436,서울특별시,마포구,2,6,19,AppPay,Scooter,4,0.37,3
OD0020003628,08:20:12,08:28:29.955828,1.935,8.2993,27.4402,경기도,용인시 수지구,3,8,27,Card,Scooter,2,0.86,3
OD3189853791,03:47:57,04:11:54.039003,4.671,23.9507,32.3561,서울특별시,강남구,6,3,2,Cash,Scooter,4,0.73,2
OD1863832463,03:19:35,03:30:12.548074,3.231,10.6258,25.9205,서울특별시,성동구,3,3,20,Cash,Scooter,3,2.4,3
OD7499438723,23:34:34,23:47:12.083027,2.815,12.6347,24.1167,서울특별시,송파구,5,23,8,Card,Scooter,1,1.03,5
OD6206660051,10:25:34,10:47:47.145761,5.709,22.2191,19.9364,인천광역시,부평구,0,10,3,Cash,Car,3,0.09,3
OD3369402139,09:56:29,10:18:18.699310,2.256,21.8283,33.012,서울특별시,서초구,5,9,22,Cash,Scooter,2,3.41,3
OD4566267796,03:04:14,03:15:41.027546,1.735,11.4505,16.3149,서울특별시,마포구,3,3,13,AppPay,Bike,3,1.13,3
OD7340263540,14:13:56,14:40:38.322369,4.934,26.7054,17.1348,서울특별시,강남구,5,14,15,AppPay,Bike,2,0.1,4
OD4066129959,05:28:49,05:47:20.551275,3.744,18.5259,29.2769,경기도,평택시,5,5,15,Card,Scooter,5,2.14,2
OD9266467693,16:01:38,16:20:35.555648,4.192,18.9593,20.8885,서울특별시,동작구,0,16,17,Card,Bike,4,0.65,3
OD6778395356,04:41:38,04:56:13.518401,0.5,14.592,21.6691,서울특별시,관악구,4,4,14,Cash,Scooter,4,2.14,2
OD4874203542,14:21:36,14:36:11.220660,5.527,14.587,22.7354,서울특별시,중구,3,14,27,Cash,Car,1,0.0,4
OD4256217429,13:00:22,13:27:31.886378,4.671,27.1648,13.3399,서울특별시,종로구,0,13,10,AppPay,Bike,4,0.12,5
OD1112158664,02:53:48,03:10:12.231486,5.005,16.4039,23.3834,서울특별시,강남구,1,2,1,AppPay,Bike,2,0.41,3
OD1653899525,09:48:06,10:13:31.292224,4.948,25.4215,15.0509,경기도,용인시 기흥구,6,9,9,Cash,Bike,2,0.03,3
OD6127692075,23:42:00,23:49:04.299634,0.5,7.0717,12.6341,서울특별시,강남구,2,23,19,AppPay,Bike,5,0.73,3
OD3078797801,05:17:27,05:51:58.742613,4.412,34.529,14.6555,서울특별시,은평구,2,5,12,Cash,Bike,2,2.94,2
OD2423712489,07:01:41,07:19:59.757245,2.214,18.3126,17.878,서울특별시,성동구,4,7,7,Card,Car,4,1.62,4
OD9723843683,16:35:39,17:00:42.497097,4.63,25.0583,19.0615,경기도,용인시 수지구,1,16,25,Cash,Scooter,3,0.0,5
OD6779438626,18:27:40,18:42:55.360063,3.135,15.256,15.3976,서울특별시,동작구,1,18,25,Card,Bike,4,0.0,3
OD5073929223,07:43:27,08:11:15.130660,3.471,27.8022,14.5874,경기도,평택시,4,7,7,Cash,Bike,3,2.75,4
OD8277902479,15:42:08,16:00:20.966635,1.504,18.2161,19.7282,서울특별시,동작구,2,15,5,AppPay,Bike,3,3.57,1
OD3440000181,18:33:50,18:53:29.716285,4.598,19.6619,25.6712,서울특별시,서초구,5,18,1,Card,Bike,4,0.11,1
OD2094083500,21:36:12,21:54:16.112429,1.401,18.0685,17.5739,서울특별시,노원구,1,21,25,Cash,Bike,4,5.5,2
OD6275671377,13:03:49,13:27:27.532617,1.329,23.6422,8.8175,서울특별시,강서구,4,13,14,Card,Bike,3,1.15,4
OD0052997670,08:11:25,08:30:35.726127,1.676,19.1788,22.4866,서울특별시,용산구,5,8,1,Card,Bike,2,0.0,2
OD9058860699,10:34:42,10:47:15.964631,2.539,12.5661,28.6018,서울특별시,구로구,5,10,1,AppPay,Bike,4,0.01,2
OD8771104033,14:11:14,14:34:34.032455,4.283,23.3339,18.5592,서울특별시,동작구,5,14,15,Card,Car,3,2.97,4
OD7706383816,09:25:09,09:57:27.729009,2.068,32.3122,8.8688,서울특별시,영등포구,5,9,29,Cash,Car,2,3.81,5
OD2725982295,07:21:45,07:27:15.977271,2.061,5.5163,22.4134,서울특별시,강서구,2,7,26,Card,Bike,2,2.38,2
OD7285516725,04:56:01,05:15:56.157564,4.335,19.9193,22.6116,경기도,평택시,0,4,10,Card,Car,3,0.19,4
OD2327104270,03:17:14,03:44:23.635859,7.16,27.1606,19.487,경기도,용인시 수지구,4,3,14,Cash,Bike,1,2.86,4
OD8991475700,16:16:41,16:32:58.278024,2.512,16.288,19.5155,서울특별시,구로구,1,16,4,Cash,Bike,1,4.14,3
OD2270382895,20:52:16,21:07:22.671387,3.728,15.1112,29.5304,서울특별시,성북구,4,20,28,Card,Scooter,3,1.31,2
OD7844058033,14:37:15,14:54:53.118591,5.195,17.6353,31.3017,인천광역시,동구,1,14,4,AppPay,Scooter,2,0.21,2
OD0574903729,16:07:29,16:25:36.786257,3.543,18.1298,30.6872,경기도,안산시 상록구,3,16,6,Cash,Scooter,4,1.36,3
OD6911508759,04:10:45,04:26:31.400583,2.395,15.7733,25.098,경기도,안산시 단원구,5,4,15,AppPay,Bike,3,1.09,2
OD3180349345,22:56:06,23:09:50.145215,3.927,13.7358,25.2959,경기도,고양시 덕양구,0,22,31,Card,Car,3,3.22,2
OD7411361927,00:29:47,00:52:50.820190,5.302,23.0637,26.3901,서울특별시,동작구,1,0,11,Card,Scooter,3,0.4,4
OD8707275388,17:19:45,17:32:53.485299,3.735,13.1414,23.8709,경기도,용인시 기흥구,1,17,18,Card,Bike,5,0.26,2
OD5300390844,20:51:54,21:22:55.975398,4.841,31.0329,22.0532,서울특별시,노원구,2,20,5,Card,Bike,3,0.35,3
OD5932397288,18:37:47,18:57:08.759083,3.583,19.3627,32.3617,서울특별시,관악구,2,18,12,Card,Scooter,2,3.14,3
OD4576208807,03:37:33,03:50:12.109162,3.803,12.6518,25.3807,서울특별시,송파구,4,3,21,AppPay,Car,2,8.21,4
OD8008727485,10:03:00,10:23:28.812700,0.872,20.4802,21.6578,서울특별시,영등포구,1,10,4,Card,Car,4,0.46,3
OD5513543675,02:03:36,02:48:00.997328,5.713,44.4166,11.3882,경기도,수원시 영통구,1,2,1,AppPay,Bike,5,7.05,3
OD8167562667,12:23:22,12:31:39.914603,0.5,8.2986,22.18,인천광역시,남동구,3,12,6,Cash,Bike,1,1.57,2
OD2781328865,14:10:00,14:22:06.847101,2.117,12.1141,21.5484,인천광역시,연수구,5,14,1,AppPay,Scooter,4,1.39,3
OD2936677811,15:36:02,16:02:48.545187,5.052,26.7758,21.495,서울특별시,동작구,2,15,19,AppPay,Bike,3,1.31,2
OD2716256136,10:52:06,11:06:47.887701,3.713,14.6981,28.3083,인천광역시,미추홀구,5,10,15,AppPay,Scooter,4,2.48,3
OD2171740440,00:32:54,00:46:32.565244,4.684,13.6428,21.6259,서울특별시,강남구,0,0,3,Cash,Bike,3,0.1,3
OD7672046902,06:33:17,06:57:04.120826,4.497,23.7853,26.3178,경기도,김포시,6,6,9,AppPay,Car,2,2.47,3
OD1249453826,16:02:39,16:26:15.288227,4.88,23.6048,18.1795,경기도,시흥시,1,16,18,Cash,Bike,3,0.15,4
OD1979988082,05:28:24,05:43:08.327786,1.932,14.7388,25.0662,서울특별시,용산구,4,5,21,Cash,Bike,1,0.2,2
OD6977574977,01:43:07,01:47:21.751233,1.69,4.2459,23.8777,서울특별시,은평구,1,1,1,Cash,Bike,4,1.41,2
OD3302855691,19:53:17,20:01:52.731019,3.238,8.5955,34.9918,서울특별시,마포구,4,19,21,Cash,Scooter,2,1.55,3
OD6233761461,05:32:27,05:51:54.576431,1.816,19.4596,11.2574,서울특별시,강서구,5,5,22,Cash,Bike,3,0.85,3
OD3985274469,15:20:14,15:34:58.718476,1.062,14.7453,29.467,서울특별시,성북구,3,15,20,Cash,Scooter,1,6.04,3
OD6532900072,10:21:02,10:31:56.619267,3.621,10.9103,23.6478,경기도,김포시,4,10,21,Card,Car,4,0.84,2
OD5828663451,10:58:06,11:16:29.598407,2.335,18.3933,10.2912,서울특별시,구로구,2,10,26,Card,Bike,2,1.5,4
OD8393621657,08:15:29,08:25:54.622546,3.417,10.427,19.6611,인천광역시,미추홀구,0,8,10,Cash,Car,3,1.43,3
OD2541231865,22:37:11,23:06:35.088565,4.602,29.4015,9.3905,서울특별시,구로구,2,22,12,AppPay,Bike,3,0.0,3
OD6400219771,11:29:49,11:40:19.660634,3.511,10.511,25.8256,서울특별시,종로구,2,11,26,AppPay,Scooter,4,0.7,4
OD8498867699,14:47:41,14:57:32.031387,2.579,9.8505,16.165,경기도,광명시,4,14,21,Cash,Bike,1,0.99,4
OD5807495053,05:52:44,06:05:35.136123,2.829,12.8523,13.4632,서울특별시,관악구,1,5,18,Cash,Scooter,2,1.48,5
OD5210914771,15:19:31,15:29:18.935736,3.356,9.7989,32.7043,경기도,성남시 분당구,0,15,31,Cash,Scooter,2,0.0,3
OD5795183115,05:05:20,05:31:19.676943,5.092,25.9946,19.4566,경기도,성남시 중원구,5,5,15,Card,Bike,4,2.59,3
OD0885131825,17:49:12,18:01:18.817018,0.631,12.1136,17.8959,서울특별시,은평구,2,17,19,AppPay,Scooter,5,0.78,5
OD0214228001,20:22:40,20:37:37.937400,2.999,14.9656,30.631,경기도,수원시 장안구,5,20,15,Card,Scooter,3,1.35,3
OD7897637222,16:53:14,17:18:43.337290,4.269,25.489,15.2295,인천광역시,부평구,1,16,25,Cash,Bike,2,0.01,3
OD7363056880,06:14:46,06:33:07.556938,4.534,18.3593,30.0403,경기도,성남시 분당구,1,6,4,Cash,Scooter,1,1.78,4
OD6699848714,09:44:40,10:02:25.040690,4.901,17.7507,30.1897,경기도,용인시 수지구,5,9,1,AppPay,Car,2,1.74,2
OD3635811272,09:14:12,09:35:34.359553,4.072,21.3727,22.0492,서울특별시,구로구,6,9,16,Card,Bike,4,0.45,2
OD1253692393,13:18:52,13:20:25.325769,0.5,1.5554,32.4533,서울특별시,송파구,6,13,23,Cash,Scooter,3,2.41,3
OD4368571923,01:27:27,01:44:04.869410,4.209,16.6312,15.7665,서울특별시,성동구,3,1,6,Cash,Bike,2,1.44,3
OD7947135923,08:15:37,08:30:01.808933,4.526,14.4135,23.9214,서울특별시,구로구,3,8,20,Cash,Scooter,4,1.27,3
OD3201529501,20:25:35,20:31:49.899824,1.305,6.2483,23.0113,인천광역시,남동구,0,20,10,AppPay,Car,2,1.68,3
OD0865405275,02:36:30,02:41:45.392095,0.5,5.2565,27.2703,경기도,수원시 영통구,5,2,22,Card,Car,4,1.03,2
OD5006030044,16:30:15,16:50:01.173875,3.12,19.7696,16.896,서울특별시,서초구,2,16,5,Cash,Bike,3,0.7,3
OD2645286607,08:42:35,08:52:29.951962,2.732,9.9159,27.3351,서울특별시,관악구,0,8,3,Cash,Scooter,6,2.06,3
OD2270938291,05:45:00,06:07:31.374250,5.746,22.5229,20.6379,서울특별시,관악구,6,5,16,Card,Scooter,3,0.0,3
OD0578863209,13:10:10,13:33:03.757793,5.385,22.896,20.0356,서울특별시,용산구,0,13,17,AppPay,Bike,5,1.95,3
OD3529245976,22:41:45,22:56:43.223017,4.264,14.9704,34.1609,서울특별시,중구,1,22,18,AppPay,Car,3,2.81,2
OD6023442491,21:22:57,22:01:48.138339,5.936,38.8523,16.686,서울특별시,성동구,2,21,19,Cash,Bike,2,4.19,3
OD5592485732,15:39:08,16:04:49.661749,5.968,25.6944,23.5206,경기도,안산시 단원구,5,15,1,Card,Bike,2,0.1,1
OD5497778316,02:20:36,02:30:46.877040,3.587,10.1813,24.9654,경기도,수원시 장안구,2,2,5,Card,Bike,3,0.46,2
OD9288542981,08:24:02,08:38:25.639485,3.591,14.394,19.2458,경기도,부천시,6,8,16,Cash,Bike,2,0.0,4
OD8178089571,07:21:10,07:42:05.415515,3.9,20.9236,20.1208,인천광역시,부평구,1,7,1,Cash,Scooter,4,0.0,3
OD9285354719,13:26:58,13:45:08.803118,3.33,18.1801,25.4983,경기도,성남시 분당구,0,13,10,Cash,Scooter,2,0.0,4
OD5028103649,08:04:58,08:20:05.840927,2.881,15.1307,28.2066,서울특별시,성동구,0,8,31,Cash,Scooter,4,0.85,4
OD8714794711,11:56:05,12:22:18.011993,4.333,26.2169,32.5115,서울특별시,영등포구,3,11,20,Cash,Scooter,2,1.14,1
OD2590208842,01:17:30,01:34:57.955912,4.605,17.4659,27.8637,경기도,고양시 덕양구,1,1,25,Cash,Scooter,5,0.54,1
OD7453571903,08:02:12,08:17:52.048954,3.019,15.6675,15.0995,서울특별시,마포구,0,8,31,Cash,Bike,4,0.97,4
OD6307255177,10:47:30,11:01:32.830389,3.148,14.0472,18.9,서울특별시,강서구,6,10,23,Cash,Bike,4,2.32,3
OD6911641839,05:58:43,06:14:26.521024,4.535,15.7254,27.5069,경기도,성남시 중원구,5,5,8,Cash,Scooter,3,0.47,3
OD8818250746,03:46:49,04:07:13.865953,1.175,20.4144,20.9926,서울특별시,동작구,0,3,3,AppPay,Scooter,3,0.03,2
OD9033341732,18:59:08,19:20:48.962858,3.775,21.6827,24.3843,경기도,용인시 기흥구,1,18,11,Cash,Scooter,4,0.15,4
OD2988623287,11:34:31,11:48:36.965874,4.601,14.0994,19.7315,서울특별시,영등포구,5,11,22,Cash,Bike,5,3.87,3
OD2407121373,01:09:52,01:29:50.198212,3.072,19.97,26.8834,서울특별시,성북구,2,1,26,Cash,Car,3,1.72,4
OD6303361591,23:27:29,23:41:01.381306,1.438,13.5397,31.1611,서울특별시,중구,4,23,7,AppPay,Scooter,3,0.23,2
OD2857411741,08:09:33,08:23:47.905446,3.56,14.2484,21.389,경기도,안산시 상록구,6,8,2,AppPay,Bike,2,1.04,2
OD1596359220,19:16:01,19:49:43.135155,6.659,33.7023,18.6313,경기도,고양시 덕양구,3,19,13,AppPay,Bike,3,1.19,2
OD7535279839,02:07:22,02:32:16.974956,3.955,24.9162,16.6468,서울특별시,종로구,3,2,20,Cash,Bike,1,1.07,1
OD2044502769,02:58:02,03:19:14.409701,4.706,21.2068,27.0922,서울특별시,강남구,5,2,8,Card,Scooter,3,1.56,4
OD8235127044,21:19:41,21:37:41.063160,4.295,18.0011,19.932,서울특별시,영등포구,6,21,16,Cash,Bike,4,0.0,2
OD5603671065,06:08:34,06:17:12.843615,4.562,8.6474,31.6521,서울특별시,송파구,5,6,22,Cash,Scooter,4,0.0,3
OD4331696738,10:25:22,10:40:23.845583,4.871,15.0308,23.2041,경기도,용인시 수지구,0,10,10,Cash,Bike,4,0.81,2
OD1576359832,21:02:58,21:17:35.725997,4.257,14.6288,27.881,경기도,성남시 중원구,0,21,10,Cash,Scooter,4,0.8,3
OD0670652715,07:55:21,08:20:02.621782,3.753,24.6937,15.352,인천광역시,미추홀구,1,7,25,AppPay,Bike,1,0.72,4
OD8427435721,13:08:28,13:10:36.702152,0.5,2.145,26.5651,서울특별시,송파구,4,13,21,AppPay,Scooter,2,0.19,2
OD2052846496,07:36:38,07:59:12.252635,3.526,22.5709,21.9254,서울특별시,성북구,6,7,2,Cash,Car,4,1.84,3
OD2809092575,17:50:29,18:06:00.451135,3.475,15.5242,26.3611,서울특별시,성동구,5,17,22,AppPay,Scooter,2,1.69,4
OD3322682879,04:32:54,04:45:25.177673,5.344,12.5196,25.783,서울특별시,중구,0,4,3,AppPay,Car,4,0.08,3
OD9611090363,03:24:33,03:56:10.910593,5.351,31.6318,15.0123,서울특별시,관악구,1,3,25,AppPay,Bike,2,0.13,3
OD9999300591,05:40:25,06:09:41.014222,4.325,29.2669,10.4319,서울특별시,송파구,4,5,14,AppPay,Bike,5,2.19,5
OD0014693761,15:37:46,15:54:27.180245,3.124,16.6863,22.5351,서울특별시,성동구,4,15,21,Card,Bike,2,1.71,3
OD2919113264,18:08:39,18:25:08.058020,2.83,16.4843,27.0379,서울특별시,강서구,6,18,9,AppPay,Scooter,1,0.0,4
OD2942552066,01:40:34,01:55:08.268077,3.71,14.5711,27.5622,경기도,수원시 장안구,5,1,8,Cash,Scooter,4,1.69,3
OD3060487206,14:11:28,14:38:38.299827,3.577,27.1717,21.5002,서울특별시,영등포구,4,14,28,Card,Bike,3,0.2,3
OD6338919856,06:17:55,06:29:03.205552,1.786,11.1368,28.4488,경기도,안산시 단원구,2,6,12,Card,Scooter,3,0.73,3
OD3351193137,11:55:22,12:15:10.185922,5.503,19.8031,35.1565,서울특별시,동작구,6,11,23,Card,Scooter,3,1.34,2
OD1474135940,19:46:18,20:05:01.136863,2.02,18.7189,17.1346,서울특별시,용산구,1,19,18,Cash,Bike,6,1.62,4
OD1083260321,19:16:33,19:46:54.446171,5.376,30.3574,18.0347,경기도,김포시,4,19,14,Card,Bike,3,0.0,4
OD5017336682,02:20:45,02:53:51.929635,2.99,33.1155,8.107,서울특별시,중구,6,2,30,Card,Bike,2,1.42,5
OD0171014156,12:36:18,12:41:52.580600,1.094,5.5763,34.0883,서울특별시,강서구,0,12,3,Card,Scooter,6,1.68,2
OD0788507835,01:05:38,01:17:39.951647,3.44,12.0325,30.8136,서울특별시,용산구,0,1,17,AppPay,Scooter,2,4.93,4
OD8945516021,02:56:01,03:11:33.757587,3.571,15.546,16.9046,서울특별시,마포구,6,2,9,Cash,Bike,3,0.55,4
OD3511007143,13:19:06,13:29:29.884833,1.949,10.3981,35.759,경기도,안산시 상록구,1,13,25,Card,Scooter,2,0.79,2
OD8934950139,23:13:07,23:38:00.818793,4.109,24.897,26.1812,경기도,수원시 영통구,1,23,11,Cash,Scooter,1,2.78,3
OD1795770539,09:26:24,09:43:07.196042,1.232,16.7199,15.8053,서울특별시,성북구,6,9,2,Card,Bike,1,0.0,4
OD2303141275,14:13:17,14:29:51.227073,5.133,16.5705,28.9504,경기도,광명시,2,14,19,Card,Car,3,0.0,3
OD7347201571,19:06:44,19:20:18.955058,2.586,13.5826,29.6247,경기도,용인시 수지구,6,19,23,Cash,Scooter,2,0.09,3
OD5141507350,06:42:29,06:55:16.945822,0.5,12.7991,18.4619,서울특별시,강서구,2,6,2,AppPay,Bike,5,0.7,3
OD1527513894,03:01:38,03:20:03.501291,1.884,18.425,17.4087,서울특별시,종로구,4,3,21,Cash,Bike,5,1.25,3
OD7490072519,17:59:20,18:18:32.780844,4.049,19.213,18.5454,경기도,광명시,6,17,2,Cash,Car,3,0.81,4
OD5326441562,06:54:55,07:00:43.967507,1.651,5.8161,27.274,서울특별시,강남구,2,6,12,AppPay,Scooter,4,0.0,4
OD0908767812,06:04:04,06:26:37.639840,3.259,22.5607,19.0216,경기도,성남시 분당구,0,6,10,Cash,Bike,1,0.8,3
OD5143906356,06:20:49,06:44:03.890626,5.924,23.2482,26.4816,경기도,성남시 분당구,1,6,25,Card,Scooter,5,0.0,3
OD4332269147,21:16:57,21:29:45.026593,1.41,12.8004,11.6378,서울특별시,마포구,1,21,11,AppPay,Bike,2,0.0,4
OD5811833388,16:04:47,16:23:22.884736,4.735,18.5981,19.8451,서울특별시,성동구,2,16,19,Cash,Bike,4,0.71,4
OD7271133204,22:14:27,22:32:25.821112,1.046,17.9804,21.356,서울특별시,중구,4,22,21,AppPay,Bike,4,1.79,3
OD6386116546,15:40:54,15:49:36.238176,1.475,8.704,36.3535,서울특별시,서초구,5,15,22,Card,Scooter,2,0.51,2
OD6859451389,20:34:18,21:00:46.742881,6.057,26.479,24.3143,서울특별시,강서구,4,20,21,AppPay,Bike,2,0.92,3
OD5378777922,08:38:50,08:54:25.555190,4.366,15.5926,27.8173,서울특별시,성북구,5,8,8,Card,Scooter,4,3.16,3
OD9097251447,19:59:00,20:07:39.099153,1.182,8.6517,22.382,서울특별시,송파구,0,19,17,Cash,Bike,3,2.46,2
OD7239082941,01:51:47,02:12:22.036354,2.403,20.5839,20.1918,서울특별시,서초구,5,1,8,AppPay,Bike,3,0.24,2
OD9549789197,00:24:13,00:33:38.468480,2.004,9.4245,35.4204,경기도,용인시 기흥구,6,0,9,Cash,Scooter,1,0.21,2
OD3667522870,16:51:05,17:16:39.953984,2.924,25.5826,17.2885,서울특별시,구로구,0,16,24,Card,Bike,1,0.0,4
OD0819497575,01:44:27,02:13:55.021186,3.775,29.467,8.2028,경기도,용인시 기흥구,6,1,16,Card,Bike,4,0.29,5
OD8257116241,14:42:01,15:20:07.813353,5.891,38.1136,20.6313,서울특별시,성북구,2,14,5,Cash,Bike,3,0.83,2
OD8705169563,16:35:44,16:38:41.492956,0.817,2.9582,25.55,서울특별시,마포구,0,16,17,AppPay,Scooter,2,0.69,2
OD7624548520,13:39:27,13:50:21.211166,5.953,10.9035,32.7562,경기도,시흥시,2,13,26,Cash,Scooter,2,0.92,3
OD8959266961,22:10:10,22:31:39.883125,4.575,21.4981,12.7683,서울특별시,노원구,1,22,11,Card,Car,1,0.0,4
OD4377495136,20:10:36,20:36:00.854756,4.813,25.4142,27.8057,서울특별시,성북구,1,20,11,Card,Car,2,0.46,3
OD0084703031,18:26:15,18:40:13.303075,0.872,13.9717,24.4499,서울특별시,마포구,4,18,7,Card,Scooter,5,2.19,5
OD5200552018,11:39:01,11:54:30.876780,2.83,15.4979,26.2634,서울특별시,강남구,4,11,14,AppPay,Bike,3,0.73,1
OD1157814912,04:08:16,04:23:13.281375,2.745,14.9547,22.358,서울특별시,성동구,4,4,28,AppPay,Car,3,0.0,3
OD4637799255,19:51:43,20:14:21.946645,2.206,22.6491,14.4146,경기도,부천시,3,19,20,Cash,Bike,3,0.11,4
OD0932465049,22:40:52,23:04:11.546889,2.788,23.3258,8.0,서울특별시,마포구,3,22,13,AppPay,Bike,4,0.09,5
OD5132320992,06:10:29,06:27:20.611256,2.588,16.8602,28.3513,서울특별시,강남구,1,6,11,Card,Scooter,6,0.0,2
OD4927345626,21:11:45,21:29:42.220070,6.776,17.9537,26.8446,경기도,수원시 장안구,2,21,26,Cash,Scooter,2,2.12,2
OD9495609920,07:28:34,07:51:10.961451,5.815,22.616,19.5344,경기도,용인시 기흥구,0,7,10,Card,Bike,3,5.67,3
OD2547307000,05:58:28,06:21:27.501911,5.063,22.9917,18.9933,경기도,시흥시,0,5,31,AppPay,Scooter,2,0.0,5
OD3018147363,23:22:28,23:44:27.522397,3.17,21.992,13.3454,경기도,시흥시,4,23,7,AppPay,Bike,3,1.4,4
OD8984544800,08:34:22,08:40:41.152673,3.043,6.3192,28.8917,서울특별시,종로구,6,8,23,Card,Scooter,4,0.48,2
OD4174935601,23:01:44,23:33:52.748360,3.441,32.1458,24.7805,서울특별시,성동구,6,23,9,Card,Car,5,0.98,3
OD4863690515,06:29:30,06:44:54.349218,0.616,15.4058,12.0418,서울특별시,강서구,3,6,27,Card,Bike,2,0.04,4
OD4969388274,05:32:04,05:59:31.200852,5.275,27.4533,27.2529,서울특별시,성북구,0,5,17,Cash,Scooter,3,1.85,3
OD1013643473,07:16:25,07:55:52.429693,8.218,39.4572,14.8527,서울특별시,종로구,1,7,4,Cash,Bike,5,0.13,4
OD2941380513,13:47:15,14:08:52.154130,3.266,21.6192,20.5701,서울특별시,은평구,5,13,29,Cash,Scooter,2,1.61,3
OD5509993467,13:02:57,13:48:12.898781,6.734,45.265,10.7749,경기도,성남시 분당구,6,13,2,Cash,Bike,4,0.12,4
OD9367684988,23:07:22,23:23:28.873859,0.5,16.1146,15.1756,서울특별시,성북구,4,23,14,AppPay,Bike,3,0.23,4
OD0078060563,23:07:10,23:25:52.845172,3.54,18.7141,20.0937,서울특별시,강남구,4,23,28,AppPay,Bike,3,9.57,3
OD0996843310,19:32:35,20:00:37.735937,4.768,28.0456,22.586,서울특별시,마포구,1,19,1,Card,Bike,4,0.71,3
OD2500459307,12:30:52,12:49:56.080438,3.409,19.068,25.6487,서울특별시,성동구,6,12,2,Cash,Car,4,1.03,4
OD8377726898,07:42:53,08:00:30.766860,1.007,17.6294,15.421,인천광역시,동구,6,7,16,AppPay,Bike,3,1.45,3
OD9033691342,10:55:12,11:35:39.594487,5.878,40.4599,15.8823,서울특별시,성동구,2,10,5,Card,Bike,4,0.71,2
OD0469251253,13:24:32,13:38:37.013964,3.434,14.0836,14.6317,서울특별시,서초구,4,13,14,Card,Bike,2,1.25,3
OD3259825999,07:46:22,08:09:17.042719,3.662,22.9174,18.8478,인천광역시,연수구,4,7,21,Cash,Bike,1,3.8,4
OD0688603840,22:46:25,22:57:46.128934,5.072,11.3521,26.8077,서울특별시,종로구,1,22,11,Cash,Scooter,2,1.61,4
OD3651030047,23:20:42,23:34:09.319205,0.839,13.4553,19.9867,서울특별시,용산구,1,23,18,Card,Bike,3,2.99,3
OD4362072919,19:23:59,19:45:51.300113,2.723,21.8717,14.423,경기도,용인시 기흥구,4,19,21,AppPay,Bike,3,1.94,4
OD4651326389,05:44:25,06:16:00.718595,5.83,31.5953,14.8614,서울특별시,강서구,4,5,28,Cash,Bike,3,0.31,4
OD1898024724,11:43:00,12:08:15.936270,4.35,25.2656,13.1689,서울특별시,노원구,2,11,12,Card,Bike,2,0.0,3
OD1897872653,04:21:23,04:35:56.646305,2.502,14.5608,26.7905,인천광역시,계양구,6,4,2,Card,Bike,1,1.04,3
OD9308000370,07:45:32,08:12:26.951702,3.149,26.9159,10.3105,경기도,용인시 기흥구,5,7,29,Cash,Bike,1,0.3,4
OD1665221427,13:34:53,14:11:18.445342,4.355,36.4241,17.2278,서울특별시,용산구,4,13,28,Card,Bike,5,2.63,4
OD9039447306,21:57:07,22:15:13.747994,2.309,18.1125,32.0982,서울특별시,강남구,0,21,3,Card,Scooter,2,0.0,1
OD1752527799,10:45:51,11:08:18.528159,5.359,22.4588,21.841,서울특별시,서초구,0,10,3,AppPay,Scooter,2,1.47,5
OD0477056734,05:41:37,05:55:59.622033,3.873,14.377,20.3671,인천광역시,부평구,2,5,12,Cash,Bike,5,0.0,2
OD2242834159,22:23:55,22:31:02.761347,1.227,7.1294,23.7728,경기도,안산시 상록구,2,22,12,Card,Bike,1,1.6,2
OD2831702290,15:57:38,16:12:40.419673,4.609,15.0403,27.3269,경기도,수원시 장안구,0,15,3,Card,Car,4,0.66,2
OD8862073471,18:36:35,19:09:03.291931,3.022,32.4715,10.4363,서울특별시,동작구,4,18,14,AppPay,Bike,2,0.27,4
OD2956642609,01:18:10,01:29:33.872657,3.13,11.3979,29.2522,경기도,시흥시,6,1,30,Card,Bike,3,0.2,1
OD8684317684,00:02:00,00:19:24.906497,2.309,17.4151,14.1267,서울특별시,성북구,2,0,26,AppPay,Bike,4,0.06,5
OD7990389809,03:57:33,04:08:32.528693,0.5,10.9921,13.6791,서울특별시,관악구,2,3,19,Cash,Bike,2,1.96,3
OD4333576051,07:00:59,07:19:43.200570,2.52,18.7367,10.0849,서울특별시,구로구,2,7,5,Card,Bike,2,5.72,4
OD4417612692,01:55:21,02:10:37.905826,3.09,15.2818,14.3862,서울특별시,관악구,3,1,20,Card,Bike,1,0.42,4
OD4811938669,09:30:09,09:36:58.937325,0.576,6.8323,25.208,서울특별시,동작구,6,9,9,Cash,Bike,2,0.35,3
OD8668675794,18:58:11,19:28:37.198829,4.409,30.4366,16.3153,서울특별시,강서구,1,18,4,AppPay,Bike,3,0.99,3
OD7320540993,22:24:06,22:36:31.871719,3.234,12.4312,15.8188,서울특별시,성동구,0,22,10,Card,Bike,2,0.72,4
OD9453332191,08:01:26,08:13:54.125672,1.065,12.4688,34.4548,경기도,성남시 중원구,0,8,17,Card,Scooter,1,0.0,2
OD6066435444,03:07:05,03:14:31.547404,1.177,7.4425,27.2764,서울특별시,강서구,2,3,26,Card,Bike,4,0.23,4
OD6956439248,20:11:15,20:20:54.948853,0.5,9.6658,21.5685,서울특별시,마포구,1,20,18,Cash,Bike,5,1.09,3
OD8912773679,21:33:30,21:48:44.186753,1.864,15.2364,11.6345,경기도,수원시 장안구,6,21,30,Cash,Bike,2,0.0,4
OD5801517261,16:13:34,16:41:55.643969,5.589,28.3607,14.9075,인천광역시,연수구,3,16,13,Cash,Bike,3,0.88,3
OD2339630359,10:01:21,10:24:09.991920,4.547,22.8165,19.1827,서울특별시,마포구,0,10,17,Cash,Car,1,0.21,5
OD7603290598,01:32:06,01:43:56.154156,1.102,11.8359,19.3882,서울특별시,구로구,1,1,25,Cash,Scooter,4,2.02,4
OD3536300709,01:02:45,01:18:42.329657,1.209,15.9555,30.7395,경기도,수원시 장안구,0,1,3,Card,Scooter,3,0.31,3
OD3950051293,01:28:02,01:52:04.959277,5.84,24.0493,16.1266,경기도,안산시 상록구,3,1,6,Cash,Bike,4,0.09,3
OD3091040746,16:13:26,16:39:35.252437,4.614,26.1542,19.5744,인천광역시,계양구,4,16,28,Cash,Bike,2,0.07,2
OD9475467198,20:54:32,21:21:52.695646,4.926,27.3449,14.4891,경기도,고양시 덕양구,2,20,5,Card,Bike,1,2.15,4
OD2069486608,09:25:01,09:51:13.445430,4.754,26.2074,14.7941,서울특별시,은평구,1,9,11,Cash,Bike,1,1.68,3
OD1945307720,09:50:07,10:13:32.872232,3.323,23.4312,18.0294,서울특별시,강남구,5,9,1,Cash,Bike,4,4.13,5
OD4671375255,14:48:32,15:04:00.520919,1.931,15.4753,22.0533,서울특별시,강서구,1,14,18,Card,Car,3,0.56,4
OD3865268475,16:04:02,16:20:09.778792,2.736,16.1296,20.423,경기도,성남시 중원구,3,16,6,AppPay,Scooter,2,3.23,3
OD0614665963,02:17:36,02:31:01.078961,4.062,13.418,19.5301,경기도,고양시 덕양구,3,2,13,AppPay,Car,2,1.25,4
OD3704280718,11:41:56,11:55:07.765185,2.752,13.1961,31.8143,경기도,부천시,0,11,10,Cash,Scooter,1,0.0,3
OD8434865555,02:17:30,02:26:44.102714,0.5,9.235,32.5489,인천광역시,연수구,1,2,11,Card,Car,4,2.27,1
OD5267331508,12:00:46,12:11:41.753029,2.053,10.9292,11.273,서울특별시,성북구,6,12,23,Cash,Bike,3,3.49,3
OD4920921877,19:49:31,20:18:29.922081,3.523,28.982,30.7785,경기도,용인시 기흥구,6,19,2,Cash,Scooter,2,3.9,3
OD1404715255,08:24:03,08:36:30.254949,1.348,12.4542,16.8906,경기도,수원시 장안구,5,8,8,Card,Bike,1,0.62,4
OD7835610809,00:46:08,00:52:03.615660,2.248,5.9269,31.0641,경기도,시흥시,3,0,6,Cash,Car,4,0.0,3
OD3781553228,15:44:28,16:03:14.654208,1.955,18.7776,24.9751,서울특별시,송파구,0,15,10,Card,Car,5,0.62,2
OD2128694844,09:25:59,09:49:54.837622,5.931,23.9306,30.5173,경기도,용인시 수지구,5,9,1,AppPay,Scooter,2,0.55,1
OD5235415941,19:29:47,19:59:36.352406,5.099,29.8225,19.2562,서울특별시,성동구,2,19,12,Card,Bike,3,0.0,4
OD6151931129,02:00:08,02:14:37.377027,0.645,14.4896,10.4556,서울특별시,강서구,3,2,20,Card,Bike,4,0.82,4
OD1349958862,11:41:04,11:51:12.365236,3.505,10.1394,28.0789,경기도,안산시 상록구,0,11,24,AppPay,Scooter,2,1.51,2
OD6872439510,21:11:52,21:39:52.982081,7.731,28.0164,29.2524,서울특별시,성동구,6,21,9,Cash,Car,2,0.45,2
OD1287726272,13:50:48,13:59:49.937512,4.189,9.0323,30.3049,경기도,용인시 기흥구,4,13,14,Card,Scooter,5,2.21,3
OD5545341234,07:44:16,07:53:32.274929,2.915,9.2712,21.6873,경기도,김포시,2,7,12,AppPay,Bike,2,1.68,2
OD7732231317,07:12:04,07:33:36.337500,2.311,21.539,13.6994,서울특별시,영등포구,6,7,30,Card,Bike,4,0.72,4
OD4846072184,14:40:27,15:03:02.280490,4.278,22.588,25.7996,경기도,평택시,4,14,7,Cash,Bike,2,0.0,3
OD7044548126,04:16:55,04:54:26.806472,5.697,37.5301,15.0025,서울특별시,영등포구,4,4,7,Card,Bike,3,0.28,4
OD3390154529,22:41:23,22:50:02.780388,4.418,8.663,36.1834,서울특별시,강서구,1,22,18,Cash,Car,4,4.95,2
OD7616596513,21:01:43,21:15:48.907982,4.172,14.0985,19.3169,경기도,용인시 기흥구,5,21,15,Card,Scooter,4,1.92,2
OD5083599943,03:39:08,04:21:08.148917,3.992,42.0025,12.6529,경기도,평택시,2,3,19,Card,Bike,4,1.4,3
OD1833066658,04:15:10,04:22:39.452042,1.216,7.4909,23.624,서울특별시,강남구,5,4,8,Cash,Scooter,4,0.0,2
OD9242542561,12:50:54,13:06:00.821209,4.665,15.1137,33.4466,서울특별시,종로구,3,12,20,Card,Scooter,4,0.0,2
OD0535181217,09:40:04,09:54:06.395630,2.201,14.0399,21.4829,서울특별시,중구,6,9,23,AppPay,Bike,1,2.46,3
OD8000511504,12:32:00,12:50:52.267909,2.641,18.8711,33.7392,서울특별시,영등포구,0,12,3,Card,Car,4,0.53,3
OD9989016368,01:25:23,01:38:34.591099,4.552,13.1932,29.8036,서울특별시,구로구,1,1,11,Card,Scooter,3,1.36,2
OD7483002531,09:14:02,09:29:46.528857,2.984,15.7421,22.6954,서울특별시,영등포구,2,9,26,Card,Car,3,5.49,3
OD4079276888,21:20:18,21:29:33.621010,2.7,9.2604,19.3188,서울특별시,관악구,3,21,20,Cash,Bike,3,3.12,3
OD4409607741,09:51:59,10:09:24.550344,3.181,17.4258,33.0038,경기도,용인시 수지구,1,9,1,Card,Car,2,1.22,2
OD6958209791,03:15:50,03:43:01.822865,5.624,27.197,26.3784,경기도,성남시 중원구,2,3,5,Card,Bike,3,1.14,1
OD5731456245,02:03:13,02:33:25.843385,7.812,30.2141,25.0241,서울특별시,용산구,3,2,6,Cash,Car,5,0.0,3
OD8818110116,00:42:00,00:56:49.253806,3.224,14.8209,15.4395,서울특별시,종로구,3,0,6,AppPay,Bike,2,1.81,4
OD0822571490,11:08:43,11:30:34.962022,4.044,21.866,15.9358,서울특별시,성동구,2,11,5,Cash,Scooter,2,3.51,3
OD6845823598,07:37:15,07:51:15.735737,3.547,14.0123,31.0806,인천광역시,남동구,3,7,27,Card,Car,1,2.72,2
OD3821138201,08:49:31,09:06:38.249745,5.473,17.1208,21.5211,서울특별시,은평구,6,8,23,Cash,Bike,6,0.84,2
OD9855524907,21:13:35,21:26:42.479976,3.023,13.1247,32.9859,서울특별시,관악구,6,21,23,Cash,Car,3,0.0,3
OD8929558314,11:11:30,11:24:18.697845,2.361,12.8116,17.377,서울특별시,동작구,0,11,24,Cash,Scooter,4,0.18,5
OD5833544542,04:07:54,04:26:09.933843,2.811,18.2656,18.2167,경기도,평택시,2,4,26,Card,Bike,1,0.46,5
OD4783068785,21:55:47,22:10:13.244766,4.001,14.4374,27.6806,서울특별시,성동구,5,21,1,Cash,Scooter,1,0.33,3
OD3634932296,03:52:43,04:06:37.933520,0.5,13.9156,20.0325,경기도,수원시 장안구,0,3,3,Cash,Scooter,3,0.39,4
OD6101125208,15:58:52,16:17:13.618851,3.877,18.3603,17.0875,경기도,성남시 분당구,1,15,25,Card,Bike,4,0.58,3
OD0467442672,00:59:55,01:46:48.017085,4.629,46.8836,8.0,서울특별시,관악구,6,0,23,AppPay,Bike,4,1.36,4
OD0396200985,09:27:37,09:55:44.830919,5.694,28.1305,27.9808,경기도,김포시,4,9,7,Cash,Scooter,3,0.64,4
OD8155557407,13:10:33,13:29:29.452820,3.384,18.9409,18.3873,서울특별시,성북구,4,13,28,Cash,Scooter,2,3.06,3
OD0721877125,17:11:01,17:32:14.084054,5.417,21.2181,40.1007,서울특별시,영등포구,3,17,6,Card,Scooter,4,1.37,2
OD9997578290,10:43:45,11:02:19.012352,4.292,18.5669,27.6487,서울특별시,강남구,4,10,28,Cash,Scooter,2,0.0,4
OD4580402140,09:20:24,09:39:49.059474,2.93,19.4177,14.769,서울특별시,용산구,5,9,29,Cash,Bike,4,0.89,3
OD1808592182,01:10:40,01:27:24.672213,2.955,16.7445,20.7064,서울특별시,구로구,1,1,4,AppPay,Bike,3,1.14,3
OD4436368616,01:51:23,02:00:47.753919,0.678,9.4126,25.851,인천광역시,서구,6,1,16,Card,Bike,3,3.39,2
OD3991174911,23:07:46,23:18:14.871468,2.304,10.4812,26.6082,경기도,안산시 상록구,5,23,8,Cash,Scooter,5,0.65,3
OD1424451775,02:10:03,02:26:42.489841,4.025,16.6582,17.5863,서울특별시,강서구,3,2,27,AppPay,Bike,4,0.0,3
OD7220816677,21:52:58,22:15:48.656808,3.061,22.8443,22.6665,경기도,평택시,5,21,1,Card,Car,4,0.71,3
OD8329580279,18:31:41,18:49:43.767947,1.814,18.0461,30.3171,서울특별시,성북구,4,18,7,Card,Car,3,1.65,3
OD2993117727,09:37:01,09:53:17.051113,4.556,16.2675,26.7027,경기도,시흥시,6,9,16,Card,Scooter,3,1.46,3
OD4336044938,08:32:00,08:49:43.812445,3.052,17.7302,23.3749,경기도,성남시 중원구,0,8,17,AppPay,Bike,2,0.05,2
OD4672778248,19:25:21,19:45:31.802487,5.051,20.18,21.2247,서울특별시,송파구,6,19,2,AppPay,Bike,4,2.5,3
OD4671109685,02:15:42,02:31:08.070557,2.768,15.4345,26.9923,서울특별시,강서구,6,2,2,Card,Scooter,2,0.0,2
OD9541894473,16:23:21,16:35:06.396789,3.557,11.7566,18.1522,서울특별시,성동구,5,16,1,Card,Bike,3,1.7,4
OD6373586077,03:35:41,03:44:26.023852,2.728,8.7504,28.7528,경기도,평택시,4,3,7,Cash,Car,3,0.16,2
OD6726558282,20:29:12,20:45:02.364653,3.293,15.8394,23.4313,경기도,시흥시,0,20,10,AppPay,Car,3,1.43,2
OD0340846039,23:39:10,00:02:28.988232,5.87,23.3165,21.2574,서울특별시,종로구,3,23,6,AppPay,Scooter,3,3.65,4
OD8219141851,16:09:11,16:22:32.846439,2.701,13.3641,14.0473,경기도,김포시,0,16,10,Cash,Bike,4,3.37,3
OD0715244794,17:17:35,17:30:59.386742,3.765,13.4064,28.4045,경기도,수원시 장안구,5,17,1,Cash,Scooter,3,0.0,3
OD4595757038,08:12:09,08:29:06.160328,3.345,16.9527,22.3593,경기도,성남시 중원구,3,8,6,AppPay,Scooter,4,5.86,5
OD6506970936,09:15:22,09:39:45.844767,4.284,24.3974,24.2842,서울특별시,용산구,5,9,1,Cash,Scooter,1,1.34,3
OD8987844492,18:50:28,19:07:20.531890,2.867,16.8755,17.2396,서울특별시,동작구,4,18,28,Cash,Bike,1,1.86,2
OD6641792081,21:30:14,21:45:51.304193,3.905,15.6217,33.7914,경기도,안산시 단원구,4,21,14,Cash,Scooter,1,0.46,1
OD3480086168,00:50:12,01:11:06.037434,8.327,20.9006,32.6874,서울특별시,용산구,0,0,24,Cash,Scooter,1,3.03,2
OD3702292869,12:35:43,12:59:17.624751,6.911,23.5771,21.5255,서울특별시,성동구,3,12,6,Cash,Bike,3,0.25,4
OD2541022645,04:07:34,04:29:07.088547,5.348,21.5515,25.1799,서울특별시,송파구,2,4,26,AppPay,Bike,4,1.83,3
OD0209962633,15:34:48,16:00:31.390500,3.004,25.7232,20.2141,서울특별시,동작구,5,15,15,Card,Bike,3,2.13,2
OD2092230176,05:52:39,06:15:46.567722,5.291,23.1261,22.1485,서울특별시,강남구,2,5,12,Cash,Bike,2,0.49,2
OD0122245896,20:15:26,20:36:54.723562,3.922,21.4787,28.4464,서울특별시,영등포구,4,20,28,AppPay,Scooter,2,0.06,4
OD2486769370,14:14:33,14:32:57.731136,5.105,18.4122,19.7683,경기도,용인시 수지구,6,14,2,Card,Car,5,0.57,3
OD5366314649,01:12:55,01:53:22.632109,7.767,40.4605,13.7736,경기도,성남시 분당구,5,1,8,Card,Bike,3,1.63,5
OD7238312148,15:23:51,15:44:31.846050,4.085,20.6808,22.1631,서울특별시,종로구,5,15,29,AppPay,Scooter,4,0.26,4
OD3884659877,14:31:46,14:53:29.496790,4.505,21.7249,23.4593,서울특별시,종로구,2,14,26,AppPay,Bike,2,0.54,2
OD6149083820,11:11:23,11:38:12.531859,5.896,26.8255,19.2531,서울특별시,관악구,5,11,1,AppPay,Bike,4,0.15,1
OD1317680213,10:33:39,11:03:16.714728,6.851,29.6286,18.8315,서울특별시,관악구,3,10,6,AppPay,Car,3,0.0,3
OD6036798976,03:24:09,03:54:08.509833,4.13,29.9918,11.3892,경기도,성남시 분당구,3,3,13,Card,Bike,5,0.0,2
OD6114549184,14:43:46,14:46:08.558857,0.522,2.376,13.1759,경기도,김포시,0,14,24,Cash,Bike,4,3.16,3
OD3236531130,20:48:34,21:07:32.514328,2.212,18.9752,18.3813,서울특별시,은평구,2,20,12,Card,Car,4,0.56,3
OD4832552813,10:35:58,10:45:15.856195,3.254,9.2976,27.0947,서울특별시,마포구,0,10,10,Card,Car,4,0.0,4
OD7535285932,01:12:06,01:18:52.549165,1.387,6.7758,30.9462,서울특별시,서초구,3,1,20,Card,Car,4,2.41,2
OD7371448313,20:46:22,21:02:06.834926,2.527,15.7472,25.5493,경기도,수원시 영통구,2,20,12,Card,Car,4,1.41,3
OD4501473178,03:09:40,03:29:24.003302,3.426,19.7334,16.24,경기도,광명시,2,3,19,AppPay,Bike,4,0.57,3
OD1246338535,01:45:48,02:20:57.402089,8.05,35.1567,34.7905,서울특별시,영등포구,5,1,22,Cash,Scooter,4,1.15,3
OD7158213047,00:07:18,00:24:32.669376,5.393,17.2445,20.3931,경기도,김포시,6,0,16,AppPay,Bike,4,0.29,3
OD1630844347,01:17:27,01:37:14.879749,3.935,19.798,29.4199,인천광역시,남동구,0,1,24,Card,Scooter,1,0.46,3
OD8622732700,01:51:47,02:03:16.007679,2.444,11.4835,20.0216,경기도,시흥시,0,1,3,AppPay,Scooter,5,3.68,3
OD8741538890,22:36:40,22:54:56.238903,3.916,18.2706,17.704,경기도,고양시 덕양구,0,22,24,Cash,Bike,2,0.47,3
OD3586228274,01:20:03,01:49:18.540006,3.167,29.259,30.524,인천광역시,미추홀구,4,1,7,Card,Scooter,3,0.54,2
OD4101869878,16:56:45,17:14:12.761143,1.951,17.4627,20.732,인천광역시,미추홀구,0,16,10,Cash,Bike,3,0.0,3
OD9302400912,18:14:20,18:40:37.010182,5.198,26.2835,16.354,경기도,안산시 상록구,3,18,6,Card,Bike,2,0.67,4
OD0678444307,00:12:15,00:30:02.934298,4.775,17.7989,17.3754,서울특별시,성북구,1,0,18,Card,Bike,1,5.41,3
OD4802932185,04:57:06,05:10:18.480429,0.771,13.208,15.9893,서울특별시,중구,4,4,7,AppPay,Bike,3,2.07,4
OD4063005682,05:13:07,05:22:12.134847,2.873,9.0856,28.9856,서울특별시,중구,5,5,22,AppPay,Car,2,0.17,2
OD3964909455,11:40:16,11:53:24.987563,2.353,13.1498,25.8236,경기도,성남시 분당구,5,11,8,Card,Car,3,0.33,3
OD3029968673,07:52:47,08:23:04.343008,4.64,30.2891,12.4945,인천광역시,계양구,4,7,21,Cash,Bike,5,0.57,3
OD7557100504,21:57:17,22:14:12.825986,4.017,16.9304,20.536,경기도,시흥시,0,21,24,AppPay,Bike,3,1.25,4
OD3683722193,10:33:09,10:42:05.275917,2.792,8.9379,32.2665,경기도,안산시 상록구,1,10,1,Cash,Scooter,3,2.79,2
OD4382000806,05:49:47,06:10:55.014391,3.341,21.1336,22.7404,경기도,안산시 상록구,3,5,13,AppPay,Car,2,0.0,3
OD0060436641,21:52:31,22:04:46.825363,2.183,12.2638,25.2939,경기도,수원시 장안구,1,21,4,Card,Bike,3,1.13,2
OD0445906068,07:28:17,07:41:29.716449,2.221,13.2119,26.4584,서울특별시,마포구,2,7,19,Cash,Scooter,4,0.42,3
OD5726141132,04:20:22,04:33:56.688453,2.584,13.5781,24.6899,경기도,안산시 상록구,0,4,10,Card,Scooter,3,0.41,3
OD1610594101,07:14:04,07:37:56.759102,4.04,23.8793,10.7733,경기도,안산시 상록구,4,7,28,Cash,Bike,4,3.65,4
OD5288611769,05:52:01,06:18:10.849029,3.345,26.1642,14.9623,인천광역시,미추홀구,3,5,13,Card,Scooter,3,0.01,3
OD9868690951,20:49:56,21:02:28.417926,3.017,12.5403,23.3082,서울특별시,강남구,2,20,5,Card,Bike,4,0.89,3
OD1876318520,21:45:40,21:54:38.622239,2.154,8.977,17.9616,서울특별시,마포구,5,21,1,Card,Scooter,3,1.81,5
OD8838736476,18:45:13,19:06:51.526688,6.384,21.6421,20.0623,서울특별시,서초구,3,18,27,AppPay,Bike,2,2.53,4
OD5553827475,12:33:38,13:05:56.899586,5.455,32.315,15.1709,서울특별시,영등포구,3,12,13,AppPay,Bike,3,0.04,3
OD3207024543,14:11:08,14:18:59.645268,2.223,7.8608,16.9686,경기도,평택시,6,14,9,Card,Bike,5,2.26,4
OD0098214818,11:04:21,11:26:11.116129,4.824,21.8353,18.1234,인천광역시,서구,2,11,19,Card,Bike,4,2.88,3
OD9340487831,13:38:55,13:54:05.970251,3.345,15.1828,23.1288,서울특별시,관악구,3,13,6,AppPay,Scooter,2,1.01,3
OD5123124186,21:23:31,21:39:15.908430,5.567,15.7485,30.7488,서울특별시,종로구,6,21,2,Card,Car,3,0.21,2
OD4691016177,16:35:01,16:55:55.540069,2.767,20.909,22.231,서울특별시,강서구,3,16,6,Card,Bike,1,0.46,2
OD6888479330,02:09:55,02:34:48.393623,5.734,24.8899,19.8958,서울특별시,강서구,4,2,14,Card,Bike,3,1.18,2
OD9127224696,10:33:24,10:48:05.317397,3.226,14.6886,25.8222,경기도,광명시,2,10,19,Card,Scooter,4,0.09,3
OD0382700314,15:32:41,15:47:47.524094,3.507,15.1087,20.6356,경기도,수원시 영통구,5,15,22,Card,Bike,5,2.98,3
OD4978816050,14:44:30,15:05:20.537866,4.709,20.8423,19.0604,서울특별시,동작구,5,14,22,Cash,Scooter,4,4.6,4
OD4807126502,12:58:56,13:18:10.772313,3.542,19.2462,21.1895,서울특별시,송파구,6,12,9,AppPay,Bike,3,0.46,2
OD5379683201,10:57:29,11:16:25.732405,5.595,18.9455,20.8193,경기도,수원시 장안구,1,10,25,Cash,Bike,2,0.5,3
OD4279041561,09:19:13,09:30:27.878307,4.24,11.248,32.3226,서울특별시,종로구,1,9,18,Card,Bike,4,1.75,2
OD9170134290,05:40:53,05:57:47.778991,2.811,16.913,31.8358,경기도,용인시 기흥구,3,5,27,AppPay,Scooter,3,2.29,2
OD5286945350,21:28:28,21:46:49.540480,1.92,18.359,24.2345,경기도,수원시 장안구,1,21,11,AppPay,Car,3,3.37,4
OD6728761932,06:13:47,06:40:50.414055,5.208,27.0569,13.8328,서울특별시,서초구,1,6,1,Card,Bike,1,2.36,3
OD1166103371,17:13:02,17:32:09.243700,3.029,19.1207,15.3714,서울특별시,관악구,1,17,18,Card,Bike,1,1.11,3
OD9948869089,02:44:15,03:03:52.269662,2.91,19.6212,12.0691,경기도,광명시,3,2,20,AppPay,Bike,4,0.07,3
OD0564244387,07:28:23,07:44:22.589076,2.075,15.9932,15.2186,서울특별시,성동구,2,7,5,Card,Bike,3,0.64,4
OD4845990997,05:32:08,05:56:03.695149,1.822,23.9283,20.0637,서울특별시,동작구,0,5,3,Cash,Bike,3,0.81,3
OD7650775473,14:57:30,15:13:53.139812,3.212,16.3857,19.0996,경기도,성남시 중원구,5,14,8,AppPay,Bike,4,1.08,2
OD1256185577,02:30:16,02:42:17.443046,1.244,12.0241,12.5531,경기도,안산시 상록구,1,2,18,Card,Bike,4,0.21,3
OD5210412699,09:09:44,09:29:47.406790,3.262,20.0568,21.1682,서울특별시,서초구,0,9,24,AppPay,Car,1,0.62,5
OD4631403833,00:34:11,00:53:23.847239,3.219,19.2141,33.038,-,-,0,0,10,Cash,Scooter,3,1.65,2
OD3174938232,06:00:10,06:24:10.835024,3.217,24.0139,22.504,경기도,수원시 장안구,4,6,7,Cash,Scooter,4,1.91,4
OD9546553953,20:14:30,20:34:56.052791,3.948,20.4342,18.2488,서울특별시,강서구,3,20,13,AppPay,Bike,3,1.68,3
OD4766802980,21:10:24,21:18:31.871447,1.125,8.1312,15.908,서울특별시,노원구,1,21,18,Cash,Bike,2,1.34,5
OD8040805828,09:16:20,09:28:36.429717,1.978,12.2738,22.5347,서울특별시,송파구,6,9,9,AppPay,Car,4,0.08,4
OD6444277483,20:17:30,20:37:43.417812,5.699,20.2236,21.4914,인천광역시,서구,5,20,15,AppPay,Bike,4,0.85,3
OD6042893695,08:03:34,08:12:51.170837,2.335,9.2862,26.2153,서울특별시,송파구,1,8,4,Cash,Bike,4,0.36,1
OD2383780271,02:26:09,03:02:17.319890,5.73,36.1387,17.2734,경기도,고양시 덕양구,0,2,17,Card,Scooter,4,0.86,4
OD2436662542,17:11:59,17:30:18.020911,2.618,18.317,22.366,서울특별시,강남구,0,17,31,Cash,Bike,1,0.1,2
OD7932592702,14:53:32,15:25:15.466639,7.027,31.7244,16.9507,서울특별시,용산구,0,14,10,Cash,Car,4,2.32,3
OD5102434566,16:58:59,17:33:28.373065,7.247,34.4896,27.8489,서울특별시,서초구,6,16,9,AppPay,Scooter,5,2.23,2
OD1217346684,08:49:51,09:04:35.409602,3.47,14.7402,33.5654,서울특별시,성동구,2,8,2,Card,Scooter,4,1.05,1
OD9359203161,22:29:33,22:58:55.453958,4.896,29.3742,31.878,인천광역시,연수구,0,22,24,Cash,Scooter,5,0.9,3
OD6641356782,18:53:02,19:11:13.432402,3.929,18.1905,26.5554,경기도,고양시 덕양구,4,18,28,Card,Car,2,0.24,2
OD2410164803,18:14:26,18:42:07.887232,7.045,27.6981,18.8523,서울특별시,관악구,0,18,17,Card,Bike,2,2.36,2
OD9554686023,04:14:52,04:23:23.361456,2.083,8.5227,27.2459,경기도,안산시 상록구,3,4,6,Cash,Car,2,9.07,1
OD6675226003,22:41:02,22:56:11.093032,1.338,15.1516,18.8073,경기도,부천시,2,22,26,AppPay,Scooter,4,3.0,3
OD0479863813,00:11:10,00:17:29.583847,4.165,6.3264,39.5043,경기도,평택시,1,0,18,Card,Scooter,2,0.03,2
OD5756496411,06:56:30,07:17:09.135531,4.441,20.6523,21.574,경기도,성남시 중원구,1,6,18,Cash,Bike,3,0.49,3
OD9433814987,03:21:58,03:37:59.612723,2.767,16.0269,25.9973,서울특별시,성동구,4,3,21,Cash,Bike,2,0.72,2
OD0150410885,22:20:48,22:35:14.039783,2.929,14.434,16.594,서울특별시,성동구,6,22,9,Cash,Bike,1,2.0,2
OD8459722742,20:12:57,20:20:55.697066,0.559,7.9783,11.2417,경기도,부천시,6,20,16,Cash,Bike,3,0.23,2
OD5780454606,13:50:41,14:02:24.206350,2.07,11.7201,16.7497,서울특별시,강남구,4,13,7,Card,Bike,3,2.81,2
OD9340996583,16:17:59,16:38:37.963739,3.278,20.6494,29.4106,서울특별시,강남구,4,16,28,AppPay,Scooter,2,0.35,5
OD7289395025,02:41:03,03:01:58.119672,2.753,20.9187,18.8854,서울특별시,송파구,3,2,27,AppPay,Bike,5,2.16,2
OD0409215726,15:26:03,15:43:08.374076,4.861,17.0896,28.0991,인천광역시,동구,3,15,6,Cash,Scooter,4,0.0,3
OD5269724334,17:15:04,17:39:09.502455,3.647,24.0917,12.5942,서울특별시,동작구,1,17,11,Card,Bike,4,1.62,3
OD5483547789,16:29:04,16:45:58.802069,1.4,16.9134,24.7331,서울특별시,동작구,3,16,20,Cash,Bike,3,0.02,2
OD6552260320,20:54:56,21:05:38.356160,1.778,10.7059,30.958,서울특별시,용산구,0,20,3,Cash,Scooter,2,2.41,2
OD3100320950,05:44:21,05:57:39.924797,3.454,13.3154,27.6641,경기도,안산시 단원구,2,5,5,Cash,Scooter,4,0.86,3
OD2076881877,21:43:34,21:53:43.577577,3.044,10.1596,27.1111,경기도,고양시 덕양구,4,21,7,AppPay,Car,3,0.25,3
OD6750271395,06:16:34,06:35:47.321821,3.326,19.222,18.3263,서울특별시,성북구,6,6,23,Card,Bike,2,1.89,4
OD7054218002,10:06:21,10:16:38.726274,3.872,10.2954,26.2972,경기도,용인시 수지구,6,10,16,Card,Bike,3,1.55,2
OD3195656762,14:24:08,14:36:02.655270,2.24,11.9109,31.7194,서울특별시,은평구,2,14,5,AppPay,Scooter,4,2.09,2
OD4786724857,22:30:46,22:45:44.866449,2.776,14.9811,19.4236,경기도,성남시 분당구,3,22,6,Cash,Bike,3,3.6,3
OD3878098708,19:51:11,20:12:27.441921,4.96,21.274,25.6541,서울특별시,동작구,3,19,20,Card,Scooter,2,0.8,3
OD6220781479,15:22:46,15:44:09.089988,2.693,21.3848,17.5239,서울특별시,영등포구,5,15,15,Card,Bike,2,0.21,3
OD2640148476,01:10:14,01:39:54.920905,3.84,29.682,8.0112,서울특별시,강남구,4,1,7,Cash,Bike,2,5.21,5
OD1340696813,07:20:13,07:32:32.150581,1.483,12.3192,13.0152,인천광역시,남동구,0,7,31,AppPay,Bike,1,1.43,3
OD2465953263,17:13:19,17:53:46.878764,5.048,40.4646,11.9185,경기도,용인시 수지구,0,17,3,Card,Bike,2,0.28,4
OD9199485981,23:49:39,00:22:52.364312,5.139,33.2227,13.8359,서울특별시,구로구,3,23,20,Cash,Bike,3,1.14,4
OD1934445103,11:15:38,11:43:06.035493,5.474,27.4673,24.4605,서울특별시,중구,0,11,31,Cash,Bike,1,0.0,3
OD7726613772,19:19:03,19:44:28.426517,3.218,25.4238,11.6804,서울특별시,구로구,5,19,22,Card,Bike,1,0.0,5
OD8673588899,02:18:26,02:30:34.589536,2.563,12.1432,20.4647,서울특별시,서초구,3,2,6,AppPay,Scooter,2,1.48,4
OD0437294328,19:40:07,19:47:05.207673,2.532,6.9701,21.7943,서울특별시,성북구,2,19,26,Card,Scooter,3,0.0,5
OD9612300379,03:38:24,03:53:02.589782,2.68,14.6432,22.2566,인천광역시,동구,1,3,25,Card,Scooter,4,0.49,2
OD3341623276,04:23:34,04:43:18.357393,5.675,19.7393,28.8645,서울특별시,송파구,3,4,13,Cash,Car,2,1.84,2
OD1516373681,08:17:11,08:33:16.348209,0.5,16.0891,17.6941,서울특별시,송파구,0,8,17,Card,Bike,2,0.23,4
OD8159518410,01:23:22,01:42:31.712852,4.54,19.1619,22.9692,서울특별시,종로구,2,1,2,AppPay,Bike,4,0.15,3
OD5081833872,02:03:52,02:14:18.559362,1.727,10.4427,34.1855,서울특별시,종로구,1,2,18,AppPay,Scooter,1,0.11,1
OD9295374608,13:57:11,14:28:45.827321,6.213,31.5805,19.4824,인천광역시,동구,3,13,13,Card,Car,5,4.44,3
OD9659665440,13:59:09,14:18:54.529866,2.655,19.7588,23.2611,서울특별시,강서구,1,13,11,Cash,Bike,1,1.59,3
OD4220573539,05:19:55,05:43:48.632775,5.786,23.8939,18.6731,경기도,고양시 덕양구,5,5,15,Card,Bike,3,0.0,2
OD9323333535,09:38:19,09:54:21.460039,3.255,16.041,20.4952,서울특별시,강서구,0,9,10,Card,Bike,1,1.02,2
OD5577039037,00:08:52,00:31:27.683307,3.118,22.5947,26.692,경기도,안산시 단원구,2,0,5,Card,Bike,3,0.0,2
OD7110182355,02:44:01,03:01:07.549733,0.969,17.1092,31.6785,경기도,안산시 단원구,4,2,21,AppPay,Scooter,3,0.41,3
OD5563582040,08:33:18,08:41:13.967537,1.069,7.9328,14.943,인천광역시,서구,3,8,6,Card,Bike,4,0.0,2
OD4817311757,14:35:54,15:04:35.177535,5.448,28.6863,17.0698,서울특별시,서초구,0,14,31,Card,Scooter,4,1.78,5
OD3760775484,17:33:16,17:53:34.300815,6.896,20.305,34.549,서울특별시,종로구,4,17,14,Card,Scooter,4,0.0,3
OD1894659982,01:56:00,02:19:08.450805,3.378,23.1408,17.6908,경기도,수원시 영통구,1,1,1,AppPay,Bike,3,0.06,3
OD7680202576,13:16:15,13:30:30.028702,0.5,14.2505,29.3979,경기도,시흥시,5,13,29,Cash,Scooter,1,2.91,3
OD8947688288,01:26:23,01:44:42.877750,2.203,18.3313,24.6556,서울특별시,영등포구,3,1,20,AppPay,Scooter,5,1.16,5
OD1476469308,13:11:40,13:24:50.815733,1.686,13.1803,30.176,서울특별시,관악구,1,13,25,AppPay,Scooter,4,0.33,4
OD7741435484,15:24:37,16:06:57.067658,5.998,42.3345,14.1248,서울특별시,영등포구,5,15,8,Card,Bike,3,0.82,4
OD9498587299,18:57:41,19:25:34.699121,4.89,27.895,27.6603,경기도,시흥시,4,18,21,Card,Scooter,1,1.34,4
OD9138428559,09:26:48,09:55:33.113547,4.353,28.7519,18.7166,경기도,시흥시,5,9,1,Cash,Bike,4,1.6,2
OD6586403358,11:35:04,11:51:38.807395,2.67,16.5801,10.6861,서울특별시,종로구,6,11,2,Card,Bike,4,1.34,3
OD1006636531,20:45:44,21:09:00.212321,1.145,23.2702,13.1973,서울특별시,강남구,3,20,13,AppPay,Bike,4,1.42,3
OD8470313668,08:39:08,08:55:44.620610,3.393,16.6103,20.8021,서울특별시,노원구,0,8,24,Card,Bike,1,1.13,3
OD8177574002,10:55:17,11:23:30.290587,2.335,28.2215,11.308,인천광역시,동구,1,10,11,AppPay,Bike,4,0.38,4
OD6208380124,15:40:39,15:56:05.965143,5.15,15.4494,25.4921,서울특별시,종로구,5,15,8,AppPay,Car,3,0.31,5
OD3891896840,07:04:37,07:29:33.618492,6.78,24.9436,19.5681,경기도,김포시,5,7,1,AppPay,Bike,2,4.61,4
OD0581338524,21:19:39,21:48:21.811194,4.476,28.7135,21.9569,서울특별시,동작구,6,21,30,Cash,Car,1,2.18,3
OD8061082509,12:25:22,12:49:22.053324,5.035,24.0009,22.0324,서울특별시,중구,4,12,14,Cash,Bike,5,0.28,2
OD7270101045,01:30:25,01:44:47.623755,1.549,14.3771,8.0,서울특별시,노원구,4,1,21,Card,Bike,3,0.05,5
OD3848799093,09:12:41,09:26:11.769017,2.841,13.5128,21.9074,인천광역시,부평구,0,9,24,Cash,Car,2,2.34,4
OD2931142535,10:34:00,10:59:50.671401,5.314,25.8445,24.9137,서울특별시,동작구,0,10,24,Card,Car,2,0.37,2
OD3351742103,23:30:10,00:00:11.310864,4.923,30.0218,16.9206,경기도,용인시 기흥구,4,23,21,AppPay,Bike,3,2.98,3
OD6795160962,21:02:27,21:27:04.938341,5.664,24.6323,28.3705,서울특별시,중구,2,21,19,Cash,Scooter,1,0.3,3
OD3642847054,09:54:43,10:15:42.951640,3.548,20.9992,11.2234,서울특별시,종로구,2,9,5,Cash,Bike,4,4.22,4
OD8496214513,20:22:28,20:35:12.317209,1.306,12.7386,35.1919,서울특별시,동작구,4,20,7,Card,Scooter,3,0.97,1
OD4157364975,12:26:12,12:52:58.660154,5.399,26.7777,28.2962,서울특별시,중구,1,12,25,AppPay,Car,5,0.0,3
OD4407434500,17:24:03,17:55:31.013593,8.643,31.4669,23.4392,서울특별시,중구,3,17,6,AppPay,Car,4,0.7,3
OD2928565057,15:03:02,15:12:56.591316,1.641,9.9099,21.2683,서울특별시,영등포구,2,15,19,Cash,Bike,4,0.0,2
OD4849864826,23:04:05,23:22:30.739980,3.96,18.429,26.0844,서울특별시,종로구,2,23,19,Cash,Scooter,3,1.58,3
OD2024304431,22:49:56,23:11:08.844559,2.791,21.2141,13.314,서울특별시,노원구,4,22,7,Cash,Bike,2,3.65,3
OD2991488850,11:41:16,11:58:11.696334,1.964,16.9283,20.3742,서울특별시,용산구,6,11,16,Cash,Bike,2,2.28,4
OD6076755817,09:57:53,10:10:17.289400,4.312,12.4048,20.8551,경기도,성남시 중원구,3,9,27,Cash,Car,3,3.0,3
OD3963285167,12:27:04,12:43:51.769114,3.705,16.7962,15.2497,서울특별시,마포구,4,12,28,AppPay,Bike,4,0.46,5
OD1397141511,21:56:45,22:16:16.606209,5.129,19.5268,26.5556,서울특별시,노원구,4,21,14,Card,Car,2,2.33,3
OD5066073113,11:26:22,11:33:16.031343,1.682,6.9005,29.5907,서울특별시,종로구,6,11,9,Card,Car,6,0.96,4
OD2310234261,13:20:32,13:41:26.843239,2.518,20.9141,25.47,경기도,김포시,3,13,6,Card,Car,1,1.53,3
OD6774240755,15:20:29,15:43:59.809107,5.839,23.5135,23.1573,인천광역시,연수구,4,15,28,Card,Scooter,2,1.76,5
OD2828694308,06:19:44,06:32:15.057901,3.465,12.5176,30.5516,경기도,평택시,3,6,20,AppPay,Scooter,4,0.92,4
OD7520651977,04:17:35,04:27:26.826003,4.301,9.8638,26.1616,경기도,수원시 영통구,0,4,10,Card,Scooter,2,2.04,4
OD7626772323,08:01:09,08:25:47.527681,2.288,24.6421,8.6917,서울특별시,용산구,2,8,12,Card,Bike,3,0.12,5
OD9388139563,06:03:29,06:18:35.751793,3.087,15.1125,37.5574,경기도,안산시 단원구,3,6,20,AppPay,Scooter,3,1.25,1
OD2329955813,18:22:45,18:44:04.864079,3.938,21.3311,26.7981,서울특별시,구로구,4,18,28,Cash,Car,4,4.72,4
OD9207590037,04:27:53,04:53:46.615721,3.874,25.8936,22.1775,서울특별시,동작구,6,4,9,Card,Scooter,4,0.42,4
OD0829339846,16:47:12,17:08:57.406080,3.385,21.7568,30.5173,서울특별시,성동구,0,16,17,Card,Scooter,2,2.86,2
OD4998349106,06:21:11,06:28:59.030453,1.545,7.8005,30.7902,서울특별시,중구,0,6,24,Card,Scooter,5,0.03,3
OD6712966909,10:06:24,10:14:40.353058,1.371,8.2726,17.6554,서울특별시,강서구,3,10,13,Card,Bike,3,0.56,3
OD3467819009,20:33:42,20:55:36.136224,4.909,21.9023,15.8967,서울특별시,구로구,5,20,1,AppPay,Scooter,2,4.06,3
OD9867061903,00:30:04,00:51:48.339496,3.795,21.739,29.6585,경기도,성남시 분당구,0,0,3,Card,Scooter,4,2.13,2
OD2522015082,19:24:09,19:30:18.282139,2.058,6.1547,33.3198,서울특별시,은평구,4,19,14,Cash,Scooter,4,0.17,3
OD2012256113,17:09:28,17:23:00.177916,4.444,13.5363,26.6297,서울특별시,은평구,1,17,4,Card,Scooter,2,1.93,3
OD6518219749,03:07:14,03:20:01.005148,1.303,12.7834,28.1975,서울특별시,송파구,0,3,17,AppPay,Scooter,3,0.43,4
OD7019934430,17:54:12,18:18:02.329626,3.651,23.8388,15.53,서울특별시,성북구,2,17,26,Card,Bike,3,0.0,4
OD2141245219,01:00:41,01:12:43.023383,2.228,12.0337,19.0978,서울특별시,마포구,5,1,8,Card,Bike,2,0.71,2
OD7362126319,07:09:03,07:17:42.142763,1.738,8.6524,19.659,경기도,수원시 장안구,5,7,8,Card,Bike,3,0.25,3
OD4327237616,21:36:29,22:04:36.349154,4.089,28.1225,20.1117,서울특별시,노원구,3,21,6,AppPay,Bike,3,0.61,1
OD8978213802,10:34:36,10:49:10.644604,1.241,14.5774,12.7651,서울특별시,성동구,0,10,17,AppPay,Bike,1,0.0,3
OD7097477523,12:05:55,12:19:52.496351,3.448,13.9583,32.6367,경기도,시흥시,0,12,10,Card,Scooter,2,0.03,2
OD5743111124,05:57:06,06:15:59.927342,4.227,18.8988,31.3364,경기도,안산시 단원구,6,5,2,Card,Car,3,0.0,1
OD4183088870,22:32:59,22:59:07.743403,5.019,26.1457,20.7846,인천광역시,서구,4,22,28,Card,Bike,2,0.46,4
OD1128134858,15:41:40,16:12:31.213589,4.869,30.8536,27.9908,인천광역시,부평구,0,15,31,Cash,Car,3,2.26,3
OD9425799604,09:52:06,10:02:12.850850,3.093,10.1142,33.0719,서울특별시,성동구,1,9,18,Card,Car,4,0.71,1
OD4427615309,00:24:49,00:49:30.915739,2.691,24.6986,14.4698,경기도,수원시 장안구,2,0,5,Cash,Bike,3,0.0,3
OD1724211905,12:05:11,12:52:45.781555,6.138,47.5797,9.4556,서울특별시,강남구,3,12,13,Card,Bike,3,1.46,4
OD7457442935,13:39:09,13:52:20.451669,2.562,13.1909,30.1168,서울특별시,용산구,0,13,3,AppPay,Car,5,2.81,1
OD5147231576,10:44:13,10:50:21.749246,2.795,6.1458,33.9995,서울특별시,노원구,0,10,17,AppPay,Scooter,3,0.65,2
OD9727491447,04:46:29,05:01:09.451398,4.009,14.6742,25.9558,인천광역시,계양구,1,4,1,Card,Scooter,5,1.21,4
OD0071237100,21:54:10,22:08:10.139285,6.078,14.0023,36.0162,서울특별시,영등포구,1,21,4,Card,Scooter,2,1.53,3
OD2788549060,15:05:41,15:26:29.405037,2.987,20.8068,18.4437,서울특별시,영등포구,3,15,6,Cash,Bike,3,0.34,3
OD6163237416,08:01:29,08:09:26.512680,0.788,7.9585,32.2131,서울특별시,용산구,0,8,17,Cash,Scooter,3,0.0,3
OD5780308730,01:11:41,01:20:33.389764,2.352,8.8732,15.901,경기도,용인시 기흥구,2,1,12,Cash,Bike,5,0.5,3
OD0090123644,17:19:48,17:32:48.469810,0.5,13.0078,22.8518,경기도,성남시 분당구,3,17,20,AppPay,Bike,4,4.89,2
OD9941699901,21:41:16,21:56:49.876348,3.187,15.5646,18.132,서울특별시,영등포구,4,21,14,Card,Bike,2,0.76,3
OD2305472609,19:05:17,19:14:50.763178,1.766,9.5627,36.0492,서울특별시,성북구,4,19,14,Card,Scooter,3,2.74,1
OD3157121837,06:13:11,06:29:44.284760,4.305,16.5547,24.9997,경기도,광명시,2,6,5,Cash,Scooter,6,0.89,4
OD4776752701,11:30:47,11:40:33.658102,5.628,9.7776,34.5344,서울특별시,서초구,3,11,13,AppPay,Scooter,4,0.28,2
OD5076151057,00:27:04,00:50:59.903858,5.054,23.9317,27.3496,경기도,수원시 장안구,2,0,26,AppPay,Scooter,3,1.16,3
OD3571929197,04:53:33,05:10:48.748399,3.717,17.2625,25.9437,경기도,평택시,0,4,31,AppPay,Bike,5,1.03,1
OD0269606287,15:46:42,16:10:39.215642,1.817,23.9536,20.908,서울특별시,마포구,1,15,11,Card,Bike,2,3.97,3
OD9913534742,04:54:49,05:06:00.340000,4.29,11.189,23.0057,서울특별시,영등포구,0,4,17,Cash,Bike,3,1.53,2
OD1992813254,19:27:25,19:57:31.128894,3.914,30.1021,8.0942,서울특별시,중구,2,19,26,Cash,Bike,1,0.27,5
OD6077460991,04:39:33,04:53:07.024779,4.286,13.5671,27.2554,서울특별시,마포구,5,4,15,Card,Scooter,2,2.1,4
OD0549608164,06:11:19,06:34:33.531383,4.986,23.2422,19.6516,서울특별시,종로구,5,6,15,Cash,Car,4,0.63,3
OD4823428850,09:58:23,10:24:29.463389,2.922,26.1077,13.9818,서울특별시,영등포구,5,9,8,Cash,Bike,2,0.5,3
OD4491559764,04:11:26,04:30:49.641025,3.92,19.394,17.5192,서울특별시,노원구,4,4,14,Card,Bike,3,0.48,3
OD8092529804,19:02:17,19:10:36.611516,2.449,8.3269,25.5026,서울특별시,영등포구,5,19,1,AppPay,Scooter,3,0.0,4
OD0876792268,12:23:34,12:45:04.710003,2.669,21.5118,30.8996,서울특별시,중구,6,12,2,AppPay,Car,3,0.58,2
OD9278136810,23:13:08,23:29:07.818980,2.547,15.997,15.8147,경기도,수원시 영통구,1,23,1,Card,Bike,3,0.78,4
OD2873568659,23:09:20,23:18:27.751544,2.877,9.1292,30.1395,경기도,시흥시,2,23,19,Cash,Scooter,4,1.05,3
OD8776855539,21:21:40,21:40:45.576518,4.396,19.0929,27.0505,서울특별시,강남구,0,21,24,Card,Bike,1,0.86,2
OD5408601605,03:20:10,03:21:29.328422,0.678,1.3221,30.7668,경기도,용인시 수지구,1,3,18,AppPay,Scooter,2,0.7,3
OD6981999325,18:18:36,18:33:45.687434,3.166,15.1615,27.6989,경기도,수원시 영통구,6,18,16,AppPay,Bike,4,2.29,2
OD0629586016,01:56:54,02:25:45.872557,6.007,28.8645,15.549,경기도,성남시 중원구,0,1,24,AppPay,Car,4,1.43,4
OD3072602607,12:26:14,12:53:10.790027,2.608,26.9465,13.4887,서울특별시,강남구,3,12,27,Cash,Bike,4,0.63,2
OD8116945982,06:24:14,06:32:35.282882,2.274,8.3547,24.2105,경기도,안산시 상록구,4,6,7,AppPay,Bike,4,0.23,2
OD9848849239,11:49:23,12:17:59.958065,6.685,28.616,22.6947,서울특별시,용산구,2,11,12,Cash,Scooter,3,0.03,3
OD3806827169,13:47:28,13:51:28.567535,1.928,4.0095,30.829,서울특별시,서초구,5,13,8,Card,Scooter,4,1.05,1
OD5758705832,18:46:44,19:05:09.222823,,18.4204,31.1263,서울특별시,강서구,4,18,21,Cash,Scooter,2,1.53,4
OD0748983338,10:14:49,10:53:43.070747,6.662,38.9012,15.0374,서울특별시,구로구,4,10,7,Card,Bike,3,0.03,4
OD5455252355,09:18:27,09:34:12.791153,3.63,15.7632,25.7469,서울특별시,구로구,6,9,16,Cash,Scooter,3,0.63,3
OD3977296739,15:02:45,15:19:49.735118,3.149,17.0789,27.3202,서울특별시,관악구,3,15,20,Card,Scooter,3,0.33,3
OD3956714459,04:43:45,05:00:35.846721,3.969,16.8474,22.7301,서울특별시,동작구,5,4,15,AppPay,Car,3,1.38,3
OD6624008293,18:45:39,19:06:17.649864,5.636,20.6442,20.3206,서울특별시,중구,1,18,18,Card,Bike,2,1.04,3
OD5897855853,01:35:34,01:58:07.493786,3.159,22.5582,14.5773,경기도,부천시,1,1,11,Cash,Bike,3,2.57,4
OD6001145801,02:09:10,02:25:30.181998,0.608,16.3364,26.8089,경기도,부천시,1,2,11,Cash,Scooter,2,0.0,3
OD5087742886,14:40:37,14:55:16.251380,5.052,14.6542,31.6096,서울특별시,서초구,2,14,26,Card,Scooter,2,5.97,3
OD5186335511,06:43:43,07:10:11.418133,3.485,26.4736,11.0311,서울특별시,성동구,5,6,22,Cash,Bike,2,0.05,5
OD8061174882,16:11:40,16:35:20.417723,5.855,23.6736,19.2992,서울특별시,종로구,3,16,20,Cash,Bike,1,3.54,3
OD1962748118,14:20:48,14:32:47.392313,2.81,11.9899,29.7913,경기도,안산시 상록구,6,14,30,Cash,Scooter,3,0.0,3
OD4028988989,18:13:57,18:35:26.127355,4.609,21.4855,25.1341,서울특별시,구로구,2,18,26,Card,Scooter,3,0.0,4
OD5502879161,19:45:33,20:02:23.991789,1.807,16.8499,18.9922,경기도,평택시,1,19,18,Cash,Bike,4,0.14,4
OD0238340524,17:06:35,17:21:25.369531,4.113,14.8395,24.4074,서울특별시,성동구,3,17,13,Cash,Car,4,0.19,2
OD9283467164,14:40:57,14:52:03.330196,4.624,11.1055,24.9816,경기도,용인시 기흥구,4,14,28,Card,Scooter,3,4.14,4
OD2774681541,20:07:05,20:26:13.454173,4.591,19.1409,16.5834,경기도,성남시 중원구,3,20,20,Cash,Bike,4,0.0,3
OD1598819173,22:34:15,22:45:59.574352,5.735,11.7429,29.3052,서울특별시,영등포구,0,22,3,AppPay,Car,4,0.23,2
OD0209727548,13:59:26,14:12:38.978142,1.539,13.2163,21.6845,서울특별시,동작구,0,13,3,AppPay,Car,2,1.18,4
OD2663568513,18:34:43,18:55:22.910080,,20.6652,18.0017,경기도,성남시 중원구,2,18,5,AppPay,Bike,5,1.0,4
OD6850323154,11:44:54,12:01:37.733973,4.049,16.7289,155.2585,경기도,용인시 수지구,0,11,31,Card,Bike,2,1.38,1
OD1317196399,16:20:43,16:42:21.149176,2.971,21.6358,22.2627,서울특별시,노원구,5,16,1,Card,Car,2,1.83,3
OD2788728318,07:19:04,07:35:15.546717,5.176,16.1924,21.9395,서울특별시,종로구,6,7,23,Cash,Scooter,4,5.96,3
OD2681632880,12:49:13,12:59:14.918967,1.267,10.032,25.7581,경기도,성남시 중원구,0,12,10,Card,Scooter,2,0.44,3
OD9189191881,13:18:00,13:45:31.145216,4.619,27.5191,17.8709,서울특별시,서초구,4,13,21,Card,Bike,3,2.51,4
OD6463192424,03:35:37,04:01:10.116812,4.621,25.5519,17.1233,경기도,성남시 분당구,5,3,22,Card,Bike,2,5.07,3
OD8083671104,09:54:15,10:12:25.618509,4.566,18.177,21.225,서울특별시,송파구,2,9,12,AppPay,Scooter,1,0.31,2
OD5960671617,18:58:55,19:31:17.507373,6.987,32.3751,18.8905,경기도,성남시 분당구,3,18,20,AppPay,Bike,3,0.68,3
OD4363832822,14:10:59,14:26:28.769444,4.417,15.4962,26.0996,서울특별시,서초구,1,14,11,Card,Car,3,0.99,4
OD0896978953,06:05:06,06:27:37.905705,2.363,22.5318,27.664,경기도,용인시 수지구,5,6,1,AppPay,Scooter,3,0.1,3
OD4871807841,12:08:06,12:15:09.686491,4.288,7.0614,36.4334,경기도,수원시 영통구,0,12,3,Card,Scooter,2,3.51,2
OD7033285160,10:47:30,10:52:32.337887,0.5,5.039,33.6938,서울특별시,송파구,0,10,3,AppPay,Scooter,2,1.36,2
OD0675383397,01:33:41,02:15:50.944870,6.232,42.1657,13.6776,서울특별시,은평구,4,1,7,Card,Bike,3,0.56,2
OD7059030348,20:38:04,20:59:27.763280,4.878,21.3961,19.9009,경기도,평택시,3,20,20,Card,Bike,3,0.37,3
OD5844032020,21:50:08,22:13:38.918950,4.004,23.5153,23.8402,경기도,김포시,2,21,5,Card,Scooter,3,0.1,3
OD9094402807,11:05:42,11:35:14.091178,7.387,29.5349,34.5903,서울특별시,강남구,2,11,26,AppPay,Scooter,2,0.79,2
OD3965955355,22:38:10,22:53:12.856749,6.404,15.0476,40.8963,경기도,시흥시,6,22,2,AppPay,Scooter,2,0.47,1
OD7809470133,13:09:11,13:29:47.510401,5.726,20.6085,28.111,서울특별시,강서구,0,13,10,Cash,Scooter,1,0.55,2
OD9240850307,00:26:37,00:51:10.479662,2.548,24.558,17.623,경기도,수원시 영통구,4,0,21,Card,Scooter,1,2.7,4
OD3546319703,08:03:04,08:39:17.348527,4.839,36.2225,12.7004,서울특별시,성북구,5,8,15,Cash,Bike,2,0.43,4
OD0991268004,01:07:31,01:21:16.364880,1.378,13.7561,16.9484,서울특별시,송파구,4,1,21,AppPay,Bike,1,0.94,3
OD8816389199,06:06:16,06:20:10.924453,0.69,13.9154,35.4025,서울특별시,구로구,4,6,28,AppPay,Scooter,4,0.61,3
OD7305535587,18:28:10,18:45:49.581426,2.578,17.6597,19.1807,서울특별시,강남구,3,18,27,Cash,Bike,4,0.13,2
OD8263922714,13:38:19,13:58:55.337825,4.158,20.6056,16.3973,경기도,수원시 영통구,0,13,10,AppPay,Bike,5,5.1,4
OD9906644372,10:17:19,10:47:11.986251,4.697,29.8831,21.8239,경기도,성남시 분당구,5,10,15,Cash,Scooter,2,1.19,3
OD4739328493,21:40:48,21:52:46.878035,0.5,11.9813,14.4087,서울특별시,구로구,1,21,4,Card,Bike,1,0.33,4
OD7830650497,15:23:26,15:40:06.553776,1.091,16.6759,14.6791,서울특별시,중구,3,15,13,Cash,Car,1,0.15,3
OD6917786149,00:36:07,00:53:04.800115,3.884,16.9633,21.6487,서울특별시,관악구,6,0,23,AppPay,Scooter,1,1.38,4
OD5488523470,12:48:47,13:20:33.261365,3.649,31.771,9.3629,경기도,성남시 중원구,1,12,4,AppPay,Bike,3,0.66,4
OD5948670760,07:32:50,08:00:10.960157,3.694,27.3493,12.2255,-,-,4,7,21,Card,Bike,5,3.36,4
OD9831772871,04:59:49,05:10:54.804511,3.364,11.0967,24.5836,서울특별시,강서구,3,4,20,Card,Bike,4,0.0,3
OD8886071139,04:50:47,05:16:47.976457,4.824,26.0163,24.6735,경기도,고양시 덕양구,2,4,12,AppPay,Scooter,3,0.0,4
OD9349833370,01:05:17,01:12:00.537664,1.811,6.7256,16.16,서울특별시,동작구,3,1,20,AppPay,Bike,5,0.55,2
OD0688405642,03:09:01,03:21:41.989432,0.567,12.6832,20.5917,경기도,김포시,6,3,2,Card,Scooter,3,0.05,4
OD0341273738,00:30:54,00:44:41.442280,3.334,13.7907,17.3047,서울특별시,영등포구,0,0,3,Cash,Bike,2,2.96,2
OD8997574022,00:00:58,00:03:18.613691,0.5,2.3436,24.8592,경기도,성남시 중원구,2,0,12,AppPay,Scooter,2,0.19,4
OD3068298211,19:49:28,20:08:41.709986,5.576,19.2285,31.4194,서울특별시,성북구,6,19,23,AppPay,Car,3,0.56,2
OD2395360106,05:48:27,05:52:14.500891,1.75,3.7917,32.6894,서울특별시,종로구,2,5,12,AppPay,Scooter,2,1.11,3
OD5753287369,03:04:51,03:27:51.745639,3.474,23.0124,16.5791,서울특별시,강남구,3,3,13,Card,Bike,2,4.75,3
OD1474915857,18:16:36,18:33:09.870423,5.109,16.5645,29.5374,경기도,성남시 분당구,1,18,11,Cash,Car,3,3.24,4
OD5781652185,21:12:36,21:27:25.756983,1.613,14.8293,8.0,인천광역시,부평구,2,21,19,AppPay,Bike,3,0.04,4
OD6959547180,22:29:39,22:54:20.440137,3.539,24.6907,18.1135,서울특별시,마포구,6,22,2,AppPay,Bike,5,1.34,3
OD3606017492,18:35:27,18:51:49.466788,3.113,16.3744,19.6543,서울특별시,강남구,1,18,18,AppPay,Bike,2,0.5,3
OD5597165515,00:51:51,01:10:26.092731,5.438,18.5849,17.5556,서울특별시,강서구,4,0,21,Card,Bike,3,0.77,3
OD9762923481,18:25:09,18:26:16.233988,0.536,1.1206,28.6944,서울특별시,관악구,4,18,14,Cash,Scooter,2,0.25,4
OD1092578620,12:25:01,12:36:22.836198,2.591,11.3639,28.2608,서울특별시,동작구,5,12,15,AppPay,Scooter,2,2.02,3
OD6344467810,03:49:29,04:15:14.771125,3.949,25.7629,18.363,-,-,0,3,17,AppPay,Bike,4,2.09,4
OD4805479328,22:49:19,22:57:45.002249,1.136,8.4334,18.6487,서울특별시,성동구,1,22,11,Cash,Bike,2,2.12,3
OD2801857492,20:48:40,21:03:41.402993,4.718,15.0234,18.8409,경기도,평택시,0,20,3,Card,Bike,3,0.18,2
OD6005606846,12:28:47,12:37:43.174874,2.509,8.9362,25.1757,서울특별시,마포구,3,12,6,AppPay,Car,4,1.94,3
OD4678158052,07:57:13,08:24:41.648342,6.233,27.4775,29.3224,경기도,안산시 단원구,0,7,10,Cash,Scooter,3,0.41,3
OD9732815573,23:11:16,23:24:56.272591,2.59,13.6712,33.6405,서울특별시,종로구,1,23,25,AppPay,Scooter,3,1.18,3
OD8424984514,16:13:27,16:35:22.447411,3.836,21.9241,19.1133,서울특별시,성동구,4,16,21,Cash,Bike,1,0.01,3
OD5259046033,00:10:59,00:17:01.080062,2.352,6.0347,31.5758,서울특별시,강남구,2,0,12,AppPay,Scooter,3,0.02,3
OD1421526418,12:38:41,12:58:27.187464,2.508,19.7698,31.7139,인천광역시,연수구,3,12,27,Card,Scooter,4,1.0,2
OD5469816316,09:40:29,10:02:05.336210,5.085,21.6056,23.0659,경기도,수원시 영통구,1,9,4,Cash,Car,5,0.25,3
OD5936347398,15:40:36,15:58:23.904887,3.489,17.7984,25.9323,서울특별시,종로구,0,15,10,Card,Scooter,2,1.2,4
OD3319813629,05:55:15,06:10:48.235763,5.018,15.5539,27.4326,서울특별시,송파구,3,5,13,Cash,Scooter,3,0.97,4
OD6554737659,10:32:00,10:47:26.549293,2.005,15.4425,29.3606,경기도,수원시 장안구,3,10,13,Card,Scooter,3,0.14,1
OD1391107282,08:52:32,09:16:06.873948,3.879,23.5812,18.3721,서울특별시,성동구,4,8,7,AppPay,Bike,4,1.0,3
OD5317860173,21:42:53,21:48:56.433902,0.5,6.0572,24.8663,경기도,부천시,3,21,6,Cash,Scooter,4,0.11,4
OD2688536166,00:39:47,00:57:08.929229,4.191,17.3655,29.5309,인천광역시,부평구,1,0,25,Cash,Scooter,5,0.0,1
OD3114807542,09:56:02,10:03:52.898257,0.568,7.8483,14.2994,경기도,용인시 수지구,4,9,28,Cash,Bike,4,1.23,3
OD7809593571,02:16:44,02:49:29.473432,5.426,32.7579,15.7047,서울특별시,송파구,5,2,8,Cash,Bike,3,1.05,4
OD3842821803,13:35:47,14:01:43.786055,4.195,25.9464,13.7708,서울특별시,성동구,0,13,10,Cash,Bike,3,0.11,3
OD5191542095,17:09:22,17:28:42.547675,1.684,19.3425,13.701,서울특별시,성북구,1,17,11,Card,Bike,4,0.0,3
OD4279918255,08:58:47,09:21:52.899040,2.567,23.0983,13.3042,서울특별시,강서구,2,8,12,AppPay,Bike,4,0.72,3
OD0973429205,07:45:43,08:04:07.565479,2.603,18.4094,20.149,인천광역시,서구,1,7,4,Cash,Bike,1,3.31,2
OD3251363749,01:43:16,01:54:43.118935,3.998,11.452,20.9441,서울특별시,성북구,3,1,13,AppPay,Bike,4,2.01,2
OD0452092549,04:09:17,04:10:38.200657,0.5,1.3533,22.1673,서울특별시,용산구,5,4,22,AppPay,Scooter,2,0.19,5
OD1347627732,03:53:24,04:12:11.641933,3.65,18.794,20.348,경기도,성남시 분당구,5,3,29,Cash,Scooter,2,0.23,4
OD6735254961,05:43:13,06:00:08.277675,3.764,16.9213,16.1076,서울특별시,성북구,6,5,16,Card,Bike,3,3.42,3
OD3486139165,07:31:36,07:44:51.594478,3.693,13.2599,35.1176,서울특별시,용산구,1,7,4,Card,Scooter,4,0.18,2
OD0358145641,09:32:25,09:53:49.822169,5.389,21.4137,21.6789,서울특별시,은평구,1,9,4,Card,Scooter,5,0.85,3
OD7643785335,13:57:20,14:07:00.621237,2.153,9.677,16.298,서울특별시,송파구,4,13,21,AppPay,Bike,3,1.49,3
OD5511482171,02:19:25,02:40:30.693327,2.494,21.0949,28.4755,경기도,김포시,2,2,5,Card,Scooter,4,2.18,2
OD0847859608,00:05:26,00:23:06.755721,5.166,17.6793,39.282,경기도,안산시 상록구,1,0,18,Cash,Scooter,4,0.11,2
OD8342280618,12:06:58,12:34:59.253118,5.648,28.0209,16.6046,경기도,용인시 기흥구,1,12,25,AppPay,Bike,2,0.99,2
OD2055213618,19:35:25,19:53:28.717231,3.838,18.062,26.0957,서울특별시,종로구,1,19,18,Card,Car,2,0.06,4
OD0361163868,06:06:40,06:31:47.103925,5.597,25.1184,13.3704,경기도,시흥시,5,6,15,AppPay,Bike,3,0.66,3
OD0346803486,11:46:35,12:15:35.653221,4.986,29.0109,15.8563,서울특별시,관악구,3,11,20,Card,Scooter,1,2.22,5
OD6490623192,10:21:27,10:53:20.297606,4.784,31.8883,12.303,경기도,광명시,4,10,14,Card,Bike,3,0.0,3
OD6378157868,03:47:16,04:02:35.628867,3.913,15.3271,24.8185,경기도,용인시 기흥구,1,3,25,Card,Scooter,5,0.58,4
OD5475764724,02:37:14,03:12:15.297856,6.493,35.0216,18.8711,서울특별시,동작구,1,2,1,AppPay,Car,4,1.02,4
OD0903157656,03:51:50,04:03:07.884859,0.5,11.2981,18.5471,서울특별시,종로구,3,3,20,Card,Car,3,1.54,5
OD7786565869,21:28:19,21:45:03.095886,1.354,16.7349,20.1438,경기도,성남시 분당구,4,21,28,AppPay,Bike,3,0.56,3
OD2611925325,10:35:44,10:49:51.056188,3.867,14.1176,25.3826,서울특별시,용산구,2,10,26,Card,Car,2,0.22,2
OD3778022569,21:36:01,21:51:52.212161,2.299,15.8535,17.2249,서울특별시,송파구,5,21,15,Card,Bike,2,0.77,4
OD1155083544,05:47:52,05:54:18.657616,3.443,6.4443,32.0529,경기도,김포시,1,5,18,AppPay,Scooter,2,1.89,3
OD3390966134,16:36:59,16:48:57.880338,3.479,11.9813,24.69,서울특별시,영등포구,0,16,10,Card,Scooter,2,0.41,3
OD9850961005,02:32:33,02:49:29.206661,2.54,16.9368,20.7241,서울특별시,중구,5,2,8,Card,Bike,5,0.44,3
OD6314733670,20:13:52,20:23:16.496276,1.602,9.4083,24.3519,서울특별시,구로구,1,20,4,Cash,Scooter,4,2.69,4
OD5323338182,13:17:53,13:38:52.295896,2.787,20.9883,14.2125,경기도,수원시 영통구,2,13,19,Card,Bike,4,0.92,3
OD4128307993,03:07:38,03:21:23.089606,3.985,13.7515,20.3732,경기도,수원시 영통구,6,3,30,Cash,Bike,5,0.92,3
OD0211934056,15:26:59,15:38:00.405109,3.066,11.0234,26.4784,서울특별시,성동구,6,15,9,AppPay,Car,5,2.47,1
OD9878054130,21:46:34,22:03:22.142201,4.393,16.8024,22.5445,서울특별시,성북구,5,21,15,Card,Bike,2,3.74,1
OD9965010195,12:10:37,12:25:46.417376,5.195,15.157,34.6808,인천광역시,미추홀구,1,12,18,AppPay,Car,4,0.36,1
OD9026721699,05:55:42,06:18:04.395515,4.479,22.3733,17.4735,서울특별시,영등포구,6,5,23,AppPay,Bike,2,1.53,3
OD3645723333,16:38:50,16:58:25.980229,4.677,19.5997,24.8783,서울특별시,종로구,4,16,7,Card,Scooter,1,0.97,3
OD2075808759,07:32:03,07:49:11.468238,0.738,17.1411,30.6324,서울특별시,종로구,5,7,22,Card,Scooter,4,2.69,3
OD8983315786,15:01:49,15:15:07.958716,4.562,13.316,38.0378,인천광역시,서구,1,15,11,Card,Scooter,1,2.54,2
OD2968311836,12:36:55,12:43:28.371395,0.5,6.5562,24.2094,경기도,수원시 영통구,5,12,22,Cash,Bike,4,3.68,2
OD5297076271,00:17:25,00:30:30.790126,1.485,13.0965,27.1373,경기도,용인시 기흥구,2,0,12,Card,Scooter,5,0.77,3
OD0032881140,20:02:10,20:12:20.765667,2.757,10.1794,20.4861,경기도,부천시,2,20,26,Card,Bike,5,2.17,2
OD5850102402,14:05:21,14:14:31.933762,2.039,9.1822,22.0285,경기도,성남시 중원구,2,14,19,Cash,Bike,3,0.0,2
OD1329739760,10:24:15,10:35:21.175820,2.351,11.1029,28.8669,인천광역시,계양구,3,10,13,Card,Car,3,0.35,3
OD0985801239,12:06:15,12:27:10.025958,5.99,20.9171,23.2698,경기도,성남시 중원구,5,12,1,Card,Bike,4,0.0,2
OD3713615441,04:46:29,05:12:25.795396,2.545,25.9466,21.5671,서울특별시,동작구,0,4,10,Card,Bike,3,0.58,2
OD4247124804,20:34:33,20:53:52.387654,3.327,19.3231,14.7512,-,-,0,20,24,Cash,Bike,4,0.54,3
OD4446931285,12:07:41,12:18:46.378686,2.173,11.0896,22.9055,서울특별시,구로구,2,12,5,Card,Scooter,1,0.0,2
OD6934842115,03:31:19,03:40:30.170117,2.074,9.1862,17.5872,-,-,4,3,7,Cash,Scooter,3,0.54,5
OD3692442211,23:50:44,00:01:01.598453,2.536,10.2933,20.7299,서울특별시,송파구,4,23,14,Cash,Bike,2,1.76,3
OD4189411540,08:50:55,09:21:45.772457,4.009,30.8462,15.8369,서울특별시,송파구,5,8,15,Cash,Car,4,0.18,4
OD3153772282,23:54:05,00:08:28.572950,1.225,14.3929,16.1843,서울특별시,송파구,2,23,19,AppPay,Bike,3,0.17,2
OD1699372226,12:33:48,12:55:13.673045,5.289,21.4279,33.1591,경기도,수원시 장안구,2,12,5,Cash,Scooter,3,0.58,4
OD8486839150,06:08:35,06:20:01.983501,0.548,11.4497,28.9296,경기도,고양시 덕양구,1,6,4,Card,Scooter,3,0.48,4
OD5116456513,23:19:24,23:37:22.383787,2.81,17.9731,26.1934,경기도,평택시,5,23,1,Cash,Scooter,1,0.0,4
OD1819603984,14:12:33,14:26:14.487442,3.105,13.6915,15.9691,서울특별시,서초구,1,14,1,Card,Bike,2,0.49,4
OD2412543989,20:24:00,20:50:04.564698,4.215,26.0761,16.2034,서울특별시,강서구,3,20,13,AppPay,Bike,3,2.02,3
OD6087642872,01:44:28,02:03:07.566779,5.155,18.6594,22.459,경기도,고양시 덕양구,3,1,27,Cash,Car,1,0.0,3
OD0517261066,09:13:56,09:23:36.404389,2.704,9.6734,20.4018,서울특별시,은평구,0,9,3,Cash,Bike,2,0.0,3
OD4554744584,05:37:50,05:52:53.137887,2.897,15.0523,13.5288,경기도,수원시 영통구,1,5,11,Cash,Bike,3,0.17,4
OD8110528400,17:50:19,18:11:18.171639,5.893,20.9862,28.7148,서울특별시,강남구,0,17,10,Cash,Scooter,2,0.05,2
OD8724905198,22:48:39,23:13:57.553721,5.352,25.3092,18.1571,서울특별시,관악구,4,22,7,Cash,Bike,4,2.46,3
OD3140948401,05:32:33,06:05:06.348297,5.833,32.5558,17.5398,경기도,성남시 중원구,1,5,25,Card,Bike,2,0.0,1
OD9852553972,20:13:14,20:41:03.389983,6.629,27.8232,25.2975,서울특별시,노원구,1,20,25,Cash,Bike,3,0.14,3
OD5507393591,15:49:06,16:18:46.551218,3.66,29.6759,17.9133,인천광역시,계양구,3,15,27,Card,Bike,4,5.34,3
OD0989286438,03:56:55,04:04:12.801501,3.083,7.2967,31.9115,경기도,수원시 장안구,6,3,23,AppPay,Scooter,2,0.45,3
