날짜(YYYY-MM-DD),상품 중분류 이름,등급이름,총가격(원),단위총물량(kg),산지코드,산지이름,직팜산지코드,직팜산지이름
2025-02-06,양파,보통,1250000.0,1000.0,635700,경남 창녕군 창녕읍  창녕군청 ,1126,경상남도 창녕군
2019-08-07,양파,보통,15000.0,60.0,536000,전라남도 해남군,1098,전라남도 해남군
2018-07-19,양파,상,63000.0,180.0,678913,경남 합천군 용주면 성산리,1140,경상남도 합천군
2019-08-07,양파,특,87000.0,580.0,356000,충청남도 서산시,1035,충청남도 서산시
2024-12-14,양파,특,16425000.0,13500.0,525800,전남 함평군 함평읍,1090,전라남도 함평군
2023-09-14,양파,특,9090.0,6.0,200140,강원 춘천시 사농동,1001,강원도 춘천시
2020-04-21,양파,특,84400.0,80.0,636000,경상남도 의령군,1127,경상남도 의령군
2023-04-03,양파,하,561000.0,765.0,534000,전라남도 무안군,1097,전라남도 무안군
2020-05-16,양파,상,188100.0,260.0,500010,광주 북구 임동,1083,광주광역시
2018-01-10,양파,하,2040000.0,2400.0,630850,경남 마산시 내서읍,1125,경상남도 마산시
2018-06-15,양파,특,266400.0,480.0,546900,전남 보성군 벌교읍,1103,전라남도 보성군
2018-12-10,양파,특,1100000.0,1000.0,800000,중국,1170,수입산
2022-11-25,양파,특,13032500.0,8775.0,565805,전북 완주군 삼례읍 어전리,1107,전라북도 완주군
2018-04-11,양파,상,773050.0,5770.0,548000,전라남도 고흥군,1104,전라남도 고흥군
2024-05-27,양파,특,41999750.0,58812.0,534000,전라남도 무안군,1097,전라남도 무안군
2022-06-23,양파,특,48300.0,60.0,534000,전라남도 무안군,1097,전라남도 무안군
2023-05-12,양파,보통,550000.0,1100.0,635000,경상남도 창녕군,1126,경상남도 창녕군
2024-05-28,양파,하,225000.0,900.0,513000,전라남도 영광군,1084,전라남도 영광군
2018-05-17,양파,보통,126000.0,360.0,534000,전라남도 무안군,1097,전라남도 무안군
2020-03-20,양파,특,704000.0,600.0,769800,경북 의성군 의성읍,1165,경상북도 의성군
2019-04-15,양파,상,2296800.0,2610.0,548000,전라남도 고흥군,1104,전라남도 고흥군
2022-08-16,양파,상,8902500.0,5625.0,534000,전라남도 무안군,1097,전라남도 무안군
2023-12-15,양파,특,467500.0,1020.0,678000,경상남도 합천군,1140,경상남도 합천군
2020-11-26,양파,상,1189500.0,1300.0,529870,전남 장흥군 관산읍,1094,전라남도 장흥군
2020-07-01,양파,상,231000.0,420.0,635882,경남 창녕군 길곡면 오호리,1126,경상남도 창녕군
2023-02-06,양파,특,6645000.0,4500.0,678700,경남 합천군 합천읍 합천리 합천군청 ,1140,경상남도 합천군
2020-01-18,양파,특,1379400.0,1815.0,740920,경북 김천시 구성면,1154,경상북도 김천시
2022-06-09,양파,특,1034000.0,940.0,717000,경상북도 고령군,1150,경상북도 고령군
2022-03-22,양파,특,4000.0,10.0,730811,경북 구미시 고아읍 관심리,1153,경상북도 구미시
2020-06-08,양파,특,1981500.0,3801.6,711000,대구광역시 달성군,1146,대구광역시
2022-02-25,양파,특,901000.0,2040.0,530600,전남 목포시 목포우체국사서함,1095,전라남도 목포시
2024-10-18,양파,특,382500.0,255.0,565863,전북 완주군 고산면 성재리,1107,전라북도 완주군
2019-01-21,양파,특,6164500.0,7524.0,525000,전라남도 함평군,1090,전라남도 함평군
2019-03-13,양파,보통,562800.0,1680.0,678000,경상남도 합천군,1140,경상남도 합천군
2023-12-18,양파,특,221000.0,312.0,534000,전라남도 무안군,1097,전라남도 무안군
2021-05-08,양파,보통,935000.0,2040.0,534802,전남 무안군 무안읍 교촌리,1097,전라남도 무안군
2023-02-04,양파,보통,40000.0,120.0,540802,전남 순천시 승주읍 남강리,1100,전라남도 순천시
2019-05-04,양파,상,91500.0,244.0,550120,전남 여수시 남산동,1105,전라남도 여수시
2019-07-23,양파,특,114000.0,760.0,666941,경남 산청군 단성면 강누리,1135,경상남도 산청군
2024-03-18,양파,상,1960000.0,1050.0,745150,경북 문경시 공평동,1156,경상북도 문경시
2020-06-26,양파,특,135000.0,180.0,534850,전남 무안군 망운면,1097,전라남도 무안군
2024-10-16,양파,특,36900.0,30.0,730800,경북 구미시 선산읍,1153,경상북도 구미시
2021-01-06,양파,특,1120000.0,2100.0,536000,전라남도 해남군,1098,전라남도 해남군
2025-03-10,양파,특,720000.0,480.0,534000,전라남도 무안군,1097,전라남도 무안군
2018-09-20,양파,특,472800.0,1040.0,742600,경북 상주시 상주우체국사서함,1155,경상북도 상주시
2018-05-11,양파,특,524800.0,768.0,548000,전라남도 고흥군,1104,전라남도 고흥군
2024-04-02,양파,특,3600000.0,2250.0,534840,전남 무안군 현경면,1097,전라남도 무안군
2018-04-18,양파,보통,3100.0,20.0,534814,전남 무안군 몽탄면 당호리,1097,전라남도 무안군
2024-06-19,양파,특,4550.0,3.0,200140,강원 춘천시 사농동,1001,강원도 춘천시
2019-03-02,양파,특,2518400.0,4000.0,525805,전남 함평군 함평읍 만흥리,1090,전라남도 함평군
2023-11-21,양파,특,14512500.0,13500.0,535000,전라남도 신안군,1096,전라남도 신안군
2018-10-17,양파,특,1785000.0,3400.0,678820,경남 합천군 초계면,1140,경상남도 합천군
2023-01-10,양파,특,120750.0,75.0,138701,서울 송파구 가락1동  가락농수산물시장 ,1000,서울특별시
2021-07-21,양파,특,780000.0,1000.0,534814,전남 무안군 몽탄면 당호리,1097,전라남도 무안군
2021-08-17,양파,특,10797500.0,14184.0,534000,전라남도 무안군,1097,전라남도 무안군
2023-07-13,양파,보통,1700000.0,2040.0,565000,전라북도 완주군,1107,전라북도 완주군
2020-09-23,양파,보통,8025000.0,7875.0,570130,전북 익산시 목천동,1111,전라북도 익산시
2023-12-23,양파,특,1015000.0,350.0,534000,전라남도 무안군,1097,전라남도 무안군
2024-07-29,양파,특,309000.0,600.0,730811,경북 구미시 고아읍 관심리,1153,경상북도 구미시
2019-09-17,양파,보통,117000.0,180.0,410340,경기 고양시 일산동구 산황동,1050,경기도 고양시
2018-09-21,양파,하,4411500.0,9180.0,536000,전라남도 해남군,1098,전라남도 해남군
2020-07-10,양파,특,1200000.0,2250.0,534000,전라남도 무안군,1097,전라남도 무안군
2024-05-30,양파,특,33330.0,15.0,200600,강원 춘천시 춘천우체국사서함,1001,강원도 춘천시
2021-01-20,양파,상,900000.0,500.0,503839,광주 남구 주월1동1180∼1190,1083,광주광역시
2022-10-17,양파,특,3570000.0,2250.0,525000,전라남도 함평군,1090,전라남도 함평군
2025-02-01,양파,특,1572500.0,1020.0,356000,충청남도 서산시,1035,충청남도 서산시
2022-05-31,양파,상,101500.0,140.0,636000,경상남도 의령군,1127,경상남도 의령군
2022-11-28,양파,상,238500.0,112.5,770010,경북 영천시 창구동,1166,경상북도 영천시
2020-11-06,양파,상,1351500.0,1049.4,717000,경상북도 고령군,1150,경상북도 고령군
2023-12-13,양파,보통,3272500.0,4080.0,676000,경상남도 함양군,1139,경상남도 함양군
2022-10-13,양파,특,3135000.0,2200.0,717800,경북 고령군 고령읍,1150,경상북도 고령군
2020-06-19,양파,보통,1591600.0,6920.0,635900,경남 창녕군 남지읍,1126,경상남도 창녕군
2023-07-22,양파,특,240000.0,150.0,534000,전라남도 무안군,1097,전라남도 무안군
2024-12-05,양파,하,1410000.0,1125.0,534000,전라남도 무안군,1097,전라남도 무안군
2019-08-23,양파,보통,75840.0,120.0,906000,광주광역시 ,1083,광주광역시
2020-11-20,양파,특,516000.0,450.0,769800,경북 의성군 의성읍,1165,경상북도 의성군
2023-04-14,양파,특,576000.0,435.0,556810,전남 여수시 소라면,1105,전라남도 여수시
2024-05-08,양파,특,3612600.0,3240.0,534870,전남 무안군 해제면,1097,전라남도 무안군
2023-06-08,양파,상,116000.0,100.0,345800,충남 청양군 청양읍,1032,충청남도 청양군
2024-11-21,양파,특,19520.0,9.2,200140,강원 춘천시 사농동,1001,강원도 춘천시
2022-05-12,양파,특,30000.0,40.0,660950,경남 진주시 명석면,1133,경상남도 진주시
2022-08-27,양파,보통,1400000.0,1910.0,678000,경상남도 합천군,1140,경상남도 합천군
2021-07-23,양파,특,929600.0,996.0,525000,전라남도 함평군,1090,전라남도 함평군
2024-05-11,양파,특,777000.0,555.0,548840,전남 고흥군 남양면,1104,전라남도 고흥군
2024-07-18,양파,보통,5013200.0,9960.0,525000,전라남도 함평군,1090,전라남도 함평군
2025-02-04,양파,특,2704000.0,1600.0,717000,경상북도 고령군,1150,경상북도 고령군
2020-04-30,양파,특,11707200.0,17280.0,548000,전라남도 고흥군,1104,전라남도 고흥군
2019-04-15,양파,보통,9810000.0,10800.0,697000,제주도 서귀포시,1144,제주특별자치도 서귀포시
2024-05-22,양파,특,173200.0,260.0,536880,전남 해남군 화원면,1098,전라남도 해남군
2019-03-13,양파,특,36000.0,10.0,570600,전북 익산시 익산우체국사서함,1111,전라북도 익산시
2018-05-09,양파,상,2089600.0,3270.0,695835,제주 북제주군 한림읍 한림2리,1143,제주특별자치도 북제주군
2020-08-31,양파,특,4675000.0,4080.0,579000,전라북도 부안군,1114,전라북도 부안군
2020-06-19,양파,특,850000.0,1020.0,534000,전라남도 무안군,1097,전라남도 무안군
2022-12-01,양파,특,4750000.0,4000.0,635000,경상남도 창녕군,1126,경상남도 창녕군
2018-12-07,양파,특,1612500.0,4000.0,906000,광주광역시 ,1083,광주광역시
2019-11-01,양파,특,1214600.0,2120.0,534000,전라남도 무안군,1097,전라남도 무안군
2018-07-05,양파,하,485200.0,1490.0,343000,충청남도 당진시,1031,충청남도 당진시
2025-05-16,양파,하,23150000.0,28908.0,534000,전라남도 무안군,1097,전라남도 무안군
2023-06-15,양파,특,13640.0,7.5,200140,강원 춘천시 사농동,1001,강원도 춘천시
2023-11-21,양파,특,816000.0,640.0,666940,경남 산청군 단성면,1135,경상남도 산청군
2021-10-18,양파,보통,132000.0,220.0,627110,경남 밀양시 가곡동,1123,경상남도 밀양시
2020-04-15,양파,보통,1368000.0,2565.0,695841,제주 북제주군 한경면 고산리,1143,제주특별자치도 북제주군
2020-08-07,양파,하,3375000.0,3375.0,534000,전라남도 무안군,1097,전라남도 무안군
2018-11-13,양파,상,783000.0,1740.0,630850,경남 마산시 내서읍,1125,경상남도 마산시
2020-02-06,양파,특,6059200.0,7840.0,770000,경상북도 영천시,1166,경상북도 영천시
2020-03-03,양파,특,44836800.0,43245.0,534000,전라남도 무안군,1097,전라남도 무안군
2023-04-21,양파,특,3682000.0,3945.0,534000,전라남도 무안군,1097,전라남도 무안군
2025-05-16,양파,특,1953000.0,2940.0,636000,경상남도 의령군,1127,경상남도 의령군
2024-06-10,양파,하,170500.0,372.0,534000,전라남도 무안군,1097,전라남도 무안군
2022-04-22,양파,특,1269000.0,1800.0,534840,전남 무안군 현경면,1097,전라남도 무안군
2019-10-02,양파,특,998800.0,2640.0,678000,경상남도 합천군,1140,경상남도 합천군
2019-08-21,양파,상,164000.0,1640.0,770761,경북 영천시 금호읍 교대리 금호우방타운 ,1166,경상북도 영천시
2018-06-12,양파,특,1000.0,20.0,570600,전북 익산시 익산우체국사서함,1111,전라북도 익산시
2023-05-16,양파,특,7820000.0,5000.0,534000,전라남도 무안군,1097,전라남도 무안군
2022-01-06,양파,특,4590000.0,5400.0,534000,전라남도 무안군,1097,전라남도 무안군
2021-11-30,양파,하,873200.0,1110.0,534841,전남 무안군 현경면 가입리,1097,전라남도 무안군
2018-05-04,양파,상,60000.0,40.0,680813,울산 남구 삼산동1∼1311,1141,울산광역시
2019-05-22,양파,특,16500.0,15.0,138000,서울특별시 송파구,1000,서울특별시
2018-10-30,양파,상,1800000.0,4000.0,711834,대구 달성군 화원읍 천내리  1∼249,1146,대구광역시
2018-07-07,양파,특,254000.0,400.0,716870,경북 군위군 고로면,1149,경상북도 군위군
2018-06-25,양파,특,12105000.0,17340.0,676000,경상남도 함양군,1139,경상남도 함양군
2022-06-07,양파,특,2040000.0,2400.0,902000,부산광역시 ,1120,부산광역시
2024-11-06,양파,특,1400000.0,1050.0,745000,경상북도 문경시,1156,경상북도 문경시
2024-07-09,양파,특,455100.0,615.0,456600,경기 안성시 안성우체국사서함,1067,경기도 안성시
2020-06-29,양파,특,159900.0,320.0,627834,경남 밀양시 산내면 송백리,1123,경상남도 밀양시
2022-12-21,양파,특,1945600.0,1520.0,641921,경남 창원시 대산면 가술리,1124,경상남도 창원시
2022-03-23,양파,상,690000.0,920.0,534729,전남 무안군 청계면 도림리 목포대학교 ,1097,전라남도 무안군
2021-06-11,양파,상,265600.0,633.6,678000,경상남도 합천군,1140,경상남도 합천군
2024-04-02,양파,보통,4717200.0,3375.0,690000,제주도 제주시,1142,제주특별자치도 제주시
2022-10-13,양파,보통,140000.0,240.0,525000,전라남도 함평군,1090,전라남도 함평군
2018-09-27,양파,상,1200000.0,1200.0,745000,경상북도 문경시,1156,경상북도 문경시
2019-03-26,양파,특,1751000.0,4080.0,770000,경상북도 영천시,1166,경상북도 영천시
2018-06-04,양파,보통,2290000.0,5860.0,320600,충남 논산시 논산우체국사서함,1022,충청남도 논산시
2020-04-10,양파,특,2900000.0,1500.0,690811,제주 제주시 삼도1동498∼502,1142,제주특별자치도 제주시
2019-05-30,양파,특,393600.0,960.0,548840,전남 고흥군 남양면,1104,전라남도 고흥군
2022-06-08,양파,보통,1160000.0,2320.0,711000,대구광역시 달성군,1146,대구광역시
2022-07-30,양파,특,398000.0,380.0,456840,경기 안성시 미양면,1067,경기도 안성시
2025-05-09,양파,하,88000.0,120.0,579000,전라북도 부안군,1114,전라북도 부안군
2018-10-03,양파,하,6308900.0,21516.0,534000,전라남도 무안군,1097,전라남도 무안군
2021-03-01,양파,특,28710500.0,15600.0,770000,경상북도 영천시,1166,경상북도 영천시
2019-03-16,양파,특,725000.0,1300.0,902000,부산광역시 ,1120,부산광역시
2019-01-28,양파,특,1932000.0,3150.0,770000,경상북도 영천시,1166,경상북도 영천시
2019-07-24,양파,보통,1715000.0,5880.0,757850,경북 예천군 지보면,1159,경상북도 예천군
2021-06-17,양파,특,950600.0,1881.6,635000,경상남도 창녕군,1126,경상남도 창녕군
2021-10-07,양파,보통,318000.0,460.0,534729,전남 무안군 청계면 도림리 목포대학교 ,1097,전라남도 무안군
2019-04-03,양파,특,180000.0,200.0,482000,경기도 양주시,1077,경기도 양주시
2019-09-26,양파,보통,102300.0,372.0,525000,전라남도 함평군,1090,전라남도 함평군
2023-04-22,양파,특,9900000.0,9000.0,534000,전라남도 무안군,1097,전라남도 무안군
2018-05-12,양파,특,1960000.0,2100.0,745000,경상북도 문경시,1156,경상북도 문경시
2021-06-11,양파,상,255200.0,673.2,717000,경상북도 고령군,1150,경상북도 고령군
2023-04-28,양파,특,1350370.0,450.0,200140,강원 춘천시 사농동,1001,강원도 춘천시
2018-04-19,양파,보통,730000.0,2920.0,635000,경상남도 창녕군,1126,경상남도 창녕군
2022-07-07,양파,특,64000.0,40.0,630000,경상남도 창원시 마산회원구,1124,경상남도 창원시
2020-01-18,양파,특,6630000.0,7875.0,579000,전라북도 부안군,1114,전라북도 부안군
2025-05-06,양파,상,2250000.0,2250.0,548000,전라남도 고흥군,1104,전라남도 고흥군
2025-04-28,양파,특,2072400.0,1584.0,717000,경상북도 고령군,1150,경상북도 고령군
2020-07-09,양파,특,19000.0,20.0,630000,경상남도 창원시 마산회원구,1124,경상남도 창원시
2025-02-24,양파,특,1140000.0,600.0,565907,전북 완주군 봉동읍 장기리,1107,전라북도 완주군
2023-05-18,양파,특,418500.0,405.0,570600,전북 익산시 익산우체국사서함,1111,전라북도 익산시
2022-10-22,양파,특,208000.0,130.0,630000,경상남도 창원시 마산회원구,1124,경상남도 창원시
2021-01-16,양파,특,880000.0,400.0,482000,경기도 양주시,1077,경기도 양주시
2021-04-17,양파,하,1320000.0,2250.0,690000,제주도 제주시,1142,제주특별자치도 제주시
2018-08-16,양파,상,3834600.0,8040.0,635800,경남 창녕군 창녕읍,1126,경상남도 창녕군
2021-02-22,양파,상,2450000.0,1050.0,745000,경상북도 문경시,1156,경상북도 문경시
2024-08-17,양파,특,357500.0,975.0,717000,경상북도 고령군,1150,경상북도 고령군
2018-08-24,양파,특,160000.0,200.0,630000,경상남도 창원시 마산회원구,1124,경상남도 창원시
2020-06-18,양파,특,7616000.0,6720.0,676000,경상남도 함양군,1139,경상남도 함양군
2020-01-09,양파,특,11707500.0,13500.0,520000,전라남도 나주시,1089,전라남도 나주시
2019-09-20,양파,특,2674000.0,5250.0,579000,전라북도 부안군,1114,전라북도 부안군
2018-02-27,양파,특,11112500.0,14000.0,711000,대구광역시 달성군,1146,대구광역시
2022-07-04,양파,하,60000.0,60.0,340000,충청남도 예산군,1030,충청남도 예산군
2023-04-28,양파,특,22410000.0,28125.0,548000,전라남도 고흥군,1104,전라남도 고흥군
2024-09-04,양파,특,11535000.0,10125.0,502000,광주광역시 광주 서구,1083,광주광역시
2024-12-02,양파,하,9520000.0,5950.0,678000,경상남도 합천군,1140,경상남도 합천군
2023-11-07,양파,특,4128000.0,1920.0,534000,전라남도 무안군,1097,전라남도 무안군
2021-06-21,양파,특,88000.0,165.0,320852,충남 논산시 양촌면 남산리,1022,충청남도 논산시
2020-07-01,양파,특,220500.0,300.0,138701,서울 송파구 가락1동  가락농수산물시장 ,1000,서울특별시
2024-06-26,양파,상,1000000.0,625.0,356010,충남 서산시 동문동,1035,충청남도 서산시
2021-09-07,양파,특,2524500.0,3060.0,376800,충북 보은군 보은읍,1045,충청북도 보은군
2018-01-09,양파,상,2142000.0,2040.0,534841,전남 무안군 현경면 가입리,1097,전라남도 무안군
2025-02-22,양파,상,6426000.0,4080.0,580600,전북 정읍시 정읍우체국사서함,1116,전라북도 정읍시
2019-05-02,양파,보통,2520000.0,3600.0,600000,부산광역시 부산 중구,1120,부산광역시
2019-10-08,양파,특,325000.0,1000.0,730000,경상북도 구미시,1153,경상북도 구미시
2019-01-29,양파,특,2256000.0,5400.0,750000,경상북도 영주시,1157,경상북도 영주시
2024-10-15,양파,보통,883500.0,1120.0,630850,경남 마산시 내서읍,1125,경상남도 마산시
2023-06-16,양파,특,11535000.0,9000.0,678700,경남 합천군 합천읍 합천리 합천군청 ,1140,경상남도 합천군
2021-04-13,양파,하,325000.0,375.0,534840,전남 무안군 현경면,1097,전라남도 무안군
2018-06-23,양파,보통,7200.0,10.0,330280,충남 천안시 신당동,1026,충청남도 천안시
2020-12-16,양파,특,1533000.0,2100.0,534000,전라남도 무안군,1097,전라남도 무안군
2022-04-12,양파,특,1820000.0,10500.0,678000,경상남도 합천군,1140,경상남도 합천군
2020-10-28,양파,특,1125000.0,750.0,330600,충남 천안시 동남구 천안우체국사서함,1026,충청남도 천안시
2022-09-01,양파,특,41980000.0,48000.0,534000,전라남도 무안군,1097,전라남도 무안군
2021-03-29,양파,보통,1054000.0,930.0,690600,제주 제주시 제주우체국사서함,1142,제주특별자치도 제주시
2020-09-16,양파,하,132500.0,135.0,534841,전남 무안군 현경면 가입리,1097,전라남도 무안군
2023-02-13,양파,보통,45000.0,45.0,561302,전북 전주시 덕진구 송천동2가,1106,전라북도 전주시
2019-07-15,양파,상,52500.0,300.0,645000,경상남도 진해시,1130,경상남도 진해시
2018-05-22,양파,보통,33000.0,220.0,556820,전남 여수시 화양면,1105,전라남도 여수시
2021-08-30,양파,특,1640000.0,1600.0,618804,부산 강서구 대저2동3407∼3827,1120,부산광역시
2019-10-01,양파,특,320000.0,1280.0,712719,경북 경산시 자인면  대경대학 ,1147,경상북도 경산시
2024-11-18,양파,특,3360000.0,3840.0,534000,전라남도 무안군,1097,전라남도 무안군
2023-02-06,양파,특,4334000.0,3940.0,534804,전남 무안군 무안읍 성동리,1097,전라남도 무안군
2019-06-25,양파,특,4880000.0,16000.0,305325,대전 유성구 노은동,1019,대전광역시
2021-09-27,양파,특,60000.0,50.0,482000,경기도 양주시,1077,경기도 양주시
2022-07-25,양파,특,66660.0,45.0,200140,강원 춘천시 사농동,1001,강원도 춘천시
2021-08-06,양파,하,957000.0,870.0,526000,전라남도 영암군,1091,전라남도 영암군
2023-07-14,양파,상,2560000.0,1600.0,745150,경북 문경시 공평동,1156,경상북도 문경시
2019-09-26,양파,보통,289000.0,1020.0,565000,전라북도 완주군,1107,전라북도 완주군
2019-09-02,양파,특,1365000.0,2925.0,534841,전남 무안군 현경면 가입리,1097,전라남도 무안군
2019-06-19,양파,상,45000.0,200.0,516812,전남 곡성군 고달면 목동리,1086,전라남도 곡성군
2022-06-13,양파,보통,118000.0,210.0,561302,전북 전주시 덕진구 송천동2가,1106,전라북도 전주시
2021-07-17,양파,상,1100900.0,2020.0,345000,충청남도 청양군,1032,충청남도 청양군
2018-12-12,양파,특,759000.0,1380.0,635000,경상남도 창녕군,1126,경상남도 창녕군
2018-08-31,양파,특,4040.0,5.0,200140,강원 춘천시 사농동,1001,강원도 춘천시
2018-03-21,양파,특,11504000.0,16000.0,750711,경북 영주시 풍기읍  동양대학교 ,1157,경상북도 영주시
2020-12-09,양파,특,1550000.0,750.0,534000,전라남도 무안군,1097,전라남도 무안군
2021-06-30,양파,특,168000.0,420.0,636980,경남 의령군 지정면,1127,경상남도 의령군
2022-09-01,양파,특,11219000.0,9750.0,717000,경상북도 고령군,1150,경상북도 고령군
2024-09-09,양파,특,442000.0,1020.0,742000,경상북도 상주시,1155,경상북도 상주시
2020-07-03,양파,특,58500.0,90.0,350000,충청남도 홍성군,1033,충청남도 홍성군
2022-04-01,양파,특,210000.0,1050.0,579000,전라북도 부안군,1114,전라북도 부안군
2018-01-12,양파,특,55000.0,50.0,800000,중국,1170,수입산
2024-02-15,양파,특,66000.0,45.0,901000,서울특별시 ,1000,서울특별시
2019-04-22,양파,특,5403200.0,8436.0,534000,전라남도 무안군,1097,전라남도 무안군
2023-02-25,양파,특,8814500.0,6120.0,525000,전라남도 함평군,1090,전라남도 함평군
2022-05-10,양파,특,39100.0,96.0,534729,전남 무안군 청계면 도림리 목포대학교 ,1097,전라남도 무안군
2022-07-08,양파,하,159000.0,795.0,678000,경상남도 합천군,1140,경상남도 합천군
2021-04-26,양파,특,2317500.0,3150.0,690710,제주 제주시 삼도1동  농협중앙회제주지역본부 ,1142,제주특별자치도 제주시
2025-02-20,양파,특,2557600.0,1794.0,903000,대구광역시 ,1146,대구광역시
2018-11-15,양파,보통,4676500.0,15324.0,534000,전라남도 무안군,1097,전라남도 무안군
2022-10-12,양파,특,407100.0,177.0,534000,전라남도 무안군,1097,전라남도 무안군
2018-01-08,양파,특,15757000.0,13650.0,525000,전라남도 함평군,1090,전라남도 함평군
2019-04-29,양파,하,20000.0,100.0,548000,전라남도 고흥군,1104,전라남도 고흥군
2020-12-26,양파,특,3372500.0,2980.0,635700,경남 창녕군 창녕읍  창녕군청 ,1126,경상남도 창녕군
2020-05-25,양파,특,34131800.0,36324.0,534000,전라남도 무안군,1097,전라남도 무안군
2022-10-17,양파,특,2610000.0,1755.0,730000,경상북도 구미시,1153,경상북도 구미시
2021-12-29,양파,특,12693750.0,19125.0,585000,전라북도 고창군,1115,전라북도 고창군
2025-03-08,양파,상,220000.0,100.0,770600,경북 영천시 영천우체국사서함,1166,경상북도 영천시
2022-04-05,양파,특,48328700.0,69041.0,740920,경북 김천시 구성면,1154,경상북도 김천시
2020-01-10,양파,특,2032000.0,4953.0,635000,경상남도 창녕군,1126,경상남도 창녕군
2018-06-11,양파,상,405000.0,1080.0,637706,경남 함안군 칠서면 무릉리 에이스아파트 ,1128,경상남도 함안군
2023-01-30,양파,하,627000.0,396.0,534000,전라남도 무안군,1097,전라남도 무안군
2025-04-07,양파,특,7920000.0,4400.0,902000,부산광역시 ,1120,부산광역시
2023-10-14,양파,특,1350000.0,1500.0,800000,중국,1170,수입산
2021-12-31,양파,특,4431000.0,6300.0,536000,전라남도 해남군,1098,전라남도 해남군
2021-10-12,양파,특,375000.0,375.0,565000,전라북도 완주군,1107,전라북도 완주군
2018-06-22,양파,상,151200.0,420.0,312933,충남 금산군 진산면 삼가리,1020,충청남도 금산군
2020-07-30,양파,특,35000.0,50.0,240010,강원 동해시 천곡동,1015,강원도 동해시
2019-01-19,양파,보통,548000.0,600.0,573350,전북 군산시 나운동,1112,전라북도 군산시
2024-12-18,양파,특,2232000.0,1440.0,618804,부산 강서구 대저2동3407∼3827,1120,부산광역시
2023-05-24,양파,특,3870000.0,3600.0,656000,경상남도 거제시,1132,경상남도 거제시
2024-11-01,양파,특,5712000.0,7140.0,534000,전라남도 무안군,1097,전라남도 무안군
2022-06-18,양파,특,268800.0,315.0,565000,전라북도 완주군,1107,전라북도 완주군
2022-01-14,양파,특,6019200.0,5280.0,636000,경상남도 의령군,1127,경상남도 의령군
2024-10-14,양파,특,1252500.0,650.0,534000,전라남도 무안군,1097,전라남도 무안군
2024-06-12,양파,상,360000.0,300.0,450010,경기 평택시 평택동,1066,경기도 평택시
2018-12-14,양파,특,600000.0,900.0,635700,경남 창녕군 창녕읍  창녕군청 ,1126,경상남도 창녕군
2019-03-18,양파,상,23400.0,2.0,471080,경기 구리시 갈매동,1072,경기도 구리시
2023-01-27,양파,하,5156000.0,4800.0,471080,경기 구리시 갈매동,1072,경기도 구리시
2025-04-22,양파,특,21504000.0,15360.0,800000,중국,1170,수입산
2021-09-08,양파,하,6216000.0,6660.0,534841,전남 무안군 현경면 가입리,1097,전라남도 무안군
2019-09-30,양파,상,1196100.0,3780.0,717000,경상북도 고령군,1150,경상북도 고령군
2024-10-16,양파,특,6292000.0,5160.0,565907,전북 완주군 봉동읍 장기리,1107,전라북도 완주군
2020-12-16,양파,특,16416000.0,32000.0,763800,경북 청송군 청송읍,1161,경상북도 청송군
2025-01-17,양파,보통,1948800.0,1680.0,360000,충청북도 청주시,1037,충청북도 청주시
2020-03-18,양파,보통,10358300.0,11720.0,678000,경상남도 합천군,1140,경상남도 합천군
2025-05-08,양파,특,2250000.0,2250.0,138160,서울 송파구 가락동,1000,서울특별시
2023-04-24,양파,하,3553000.0,6120.0,525000,전라남도 함평군,1090,전라남도 함평군
2019-01-19,양파,특,1458000.0,3600.0,635000,경상남도 창녕군,1126,경상남도 창녕군
2022-09-21,양파,특,13740.0,8.0,200140,강원 춘천시 사농동,1001,강원도 춘천시
2022-09-17,양파,하,2252500.0,2040.0,534000,전라남도 무안군,1097,전라남도 무안군
2018-07-09,양파,특,4745000.0,7800.0,534000,전라남도 무안군,1097,전라남도 무안군
2019-04-09,양파,하,6237600.0,6210.0,534841,전남 무안군 현경면 가입리,1097,전라남도 무안군
2019-02-08,양파,보통,1020000.0,3060.0,534000,전라남도 무안군,1097,전라남도 무안군
2023-09-11,양파,보통,4034700.0,7428.0,535000,전라남도 신안군,1096,전라남도 신안군
2020-07-31,양파,특,4523600.0,5128.5,635000,경상남도 창녕군,1126,경상남도 창녕군
2024-08-09,양파,특,900000.0,1125.0,534000,전라남도 무안군,1097,전라남도 무안군
2021-04-07,양파,특,1254600.0,765.0,561302,전북 전주시 덕진구 송천동2가,1106,전라북도 전주시
2022-06-04,양파,상,813600.0,1160.0,534804,전남 무안군 무안읍 성동리,1097,전라남도 무안군
2023-06-09,양파,특,1297500.0,1125.0,534000,전라남도 무안군,1097,전라남도 무안군
2024-02-15,양파,특,375000.0,250.0,565863,전북 완주군 고산면 성재리,1107,전라북도 완주군
2023-08-25,양파,특,3900000.0,3375.0,534000,전라남도 무안군,1097,전라남도 무안군
2023-09-18,양파,특,5360000.0,4800.0,621150,경남 김해시 화목동,1121,경상남도 김해시
2023-08-23,양파,특,7567000.0,6300.0,534000,전라남도 무안군,1097,전라남도 무안군
2018-10-17,양파,상,406800.0,2260.0,456010,경기 안성시 가사동,1067,경기도 안성시
2019-05-04,양파,특,17745600.0,27540.0,525000,전라남도 함평군,1090,전라남도 함평군
2024-05-20,양파,보통,35000.0,100.0,536942,전남 해남군 북일면 내동리,1098,전라남도 해남군
2023-02-06,양파,특,1435000.0,1050.0,676000,경상남도 함양군,1139,경상남도 함양군
2024-10-05,양파,특,6810000.0,5720.0,343000,충청남도 당진시,1031,충청남도 당진시
2022-05-11,양파,특,602600.0,2620.0,902000,부산광역시 ,1120,부산광역시
2018-05-01,양파,특,7999200.0,9090.0,695000,제주도 제주시,1142,제주특별자치도 제주시
2020-06-26,양파,특,166500.0,260.0,356000,충청남도 서산시,1035,충청남도 서산시
2025-04-11,양파,하,2313600.0,3705.0,990000,제주도 ,1180,제주도 
2023-09-22,양파,특,12000000.0,12000.0,534729,전남 무안군 청계면 도림리 목포대학교 ,1097,전라남도 무안군
2018-06-04,양파,특,2362500.0,3375.0,534000,전라남도 무안군,1097,전라남도 무안군
2020-05-30,양파,특,3561800.0,8000.0,516000,전라남도 곡성군,1086,전라남도 곡성군
2021-05-13,양파,특,63000.0,140.0,635860,경남 창녕군 영산면,1126,경상남도 창녕군
2024-06-26,양파,하,1147500.0,2040.0,565000,전라북도 완주군,1107,전라북도 완주군
2021-05-07,양파,특,2590000.0,1850.0,469000,경기도 여주군,1071,경기도 여주군
2019-04-01,양파,특,8639500.0,9690.0,690811,제주 제주시 삼도1동498∼502,1142,제주특별자치도 제주시
2018-10-16,양파,특,19710.0,21.0,200140,강원 춘천시 사농동,1001,강원도 춘천시
2021-08-24,양파,특,330000.0,600.0,641111,경남 창원시 가음동,1124,경상남도 창원시
2022-06-13,양파,보통,16841000.0,15945.0,668000,경상남도 남해군,1137,경상남도 남해군
2024-11-14,양파,특,15950.0,5.0,138160,서울 송파구 가락동,1000,서울특별시
2019-05-16,양파,특,15200.0,19.0,730870,경북 구미시 해평면,1153,경상북도 구미시
2025-04-11,양파,특,280000.0,400.0,901000,서울특별시 ,1000,서울특별시
2024-01-29,양파,특,3487500.0,3375.0,534000,전라남도 무안군,1097,전라남도 무안군
2022-04-01,양파,특,1410000.0,9000.0,520000,전라남도 나주시,1089,전라남도 나주시
2021-04-16,양파,보통,693000.0,1800.0,548000,전라남도 고흥군,1104,전라남도 고흥군
2024-02-15,양파,상,532000.0,560.0,635810,경남 창녕군 유어면,1126,경상남도 창녕군
2024-08-28,양파,하,300000.0,600.0,525805,전남 함평군 함평읍 만흥리,1090,전라남도 함평군
2023-06-27,양파,상,23200.0,32.0,730010,경북 구미시 원평동,1153,경상북도 구미시
2022-01-10,양파,특,595000.0,1020.0,534830,전남 무안군 청계면,1097,전라남도 무안군
2025-02-24,양파,보통,3404000.0,1480.0,711000,대구광역시 달성군,1146,대구광역시
2024-07-19,양파,특,2347500.0,2250.0,565000,전라북도 완주군,1107,전라북도 완주군
2019-05-28,양파,상,592000.0,1480.0,548930,전남 고흥군 금산면,1104,전라남도 고흥군
2018-06-19,양파,특,1069500.0,2040.0,565800,전북 완주군 삼례읍,1107,전라북도 완주군
2020-03-24,양파,특,202500.0,225.0,570130,전북 익산시 목천동,1111,전라북도 익산시
2024-09-02,양파,특,18053000.0,18465.0,525000,전라남도 함평군,1090,전라남도 함평군
2021-02-03,양파,특,20408500.0,11220.0,579000,전라북도 부안군,1114,전라북도 부안군
2023-03-30,양파,보통,1770000.0,2250.0,690000,제주도 제주시,1142,제주특별자치도 제주시
2021-06-08,양파,하,8900.0,20.0,730811,경북 구미시 고아읍 관심리,1153,경상북도 구미시
2025-02-14,양파,특,3772000.0,2460.0,678800,경남 합천군 합천읍,1140,경상남도 합천군
2020-11-11,양파,특,2970000.0,5400.0,330600,충남 천안시 동남구 천안우체국사서함,1026,충청남도 천안시
2019-07-29,양파,특,4269600.0,15500.0,717000,경상북도 고령군,1150,경상북도 고령군
2018-02-01,양파,특,3135000.0,3300.0,635000,경상남도 창녕군,1126,경상남도 창녕군
2024-08-24,양파,특,324000.0,270.0,565863,전북 완주군 고산면 성재리,1107,전라북도 완주군
2018-07-25,양파,특,37500.0,500.0,305325,대전 유성구 노은동,1019,대전광역시
2023-01-27,양파,특,2568000.0,2000.0,621150,경남 김해시 화목동,1121,경상남도 김해시
2020-08-19,양파,상,228000.0,240.0,534804,전남 무안군 무안읍 성동리,1097,전라남도 무안군
2023-06-17,양파,보통,9000.0,20.0,576964,전북 김제시 금산면 삼봉리,1113,전라북도 김제시
2024-05-09,양파,특,1741500.0,1215.0,570600,전북 익산시 익산우체국사서함,1111,전라북도 익산시
2025-01-17,양파,상,851150.0,435.0,390160,충북 제천시 강제동,1047,충청북도 제천시
2021-06-01,양파,특,12300.0,20.0,536804,전남 해남군 해남읍 기동리,1098,전라남도 해남군
2022-03-22,양파,상,1107200.0,4160.0,618804,부산 강서구 대저2동3407∼3827,1120,부산광역시
2024-12-27,양파,하,6727500.0,5850.0,678000,경상남도 합천군,1140,경상남도 합천군
2018-07-21,양파,특,12200.0,10.0,200140,강원 춘천시 사농동,1001,강원도 춘천시
2023-12-21,양파,보통,33000.0,30.0,526000,전라남도 영암군,1091,전라남도 영암군
2020-08-15,양파,특,334800.0,342.0,590830,전북 남원시 운봉읍,1117,전라북도 남원시
2025-02-01,양파,특,1200000.0,600.0,600010,부산 중구 중앙동,1120,부산광역시
2023-08-01,양파,상,3858400.0,3280.0,621010,경남 김해시 부원동,1121,경상남도 김해시
2022-05-02,양파,보통,560000.0,1600.0,534000,전라남도 무안군,1097,전라남도 무안군
2020-04-07,양파,보통,5367400.0,4884.0,690000,제주도 제주시,1142,제주특별자치도 제주시
2018-10-15,양파,특,1159600.0,1755.0,534000,전라남도 무안군,1097,전라남도 무안군
2019-01-25,양파,특,200000.0,650.0,560600,전북 전주시 완산구 전주우체국사서함,1106,전라북도 전주시
2018-05-30,양파,보통,5863000.0,13380.0,520000,전라남도 나주시,1089,전라남도 나주시
2020-08-08,양파,특,3140000.0,4000.0,716000,경상북도 군위군,1149,경상북도 군위군
2018-01-05,양파,특,2450000.0,2250.0,567800,전북 진안군 진안읍,1109,전라북도 진안군
2019-12-24,양파,상,172500.0,300.0,742010,경북 상주시 남성동,1155,경상북도 상주시
2022-06-09,양파,특,1088000.0,800.0,717000,경상북도 고령군,1150,경상북도 고령군
2023-06-13,양파,상,1344000.0,2520.0,645000,경상남도 진해시,1130,경상남도 진해시
2021-12-17,양파,보통,10700.0,5.0,534000,전라남도 무안군,1097,전라남도 무안군
2022-03-16,양파,특,1600000.0,6000.0,619000,부산광역시 기장군,1120,부산광역시
2021-09-29,양파,상,1400000.0,2000.0,635822,경남 창녕군 대지면 모산리,1126,경상남도 창녕군
2023-04-18,양파,보통,696000.0,1392.0,534000,전라남도 무안군,1097,전라남도 무안군
2018-04-12,양파,상,128000.0,120.0,500010,광주 북구 임동,1083,광주광역시
2022-06-21,양파,특,10128000.0,8440.0,730010,경북 구미시 원평동,1153,경상북도 구미시
2024-04-12,양파,특,3111000.0,2745.0,550600,전남 여수시 여수우체국사서함,1105,전라남도 여수시
2018-12-22,양파,특,50000.0,200.0,565907,전북 완주군 봉동읍 장기리,1107,전라북도 완주군
2024-05-07,양파,보통,969000.0,1140.0,539000,전라남도 진도군,1099,전라남도 진도군
2021-07-09,양파,특,675000.0,1800.0,641600,경남 창원시 창원우체국사서함,1124,경상남도 창원시
2024-10-10,양파,상,684000.0,720.0,760000,경상북도 안동시,1160,경상북도 안동시
2022-03-28,양파,특,756500.0,3060.0,535000,전라남도 신안군,1096,전라남도 신안군
2020-03-20,양파,특,190000.0,100.0,565863,전북 완주군 고산면 성재리,1107,전라북도 완주군
2024-07-31,양파,하,900000.0,1800.0,635000,경상남도 창녕군,1126,경상남도 창녕군
2025-03-15,양파,특,2090000.0,950.0,770600,경북 영천시 영천우체국사서함,1166,경상북도 영천시
2019-07-09,양파,특,1974400.0,6880.0,357000,충청남도 태안군,1036,충청남도 태안군
2024-03-26,양파,특,200000.0,1056.0,534000,전라남도 무안군,1097,전라남도 무안군
2024-08-21,양파,특,123000.0,410.0,621150,경남 김해시 화목동,1121,경상남도 김해시
2021-11-10,양파,특,97500.0,75.0,565000,전라북도 완주군,1107,전라북도 완주군
2023-12-19,양파,특,1105000.0,975.0,740600,경북 김천시 김천우체국사서함,1154,경상북도 김천시
2019-06-22,양파,보통,49600.0,160.0,451831,경기 평택시 청북면 고렴리,1066,경기도 평택시
2020-05-14,양파,특,16453050.0,26550.0,525000,전라남도 함평군,1090,전라남도 함평군
2022-04-16,양파,보통,61000.0,1089.0,717000,경상북도 고령군,1150,경상북도 고령군
2024-06-04,양파,특,612000.0,900.0,527810,전남 강진군 성전면,1092,전라남도 강진군
2018-09-05,양파,특,4650000.0,6000.0,565000,전라북도 완주군,1107,전라북도 완주군
2018-01-10,양파,특,663000.0,1020.0,525000,전라남도 함평군,1090,전라남도 함평군
2019-05-09,양파,상,34800.0,54.0,534834,전남 무안군 청계면 도림리,1097,전라남도 무안군
2022-04-05,양파,상,3520300.0,5475.0,990000,제주도 ,1180,제주도 
2024-02-15,양파,특,6460000.0,6120.0,445920,경기 화성시 향남읍,1063,경기도 화성시
2020-09-22,양파,특,1500000.0,2000.0,534000,전라남도 무안군,1097,전라남도 무안군
2018-03-12,양파,상,1432400.0,5080.0,678700,경남 합천군 합천읍 합천리 합천군청 ,1140,경상남도 합천군
2018-12-07,양파,상,239650.0,600.0,901000,서울특별시 ,1000,서울특별시
2021-04-24,양파,특,10348800.0,7056.0,534000,전라남도 무안군,1097,전라남도 무안군
2019-06-12,양파,특,105000.0,600.0,570600,전북 익산시 익산우체국사서함,1111,전라북도 익산시
2021-02-02,양파,특,20610000.0,13500.0,534811,전남 무안군 몽탄면 구산리,1097,전라남도 무안군
2020-08-04,양파,하,135000.0,180.0,630600,경남 마산시 마산우체국사서함,1125,경상남도 마산시
2021-01-20,양파,특,221500.0,130.0,565907,전북 완주군 봉동읍 장기리,1107,전라북도 완주군
2024-04-26,양파,특,6695000.0,6060.0,534804,전남 무안군 무안읍 성동리,1097,전라남도 무안군
2019-06-20,양파,보통,88000.0,220.0,716000,경상북도 군위군,1149,경상북도 군위군
2024-06-19,양파,특,1508000.0,2320.0,527810,전남 강진군 성전면,1092,전라남도 강진군
2019-08-21,양파,특,4966500.0,11550.0,570000,전라북도 익산시,1111,전라북도 익산시
2019-06-15,양파,상,5500.0,20.0,904000,대전광역시 ,1019,대전광역시
2022-01-11,양파,특,952000.0,1360.0,520600,전남 나주시 나주우체국사서함,1089,전라남도 나주시
2023-03-15,양파,특,13188000.0,9450.0,770000,경상북도 영천시,1166,경상북도 영천시
2021-01-08,양파,특,14137500.0,9750.0,750000,경상북도 영주시,1157,경상북도 영주시
2018-12-05,양파,특,7039600.0,10650.0,536000,전라남도 해남군,1098,전라남도 해남군
2020-05-01,양파,보통,2184200.0,2680.0,716820,경북 군위군 효령면,1149,경상북도 군위군
2019-10-17,양파,보통,217000.0,1240.0,714000,경상북도 청도군,1148,경상북도 청도군
2018-05-08,양파,특,12500.0,15.0,565000,전라북도 완주군,1107,전라북도 완주군
2024-09-04,양파,보통,3960000.0,3375.0,534000,전라남도 무안군,1097,전라남도 무안군
2018-04-20,양파,보통,9346300.0,14940.0,699800,제주 남제주군 남원읍,1145,제주특별자치도 남제주군
2023-07-20,양파,특,3507000.0,2016.0,525000,전라남도 함평군,1090,전라남도 함평군
2018-10-18,양파,상,5252800.0,14280.0,670000,경상남도 거창군,1138,경상남도 거창군
2023-09-16,양파,특,1200000.0,975.0,711000,대구광역시 달성군,1146,대구광역시
2023-03-27,양파,특,2380000.0,2040.0,535000,전라남도 신안군,1096,전라남도 신안군
2019-03-04,양파,특,12000.0,10.0,570600,전북 익산시 익산우체국사서함,1111,전라북도 익산시
2025-05-30,양파,상,453600.0,630.0,565860,전북 완주군 고산면,1107,전라북도 완주군
2022-10-17,양파,특,234000.0,180.0,590951,전북 남원시 금지면 귀석리,1117,전라북도 남원시
2023-06-08,양파,특,1113900.0,1185.0,580600,전북 정읍시 정읍우체국사서함,1116,전라북도 정읍시
2020-09-18,양파,하,774200.0,732.0,534000,전라남도 무안군,1097,전라남도 무안군
2024-04-10,양파,하,144900.0,315.0,637000,경상남도 함안군,1128,경상남도 함안군
2025-05-02,양파,특,952000.0,1020.0,548000,전라남도 고흥군,1104,전라남도 고흥군
2018-05-05,양파,하,42000.0,140.0,548882,전남 고흥군 포두면 남성리,1104,전라남도 고흥군
2021-05-12,양파,특,495000.0,1065.0,565000,전라북도 완주군,1107,전라북도 완주군
2021-01-16,양파,특,9394000.0,6160.0,678000,경상남도 합천군,1140,경상남도 합천군
2019-05-30,양파,상,163400.0,120.0,500010,광주 북구 임동,1083,광주광역시
2019-12-13,양파,보통,1320000.0,2400.0,740000,경상북도 김천시,1154,경상북도 김천시
2023-08-26,양파,특,240000.0,240.0,565863,전북 완주군 고산면 성재리,1107,전라북도 완주군
2022-04-20,양파,특,240000.0,180.0,690000,제주도 제주시,1142,제주특별자치도 제주시
2018-06-18,양파,특,48800.0,80.0,565870,전북 완주군 비봉면,1107,전라북도 완주군
2018-09-01,양파,보통,15400.0,140.0,740010,경북 김천시 모암동,1154,경상북도 김천시
2018-07-14,양파,특,61200.0,108.0,711000,대구광역시 달성군,1146,대구광역시
2019-11-30,양파,특,382500.0,855.0,570130,전북 익산시 목천동,1111,전라북도 익산시
2023-03-30,양파,특,13545000.0,10080.0,534000,전라남도 무안군,1097,전라남도 무안군
2019-12-03,양파,특,50500.0,75.0,200140,강원 춘천시 사농동,1001,강원도 춘천시
2024-05-10,양파,보통,975000.0,975.0,641600,경남 창원시 창원우체국사서함,1124,경상남도 창원시
2022-04-29,양파,보통,1299400.0,1704.0,534000,전라남도 무안군,1097,전라남도 무안군
2024-08-10,양파,특,1006200.0,1677.0,678000,경상남도 합천군,1140,경상남도 합천군
2021-07-23,양파,상,52500.0,140.0,678000,경상남도 합천군,1140,경상남도 합천군
2018-02-14,양파,상,144000.0,67.5,500010,광주 북구 임동,1083,광주광역시
2022-11-17,양파,특,9787500.0,6750.0,525000,전라남도 함평군,1090,전라남도 함평군
2020-12-10,양파,상,212500.0,125.0,210010,강원 강릉시 홍제동,1004,강원도 강릉시
2023-09-27,양파,특,1399000.0,1245.0,356980,충남 서산시 팔봉면,1035,충청남도 서산시
2020-03-18,양파,상,291000.0,300.0,390160,충북 제천시 강제동,1047,충청북도 제천시
2024-07-31,양파,특,1870000.0,1100.0,711000,대구광역시 달성군,1146,대구광역시
2021-07-14,양파,특,2626000.0,3770.0,770600,경북 영천시 영천우체국사서함,1166,경상북도 영천시
2018-06-16,양파,특,144000.0,80.0,570130,전북 익산시 목천동,1111,전라북도 익산시
2024-05-14,양파,하,1610000.0,1050.0,745000,경상북도 문경시,1156,경상북도 문경시
2022-09-02,양파,상,4050000.0,4500.0,800000,중국,1170,수입산
2022-03-02,양파,특,1080000.0,2160.0,534870,전남 무안군 해제면,1097,전라남도 무안군
2023-06-05,양파,상,507000.0,780.0,506551,광주 광산구 유계동,1083,광주광역시
2021-08-31,양파,특,69579350.0,80280.0,534000,전라남도 무안군,1097,전라남도 무안군
2019-03-20,양파,상,637500.0,750.0,745000,경상북도 문경시,1156,경상북도 문경시
2025-05-08,양파,보통,40000.0,40.0,138701,서울 송파구 가락1동  가락농수산물시장 ,1000,서울특별시
2019-06-29,양파,보통,231000.0,2100.0,641465,경남 창원시 팔용동,1124,경상남도 창원시
2023-05-02,양파,상,2241000.0,1660.0,637000,경상남도 함안군,1128,경상남도 함안군
2024-06-15,양파,특,1168500.0,1900.0,760870,경북 안동시 남후면,1160,경상북도 안동시
2022-11-18,양파,상,2800000.0,1400.0,711000,대구광역시 달성군,1146,대구광역시
2019-03-23,양파,하,6000.0,60.0,621150,경남 김해시 화목동,1121,경상남도 김해시
2023-09-20,양파,상,370000.0,555.0,570130,전북 익산시 목천동,1111,전라북도 익산시
2023-06-05,양파,특,368000.0,920.0,636805,경남 의령군 의령읍 서동리,1127,경상남도 의령군
2021-06-11,양파,특,392000.0,840.0,548935,전남 고흥군 금산면 어전리,1104,전라남도 고흥군
2020-02-13,양파,특,3164000.0,3360.0,678000,경상남도 합천군,1140,경상남도 합천군
2023-08-25,양파,특,2014500.0,2040.0,534000,전라남도 무안군,1097,전라남도 무안군
2020-06-30,양파,특,615000.0,1125.0,527000,전라남도 강진군,1092,전라남도 강진군
2024-05-04,양파,특,42000.0,50.0,580600,전북 정읍시 정읍우체국사서함,1116,전라북도 정읍시
2022-06-25,양파,보통,197880.0,480.0,906000,광주광역시 ,1083,광주광역시
2025-05-22,양파,특,11625000.0,18000.0,534000,전라남도 무안군,1097,전라남도 무안군
2024-02-22,양파,보통,332500.0,500.0,950000,전라남도 ,1176,전라남도 
2021-01-26,양파,보통,36960000.0,24640.0,600010,부산 중구 중앙동,1120,부산광역시
2023-12-16,양파,특,1989000.0,3060.0,534000,전라남도 무안군,1097,전라남도 무안군
2018-07-27,양파,특,1758600.0,2920.0,356000,충청남도 서산시,1035,충청남도 서산시
2020-09-09,양파,특,739500.0,765.0,525000,전라남도 함평군,1090,전라남도 함평군
2019-03-21,양파,특,44100.0,70.0,565920,전북 완주군 경천면,1107,전라북도 완주군
2018-09-17,양파,상,82000.0,799.5,678000,경상남도 합천군,1140,경상남도 합천군
2022-06-03,양파,특,259000.0,280.0,585800,전북 고창군 고창읍,1115,전라북도 고창군
2024-02-01,양파,상,875000.0,750.0,745000,경상북도 문경시,1156,경상북도 문경시
2021-01-26,양파,특,890800.0,680.0,305325,대전 유성구 노은동,1019,대전광역시
2022-10-20,양파,보통,32500.0,195.0,356980,충남 서산시 팔봉면,1035,충청남도 서산시
2020-11-11,양파,상,5000000.0,5000.0,668800,경남 남해군 남해읍,1137,경상남도 남해군
2020-12-29,양파,상,7367000.0,5300.0,678000,경상남도 합천군,1140,경상남도 합천군
2021-05-24,양파,하,705500.0,1020.0,525000,전라남도 함평군,1090,전라남도 함평군
2022-02-10,양파,특,1995000.0,3150.0,745852,경북 문경시 영순면 김용리,1156,경상북도 문경시
2024-05-04,양파,특,165000.0,440.0,536880,전남 해남군 화원면,1098,전라남도 해남군
2023-06-26,양파,특,54000.0,80.0,525800,전남 함평군 함평읍,1090,전라남도 함평군
2024-06-07,양파,특,726000.0,2640.0,678860,경남 합천군 덕곡면,1140,경상남도 합천군
2024-09-10,양파,특,160000.0,80.0,534729,전남 무안군 청계면 도림리 목포대학교 ,1097,전라남도 무안군
2019-07-03,양파,보통,90300.0,315.0,350000,충청남도 홍성군,1033,충청남도 홍성군
2020-04-01,양파,특,468000.0,720.0,356980,충남 서산시 팔봉면,1035,충청남도 서산시
2020-07-22,양파,상,57000.0,120.0,740010,경북 김천시 모암동,1154,경상북도 김천시
2023-04-27,양파,상,1978600.0,2900.0,534870,전남 무안군 해제면,1097,전라남도 무안군
2023-05-15,양파,특,18662000.0,17070.0,536842,전남 해남군 마산면 맹진리,1098,전라남도 해남군
2023-06-01,양파,보통,637500.0,1020.0,529000,전라남도 장흥군,1094,전라남도 장흥군
2022-05-20,양파,특,170500.0,220.0,631830,경남 마산시 진전면,1125,경상남도 마산시
2025-02-20,양파,하,15792000.0,12600.0,800000,중국,1170,수입산
2018-04-25,양파,특,4125000.0,3750.0,800000,중국,1170,수입산
2019-04-27,양파,하,2244000.0,3060.0,770000,경상북도 영천시,1166,경상북도 영천시
2018-01-29,양파,보통,4620000.0,4200.0,670000,경상남도 거창군,1138,경상남도 거창군
2023-03-01,양파,상,2030000.0,1050.0,745000,경상북도 문경시,1156,경상북도 문경시
2019-08-27,양파,하,1173000.0,3060.0,534000,전라남도 무안군,1097,전라남도 무안군
2022-10-26,양파,특,770000.0,350.0,635000,경상남도 창녕군,1126,경상남도 창녕군
2022-11-21,양파,특,1830000.0,1200.0,500801,광주 북구 각화동380∼800,1083,광주광역시
2020-11-06,양파,특,1350000.0,1980.0,635000,경상남도 창녕군,1126,경상남도 창녕군
2021-08-26,양파,특,5696000.0,7120.0,635800,경남 창녕군 창녕읍,1126,경상남도 창녕군
2023-08-08,양파,특,8198400.0,5760.0,525000,전라남도 함평군,1090,전라남도 함평군
2020-07-06,양파,상,1433000.0,2055.0,356080,충남 서산시 갈산동,1035,충청남도 서산시
2024-06-18,양파,하,1376000.0,1600.0,717000,경상북도 고령군,1150,경상북도 고령군
2023-05-03,양파,특,15851500.0,12616.5,627000,경상남도 밀양시,1123,경상남도 밀양시
2023-05-18,양파,상,876000.0,1200.0,502153,광주 서구 매월동,1083,광주광역시
2025-04-22,양파,보통,900000.0,1125.0,356840,충남 서산시 음암면,1035,충청남도 서산시
2019-09-19,양파,상,3930000.0,13100.0,711000,대구광역시 달성군,1146,대구광역시
2018-05-12,양파,특,537600.0,2016.0,534000,전라남도 무안군,1097,전라남도 무안군
2018-09-29,양파,특,1020000.0,2000.0,534804,전남 무안군 무안읍 성동리,1097,전라남도 무안군
2023-06-14,양파,특,1634000.0,1720.0,716000,경상북도 군위군,1149,경상북도 군위군
2023-07-03,양파,상,675000.0,800.0,636800,경남 의령군 의령읍,1127,경상남도 의령군
2024-09-02,양파,보통,19800000.0,18000.0,635000,경상남도 창녕군,1126,경상남도 창녕군
2024-08-22,양파,특,380000.0,1000.0,579000,전라북도 부안군,1114,전라북도 부안군
2022-12-10,양파,상,319000.0,220.0,635812,경남 창녕군 유어면 광산리,1126,경상남도 창녕군
2024-10-31,양파,특,1249500.0,1020.0,534000,전라남도 무안군,1097,전라남도 무안군
2022-11-09,양파,특,75000.0,50.0,565907,전북 완주군 봉동읍 장기리,1107,전라북도 완주군
2019-04-11,양파,특,225000.0,3000.0,906000,광주광역시 ,1083,광주광역시
2023-04-01,양파,특,805000.0,350.0,630000,경상남도 창원시 마산회원구,1124,경상남도 창원시
2020-04-23,양파,특,2031900.0,1812.0,534000,전라남도 무안군,1097,전라남도 무안군
2019-04-18,양파,특,310000.0,400.0,635000,경상남도 창녕군,1126,경상남도 창녕군
2021-10-01,양파,하,675750.0,1020.0,534000,전라남도 무안군,1097,전라남도 무안군
2018-04-20,양파,보통,1110000.0,1665.0,690811,제주 제주시 삼도1동498∼502,1142,제주특별자치도 제주시
2018-08-20,양파,특,9771000.0,15000.0,635000,경상남도 창녕군,1126,경상남도 창녕군
2019-07-01,양파,특,7026500.0,17550.0,565000,전라북도 완주군,1107,전라북도 완주군
2019-11-19,양파,보통,8327400.0,15500.0,636800,경남 의령군 의령읍,1127,경상남도 의령군
2019-06-29,양파,특,3540.0,4.0,200140,강원 춘천시 사농동,1001,강원도 춘천시
2022-10-14,양파,특,10310500.0,7140.0,535000,전라남도 신안군,1096,전라남도 신안군
2020-04-10,양파,하,20910000.0,23565.0,471080,경기 구리시 갈매동,1072,경기도 구리시
2020-07-06,양파,특,440000.0,800.0,526705,전남 영암군 학산면 독천리 동아인재대학 ,1091,전라남도 영암군
2019-02-09,양파,상,946300.0,1905.0,570130,전북 익산시 목천동,1111,전라북도 익산시
2021-07-01,양파,하,2058800.0,3684.0,525000,전라남도 함평군,1090,전라남도 함평군
2020-11-07,양파,특,1380000.0,900.0,534000,전라남도 무안군,1097,전라남도 무안군
2020-05-08,양파,특,5148000.0,7920.0,525000,전라남도 함평군,1090,전라남도 함평군
2021-10-25,양파,상,9000.0,20.0,500100,광주 북구 두암동,1083,광주광역시
2018-05-22,양파,특,858000.0,2640.0,525810,전남 함평군 학교면,1090,전라남도 함평군
2022-04-15,양파,보통,2800000.0,3000.0,635000,경상남도 창녕군,1126,경상남도 창녕군
2018-05-04,양파,특,684700.0,820.0,305325,대전 유성구 노은동,1019,대전광역시
2020-03-10,양파,특,1252820.0,888.0,680010,울산 남구 신정동,1141,울산광역시
2018-05-08,양파,특,80000.0,60.0,429600,경기 시흥시 시흥우체국사서함,1057,경기도 시흥시
2024-07-22,양파,특,161600.0,40.0,200140,강원 춘천시 사농동,1001,강원도 춘천시
2019-09-18,양파,특,2316000.0,4800.0,717000,경상북도 고령군,1150,경상북도 고령군
2019-04-26,양파,특,2895200.0,4935.0,534000,전라남도 무안군,1097,전라남도 무안군
2023-07-03,양파,특,8810000.0,7500.0,590000,전라북도 남원시,1117,전라북도 남원시
2021-01-07,양파,특,2720000.0,1920.0,579000,전라북도 부안군,1114,전라북도 부안군
2024-01-16,양파,보통,1245830.0,1185.0,905000,인천광역시 ,1049,인천광역시
2020-06-22,양파,보통,450000.0,1000.0,320852,충남 논산시 양촌면 남산리,1022,충청남도 논산시
2019-07-05,양파,특,654400.0,2680.0,520820,전남 나주시 금천면,1089,전라남도 나주시
2025-01-13,양파,상,14100000.0,12000.0,714000,경상북도 청도군,1148,경상북도 청도군
2020-04-22,양파,특,11535000.0,13500.0,697000,제주도 서귀포시,1144,제주특별자치도 서귀포시
2019-09-05,양파,하,4105500.0,7140.0,565000,전라북도 완주군,1107,전라북도 완주군
2024-03-08,양파,하,930000.0,1125.0,534000,전라남도 무안군,1097,전라남도 무안군
2021-06-22,양파,특,2703000.0,7760.0,536830,전남 해남군 계곡면,1098,전라남도 해남군
2020-10-26,양파,특,11778000.0,11700.0,356000,충청남도 서산시,1035,충청남도 서산시
2018-10-16,양파,특,4100000.0,6000.0,525800,전남 함평군 함평읍,1090,전라남도 함평군
2019-07-18,양파,특,2978500.0,7350.0,579000,전라북도 부안군,1114,전라북도 부안군
2018-01-08,양파,특,15053600.0,13440.0,535000,전라남도 신안군,1096,전라남도 신안군
2023-03-03,양파,특,444500.0,270.0,621150,경남 김해시 화목동,1121,경상남도 김해시
2019-11-04,양파,상,143000.0,240.0,500010,광주 북구 임동,1083,광주광역시
2019-08-02,양파,특,122700.0,150.0,525805,전남 함평군 함평읍 만흥리,1090,전라남도 함평군
2019-01-23,양파,하,459000.0,3060.0,535000,전라남도 신안군,1096,전라남도 신안군
2022-03-22,양파,하,1010400.0,2916.0,534000,전라남도 무안군,1097,전라남도 무안군
2018-11-09,양파,보통,72000.0,240.0,534000,전라남도 무안군,1097,전라남도 무안군
2024-12-05,양파,특,149480.0,40.0,200140,강원 춘천시 사농동,1001,강원도 춘천시
2020-05-12,양파,상,210000.0,200.0,502153,광주 서구 매월동,1083,광주광역시
2020-07-03,양파,특,58000.0,200.0,565920,전북 완주군 경천면,1107,전라북도 완주군
2023-10-23,양파,상,2296000.0,2600.0,635700,경남 창녕군 창녕읍  창녕군청 ,1126,경상남도 창녕군
2023-10-07,양파,특,1312000.0,960.0,525000,전라남도 함평군,1090,전라남도 함평군
2021-03-05,양파,특,20280000.0,13520.0,305325,대전 유성구 노은동,1019,대전광역시
2019-08-24,양파,상,3600.0,30.0,561302,전북 전주시 덕진구 송천동2가,1106,전라북도 전주시
2019-06-06,양파,특,264000.0,990.0,502153,광주 서구 매월동,1083,광주광역시
2024-08-29,양파,하,4998000.0,6120.0,526000,전라남도 영암군,1091,전라남도 영암군
2024-05-13,양파,상,5700000.0,4500.0,950000,전라남도 ,1176,전라남도 
2019-04-26,양파,상,32000.0,48.0,730870,경북 구미시 해평면,1153,경상북도 구미시
2024-02-07,양파,특,1845000.0,2160.0,534870,전남 무안군 해제면,1097,전라남도 무안군
2025-05-12,양파,특,1091000.0,2840.0,534000,전라남도 무안군,1097,전라남도 무안군
2023-11-27,양파,특,7635000.0,6750.0,585700,전북 고창군 고창읍  고창군청 ,1115,전라북도 고창군
2023-04-12,양파,하,182000.0,280.0,520833,전남 나주시 산포면 산제리,1089,전라남도 나주시
2020-06-25,양파,특,5936000.0,14691.6,678000,경상남도 합천군,1140,경상남도 합천군
2019-11-27,양파,특,2200000.0,4000.0,676000,경상남도 함양군,1139,경상남도 함양군
2020-08-22,양파,특,2925000.0,3375.0,534850,전남 무안군 망운면,1097,전라남도 무안군
2024-02-14,양파,특,2256000.0,1800.0,800000,중국,1170,수입산
2020-06-22,양파,상,2988000.0,4980.0,635000,경상남도 창녕군,1126,경상남도 창녕군
2021-09-18,양파,하,95000.0,285.0,525000,전라남도 함평군,1090,전라남도 함평군
2020-06-05,양파,상,1543500.0,2940.0,534830,전남 무안군 청계면,1097,전라남도 무안군
2021-06-16,양파,상,5668000.0,10200.0,637800,경남 함안군 가야읍,1128,경상남도 함안군
2024-11-11,양파,상,3495000.0,3000.0,635812,경남 창녕군 유어면 광산리,1126,경상남도 창녕군
2020-06-11,양파,특,112500.0,250.0,570030,전북 익산시 갈산동,1111,전라북도 익산시
2022-10-18,양파,보통,9000000.0,7200.0,635000,경상남도 창녕군,1126,경상남도 창녕군
2018-02-27,양파,특,14140.0,4.0,200600,강원 춘천시 춘천우체국사서함,1001,강원도 춘천시
2021-11-20,양파,상,2110300.0,2900.0,678000,경상남도 합천군,1140,경상남도 합천군
2023-11-08,양파,상,6290000.0,7140.0,597000,전라북도 장수군,1119,전라북도 장수군
2020-01-13,양파,특,5669500.0,6120.0,534000,전라남도 무안군,1097,전라남도 무안군
2018-02-09,양파,특,25777800.0,29460.0,617030,부산 사상구 엄궁동,1120,부산광역시
2022-01-24,양파,특,2020.0,2.0,200140,강원 춘천시 사농동,1001,강원도 춘천시
2022-07-12,양파,보통,3800000.0,4000.0,600010,부산 중구 중앙동,1120,부산광역시
2018-12-11,양파,특,13000.0,10.0,138000,서울특별시 송파구,1000,서울특별시
2024-06-26,양파,보통,161000.0,940.0,906000,광주광역시 ,1083,광주광역시
2019-12-06,양파,상,850000.0,1000.0,745000,경상북도 문경시,1156,경상북도 문경시
2020-08-28,양파,특,1110000.0,1125.0,534811,전남 무안군 몽탄면 구산리,1097,전라남도 무안군
2020-06-24,양파,특,45500.0,140.0,548810,전남 고흥군 점암면,1104,전라남도 고흥군
2024-04-24,양파,보통,1500000.0,600.0,770000,경상북도 영천시,1166,경상북도 영천시
2025-03-01,양파,특,3600000.0,2250.0,534000,전라남도 무안군,1097,전라남도 무안군
2022-06-27,양파,특,170000.0,200.0,525800,전남 함평군 함평읍,1090,전라남도 함평군
2021-03-10,양파,특,21864100.0,12132.0,534000,전라남도 무안군,1097,전라남도 무안군
2022-01-15,양파,상,4400.0,20.0,730010,경북 구미시 원평동,1153,경상북도 구미시
2019-05-17,양파,특,8743400.0,19455.0,534000,전라남도 무안군,1097,전라남도 무안군
2023-05-12,양파,특,8257600.0,7848.0,534000,전라남도 무안군,1097,전라남도 무안군
2022-08-10,양파,특,1600000.0,800.0,482000,경기도 양주시,1077,경기도 양주시
2023-09-13,양파,특,1568000.0,960.0,740920,경북 김천시 구성면,1154,경상북도 김천시
2021-06-08,양파,상,48000.0,240.0,570600,전북 익산시 익산우체국사서함,1111,전라북도 익산시
2023-05-05,양파,상,3616200.0,2866.5,635800,경남 창녕군 창녕읍,1126,경상남도 창녕군
2024-04-26,양파,상,6538600.0,4755.0,548000,전라남도 고흥군,1104,전라남도 고흥군
2018-03-12,양파,특,1060000.0,2000.0,525000,전라남도 함평군,1090,전라남도 함평군
2025-05-27,양파,보통,9000.0,60.0,536800,전남 해남군 해남읍,1098,전라남도 해남군
2020-07-15,양파,특,942000.0,1400.0,502153,광주 서구 매월동,1083,광주광역시
2020-07-03,양파,보통,2370000.0,4140.0,534000,전라남도 무안군,1097,전라남도 무안군
2022-05-11,양파,특,1702000.0,2960.0,717000,경상북도 고령군,1150,경상북도 고령군
2024-09-02,양파,보통,1110000.0,1230.0,678000,경상남도 합천군,1140,경상남도 합천군
2020-08-20,양파,상,35000.0,100.0,520890,전남 나주시 공산면,1089,전라남도 나주시
2023-10-09,양파,상,1387000.0,1460.0,580910,전북 정읍시 감곡면,1116,전라북도 정읍시
2023-06-08,양파,보통,74200.0,280.0,770000,경상북도 영천시,1166,경상북도 영천시
2024-08-15,양파,특,240000.0,160.0,641111,경남 창원시 가음동,1124,경상남도 창원시
2018-04-10,양파,상,38700.0,516.0,548900,전남 고흥군 도양읍,1104,전라남도 고흥군
2024-05-31,양파,특,1330000.0,1400.0,636000,경상남도 의령군,1127,경상남도 의령군
2018-07-19,양파,상,6800500.0,17925.0,579800,전북 부안군 부안읍,1114,전라북도 부안군
2019-11-04,양파,특,112000.0,320.0,716800,경북 군위군 군위읍,1149,경상북도 군위군
2018-12-17,양파,특,540000.0,720.0,534000,전라남도 무안군,1097,전라남도 무안군
2018-02-24,양파,특,90000.0,120.0,565900,전북 완주군 봉동읍,1107,전라북도 완주군
2022-05-13,양파,하,45900.0,90.0,534841,전남 무안군 현경면 가입리,1097,전라남도 무안군
2020-07-27,양파,특,1350000.0,1500.0,482000,경기도 양주시,1077,경기도 양주시
2025-05-08,양파,하,3315000.0,3060.0,534000,전라남도 무안군,1097,전라남도 무안군
2020-10-29,양파,상,225000.0,112.5,210010,강원 강릉시 홍제동,1004,강원도 강릉시
2021-05-06,양파,상,572000.0,1040.0,503310,광주 남구 주월동,1083,광주광역시
2019-04-15,양파,특,533000.0,410.0,482000,경기도 양주시,1077,경기도 양주시
2022-12-15,양파,상,348000.0,580.0,770000,경상북도 영천시,1166,경상북도 영천시
2022-04-06,양파,하,698000.0,2975.0,548931,전남 고흥군 금산면 대흥리,1104,전라남도 고흥군
2020-10-07,양파,보통,333200.0,300.0,410340,경기 고양시 일산동구 산황동,1050,경기도 고양시
2023-05-16,양파,특,2145000.0,2470.0,534870,전남 무안군 해제면,1097,전라남도 무안군
2022-06-28,양파,보통,714000.0,1460.0,717000,경상북도 고령군,1150,경상북도 고령군
2022-05-21,양파,상,1830000.0,3000.0,635000,경상남도 창녕군,1126,경상남도 창녕군
2022-10-03,양파,특,25808000.0,18400.0,343000,충청남도 당진시,1031,충청남도 당진시
2018-09-18,양파,특,648000.0,810.0,618142,부산 강서구 대저2동,1120,부산광역시
2021-04-15,양파,상,69500.0,50.0,380170,충북 충주시 가주동,1046,충청북도 충주시
2022-09-07,양파,하,552500.0,1020.0,534000,전라남도 무안군,1097,전라남도 무안군
2022-01-18,양파,상,4470000.0,9000.0,534000,전라남도 무안군,1097,전라남도 무안군
2023-05-17,양파,특,328000.0,400.0,678700,경남 합천군 합천읍 합천리 합천군청 ,1140,경상남도 합천군
2022-08-11,양파,특,200000.0,100.0,630000,경상남도 창원시 마산회원구,1124,경상남도 창원시
2022-11-04,양파,하,43000.0,30.0,534841,전남 무안군 현경면 가입리,1097,전라남도 무안군
2018-09-17,양파,특,1183200.0,1740.0,676810,경남 함양군 수동면,1139,경상남도 함양군
2022-04-27,양파,보통,4000.0,40.0,539000,전라남도 진도군,1099,전라남도 진도군
2023-04-03,양파,특,1908000.0,1590.0,600010,부산 중구 중앙동,1120,부산광역시
2021-12-24,양파,상,1650000.0,3000.0,635822,경남 창녕군 대지면 모산리,1126,경상남도 창녕군
2020-01-16,양파,특,864000.0,800.0,618000,부산광역시 부산 강서구,1120,부산광역시
2019-01-04,양파,특,10756000.0,15660.0,534840,전남 무안군 현경면,1097,전라남도 무안군
2024-06-14,양파,특,2593800.0,3100.0,711891,대구 달성군 구지면 가천리,1146,대구광역시
2023-09-22,양파,특,2418000.0,1860.0,676890,경남 함양군 유림면,1139,경상남도 함양군
2021-09-24,양파,특,2021600.0,2280.0,770600,경북 영천시 영천우체국사서함,1166,경상북도 영천시
2018-11-09,양파,특,280000.0,1000.0,579000,전라북도 부안군,1114,전라북도 부안군
2021-11-19,양파,특,10372500.0,13500.0,535000,전라남도 신안군,1096,전라남도 신안군
2022-05-06,양파,보통,15000.0,100.0,534804,전남 무안군 무안읍 성동리,1097,전라남도 무안군
2023-09-18,양파,하,1428000.0,1020.0,534000,전라남도 무안군,1097,전라남도 무안군
2019-09-26,양파,보통,2668250.0,7320.0,534000,전라남도 무안군,1097,전라남도 무안군
2025-04-07,양파,특,11639000.0,7725.0,636000,경상남도 의령군,1127,경상남도 의령군
2019-11-02,양파,하,1606500.0,3060.0,690000,제주도 제주시,1142,제주특별자치도 제주시
2023-06-05,양파,보통,365400.0,1160.0,636000,경상남도 의령군,1127,경상남도 의령군
2021-04-17,양파,특,3108000.0,3150.0,769801,경북 의성군 의성읍 도동리,1165,경상북도 의성군
2020-08-10,양파,상,388000.0,500.0,306160,대전 대덕구 갈전동,1019,대전광역시
2020-11-23,양파,특,8213000.0,5112.0,534000,전라남도 무안군,1097,전라남도 무안군
2018-05-04,양파,상,157500.0,315.0,548930,전남 고흥군 금산면,1104,전라남도 고흥군
2018-04-05,양파,특,7481100.0,31940.0,760000,경상북도 안동시,1160,경상북도 안동시
2022-04-25,양파,보통,1759500.0,3060.0,534802,전남 무안군 무안읍 교촌리,1097,전라남도 무안군
2020-07-08,양파,특,2310000.0,3150.0,745600,경북 문경시 문경우체국사서함,1156,경상북도 문경시
2023-06-13,양파,특,10000.0,10.0,325820,충남 서천군 판교면,1025,충청남도 서천군
2024-05-10,양파,특,3402000.0,3780.0,534870,전남 무안군 해제면,1097,전라남도 무안군
2018-06-13,양파,보통,29000.0,40.0,730870,경북 구미시 해평면,1153,경상북도 구미시
2022-03-15,양파,특,40908400.0,28321.2,676000,경상남도 함양군,1139,경상남도 함양군
2019-04-13,양파,하,2525000.0,5000.0,534000,전라남도 무안군,1097,전라남도 무안군
2018-01-06,양파,특,900000.0,600.0,565000,전라북도 완주군,1107,전라북도 완주군
2020-04-15,양파,특,1195200.0,1600.0,770872,경북 영천시 자양면 도일리,1166,경상북도 영천시
2022-12-22,양파,보통,700000.0,750.0,800000,중국,1170,수입산
2023-05-25,양파,보통,532000.0,720.0,641600,경남 창원시 창원우체국사서함,1124,경상남도 창원시
2019-10-08,양파,하,3600.0,12.0,534841,전남 무안군 현경면 가입리,1097,전라남도 무안군
2020-07-10,양파,하,150800.0,312.0,525000,전라남도 함평군,1090,전라남도 함평군
2021-05-13,양파,특,266200.0,484.0,548850,전남 고흥군 동강면,1104,전라남도 고흥군
2018-01-09,양파,특,36360.0,20.0,200140,강원 춘천시 사농동,1001,강원도 춘천시
2019-05-24,양파,특,2628000.0,6090.0,529000,전라남도 장흥군,1094,전라남도 장흥군
2018-01-31,양파,하,16234400.0,17808.0,534000,전라남도 무안군,1097,전라남도 무안군
2018-05-22,양파,특,2620000.0,6500.0,950000,전라남도 ,1176,전라남도 
2023-05-23,양파,특,2046000.0,1821.6,570600,전북 익산시 익산우체국사서함,1111,전라북도 익산시
2018-06-18,양파,보통,95200.0,168.0,534000,전라남도 무안군,1097,전라남도 무안군
2018-04-21,양파,특,1663700.0,1965.0,678000,경상남도 합천군,1140,경상남도 합천군
2023-11-13,양파,특,2200000.0,1100.0,464000,경기도 광주시,1068,경기도 광주시
2021-03-11,양파,상,957000.0,580.0,635700,경남 창녕군 창녕읍  창녕군청 ,1126,경상남도 창녕군
2024-04-02,양파,보통,1642800.0,1776.0,690000,제주도 제주시,1142,제주특별자치도 제주시
2023-04-05,양파,특,83517800.0,57720.0,697000,제주도 서귀포시,1144,제주특별자치도 서귀포시
2019-10-23,양파,특,110000.0,200.0,314835,충남 공주시 계룡면 월암리,1021,충청남도 공주시
2025-05-20,양파,보통,725000.0,1000.0,548000,전라남도 고흥군,1104,전라남도 고흥군
2024-04-12,양파,특,175000.0,70.0,641111,경남 창원시 가음동,1124,경상남도 창원시
2021-01-14,양파,특,13466800.0,10480.0,668890,경남 남해군 설천면,1137,경상남도 남해군
2023-06-08,양파,특,18024800.0,20720.0,635000,경상남도 창녕군,1126,경상남도 창녕군
2019-07-16,양파,특,1500000.0,4500.0,534000,전라남도 무안군,1097,전라남도 무안군
2023-05-26,양파,특,105000.0,120.0,627834,경남 밀양시 산내면 송백리,1123,경상남도 밀양시
2021-06-21,양파,특,2431000.0,3060.0,525860,전남 함평군 나산면,1090,전라남도 함평군
2025-02-12,양파,특,1926000.0,1800.0,769000,경상북도 의성군,1165,경상북도 의성군
2020-08-03,양파,특,7889300.0,9740.0,678802,경남 합천군 합천읍 금양리,1140,경상남도 합천군
2019-05-07,양파,상,14000.0,140.0,570130,전북 익산시 목천동,1111,전라북도 익산시
2018-09-12,양파,특,3155800.0,6120.0,534811,전남 무안군 몽탄면 구산리,1097,전라남도 무안군
2019-07-22,양파,특,248000.0,960.0,770000,경상북도 영천시,1166,경상북도 영천시
2019-02-22,양파,상,1900000.0,4000.0,320010,충남 논산시 강산동,1022,충청남도 논산시
2023-11-21,양파,상,8100000.0,6750.0,534000,전라남도 무안군,1097,전라남도 무안군
2018-06-23,양파,특,133000.0,380.0,536000,전라남도 해남군,1098,전라남도 해남군
2021-06-29,양파,특,450000.0,900.0,320850,충남 논산시 양촌면,1022,충청남도 논산시
2024-09-09,양파,보통,673580.0,435.0,901000,서울특별시 ,1000,서울특별시
2018-10-06,양파,특,1936000.0,5760.0,527000,전라남도 강진군,1092,전라남도 강진군
2021-05-18,양파,하,1785000.0,3060.0,525000,전라남도 함평군,1090,전라남도 함평군
2023-04-19,양파,특,10057500.0,10125.0,529000,전라남도 장흥군,1094,전라남도 장흥군
2021-07-10,양파,특,1470000.0,2250.0,621873,경남 김해시 한림면 병동리,1121,경상남도 김해시
2018-04-23,양파,상,105000.0,266.0,548000,전라남도 고흥군,1104,전라남도 고흥군
2022-01-15,양파,특,120000.0,120.0,565000,전라북도 완주군,1107,전라북도 완주군
2025-02-10,양파,특,5010000.0,4500.0,800000,중국,1170,수입산
2022-01-06,양파,특,13650.0,15.0,200140,강원 춘천시 사농동,1001,강원도 춘천시
2021-07-21,양파,상,441000.0,820.0,534729,전남 무안군 청계면 도림리 목포대학교 ,1097,전라남도 무안군
2023-01-26,양파,보통,2200000.0,2000.0,635000,경상남도 창녕군,1126,경상남도 창녕군
2021-01-11,양파,특,2080000.0,960.0,770000,경상북도 영천시,1166,경상북도 영천시
2019-01-15,양파,특,350000.0,1000.0,635920,경남 창녕군 계성면,1126,경상남도 창녕군
2018-10-16,양파,특,5824000.0,7800.0,520951,전남 나주시 이창동1∼112,1089,전라남도 나주시
2023-02-24,양파,하,5780000.0,4080.0,585000,전라북도 고창군,1115,전라북도 고창군
2024-04-08,양파,하,459000.0,612.0,536830,전남 해남군 계곡면,1098,전라남도 해남군
2023-06-05,양파,특,1198000.0,2366.0,534871,전남 무안군 해제면 광산리,1097,전라남도 무안군
2019-04-20,양파,특,814200.0,1125.0,690000,제주도 제주시,1142,제주특별자치도 제주시
2023-07-04,양파,상,287000.0,500.0,730040,경북 구미시 형곡동,1153,경상북도 구미시
2024-09-24,양파,보통,2890000.0,4080.0,534000,전라남도 무안군,1097,전라남도 무안군
2024-08-26,양파,특,44304800.0,36000.0,534000,전라남도 무안군,1097,전라남도 무안군
2022-07-09,양파,보통,32000.0,30.0,330270,충남 천안시 동남구 청당동,1026,충청남도 천안시
2023-06-13,양파,특,562500.0,1125.0,534000,전라남도 무안군,1097,전라남도 무안군
2018-05-01,양파,보통,710000.0,1420.0,676800,경남 함양군 함양읍,1139,경상남도 함양군
2019-06-13,양파,특,189000.0,594.0,904000,대전광역시 ,1019,대전광역시
2019-08-01,양파,보통,178500.0,1020.0,320000,충청남도 논산시,1022,충청남도 논산시
2022-08-18,양파,하,1300000.0,1950.0,565000,전라북도 완주군,1107,전라북도 완주군
2023-12-08,양파,상,6998400.0,6480.0,716800,경북 군위군 군위읍,1149,경상북도 군위군
2019-06-11,양파,상,422500.0,1300.0,635891,경남 창녕군 부곡면 거문리,1126,경상남도 창녕군
2018-06-12,양파,하,12500.0,20.0,730870,경북 구미시 해평면,1153,경상북도 구미시
2019-06-01,양파,보통,18000.0,40.0,314830,충남 공주시 계룡면,1021,충청남도 공주시
2020-02-26,양파,특,1334000.0,696.0,534000,전라남도 무안군,1097,전라남도 무안군
2019-11-23,양파,특,1325000.0,2000.0,579000,전라북도 부안군,1114,전라북도 부안군
2024-06-03,양파,상,195000.0,150.0,320800,충남 논산시 대교동1∼210,1022,충청남도 논산시
2024-01-22,양파,특,53200.0,70.0,730800,경북 구미시 선산읍,1153,경상북도 구미시
2025-03-12,양파,특,3370000.0,1950.0,716000,경상북도 군위군,1149,경상북도 군위군
2024-05-13,양파,특,197600.0,160.0,666940,경남 산청군 단성면,1135,경상남도 산청군
2018-05-07,양파,특,141200.0,68.0,570130,전북 익산시 목천동,1111,전라북도 익산시
2018-04-10,양파,특,3310000.0,3200.0,800000,중국,1170,수입산
2019-05-25,양파,상,202500.0,740.0,580010,전북 정읍시 수성동,1116,전라북도 정읍시
2018-08-22,양파,특,726000.0,1320.0,717000,경상북도 고령군,1150,경상북도 고령군
2024-06-14,양파,특,8988750.0,12375.0,565000,전라북도 완주군,1107,전라북도 완주군
2024-09-10,양파,보통,4634200.0,4776.0,678811,경남 합천군 율곡면 갑산리,1140,경상남도 합천군
2019-11-26,양파,하,95200.0,340.0,579800,전북 부안군 부안읍,1114,전라북도 부안군
2020-04-15,양파,특,2520000.0,2700.0,800000,중국,1170,수입산
2024-09-02,양파,상,2584000.0,3060.0,534000,전라남도 무안군,1097,전라남도 무안군
2022-09-24,양파,특,2362500.0,1575.0,561302,전북 전주시 덕진구 송천동2가,1106,전라북도 전주시
2024-05-23,양파,특,1956600.0,1995.0,636000,경상남도 의령군,1127,경상남도 의령군
2022-03-16,양파,특,5625000.0,11250.0,534000,전라남도 무안군,1097,전라남도 무안군
2024-11-21,양파,상,3820000.0,4000.0,711880,대구 달성군 유가면,1146,대구광역시
2024-07-16,양파,특,1671000.0,2730.0,536804,전남 해남군 해남읍 기동리,1098,전라남도 해남군
2020-06-12,양파,특,740000.0,1600.0,745130,경북 문경시 흥덕동,1156,경상북도 문경시
2024-04-22,양파,하,672000.0,1120.0,690600,제주 제주시 제주우체국사서함,1142,제주특별자치도 제주시
2018-11-05,양파,특,48600.0,60.0,200140,강원 춘천시 사농동,1001,강원도 춘천시
2021-11-27,양파,특,7667000.0,9180.0,525000,전라남도 함평군,1090,전라남도 함평군
2020-03-27,양파,특,13699200.0,14130.0,535000,전라남도 신안군,1096,전라남도 신안군
2019-05-22,양파,특,680000.0,1000.0,635000,경상남도 창녕군,1126,경상남도 창녕군
2024-05-13,양파,보통,3321000.0,4050.0,641600,경남 창원시 창원우체국사서함,1124,경상남도 창원시
2018-10-17,양파,특,21178400.0,39600.0,635000,경상남도 창녕군,1126,경상남도 창녕군
2020-06-06,양파,상,1774500.0,3380.0,627000,경상남도 밀양시,1123,경상남도 밀양시
2024-04-17,양파,특,1435200.0,1196.0,597000,전라북도 장수군,1119,전라북도 장수군
2025-01-03,양파,하,4032000.0,4320.0,970000,경상남도 ,1178,경상남도 
2018-06-28,양파,보통,1191000.0,2600.0,356982,충남 서산시 팔봉면 금학리,1035,충청남도 서산시
2023-06-01,양파,상,170000.0,100.0,534729,전남 무안군 청계면 도림리 목포대학교 ,1097,전라남도 무안군
2023-09-15,양파,보통,550000.0,975.0,717000,경상북도 고령군,1150,경상북도 고령군
2024-06-06,양파,보통,1004400.0,1640.0,666000,경상남도 산청군,1135,경상남도 산청군
2019-04-04,양파,하,94500.0,300.0,534804,전남 무안군 무안읍 성동리,1097,전라남도 무안군
2021-04-13,양파,상,5382000.0,5400.0,697000,제주도 서귀포시,1144,제주특별자치도 서귀포시
2023-02-14,양파,특,3375000.0,2250.0,678700,경남 합천군 합천읍 합천리 합천군청 ,1140,경상남도 합천군
2020-04-17,양파,보통,1347000.0,1770.0,695942,제주 제주시 한경면 금등리,1142,제주특별자치도 제주시
2025-03-29,양파,특,340000.0,200.0,800000,중국,1170,수입산
2019-01-25,양파,특,6520000.0,13040.0,635000,경상남도 창녕군,1126,경상남도 창녕군
2018-04-26,양파,특,9009600.0,8976.0,690000,제주도 제주시,1142,제주특별자치도 제주시
2018-09-11,양파,특,781000.0,1065.0,750010,경북 영주시 영주동,1157,경상북도 영주시
2024-04-29,양파,특,9780000.0,11250.0,534000,전라남도 무안군,1097,전라남도 무안군
2020-03-19,양파,특,75000.0,50.0,210010,강원 강릉시 홍제동,1004,강원도 강릉시
2021-03-10,양파,특,3220000.0,2100.0,534000,전라남도 무안군,1097,전라남도 무안군
2025-01-16,양파,특,4470000.0,3600.0,800000,중국,1170,수입산
2020-12-22,양파,보통,3451000.0,2040.0,585000,전라북도 고창군,1115,전라북도 고창군
2025-05-24,양파,특,2470000.0,3900.0,600010,부산 중구 중앙동,1120,부산광역시
2025-04-19,양파,상,5715000.0,3900.0,635000,경상남도 창녕군,1126,경상남도 창녕군
2018-08-08,양파,상,2211000.0,6600.0,716820,경북 군위군 효령면,1149,경상북도 군위군
2021-09-25,양파,특,884000.0,1160.0,719000,경상북도 성주군,1152,경상북도 성주군
2018-11-15,양파,특,525000.0,1750.0,621150,경남 김해시 화목동,1121,경상남도 김해시
2024-01-08,양파,특,2970000.0,2250.0,534000,전라남도 무안군,1097,전라남도 무안군
2020-05-21,양파,특,3793000.0,8200.0,534729,전남 무안군 청계면 도림리 목포대학교 ,1097,전라남도 무안군
2025-01-10,양파,보통,4513500.0,3060.0,676000,경상남도 함양군,1139,경상남도 함양군
2022-02-19,양파,보통,86000.0,60.0,906000,광주광역시 ,1083,광주광역시
2019-08-24,양파,특,12760250.0,31188.0,534000,전라남도 무안군,1097,전라남도 무안군
2019-09-25,양파,특,110000.0,220.0,716820,경북 군위군 효령면,1149,경상북도 군위군
2019-06-18,양파,보통,2387500.0,7140.0,980000,경상북도 ,1179,경상북도 
2021-10-04,양파,특,2371500.0,3060.0,535000,전라남도 신안군,1096,전라남도 신안군
2023-10-12,양파,특,1950000.0,2250.0,471020,경기 구리시 교문동,1072,경기도 구리시
2024-09-26,양파,특,960000.0,640.0,600010,부산 중구 중앙동,1120,부산광역시
2021-05-24,양파,상,924000.0,1680.0,536800,전남 해남군 해남읍,1098,전라남도 해남군
2022-08-27,양파,특,35119000.0,28620.0,525000,전라남도 함평군,1090,전라남도 함평군
2018-08-24,양파,상,180000.0,200.0,745000,경상북도 문경시,1156,경상북도 문경시
2023-08-24,양파,특,2100000.0,2250.0,800000,중국,1170,수입산
2020-10-29,양파,보통,8220000.0,6600.0,635000,경상남도 창녕군,1126,경상남도 창녕군
2020-03-30,양파,특,5088000.0,4240.0,755000,경상북도 봉화군,1158,경상북도 봉화군
2024-07-02,양파,상,25800.0,40.0,757800,경북 예천군 예천읍,1159,경상북도 예천군
2023-03-16,양파,보통,1085000.0,465.0,534729,전남 무안군 청계면 도림리 목포대학교 ,1097,전라남도 무안군
2025-02-22,양파,보통,13498200.0,11160.0,740000,경상북도 김천시,1154,경상북도 김천시
2018-06-06,양파,상,360000.0,900.0,635700,경남 창녕군 창녕읍  창녕군청 ,1126,경상남도 창녕군
2024-01-27,양파,특,880000.0,800.0,636800,경남 의령군 의령읍,1127,경상남도 의령군
2021-05-13,양파,보통,27500.0,100.0,548850,전남 고흥군 동강면,1104,전라남도 고흥군
2021-02-09,양파,특,1942250.0,1020.0,534000,전라남도 무안군,1097,전라남도 무안군
2019-04-13,양파,상,149400.0,360.0,550600,전남 여수시 여수우체국사서함,1105,전라남도 여수시
2019-01-03,양파,보통,15800.0,15.0,580090,전북 정읍시 농소동,1116,전라북도 정읍시
2021-04-24,양파,보통,108000.0,540.0,627110,경남 밀양시 가곡동,1123,경상남도 밀양시
2019-07-30,양파,보통,15000.0,100.0,561302,전북 전주시 덕진구 송천동2가,1106,전라북도 전주시
2019-04-20,양파,보통,783900.0,2340.0,585000,전라북도 고창군,1115,전라북도 고창군
2024-07-04,양파,특,245000.0,700.0,745850,경북 문경시 영순면,1156,경상북도 문경시
2019-03-27,양파,상,118800.0,440.0,635000,경상남도 창녕군,1126,경상남도 창녕군
2020-05-30,양파,특,4354000.0,8400.0,717000,경상북도 고령군,1150,경상북도 고령군
2024-05-15,양파,상,8397000.0,6961.5,630000,경상남도 창원시 마산회원구,1124,경상남도 창원시
2019-09-05,양파,특,1676600.0,3939.0,717000,경상북도 고령군,1150,경상북도 고령군
2024-10-26,양파,특,13425000.0,10125.0,680813,울산 남구 삼산동1∼1311,1141,울산광역시
2023-06-14,양파,하,986000.0,1020.0,529000,전라남도 장흥군,1094,전라남도 장흥군
2020-06-29,양파,하,18800.0,30.0,534841,전남 무안군 현경면 가입리,1097,전라남도 무안군
2024-10-23,양파,보통,5905200.0,5460.0,635000,경상남도 창녕군,1126,경상남도 창녕군
2024-08-05,양파,보통,216000.0,900.0,536000,전라남도 해남군,1098,전라남도 해남군
2024-04-13,양파,특,36606500.0,24360.0,800000,중국,1170,수입산
2023-04-28,양파,특,403000.0,496.0,515805,전남 장성군 장성읍 영천리,1085,전라남도 장성군
2021-06-10,양파,특,975000.0,1125.0,534000,전라남도 무안군,1097,전라남도 무안군
2023-06-06,양파,하,2142000.0,2040.0,534000,전라남도 무안군,1097,전라남도 무안군
2020-08-11,양파,특,1988200.0,2120.0,534000,전라남도 무안군,1097,전라남도 무안군
2020-05-06,양파,특,326600.0,376.0,730040,경북 구미시 형곡동,1153,경상북도 구미시
2019-06-21,양파,상,67200.0,240.0,314830,충남 공주시 계룡면,1021,충청남도 공주시
2024-05-08,양파,상,4275000.0,3375.0,534000,전라남도 무안군,1097,전라남도 무안군
2020-06-30,양파,상,320000.0,800.0,320850,충남 논산시 양촌면,1022,충청남도 논산시
2023-10-26,양파,특,3672000.0,4320.0,901000,서울특별시 ,1000,서울특별시
2024-12-16,양파,특,3400000.0,3060.0,579000,전라북도 부안군,1114,전라북도 부안군
2024-01-30,양파,특,3450000.0,2700.0,800000,중국,1170,수입산
2022-05-28,양파,상,45000.0,60.0,660950,경남 진주시 명석면,1133,경상남도 진주시
2024-12-26,양파,특,1674000.0,2160.0,534000,전라남도 무안군,1097,전라남도 무안군
2023-03-27,양파,특,2480000.0,2880.0,770000,경상북도 영천시,1166,경상북도 영천시
2020-06-24,양파,특,875000.0,1050.0,770000,경상북도 영천시,1166,경상북도 영천시
2019-01-09,양파,상,1712000.0,4280.0,635800,경남 창녕군 창녕읍,1126,경상남도 창녕군
2021-03-24,양파,특,44195200.0,30450.0,534000,전라남도 무안군,1097,전라남도 무안군
2023-07-21,양파,상,32000.0,60.0,570130,전북 익산시 목천동,1111,전라북도 익산시
2025-04-17,양파,상,680000.0,680.0,950000,전라남도 ,1176,전라남도 
2018-11-07,양파,상,35000.0,140.0,769000,경상북도 의성군,1165,경상북도 의성군
2020-07-01,양파,보통,211200.0,360.0,570130,전북 익산시 목천동,1111,전라북도 익산시
2021-10-26,양파,상,825000.0,750.0,745852,경북 문경시 영순면 김용리,1156,경상북도 문경시
2019-10-26,양파,특,3835000.0,7800.0,534870,전남 무안군 해제면,1097,전라남도 무안군
2018-08-29,양파,특,103000.0,150.0,730811,경북 구미시 고아읍 관심리,1153,경상북도 구미시
2020-06-27,양파,특,6695000.0,8775.0,750000,경상북도 영주시,1157,경상북도 영주시
2018-07-06,양파,상,840000.0,4800.0,635000,경상남도 창녕군,1126,경상남도 창녕군
2025-02-10,양파,하,1589500.0,1020.0,525000,전라남도 함평군,1090,전라남도 함평군
2024-04-11,양파,하,767000.0,1180.0,534000,전라남도 무안군,1097,전라남도 무안군
2018-11-17,양파,특,70000.0,100.0,641111,경남 창원시 가음동,1124,경상남도 창원시
2022-10-24,양파,상,4200000.0,2100.0,711000,대구광역시 달성군,1146,대구광역시
2021-05-27,양파,보통,21000.0,60.0,635810,경남 창녕군 유어면,1126,경상남도 창녕군
2020-05-29,양파,특,3060000.0,9000.0,534000,전라남도 무안군,1097,전라남도 무안군
2021-06-01,양파,특,37904800.0,63156.0,534000,전라남도 무안군,1097,전라남도 무안군
2023-12-30,양파,특,775000.0,375.0,534000,전라남도 무안군,1097,전라남도 무안군
2020-08-13,양파,특,708000.0,792.0,717000,경상북도 고령군,1150,경상북도 고령군
2020-03-10,양파,하,16380000.0,18000.0,536000,전라남도 해남군,1098,전라남도 해남군
2025-01-31,양파,특,260400.0,220.0,138701,서울 송파구 가락1동  가락농수산물시장 ,1000,서울특별시
2021-06-23,양파,특,90000.0,200.0,678810,경남 합천군 율곡면,1140,경상남도 합천군
2024-04-24,양파,보통,180000.0,180.0,636000,경상남도 의령군,1127,경상남도 의령군
2019-06-17,양파,특,216000.0,960.0,527000,전라남도 강진군,1092,전라남도 강진군
2018-04-03,양파,상,198800.0,710.0,525000,전라남도 함평군,1090,전라남도 함평군
2018-06-23,양파,상,2060500.0,6560.0,612810,부산 해운대구 반여1동1409∼1411,1120,부산광역시
2018-10-05,양파,특,750000.0,900.0,570130,전북 익산시 목천동,1111,전라북도 익산시
2019-01-24,양파,특,54000.0,300.0,790140,경북 포항시 남구 대도동,1168,경상북도 포항시
2018-05-10,양파,특,936000.0,1950.0,534000,전라남도 무안군,1097,전라남도 무안군
2019-04-18,양파,보통,75000.0,100.0,529800,전남 장흥군 장흥읍,1094,전라남도 장흥군
2019-04-25,양파,특,800000.0,1000.0,565907,전북 완주군 봉동읍 장기리,1107,전라북도 완주군
2018-08-27,양파,보통,1810000.0,2100.0,676800,경남 함양군 함양읍,1139,경상남도 함양군
2019-09-17,양파,특,1162000.0,2100.0,676800,경남 함양군 함양읍,1139,경상남도 함양군
2021-05-26,양파,특,4280000.0,8560.0,305325,대전 유성구 노은동,1019,대전광역시
2020-12-17,양파,상,2502500.0,1820.0,950000,전라남도 ,1176,전라남도 
2019-04-04,양파,특,8532000.0,10800.0,678800,경남 합천군 합천읍,1140,경상남도 합천군
2022-03-04,양파,특,1583400.0,3024.0,525000,전라남도 함평군,1090,전라남도 함평군
2020-08-13,양파,하,344000.0,780.0,635000,경상남도 창녕군,1126,경상남도 창녕군
2021-10-07,양파,특,880000.0,1760.0,636810,경남 의령군 화정면,1127,경상남도 의령군
2021-09-11,양파,특,25000.0,210.0,573000,전라북도 군산시,1112,전라북도 군산시
2021-06-10,양파,특,1458000.0,3615.0,641111,경남 창원시 가음동,1124,경상남도 창원시
2019-12-04,양파,특,168000.0,210.0,621150,경남 김해시 화목동,1121,경상남도 김해시
2023-10-24,양파,특,18180.0,12.0,200140,강원 춘천시 사농동,1001,강원도 춘천시
2019-03-20,양파,하,4300.0,15.0,534841,전남 무안군 현경면 가입리,1097,전라남도 무안군
2018-12-25,양파,특,29452800.0,43290.0,534000,전라남도 무안군,1097,전라남도 무안군
2018-07-19,양파,특,1533700.0,5100.0,570600,전북 익산시 익산우체국사서함,1111,전라북도 익산시
2021-12-27,양파,특,104000.0,80.0,403010,인천 부평구 부평동,1049,인천광역시
2022-07-18,양파,특,237000.0,270.0,901000,서울특별시 ,1000,서울특별시
2019-03-21,양파,상,4690000.0,6300.0,745150,경북 문경시 공평동,1156,경상북도 문경시
2020-08-19,양파,특,1200000.0,2000.0,906000,광주광역시 ,1083,광주광역시
2021-08-09,양파,보통,2378250.0,3060.0,520000,전라남도 나주시,1089,전라남도 나주시
2019-03-25,양파,상,140000.0,700.0,645000,경상남도 진해시,1130,경상남도 진해시
2019-10-19,양파,특,1092800.0,4180.0,714000,경상북도 청도군,1148,경상북도 청도군
2024-10-15,양파,상,5079000.0,3850.0,902000,부산광역시 ,1120,부산광역시
2025-02-28,양파,특,2714000.0,1710.0,561302,전북 전주시 덕진구 송천동2가,1106,전라북도 전주시
2019-07-08,양파,특,112500.0,960.0,561090,전북 전주시 덕진구 서노송동,1106,전라북도 전주시
2018-11-22,양파,특,127500.0,150.0,520000,전라남도 나주시,1089,전라남도 나주시
2021-12-24,양파,보통,525900.0,1080.0,320000,충청남도 논산시,1022,충청남도 논산시
2022-12-03,양파,특,620000.0,310.0,630000,경상남도 창원시 마산회원구,1124,경상남도 창원시
2023-12-28,양파,특,876000.0,1170.0,635000,경상남도 창녕군,1126,경상남도 창녕군
2019-04-23,양파,상,1152600.0,1695.0,990000,제주도 ,1180,제주도 
2019-12-24,양파,하,313500.0,855.0,534841,전남 무안군 현경면 가입리,1097,전라남도 무안군
2018-07-18,양파,상,270000.0,1000.0,745000,경상북도 문경시,1156,경상북도 문경시
2020-06-25,양파,상,2046000.0,3720.0,536000,전라남도 해남군,1098,전라남도 해남군
2023-12-20,양파,보통,13770000.0,15300.0,678000,경상남도 합천군,1140,경상남도 합천군
2019-02-22,양파,하,826000.0,1050.0,534841,전남 무안군 현경면 가입리,1097,전라남도 무안군
2022-02-15,양파,상,99000.0,135.0,390160,충북 제천시 강제동,1047,충청북도 제천시
2025-05-01,양파,특,5392500.0,5625.0,990000,제주도 ,1180,제주도 
2020-08-13,양파,상,23440.0,20.0,902000,부산광역시 ,1120,부산광역시
2022-12-13,양파,특,160000.0,120.0,565863,전북 완주군 고산면 성재리,1107,전라북도 완주군
2023-03-06,양파,상,10365000.0,5625.0,534000,전라남도 무안군,1097,전라남도 무안군
2018-04-16,양파,하,157000.0,225.0,534841,전남 무안군 현경면 가입리,1097,전라남도 무안군
2018-05-23,양파,특,228800.0,520.0,536880,전남 해남군 화원면,1098,전라남도 해남군
2018-06-07,양파,상,550000.0,1000.0,718800,경북 칠곡군 왜관읍,1151,경상북도 칠곡군
2018-02-05,양파,특,6160000.0,8400.0,534000,전라남도 무안군,1097,전라남도 무안군
2022-07-11,양파,특,864000.0,640.0,513807,전남 영광군 영광읍 무령리,1084,전라남도 영광군
2020-01-29,양파,상,6107200.0,6940.0,706820,대구 수성구 범어2동147∼188,1146,대구광역시
2023-06-08,양파,하,1989000.0,2040.0,534000,전라남도 무안군,1097,전라남도 무안군
2018-07-04,양파,특,3048000.0,4800.0,525000,전라남도 함평군,1090,전라남도 함평군
2022-05-26,양파,보통,800000.0,2000.0,637830,경남 함안군 법수면,1128,경상남도 함안군
2025-03-04,양파,상,105760.0,32.0,500010,광주 북구 임동,1083,광주광역시
2024-03-18,양파,특,3876000.0,3060.0,678000,경상남도 합천군,1140,경상남도 합천군
2022-08-03,양파,하,2853600.0,2952.0,579000,전라북도 부안군,1114,전라북도 부안군
2024-05-30,양파,하,430500.0,615.0,730600,경북 구미시 구미우체국사서함,1153,경상북도 구미시
2023-12-27,양파,상,290000.0,565.5,730000,경상북도 구미시,1153,경상북도 구미시
2022-07-15,양파,상,186900.0,240.0,760880,경북 안동시 일직면,1160,경상북도 안동시
2020-07-27,양파,특,124300.0,220.0,641111,경남 창원시 가음동,1124,경상남도 창원시
2024-07-18,양파,특,690000.0,450.0,745850,경북 문경시 영순면,1156,경상북도 문경시
2024-10-10,양파,특,24000.0,36.0,901000,서울특별시 ,1000,서울특별시
2019-10-11,양파,특,2108000.0,6800.0,635000,경상남도 창녕군,1126,경상남도 창녕군
2022-04-05,양파,특,6675000.0,15750.0,714000,경상북도 청도군,1148,경상북도 청도군
2023-04-01,양파,보통,55000.0,209.0,534860,전남 무안군 운남면,1097,전라남도 무안군
2019-09-16,양파,특,7070.0,12.0,200140,강원 춘천시 사농동,1001,강원도 춘천시
2019-05-09,양파,특,1320000.0,1742.4,717000,경상북도 고령군,1150,경상북도 고령군
2019-02-11,양파,특,1400000.0,1400.0,525800,전남 함평군 함평읍,1090,전라남도 함평군
2024-07-20,양파,특,4012000.0,6120.0,534000,전라남도 무안군,1097,전라남도 무안군
2024-06-10,양파,특,3456000.0,3240.0,676000,경상남도 함양군,1139,경상남도 함양군
2024-11-09,양파,상,11932500.0,9000.0,676823,경남 함양군 안의면 금천리,1139,경상남도 함양군
2024-05-08,양파,보통,2728200.0,3451.5,635000,경상남도 창녕군,1126,경상남도 창녕군
2018-05-12,양파,상,770400.0,2760.0,534804,전남 무안군 무안읍 성동리,1097,전라남도 무안군
2024-11-22,양파,상,33000.0,36.0,561302,전북 전주시 덕진구 송천동2가,1106,전라북도 전주시
2020-07-11,양파,특,2856000.0,3360.0,456000,경기도 안성시,1067,경기도 안성시
2018-11-19,양파,상,70000.0,140.0,980000,경상북도 ,1179,경상북도 
2022-09-15,양파,특,1612500.0,1125.0,534000,전라남도 무안군,1097,전라남도 무안군
2025-01-20,양파,특,16125000.0,11250.0,534850,전남 무안군 망운면,1097,전라남도 무안군
2021-10-13,양파,특,738000.0,900.0,742600,경북 상주시 상주우체국사서함,1155,경상북도 상주시
2018-09-18,양파,특,1448000.0,1600.0,902000,부산광역시 ,1120,부산광역시
2022-08-15,양파,상,106400.0,140.0,769000,경상북도 의성군,1165,경상북도 의성군
2020-04-02,양파,특,2805000.0,3060.0,525000,전라남도 함평군,1090,전라남도 함평군
2021-04-19,양파,상,740900.0,1836.0,656040,경남 거제시 마전동,1132,경상남도 거제시
2020-11-03,양파,특,136800.0,228.0,535000,전라남도 신안군,1096,전라남도 신안군
2019-12-31,양파,보통,189000.0,360.0,570000,전라북도 익산시,1111,전라북도 익산시
2021-03-30,양파,하,125000.0,362.5,579856,전북 부안군 변산면 중산리,1114,전라북도 부안군
2018-04-09,양파,특,28280.0,28.0,200140,강원 춘천시 사농동,1001,강원도 춘천시
2018-06-22,양파,하,187000.0,1020.0,534000,전라남도 무안군,1097,전라남도 무안군
2024-03-30,양파,하,9044000.0,4080.0,678000,경상남도 합천군,1140,경상남도 합천군
2023-05-30,양파,보통,52000.0,80.0,637000,경상남도 함안군,1128,경상남도 함안군
2021-01-16,양파,하,2648200.0,2220.0,525000,전라남도 함평군,1090,전라남도 함평군
2018-02-27,양파,특,2172600.0,2040.0,535000,전라남도 신안군,1096,전라남도 신안군
2024-09-04,양파,특,42151500.0,40725.0,800000,중국,1170,수입산
2018-07-31,양파,특,235000.0,375.0,356000,충청남도 서산시,1035,충청남도 서산시
2023-05-10,양파,상,1260000.0,1080.0,534841,전남 무안군 현경면 가입리,1097,전라남도 무안군
2024-07-15,양파,특,3780000.0,3150.0,745000,경상북도 문경시,1156,경상북도 문경시
2021-05-05,양파,상,189800.0,260.0,730040,경북 구미시 형곡동,1153,경상북도 구미시
2020-08-20,양파,특,3395000.0,3150.0,745600,경북 문경시 문경우체국사서함,1156,경상북도 문경시
2023-05-15,양파,상,3150000.0,3000.0,678700,경남 합천군 합천읍 합천리 합천군청 ,1140,경상남도 합천군
2024-02-20,양파,하,1309000.0,2040.0,534000,전라남도 무안군,1097,전라남도 무안군
2021-08-25,양파,특,1627400.0,2060.0,760000,경상북도 안동시,1160,경상북도 안동시
2022-06-27,양파,보통,1950000.0,1950.0,750000,경상북도 영주시,1157,경상북도 영주시
2022-07-06,양파,특,18500.0,15.0,356000,충청남도 서산시,1035,충청남도 서산시
2021-09-08,양파,보통,240000.0,200.0,901000,서울특별시 ,1000,서울특별시
2021-03-16,양파,특,1248000.0,480.0,769700,경북 의성군 의성읍  의성군청 ,1165,경상북도 의성군
2020-12-22,양파,특,14875000.0,12690.0,770000,경상북도 영천시,1166,경상북도 영천시
2023-10-11,양파,특,637000.0,735.0,600010,부산 중구 중앙동,1120,부산광역시
2020-02-05,양파,특,810000.0,900.0,565907,전북 완주군 봉동읍 장기리,1107,전라북도 완주군
2024-05-08,양파,특,3128000.0,2040.0,548000,전라남도 고흥군,1104,전라남도 고흥군
2023-07-25,양파,특,3741000.0,1935.0,534000,전라남도 무안군,1097,전라남도 무안군
2019-02-21,양파,특,560000.0,2800.0,930000,충청남도 ,1174,충청남도 
2025-04-29,양파,상,748000.0,880.0,950000,전라남도 ,1176,전라남도 
2021-09-01,양파,하,2055000.0,2250.0,534000,전라남도 무안군,1097,전라남도 무안군
2022-05-19,양파,보통,344500.0,1060.0,635831,경남 창녕군 이방면 거남리,1126,경상남도 창녕군
2021-04-07,양파,특,41474700.0,35760.0,800000,중국,1170,수입산
2018-06-27,양파,특,35000.0,50.0,570600,전북 익산시 익산우체국사서함,1111,전라북도 익산시
2020-06-27,양파,보통,137600.0,320.0,516800,전남 곡성군 곡성읍,1086,전라남도 곡성군
2019-04-13,양파,상,5211400.0,5400.0,990000,제주도 ,1180,제주도 
2020-10-12,양파,특,7490000.0,6300.0,534841,전남 무안군 현경면 가입리,1097,전라남도 무안군
2018-10-03,양파,하,4111800.0,10020.0,565000,전라북도 완주군,1107,전라북도 완주군
2018-12-19,양파,보통,2015000.0,3100.0,676000,경상남도 함양군,1139,경상남도 함양군
2019-06-04,양파,하,94000.0,400.0,534000,전라남도 무안군,1097,전라남도 무안군
2020-08-26,양파,상,923000.0,1384.5,769000,경상북도 의성군,1165,경상북도 의성군
2025-05-26,양파,특,1860000.0,1320.0,570130,전북 익산시 목천동,1111,전라북도 익산시
2020-06-06,양파,특,877600.0,1560.0,627834,경남 밀양시 산내면 송백리,1123,경상남도 밀양시
2019-12-19,양파,특,49000.0,70.0,570130,전북 익산시 목천동,1111,전라북도 익산시
2024-07-31,양파,특,82500.0,220.0,585840,전북 고창군 고수면,1115,전라북도 고창군
2021-06-04,양파,특,5168000.0,12160.0,529000,전라남도 장흥군,1094,전라남도 장흥군
2020-04-22,양파,보통,333200.0,300.0,410340,경기 고양시 일산동구 산황동,1050,경기도 고양시
2021-03-17,양파,특,2402000.0,1160.0,520820,전남 나주시 금천면,1089,전라남도 나주시
2023-10-13,양파,특,660000.0,825.0,534850,전남 무안군 망운면,1097,전라남도 무안군
2025-04-02,양파,특,12000.0,4.0,570600,전북 익산시 익산우체국사서함,1111,전라북도 익산시
2019-07-03,양파,상,715000.0,2200.0,570130,전북 익산시 목천동,1111,전라북도 익산시
2018-05-26,양파,특,2031000.0,4020.0,630850,경남 마산시 내서읍,1125,경상남도 마산시
2018-12-14,양파,특,522000.0,720.0,534000,전라남도 무안군,1097,전라남도 무안군
2019-03-01,양파,상,35000.0,280.0,702825,대구 북구 매천동1∼594,1146,대구광역시
2024-04-19,양파,보통,2340000.0,2700.0,548000,전라남도 고흥군,1104,전라남도 고흥군
2021-07-09,양파,상,252000.0,594.0,635000,경상남도 창녕군,1126,경상남도 창녕군
2022-12-08,양파,특,2800000.0,3000.0,800000,수입산,1170,수입산
2020-06-10,양파,특,1303400.0,1960.0,757800,경북 예천군 예천읍,1159,경상북도 예천군
2021-06-10,양파,특,106600.0,330.0,690822,제주 제주시 용담2동1668∼1999,1142,제주특별자치도 제주시
2023-06-16,양파,특,4000.0,15.0,565800,전북 완주군 삼례읍,1107,전라북도 완주군
2019-07-13,양파,상,31710.0,30.0,500010,광주 북구 임동,1083,광주광역시
2018-04-18,양파,보통,693000.0,990.0,695842,제주 북제주군 한경면 판포리,1143,제주특별자치도 북제주군
2019-08-12,양파,특,529800.0,2920.0,561302,전북 전주시 덕진구 송천동2가,1106,전라북도 전주시
2022-06-29,양파,상,494500.0,460.0,566000,전라북도 임실군,1108,전라북도 임실군
2023-05-16,양파,보통,250800.0,264.0,525000,전라남도 함평군,1090,전라남도 함평군
2021-05-26,양파,상,591600.0,1020.0,548860,전남 고흥군 대서면,1104,전라남도 고흥군
2021-07-19,양파,보통,1632000.0,2880.0,314840,충남 공주시 이인면,1021,충청남도 공주시
2021-06-02,양파,특,956400.0,1480.0,548000,전라남도 고흥군,1104,전라남도 고흥군
2019-04-15,양파,특,1800000.0,2000.0,990000,제주도 ,1180,제주도 
2022-08-24,양파,특,9508000.0,8160.0,950000,전라남도 ,1176,전라남도 
2025-01-13,양파,특,7358400.0,6480.0,579806,전북 부안군 부안읍 서외4리,1114,전라북도 부안군
2018-12-21,양파,특,250000.0,750.0,545850,전남 광양시 진월면,1102,전라남도 광양시
2021-07-21,양파,특,2100000.0,3500.0,635000,경상남도 창녕군,1126,경상남도 창녕군
2020-07-13,양파,상,12500.0,20.0,343000,충청남도 당진시,1031,충청남도 당진시
2023-12-20,양파,하,1365000.0,1125.0,534000,전라남도 무안군,1097,전라남도 무안군
2024-04-03,양파,특,5439000.0,3330.0,361300,충북 청주시 흥덕구 봉명동,1037,충청북도 청주시
2021-11-25,양파,특,5120000.0,3840.0,636000,경상남도 의령군,1127,경상남도 의령군
2025-02-12,양파,특,7189000.0,4875.0,565907,전북 완주군 봉동읍 장기리,1107,전라북도 완주군
2019-03-11,양파,특,37500.0,500.0,790140,경북 포항시 남구 대도동,1168,경상북도 포항시
2020-11-10,양파,특,2484000.0,2760.0,465000,경기도 하남시,1069,경기도 하남시
2020-10-20,양파,특,2378000.0,4080.0,534000,전라남도 무안군,1097,전라남도 무안군
2022-10-21,양파,특,27213000.0,20840.0,770000,경상북도 영천시,1166,경상북도 영천시
2024-08-28,양파,하,427500.0,1125.0,740000,경상북도 김천시,1154,경상북도 김천시
2024-02-28,양파,특,2376000.0,3120.0,740000,경상북도 김천시,1154,경상북도 김천시
2018-10-19,양파,특,2993000.0,6888.0,535000,전라남도 신안군,1096,전라남도 신안군
2020-01-20,양파,특,7004500.0,7908.0,534843,전남 무안군 현경면 양학리,1097,전라남도 무안군
2023-09-21,양파,특,1740800.0,1088.0,525800,전남 함평군 함평읍,1090,전라남도 함평군
2023-07-27,양파,특,63000.0,140.0,678810,경남 합천군 율곡면,1140,경상남도 합천군
2024-01-20,양파,상,3732000.0,4500.0,320600,충남 논산시 논산우체국사서함,1022,충청남도 논산시
2022-02-14,양파,상,1840500.0,4524.0,717000,경상북도 고령군,1150,경상북도 고령군
2019-11-11,양파,하,10000.0,80.0,561302,전북 전주시 덕진구 송천동2가,1106,전라북도 전주시
2023-06-17,양파,특,1000000.0,1000.0,791940,경북 포항시 북구 흥해읍,1168,경상북도 포항시
2025-05-27,양파,특,76000.0,80.0,548860,전남 고흥군 대서면,1104,전라남도 고흥군
2023-06-21,양파,특,30337500.0,24750.0,534000,전라남도 무안군,1097,전라남도 무안군
2020-09-04,양파,특,650000.0,500.0,561813,전북 전주시 덕진구 서노송동 628 687,1106,전라북도 전주시
2023-09-20,양파,특,11250000.0,13500.0,902000,부산광역시 ,1120,부산광역시
2019-08-19,양파,상,3518800.0,9260.0,636805,경남 의령군 의령읍 서동리,1127,경상남도 의령군
2024-12-07,양파,특,30000000.0,26100.0,534000,전라남도 무안군,1097,전라남도 무안군
2020-07-27,양파,특,120000.0,150.0,565907,전북 완주군 봉동읍 장기리,1107,전라북도 완주군
2022-10-26,양파,상,780000.0,600.0,740000,경상북도 김천시,1154,경상북도 김천시
2019-07-31,양파,특,112200.0,440.0,580930,전북 정읍시 옹동면,1116,전라북도 정읍시
2021-02-02,양파,특,197500.0,150.0,570600,전북 익산시 익산우체국사서함,1111,전라북도 익산시
2023-12-29,양파,상,1900000.0,2000.0,636920,경남 의령군 정곡면,1127,경상남도 의령군
2024-05-13,양파,보통,180000.0,180.0,529000,전라남도 장흥군,1094,전라남도 장흥군
2022-07-29,양파,특,8856000.0,6480.0,525000,전라남도 함평군,1090,전라남도 함평군
2018-06-06,양파,하,17500.0,140.0,513860,전남 영광군 염산면,1084,전라남도 영광군
2018-02-05,양파,특,11076000.0,11700.0,800000,중국,1170,수입산
2020-05-25,양파,하,3655000.0,3264.0,525000,전라남도 함평군,1090,전라남도 함평군
2023-05-26,양파,특,9000000.0,6750.0,678802,경남 합천군 합천읍 금양리,1140,경상남도 합천군
2024-07-23,양파,특,32500.0,50.0,636810,경남 의령군 화정면,1127,경상남도 의령군
2020-09-21,양파,특,138000.0,120.0,570130,전북 익산시 목천동,1111,전라북도 익산시
2019-07-18,양파,특,2159100.0,7460.0,717000,경상북도 고령군,1150,경상북도 고령군
2024-11-09,양파,특,32000.0,20.0,630000,경상남도 창원시 마산회원구,1124,경상남도 창원시
2019-06-10,양파,보통,8000.0,80.0,636911,경남 의령군 용덕면 가락리,1127,경상남도 의령군
2018-04-26,양파,특,2796600.0,3160.0,627000,경상남도 밀양시,1123,경상남도 밀양시
2022-11-15,양파,상,1134000.0,840.0,635822,경남 창녕군 대지면 모산리,1126,경상남도 창녕군
2022-07-19,양파,상,6275200.0,5400.0,902000,부산광역시 ,1120,부산광역시
2023-07-31,양파,상,27000.0,60.0,560600,전북 전주시 완산구 전주우체국사서함,1106,전라북도 전주시
2018-02-24,양파,특,30000.0,30.0,356810,충남 서산시 고북면,1035,충청남도 서산시
2023-08-25,양파,하,780800.0,2472.0,525000,전라남도 함평군,1090,전라남도 함평군
2025-05-16,양파,상,2722000.0,3720.0,627880,경남 밀양시 초동면,1123,경상남도 밀양시
2020-05-15,양파,특,450000.0,1000.0,678807,경남 합천군 합천읍 합천리  665∼780,1140,경상남도 합천군
2019-11-12,양파,특,4825200.0,9400.0,618807,부산 강서구 대저2동1001∼2507,1120,부산광역시
2023-08-08,양파,보통,262800.0,720.0,637000,경상남도 함안군,1128,경상남도 함안군
2023-10-21,양파,특,765000.0,765.0,534000,전라남도 무안군,1097,전라남도 무안군
2023-07-31,양파,특,9626000.0,8180.0,730010,경북 구미시 원평동,1153,경상북도 구미시
2020-02-24,양파,특,1904000.0,1680.0,570130,전북 익산시 목천동,1111,전라북도 익산시
2024-11-02,양파,특,4803500.0,3900.0,456000,경기도 안성시,1067,경기도 안성시
2021-01-07,양파,특,440000.0,200.0,561813,전북 전주시 덕진구 서노송동 628 687,1106,전라북도 전주시
2019-09-24,양파,특,28500.0,30.0,138000,서울특별시 송파구,1000,서울특별시
2019-04-24,양파,보통,1033000.0,1590.0,740890,경북 김천시 감천면,1154,경상북도 김천시
2024-04-06,양파,특,21257100.0,15860.0,525800,전남 함평군 함평읍,1090,전라남도 함평군
2022-09-22,양파,특,8968700.0,6060.0,525000,전라남도 함평군,1090,전라남도 함평군
2020-04-15,양파,특,4875000.0,5625.0,690600,제주 제주시 제주우체국사서함,1142,제주특별자치도 제주시
2018-12-17,양파,특,489600.0,540.0,676800,경남 함양군 함양읍,1139,경상남도 함양군
2021-03-01,양파,특,15489600.0,9120.0,706820,대구 수성구 범어2동147∼188,1146,대구광역시
2025-05-02,양파,상,155400.0,296.0,556823,전남 여수시 화양면 안포리,1105,전라남도 여수시
2022-01-18,양파,특,387000.0,645.0,138000,서울특별시 송파구,1000,서울특별시
2021-07-16,양파,특,5911000.0,10280.0,635920,경남 창녕군 계성면,1126,경상남도 창녕군
2024-03-26,양파,특,4550000.0,2925.0,565907,전북 완주군 봉동읍 장기리,1107,전라북도 완주군
2024-02-14,양파,특,100000.0,100.0,403010,인천 부평구 부평동,1049,인천광역시
2019-10-02,양파,특,97500.0,68.0,570130,전북 익산시 목천동,1111,전라북도 익산시
2021-01-21,양파,특,1762500.0,1125.0,232000,강원도 평창군,1011,강원도 평창군
2018-05-05,양파,특,1912500.0,3060.0,548000,전라남도 고흥군,1104,전라남도 고흥군
2022-02-23,양파,보통,1112400.0,2160.0,770000,경상북도 영천시,1166,경상북도 영천시
2022-11-22,양파,특,2000000.0,2000.0,534000,전라남도 무안군,1097,전라남도 무안군
2024-05-24,양파,특,13182000.0,11700.0,641600,경남 창원시 창원우체국사서함,1124,경상남도 창원시
2023-03-29,양파,특,2200000.0,1000.0,525800,전남 함평군 함평읍,1090,전라남도 함평군
2020-06-06,양파,특,3150000.0,6750.0,690000,제주도 제주시,1142,제주특별자치도 제주시
2020-07-16,양파,상,50000.0,200.0,580090,전북 정읍시 농소동,1116,전라북도 정읍시
2019-08-15,양파,하,7979050.0,16272.0,525000,전라남도 함평군,1090,전라남도 함평군
2021-12-07,양파,특,1975800.0,2664.0,525000,전라남도 함평군,1090,전라남도 함평군
2022-01-11,양파,특,1720000.0,4000.0,525800,전남 함평군 함평읍,1090,전라남도 함평군
2019-03-29,양파,특,680000.0,840.0,482000,경기도 양주시,1077,경기도 양주시
2020-06-16,양파,특,415000.0,1000.0,525000,전라남도 함평군,1090,전라남도 함평군
2024-11-05,양파,보통,390000.0,300.0,618000,부산광역시 부산 강서구,1120,부산광역시
2018-07-19,양파,특,110000.0,300.0,635000,경상남도 창녕군,1126,경상남도 창녕군
2018-07-18,양파,특,106000.0,200.0,769800,경북 의성군 의성읍,1165,경상북도 의성군
2024-09-25,양파,상,118000.0,63.0,356010,충남 서산시 동문동,1035,충청남도 서산시
2022-03-08,양파,상,3202500.0,7875.0,525820,전남 함평군 엄다면,1090,전라남도 함평군
2023-02-20,양파,특,420000.0,400.0,621150,경남 김해시 화목동,1121,경상남도 김해시
2021-03-04,양파,특,525000.0,80.0,138701,서울 송파구 가락1동  가락농수산물시장 ,1000,서울특별시
2022-04-30,양파,하,2601000.0,6036.0,534000,전라남도 무안군,1097,전라남도 무안군
2024-08-12,양파,상,148500.0,180.0,670000,경상남도 거창군,1138,경상남도 거창군
2021-04-27,양파,상,1251200.0,2950.2,717000,경상북도 고령군,1150,경상북도 고령군
2023-01-30,양파,특,1354400.0,1120.0,621150,경남 김해시 화목동,1121,경상남도 김해시
2021-08-31,양파,특,80000.0,75.0,471841,경기 구리시 인창동669∼675,1072,경기도 구리시
2019-11-23,양파,상,2672000.0,4000.0,902000,부산광역시 ,1120,부산광역시
2020-02-08,양파,특,8280000.0,9000.0,678000,경상남도 합천군,1140,경상남도 합천군
2019-11-12,양파,특,340000.0,1020.0,534000,전라남도 무안군,1097,전라남도 무안군
2022-09-17,양파,특,4491000.0,3240.0,534000,전라남도 무안군,1097,전라남도 무안군
2018-05-15,양파,보통,400000.0,800.0,548000,전라남도 고흥군,1104,전라남도 고흥군
2020-07-14,양파,특,533300.0,1245.0,525000,전라남도 함평군,1090,전라남도 함평군
2024-07-19,양파,보통,188600.0,345.0,330280,충남 천안시 신당동,1026,충청남도 천안시
2023-08-04,양파,상,323000.0,340.0,635000,경상남도 창녕군,1126,경상남도 창녕군
2019-06-07,양파,보통,1380000.0,3000.0,635000,경상남도 창녕군,1126,경상남도 창녕군
2019-07-13,양파,특,730000.0,2920.0,711000,대구광역시 달성군,1146,대구광역시
2021-06-12,양파,특,21200.0,60.0,356000,충청남도 서산시,1035,충청남도 서산시
2019-07-03,양파,특,283500.0,900.0,903000,대구광역시 ,1146,대구광역시
2018-06-13,양파,상,949500.0,4220.0,529000,전라남도 장흥군,1094,전라남도 장흥군
2021-12-29,양파,특,2800000.0,4000.0,716000,경상북도 군위군,1149,경상북도 군위군
2018-05-14,양파,특,297500.0,700.0,635943,경남 창녕군 대합면 모전리,1126,경상남도 창녕군
2018-08-22,양파,특,6060.0,7.0,200140,강원 춘천시 사농동,1001,강원도 춘천시
2018-09-14,양파,특,134400.0,168.0,534000,전라남도 무안군,1097,전라남도 무안군
2022-12-09,양파,하,10000.0,15.0,534000,전라남도 무안군,1097,전라남도 무안군
2024-06-26,양파,특,30000.0,50.0,356832,충남 서산시 운산면 갈산리,1035,충청남도 서산시
2023-04-05,양파,상,700000.0,2000.0,635000,경상남도 창녕군,1126,경상남도 창녕군
2022-10-03,양파,특,1136000.0,960.0,565003,전북 완주군 봉동읍  전주우편집중국 ,1107,전라북도 완주군
2023-04-21,양파,특,10720800.0,9720.0,690010,제주 제주시 일도동,1142,제주특별자치도 제주시
2022-06-23,양파,보통,566400.0,480.0,760880,경북 안동시 일직면,1160,경상북도 안동시
2019-08-17,양파,상,35700.0,170.0,730010,경북 구미시 원평동,1153,경상북도 구미시
2019-03-13,양파,특,1600.0,5.2,570932,전북 익산시 여산면 여산리,1111,전라북도 익산시
2019-06-22,양파,상,1219000.0,4600.0,585000,전라북도 고창군,1115,전라북도 고창군
2021-05-19,양파,특,1588200.0,3440.0,766805,경북 영덕군 영덕읍 남산리,1163,경상북도 영덕군
2018-11-10,양파,특,132600.0,408.0,565003,전북 완주군 봉동읍  전주우편집중국 ,1107,전라북도 완주군
2024-02-07,양파,보통,315000.0,682.5,716000,경상북도 군위군,1149,경상북도 군위군
2018-05-11,양파,상,297000.0,540.0,637911,경남 함안군 대산면 구혜리,1128,경상남도 함안군
2019-01-19,양파,하,442000.0,2040.0,525000,전라남도 함평군,1090,전라남도 함평군
2020-04-08,양파,상,1728000.0,1920.0,717000,경상북도 고령군,1150,경상북도 고령군
2023-08-30,양파,특,408000.0,1020.0,534000,전라남도 무안군,1097,전라남도 무안군
2019-03-15,양파,특,2295000.0,3060.0,534000,전라남도 무안군,1097,전라남도 무안군
2022-07-05,양파,상,118000.0,240.0,630850,경남 마산시 내서읍,1125,경상남도 마산시
2022-12-12,양파,상,119000.0,55.0,356010,충남 서산시 동문동,1035,충청남도 서산시
2018-06-04,양파,특,915000.0,1125.0,534000,전라남도 무안군,1097,전라남도 무안군
2018-11-14,양파,특,22500.0,40.0,790140,경북 포항시 남구 대도동,1168,경상북도 포항시
2023-04-11,양파,특,3270000.0,2180.0,699835,제주 남제주군 대정읍 하모리,1145,제주특별자치도 남제주군
2023-04-14,양파,특,3923500.0,2660.0,548000,전라남도 고흥군,1104,전라남도 고흥군
2018-04-20,양파,특,2063400.0,3620.0,635000,경상남도 창녕군,1126,경상남도 창녕군
2018-11-02,양파,특,4610000.0,7000.0,534000,전라남도 무안군,1097,전라남도 무안군
2018-07-03,양파,특,690000.0,3000.0,534870,전남 무안군 해제면,1097,전라남도 무안군
2021-01-12,양파,특,5011500.0,2925.0,635000,경상남도 창녕군,1126,경상남도 창녕군
2018-02-09,양파,상,1007400.0,1035.0,306010,대전 대덕구 오정동,1019,대전광역시
2023-11-17,양파,특,9614800.0,10320.0,676000,경상남도 함양군,1139,경상남도 함양군
2021-11-16,양파,보통,925000.0,740.0,745852,경북 문경시 영순면 김용리,1156,경상북도 문경시
2024-03-07,양파,보통,2016000.0,1920.0,770000,경상북도 영천시,1166,경상북도 영천시
2023-02-09,양파,특,2771000.0,2040.0,597000,전라북도 장수군,1119,전라북도 장수군
2024-11-04,양파,상,6428000.0,6510.0,902000,부산광역시 ,1120,부산광역시
2020-01-18,양파,특,1515000.0,2000.0,534700,전남 무안군 삼향면 남악리 전라남도청 ,1097,전라남도 무안군
2021-08-30,양파,특,1968800.0,3680.0,770000,경상북도 영천시,1166,경상북도 영천시
2020-05-11,양파,특,49034900.0,76488.0,534000,전라남도 무안군,1097,전라남도 무안군
2024-11-14,양파,보통,1530000.0,1350.0,800000,중국,1170,수입산
2021-06-08,양파,상,1320000.0,2400.0,540850,전남 순천시 해룡면,1100,전라남도 순천시
2018-06-15,양파,특,221900.0,470.0,357910,충남 태안군 원북면,1036,충청남도 태안군
2021-05-28,양파,하,18000.0,40.0,529804,전남 장흥군 장흥읍 교촌리,1094,전라남도 장흥군
2019-06-11,양파,하,573300.0,1470.0,534841,전남 무안군 현경면 가입리,1097,전라남도 무안군
2019-12-20,양파,특,215000.0,430.0,902000,부산광역시 ,1120,부산광역시
2022-02-15,양파,특,640000.0,800.0,534802,전남 무안군 무안읍 교촌리,1097,전라남도 무안군
2023-10-06,양파,보통,675000.0,1000.0,635000,경상남도 창녕군,1126,경상남도 창녕군
2025-05-20,양파,하,119700.0,228.0,534000,전라남도 무안군,1097,전라남도 무안군
2020-04-20,양파,상,2880000.0,3000.0,548000,전라남도 고흥군,1104,전라남도 고흥군
2020-06-24,양파,특,2602400.0,5889.0,678000,경상남도 합천군,1140,경상남도 합천군
2023-08-22,양파,특,21004000.0,26400.0,800000,중국,1170,수입산
2018-08-30,양파,특,405000.0,600.0,570600,전북 익산시 익산우체국사서함,1111,전라북도 익산시
2024-12-03,양파,특,1755000.0,1560.0,565907,전북 완주군 봉동읍 장기리,1107,전라북도 완주군
2020-05-26,양파,특,26600.0,40.0,718840,경북 칠곡군 북삼읍,1151,경상북도 칠곡군
2018-11-20,양파,특,1469600.0,3160.0,513807,전남 영광군 영광읍 무령리,1084,전라남도 영광군
2019-10-08,양파,상,4134000.0,10600.0,676832,경남 함양군 서하면 송계리,1139,경상남도 함양군
2024-04-02,양파,특,150000.0,225.0,570600,전북 익산시 익산우체국사서함,1111,전라북도 익산시
2021-04-12,양파,보통,91200.0,560.0,717000,경상북도 고령군,1150,경상북도 고령군
2020-10-20,양파,상,756000.0,560.0,950000,전라남도 ,1176,전라남도 
2024-10-03,양파,특,7200000.0,6000.0,534729,전남 무안군 청계면 도림리 목포대학교 ,1097,전라남도 무안군
2024-07-31,양파,특,792000.0,720.0,618140,부산 강서구 대저동,1120,부산광역시
2020-01-08,양파,상,8000.0,16.0,740930,경북 김천시 지례면,1154,경상북도 김천시
2021-09-04,양파,상,2100000.0,2100.0,745150,경북 문경시 공평동,1156,경상북도 문경시
2024-09-24,양파,특,52800.0,80.0,561302,전북 전주시 덕진구 송천동2가,1106,전라북도 전주시
2023-07-19,양파,하,18000.0,20.0,526000,전라남도 영암군,1091,전라남도 영암군
2018-07-16,양파,하,474000.0,1580.0,534000,전라남도 무안군,1097,전라남도 무안군
2019-12-05,양파,상,96000.0,160.0,590830,전북 남원시 운봉읍,1117,전라북도 남원시
2021-08-03,양파,하,3290400.0,3600.0,717000,경상북도 고령군,1150,경상북도 고령군
2024-05-07,양파,특,4500000.0,1800.0,711000,대구광역시 달성군,1146,대구광역시
2018-09-06,양파,특,256000.0,384.0,570130,전북 익산시 목천동,1111,전라북도 익산시
2024-08-22,양파,특,81200.0,80.0,590951,전북 남원시 금지면 귀석리,1117,전라북도 남원시
2023-04-24,양파,특,54860.0,30.0,138701,서울 송파구 가락1동  가락농수산물시장 ,1000,서울특별시
2024-06-03,양파,상,52000.0,80.0,760873,경북 안동시 남후면 광음리,1160,경상북도 안동시
2018-06-06,양파,보통,394800.0,940.0,635000,경상남도 창녕군,1126,경상남도 창녕군
2020-12-30,양파,특,6523800.0,3984.0,534000,전라남도 무안군,1097,전라남도 무안군
2024-05-04,양파,상,4671000.0,4320.0,950000,전라남도 ,1176,전라남도 
2019-09-09,양파,특,2624400.0,5400.0,565000,전라북도 완주군,1107,전라북도 완주군
2024-08-31,양파,상,1386000.0,1800.0,706820,대구 수성구 범어2동147∼188,1146,대구광역시
2024-06-27,양파,상,15000.0,45.0,637000,경상남도 함안군,1128,경상남도 함안군
2023-03-20,양파,특,9945800.0,10176.0,534000,전라남도 무안군,1097,전라남도 무안군
2020-09-21,양파,특,8375000.0,8712.0,525000,전라남도 함평군,1090,전라남도 함평군
2019-12-02,양파,특,3380700.0,6900.0,534000,전라남도 무안군,1097,전라남도 무안군
2018-07-18,양파,보통,45000.0,200.0,757840,경북 예천군 용문면,1159,경상북도 예천군
2021-04-07,양파,상,1491000.0,1260.0,502153,광주 서구 매월동,1083,광주광역시
2018-07-04,양파,특,2715000.0,3840.0,635000,경상남도 창녕군,1126,경상남도 창녕군
2018-05-31,양파,특,1086300.0,3420.0,520833,전남 나주시 산포면 산제리,1089,전라남도 나주시
2023-02-17,양파,특,44000000.0,30000.0,635000,경상남도 창녕군,1126,경상남도 창녕군
2024-05-20,양파,보통,22017800.0,32960.0,676000,경상남도 함양군,1139,경상남도 함양군
2019-07-08,양파,상,10000.0,40.0,561302,전북 전주시 덕진구 송천동2가,1106,전라북도 전주시
2024-04-10,양파,보통,420000.0,600.0,637000,경상남도 함안군,1128,경상남도 함안군
2023-03-11,양파,보통,13600000.0,8160.0,356840,충남 서산시 음암면,1035,충청남도 서산시
2022-06-03,양파,특,30000.0,50.0,641111,경남 창원시 가음동,1124,경상남도 창원시
2021-04-01,양파,상,1087000.0,2452.0,556820,전남 여수시 화양면,1105,전라남도 여수시
2020-07-06,양파,특,3360000.0,5250.0,676881,경남 함양군 휴천면 금반리,1139,경상남도 함양군
2024-06-27,양파,특,5500.0,15.0,330280,충남 천안시 신당동,1026,충청남도 천안시
2024-01-20,양파,특,511200.0,1080.0,901000,서울특별시 ,1000,서울특별시
2018-03-07,양파,특,581000.0,1050.0,770000,경상북도 영천시,1166,경상북도 영천시
2021-02-15,양파,특,4680000.0,2700.0,565003,전북 완주군 봉동읍  전주우편집중국 ,1107,전라북도 완주군
2020-08-29,양파,특,1969500.0,2020.0,701808,대구 동구 신기동1∼570,1146,대구광역시
2024-01-02,양파,상,555000.0,740.0,520833,전남 나주시 산포면 산제리,1089,전라남도 나주시
2024-03-16,양파,특,51940.0,20.0,138701,서울 송파구 가락1동  가락농수산물시장 ,1000,서울특별시
2020-02-25,양파,특,18675000.0,15000.0,306817,대전 대덕구 오정동1∼93,1019,대전광역시
2022-07-22,양파,특,1705000.0,1650.0,570600,전북 익산시 익산우체국사서함,1111,전라북도 익산시
2024-07-31,양파,하,8610000.0,6300.0,745600,경북 문경시 문경우체국사서함,1156,경상북도 문경시
2025-03-27,양파,특,6522000.0,2745.0,534000,전라남도 무안군,1097,전라남도 무안군
2025-03-24,양파,특,128213400.0,129510.0,800000,중국,1170,수입산
2019-05-20,양파,특,986000.0,2040.0,534000,전라남도 무안군,1097,전라남도 무안군
2022-01-06,양파,하,1649000.0,2040.0,585000,전라북도 고창군,1115,전라북도 고창군
2018-12-06,양파,상,552000.0,1600.0,678800,경남 합천군 합천읍,1140,경상남도 합천군
2023-08-10,양파,특,4090800.0,5967.0,678000,경상남도 합천군,1140,경상남도 합천군
2018-05-15,양파,보통,26000.0,260.0,548882,전남 고흥군 포두면 남성리,1104,전라남도 고흥군
2022-01-14,양파,특,4764000.0,8880.0,534000,전라남도 무안군,1097,전라남도 무안군
2023-03-29,양파,특,2041000.0,1425.0,680010,울산 남구 신정동,1141,울산광역시
2024-07-16,양파,보통,2534400.0,2160.0,565000,전라북도 완주군,1107,전라북도 완주군
2023-09-25,양파,특,178000.0,140.0,570130,전북 익산시 목천동,1111,전라북도 익산시
2023-12-29,양파,특,728000.0,560.0,678000,경상남도 합천군,1140,경상남도 합천군
2024-01-18,양파,특,3397500.0,3375.0,770000,경상북도 영천시,1166,경상북도 영천시
2023-10-30,양파,특,57750.0,100.0,138701,서울 송파구 가락1동  가락농수산물시장 ,1000,서울특별시
2023-10-27,양파,상,510000.0,975.0,670000,경상남도 거창군,1138,경상남도 거창군
2018-09-29,양파,특,11950000.0,19120.0,678000,경상남도 합천군,1140,경상남도 합천군
2024-03-18,양파,특,74000.0,30.0,901000,서울특별시 ,1000,서울특별시
2018-06-02,양파,특,285000.0,600.0,534870,전남 무안군 해제면,1097,전라남도 무안군
2023-05-04,양파,보통,3352500.0,3375.0,668000,경상남도 남해군,1137,경상남도 남해군
2023-09-12,양파,특,5636500.0,7044.0,597000,전라북도 장수군,1119,전라북도 장수군
2018-01-18,양파,특,6563600.0,8070.0,678000,경상남도 합천군,1140,경상남도 합천군
2018-04-04,양파,특,4960000.0,16000.0,534000,전라남도 무안군,1097,전라남도 무안군
2019-07-26,양파,특,96000.0,640.0,534804,전남 무안군 무안읍 성동리,1097,전라남도 무안군
2022-06-06,양파,특,400000.0,400.0,534814,전남 무안군 몽탄면 당호리,1097,전라남도 무안군
2024-06-24,양파,보통,880000.0,8000.0,565000,전라북도 완주군,1107,전라북도 완주군
2023-02-02,양파,보통,960000.0,900.0,800000,중국,1170,수입산
2018-09-29,양파,특,2475000.0,2200.0,525800,전남 함평군 함평읍,1090,전라남도 함평군
2018-08-31,양파,특,4777500.0,5625.0,525000,전라남도 함평군,1090,전라남도 함평군
2024-07-09,양파,특,606400.0,680.0,350000,충청남도 홍성군,1033,충청남도 홍성군
2022-12-13,양파,특,170690.0,90.0,200140,강원 춘천시 사농동,1001,강원도 춘천시
2019-09-21,양파,특,3320000.0,8000.0,769000,경상북도 의성군,1165,경상북도 의성군
2023-05-23,양파,보통,39000.0,60.0,678800,경남 합천군 합천읍,1140,경상남도 합천군
2018-01-15,양파,특,775000.0,650.0,570310,전북 익산시 덕기동,1111,전라북도 익산시
2024-10-09,양파,상,6532500.0,5850.0,660000,경상남도 진주시,1133,경상남도 진주시
2019-07-15,양파,보통,450000.0,1000.0,415758,경기 김포시 고촌면 신곡리 길훈아파트 101∼102동,1052,경기도 김포시
2020-06-01,양파,보통,780000.0,450.0,745000,경상북도 문경시,1156,경상북도 문경시
2018-07-09,양파,특,98000.0,140.0,597805,전북 장수군 장수읍 송천리,1119,전라북도 장수군
2021-06-30,양파,특,55000.0,50.0,456000,경기도 안성시,1067,경기도 안성시
2020-03-14,양파,특,14858000.0,14280.0,535000,전라남도 신안군,1096,전라남도 신안군
2023-03-27,양파,상,90000.0,200.0,502153,광주 서구 매월동,1083,광주광역시
2020-09-14,양파,특,9035000.0,9750.0,534000,전라남도 무안군,1097,전라남도 무안군
2024-09-12,양파,특,6451500.0,8160.0,534850,전남 무안군 망운면,1097,전라남도 무안군
2022-05-23,양파,보통,633200.0,4080.0,635000,경상남도 창녕군,1126,경상남도 창녕군
2022-11-02,양파,보통,1560000.0,1200.0,534729,전남 무안군 청계면 도림리 목포대학교 ,1097,전라남도 무안군
2025-02-28,양파,특,1540000.0,924.0,534000,전라남도 무안군,1097,전라남도 무안군
2019-10-01,양파,특,540000.0,1125.0,138000,서울특별시 송파구,1000,서울특별시
2024-07-27,양파,특,21200.0,40.0,570130,전북 익산시 목천동,1111,전라북도 익산시
2023-05-13,양파,보통,36360.0,30.0,200140,강원 춘천시 사농동,1001,강원도 춘천시
2022-06-10,양파,상,265200.0,340.0,635000,경상남도 창녕군,1126,경상남도 창녕군
2018-05-14,양파,특,90000.0,180.0,627000,경상남도 밀양시,1123,경상남도 밀양시
2023-03-08,양파,상,7800000.0,4500.0,618807,부산 강서구 대저2동1001∼2507,1120,부산광역시
2018-11-07,양파,특,4774000.0,8680.0,305325,대전 유성구 노은동,1019,대전광역시
2025-02-10,양파,특,6144000.0,3840.0,561302,전북 전주시 덕진구 송천동2가,1106,전라북도 전주시
2018-08-27,양파,특,6118000.0,8400.0,565000,전라북도 완주군,1107,전라북도 완주군
2019-09-23,양파,특,1626500.0,3900.0,534000,전라남도 무안군,1097,전라남도 무안군
2019-05-06,양파,특,1390400.0,2376.0,546900,전남 보성군 벌교읍,1103,전라남도 보성군
2023-03-11,양파,특,1275000.0,1020.0,525800,전남 함평군 함평읍,1090,전라남도 함평군
2021-07-09,양파,특,139200.0,240.0,740860,경북 김천시 아포읍,1154,경상북도 김천시
2019-08-07,양파,하,1402500.0,3060.0,534000,전라남도 무안군,1097,전라남도 무안군
2020-03-10,양파,하,1183000.0,975.0,635000,경상남도 창녕군,1126,경상남도 창녕군
2019-07-08,양파,하,226800.0,1120.0,770000,경상북도 영천시,1166,경상북도 영천시
2019-09-06,양파,특,2448000.0,5040.0,717000,경상북도 고령군,1150,경상북도 고령군
2023-06-24,양파,상,28000.0,40.0,320933,충남 논산시 상월면 산성리,1022,충청남도 논산시
2022-06-23,양파,상,218700.0,180.0,350000,충청남도 홍성군,1033,충청남도 홍성군
2021-05-07,양파,특,1167400.0,1940.0,627834,경남 밀양시 산내면 송백리,1123,경상남도 밀양시
2019-03-16,양파,특,5470000.0,11120.0,730800,경북 구미시 선산읍,1153,경상북도 구미시
2022-03-08,양파,특,135200.0,520.0,621150,경남 김해시 화목동,1121,경상남도 김해시
2018-07-16,양파,특,504000.0,1197.0,570600,전북 익산시 익산우체국사서함,1111,전라북도 익산시
2018-03-08,양파,하,1438200.0,3384.0,535000,전라남도 신안군,1096,전라남도 신안군
2022-11-15,양파,보통,6604500.0,5100.0,719000,경상북도 성주군,1152,경상북도 성주군
2025-02-05,양파,하,3315000.0,3060.0,525800,전남 함평군 함평읍,1090,전라남도 함평군
2023-09-20,양파,특,37245900.0,52770.0,534000,전라남도 무안군,1097,전라남도 무안군
2022-08-18,양파,특,420000.0,672.0,519801,전남 화순군 화순읍 감도리,1088,전라남도 화순군
2023-06-19,양파,상,196800.0,480.0,676810,경남 함양군 수동면,1139,경상남도 함양군
2020-05-01,양파,특,780000.0,750.0,534000,전라남도 무안군,1097,전라남도 무안군
2022-04-18,양파,특,1646400.0,2844.0,500801,광주 북구 각화동380∼800,1083,광주광역시
2023-07-03,양파,특,510000.0,300.0,446000,경기도 용인시,1064,경기도 용인시
2022-11-10,양파,하,3000000.0,3600.0,800000,중국,1170,수입산
2023-09-12,양파,특,4000000.0,4000.0,235010,강원 태백시 황지동,1013,강원도 태백시
2023-08-04,양파,상,2480000.0,2740.0,635800,경남 창녕군 창녕읍,1126,경상남도 창녕군
2025-05-29,양파,하,3187500.0,5625.0,534000,전라남도 무안군,1097,전라남도 무안군
2022-02-23,양파,특,16000.0,40.0,730800,경북 구미시 선산읍,1153,경상북도 구미시
2024-10-30,양파,특,4700000.0,2900.0,676000,경상남도 함양군,1139,경상남도 함양군
2020-01-21,양파,상,640000.0,720.0,560000,전라북도 전주시,1106,전라북도 전주시
2024-10-07,양파,특,2625000.0,2925.0,636000,경상남도 의령군,1127,경상남도 의령군
2020-04-11,양파,특,4144000.0,5180.0,548930,전남 고흥군 금산면,1104,전라남도 고흥군
2023-05-24,양파,보통,374000.0,720.0,678000,경상남도 합천군,1140,경상남도 합천군
2018-06-19,양파,상,219000.0,660.0,635800,경남 창녕군 창녕읍,1126,경상남도 창녕군
2021-05-27,양파,보통,42000.0,140.0,635800,경남 창녕군 창녕읍,1126,경상남도 창녕군
2021-02-18,양파,상,3040000.0,1600.0,769000,경상북도 의성군,1165,경상북도 의성군
2023-04-07,양파,특,2000000.0,1000.0,565907,전북 완주군 봉동읍 장기리,1107,전라북도 완주군
2022-07-06,양파,특,150000.0,120.0,513000,전라남도 영광군,1084,전라남도 영광군
2020-11-12,양파,상,980000.0,980.0,902000,부산광역시 ,1120,부산광역시
2022-01-26,양파,상,1556200.0,3765.0,676813,경남 함양군 수동면 화산리,1139,경상남도 함양군
2020-03-19,양파,상,690000.0,600.0,635000,경상남도 창녕군,1126,경상남도 창녕군
2024-05-21,양파,특,1323500.0,2460.0,630850,경남 마산시 내서읍,1125,경상남도 마산시
2024-02-21,양파,상,8300.0,10.0,950000,전라남도 ,1176,전라남도 
2019-02-26,양파,보통,4125000.0,15000.0,600000,부산광역시 부산 중구,1120,부산광역시
2019-03-30,양파,보통,136500.0,420.0,534804,전남 무안군 무안읍 성동리,1097,전라남도 무안군
2024-06-10,양파,특,5491300.0,6210.0,561302,전북 전주시 덕진구 송천동2가,1106,전라북도 전주시
2023-01-03,양파,특,1045500.0,1020.0,534000,전라남도 무안군,1097,전라남도 무안군
2025-02-03,양파,특,2220000.0,1800.0,800000,중국,1170,수입산
2020-12-02,양파,특,1402500.0,1020.0,770600,경북 영천시 영천우체국사서함,1166,경상북도 영천시
2024-05-03,양파,특,183820.0,80.0,200140,강원 춘천시 사농동,1001,강원도 춘천시
2022-04-08,양파,특,1764200.0,4304.0,550600,전남 여수시 여수우체국사서함,1105,전라남도 여수시
2021-07-02,양파,특,3850000.0,3850.0,482000,경기도 양주시,1077,경기도 양주시
2024-04-17,양파,하,242000.0,380.0,536000,전라남도 해남군,1098,전라남도 해남군
2023-11-20,양파,특,5050.0,3.0,200140,강원 춘천시 사농동,1001,강원도 춘천시
2021-06-18,양파,특,1470000.0,2440.0,360070,충북 청주시 상당구 금천동,1037,충청북도 청주시
2021-06-09,양파,특,3848250.0,6240.0,534000,전라남도 무안군,1097,전라남도 무안군
2018-05-31,양파,하,767000.0,1770.0,340000,충청남도 예산군,1030,충청남도 예산군
2025-02-20,양파,보통,14860800.0,10368.0,906000,광주광역시 ,1083,광주광역시
2024-12-03,양파,특,7920000.0,7200.0,800000,중국,1170,수입산
2023-11-20,양파,특,5600000.0,4200.0,745000,경상북도 문경시,1156,경상북도 문경시
2019-05-11,양파,보통,1134000.0,1944.0,534000,전라남도 무안군,1097,전라남도 무안군
2020-07-23,양파,특,105000.0,180.0,534729,전남 무안군 청계면 도림리 목포대학교 ,1097,전라남도 무안군
2020-06-01,양파,특,562500.0,1125.0,534840,전남 무안군 현경면,1097,전라남도 무안군
2018-02-05,양파,특,131200.0,80.0,200140,강원 춘천시 사농동,1001,강원도 춘천시
2020-10-24,양파,상,1150000.0,2300.0,232000,강원도 평창군,1011,강원도 평창군
2019-08-06,양파,상,35200.0,320.0,636800,경남 의령군 의령읍,1127,경상남도 의령군
2019-05-08,양파,특,2621800.0,864.0,534729,전남 무안군 청계면 도림리 목포대학교 ,1097,전라남도 무안군
2019-09-23,양파,특,360000.0,400.0,482000,경기도 양주시,1077,경기도 양주시
2018-06-01,양파,보통,10500.0,60.0,660950,경남 진주시 명석면,1133,경상남도 진주시
2025-03-07,양파,상,578000.0,510.0,566911,전북 임실군 삼계면 뇌천리,1108,전라북도 임실군
2019-08-07,양파,상,74900.0,150.0,901000,서울특별시 ,1000,서울특별시
2018-06-01,양파,특,10000000.0,16000.0,471080,경기 구리시 갈매동,1072,경기도 구리시
2020-06-23,양파,특,218400.0,390.0,336600,충남 아산시 아산우체국사서함,1027,충청남도 아산시
2023-09-05,양파,특,368000.0,240.0,769800,경북 의성군 의성읍,1165,경상북도 의성군
2020-06-08,양파,특,310100.0,790.0,561302,전북 전주시 덕진구 송천동2가,1106,전라북도 전주시
2021-03-18,양파,특,25500000.0,15000.0,678000,경상남도 합천군,1140,경상남도 합천군
2020-04-06,양파,보통,1521000.0,1755.0,699832,제주 남제주군 대정읍 일과리,1145,제주특별자치도 남제주군
2018-06-26,양파,보통,159400.0,1480.0,730010,경북 구미시 원평동,1153,경상북도 구미시
2018-04-30,양파,특,1478900.0,2572.0,556821,전남 여수시 화양면 감도리,1105,전라남도 여수시
2018-05-08,양파,보통,600000.0,1500.0,695841,제주 북제주군 한경면 고산리,1143,제주특별자치도 북제주군
2020-08-20,양파,특,900000.0,1800.0,635000,경상남도 창녕군,1126,경상남도 창녕군
2022-08-20,양파,특,33740800.0,25920.0,343000,충청남도 당진시,1031,충청남도 당진시
2019-12-14,양파,특,804000.0,975.0,676804,경남 함양군 함양읍 백천리,1139,경상남도 함양군
2024-05-13,양파,특,221189600.0,189000.0,534000,전라남도 무안군,1097,전라남도 무안군
2018-08-17,양파,상,179200.0,320.0,711834,대구 달성군 화원읍 천내리  1∼249,1146,대구광역시
2021-05-17,양파,특,278760.0,230.0,200140,강원 춘천시 사농동,1001,강원도 춘천시
2022-10-20,양파,하,23500.0,15.0,534841,전남 무안군 현경면 가입리,1097,전라남도 무안군
2024-08-26,양파,특,750000.0,1125.0,534000,전라남도 무안군,1097,전라남도 무안군
2019-03-29,양파,특,440000.0,600.0,769800,경북 의성군 의성읍,1165,경상북도 의성군
2019-03-07,양파,특,1800000.0,2700.0,565000,전라북도 완주군,1107,전라북도 완주군
2019-01-30,양파,상,249000.0,855.0,320000,충청남도 논산시,1022,충청남도 논산시
2018-04-04,양파,특,1649500.0,2680.0,534000,전라남도 무안군,1097,전라남도 무안군
2019-06-17,양파,상,528600.0,1995.0,306160,대전 대덕구 갈전동,1019,대전광역시
2024-04-29,양파,특,1468400.0,1440.0,535800,전남 신안군 지도읍,1096,전라남도 신안군
2019-05-29,양파,상,12000.0,40.0,556810,전남 여수시 소라면,1105,전라남도 여수시
2023-03-02,양파,상,460000.0,390.0,769000,경상북도 의성군,1165,경상북도 의성군
2024-10-23,양파,하,2294900.0,4836.0,525000,전라남도 함평군,1090,전라남도 함평군
2024-07-16,양파,보통,710000.0,1000.0,903000,대구광역시 ,1146,대구광역시
2020-09-12,양파,상,10465000.0,9450.0,745150,경북 문경시 공평동,1156,경상북도 문경시
2021-02-06,양파,특,9639000.0,5400.0,676000,경상남도 함양군,1139,경상남도 함양군
2020-04-07,양파,특,3108000.0,3108.0,714850,경북 청도군 이서면,1148,경상북도 청도군
2019-03-08,양파,특,2380000.0,3150.0,745000,경상북도 문경시,1156,경상북도 문경시
2025-01-18,양파,특,2535000.0,1950.0,800000,중국,1170,수입산
2018-03-12,양파,특,384000.0,640.0,565881,전북 완주군 화산면 성북리,1107,전라북도 완주군
2018-09-12,양파,상,72000.0,120.0,716800,경북 군위군 군위읍,1149,경상북도 군위군
2022-01-17,양파,특,984000.0,1600.0,618000,부산광역시 부산 강서구,1120,부산광역시
2021-06-26,양파,상,584000.0,292.0,526000,전라남도 영암군,1091,전라남도 영암군
2019-02-08,양파,특,214200.0,756.0,636000,경상남도 의령군,1127,경상남도 의령군
2024-04-19,양파,특,3030000.0,2250.0,690710,제주 제주시 삼도1동  농협중앙회제주지역본부 ,1142,제주특별자치도 제주시
2021-08-06,양파,상,81000.0,180.0,678000,경상남도 합천군,1140,경상남도 합천군
2018-09-03,양파,상,301000.0,840.0,630850,경남 마산시 내서읍,1125,경상남도 마산시
2024-07-10,양파,보통,374000.0,680.0,711000,대구광역시 달성군,1146,대구광역시
2022-12-29,양파,특,9758000.0,7350.0,579000,전라북도 부안군,1114,전라북도 부안군
2024-06-06,양파,특,46500.0,60.0,590951,전북 남원시 금지면 귀석리,1117,전라북도 남원시
2021-08-18,양파,특,12120.0,12.0,200140,강원 춘천시 사농동,1001,강원도 춘천시
2023-06-10,양파,보통,8881800.0,9980.0,635000,경상남도 창녕군,1126,경상남도 창녕군
2023-01-31,양파,특,9390000.0,6300.0,525800,전남 함평군 함평읍,1090,전라남도 함평군
2023-06-12,양파,보통,64400.0,105.0,565000,전라북도 완주군,1107,전라북도 완주군
2020-10-14,양파,상,108000.0,156.0,676000,경상남도 함양군,1139,경상남도 함양군
2018-05-21,양파,하,554400.0,1485.0,356844,충남 서산시 음암면 성암리,1035,충청남도 서산시
2022-08-09,양파,보통,350000.0,250.0,901000,서울특별시 ,1000,서울특별시
2024-09-06,양파,특,10626400.0,10560.0,525000,전라남도 함평군,1090,전라남도 함평군
2024-03-15,양파,특,8100000.0,5850.0,678000,경상남도 합천군,1140,경상남도 합천군
2021-07-21,양파,특,73700.0,165.0,356000,충청남도 서산시,1035,충청남도 서산시
2023-11-09,양파,특,4792500.0,3375.0,597000,전라북도 장수군,1119,전라북도 장수군
2019-03-25,양파,특,504000.0,600.0,906000,광주광역시 ,1083,광주광역시
2021-11-01,양파,특,3072000.0,3600.0,740600,경북 김천시 김천우체국사서함,1154,경상북도 김천시
2024-08-27,양파,특,6449100.0,8541.0,678000,경상남도 합천군,1140,경상남도 합천군
2021-10-05,양파,특,1520000.0,1600.0,618804,부산 강서구 대저2동3407∼3827,1120,부산광역시
2020-06-16,양파,상,64000.0,160.0,556890,전남 여수시 율촌면,1105,전라남도 여수시
2023-06-16,양파,특,1159200.0,1080.0,534000,전라남도 무안군,1097,전라남도 무안군
2019-02-25,양파,하,910000.0,1050.0,745000,경상북도 문경시,1156,경상북도 문경시
2022-08-12,양파,특,3336000.0,2780.0,903000,대구광역시 ,1146,대구광역시
2019-01-30,양파,특,423000.0,1080.0,770000,경상북도 영천시,1166,경상북도 영천시
2023-07-15,양파,특,50000.0,500.0,901000,서울특별시 ,1000,서울특별시
2021-07-15,양파,특,1183400.0,2440.0,718800,경북 칠곡군 왜관읍,1151,경상북도 칠곡군
2018-05-03,양파,상,1425000.0,3000.0,548000,전라남도 고흥군,1104,전라남도 고흥군
2019-08-08,양파,특,1250500.0,3680.0,500120,광주 북구 각화동,1083,광주광역시
2022-04-20,양파,상,3000800.0,5865.2,656040,경남 거제시 마전동,1132,경상남도 거제시
2025-04-12,양파,상,1350000.0,1000.0,717800,경북 고령군 고령읍,1150,경상북도 고령군
2023-08-23,양파,특,2286000.0,3240.0,534000,전라남도 무안군,1097,전라남도 무안군
2023-04-27,양파,특,22400.0,28.0,546900,전남 보성군 벌교읍,1103,전라남도 보성군
2019-02-19,양파,특,1150000.0,1000.0,800000,중국,1170,수입산
2022-08-18,양파,특,7046500.0,7140.0,535000,전라남도 신안군,1096,전라남도 신안군
2025-05-17,양파,특,300000.0,150.0,534729,전남 무안군 청계면 도림리 목포대학교 ,1097,전라남도 무안군
2023-03-30,양파,특,1081000.0,840.0,697000,제주도 서귀포시,1144,제주특별자치도 서귀포시
2019-04-08,양파,특,170000.0,180.0,630850,경남 마산시 내서읍,1125,경상남도 마산시
2019-06-03,양파,특,3607800.0,7500.0,356844,충남 서산시 음암면 성암리,1035,충청남도 서산시
2019-04-11,양파,상,163200.0,272.0,556820,전남 여수시 화양면,1105,전라남도 여수시
2021-04-09,양파,특,120000.0,170.0,791940,경북 포항시 북구 흥해읍,1168,경상북도 포항시
2019-12-23,양파,특,100000.0,120.0,901000,서울특별시 ,1000,서울특별시
2018-09-15,양파,특,35000.0,80.0,320600,충남 논산시 논산우체국사서함,1022,충청남도 논산시
2023-08-28,양파,특,15657500.0,14527.5,635000,경상남도 창녕군,1126,경상남도 창녕군
2024-09-20,양파,상,5482500.0,6120.0,980000,경상북도 ,1179,경상북도 
2020-10-29,양파,특,21973000.0,18900.0,534840,전남 무안군 현경면,1097,전라남도 무안군
2022-05-04,양파,보통,370000.0,888.0,525000,전라남도 함평군,1090,전라남도 함평군
2019-06-22,양파,특,11000.0,40.0,350000,충청남도 홍성군,1033,충청남도 홍성군
2021-04-30,양파,보통,6894000.0,14085.0,641000,경상남도 창원시 의창(성산)구,1124,경상남도 창원시
2019-05-18,양파,특,382800.0,990.0,534841,전남 무안군 현경면 가입리,1097,전라남도 무안군
2020-06-23,양파,특,28500.0,45.0,482810,경기 양주시 장흥면,1077,경기도 양주시
2020-06-23,양파,상,56000.0,80.0,742600,경북 상주시 상주우체국사서함,1155,경상북도 상주시
2024-07-02,양파,특,247500.0,1100.0,641111,경남 창원시 가음동,1124,경상남도 창원시
2021-09-13,양파,특,140000.0,100.0,356010,충남 서산시 동문동,1035,충청남도 서산시
2024-03-30,양파,상,634000.0,646.8,990000,제주도 ,1180,제주도 
2023-02-23,양파,특,1485000.0,1125.0,534000,전라남도 무안군,1097,전라남도 무안군
2025-01-27,양파,특,3120800.0,1992.0,534000,전라남도 무안군,1097,전라남도 무안군
2025-04-24,양파,특,5200000.0,3900.0,800000,수입산,1170,수입산
2018-01-06,양파,특,36000.0,80.0,565920,전북 완주군 경천면,1107,전라북도 완주군
2022-10-01,양파,하,490000.0,980.0,534804,전남 무안군 무안읍 성동리,1097,전라남도 무안군
2018-05-30,양파,특,98000.0,140.0,627834,경남 밀양시 산내면 송백리,1123,경상남도 밀양시
2020-09-03,양파,특,8542500.0,9000.0,579000,전라북도 부안군,1114,전라북도 부안군
2018-05-04,양파,특,12558000.0,13300.0,690000,제주도 제주시,1142,제주특별자치도 제주시
2018-07-14,양파,특,4544000.0,5680.0,678000,경상남도 합천군,1140,경상남도 합천군
2021-06-05,양파,특,2280000.0,4500.0,503000,광주광역시 광주 남구,1083,광주광역시
2024-01-26,양파,특,25635700.0,22035.0,525000,전라남도 함평군,1090,전라남도 함평군
2023-06-19,양파,상,5211000.0,7440.0,902000,부산광역시 ,1120,부산광역시
2021-04-01,양파,상,11455700.0,9540.0,990000,제주도 ,1180,제주도 
2023-02-03,양파,특,750000.0,600.0,565907,전북 완주군 봉동읍 장기리,1107,전라북도 완주군
2019-06-22,양파,상,57600.0,320.0,636811,경남 의령군 화정면 가수리,1127,경상남도 의령군
2020-04-15,양파,특,5428800.0,6032.0,565701,전북 완주군 삼례읍  우석대학교 ,1107,전라북도 완주군
2018-03-12,양파,특,10400000.0,12000.0,471080,경기 구리시 갈매동,1072,경기도 구리시
2022-07-27,양파,상,2030000.0,2100.0,536000,전라남도 해남군,1098,전라남도 해남군
2021-10-01,양파,특,882300.0,765.0,769800,경북 의성군 의성읍,1165,경상북도 의성군
2019-07-29,양파,특,105000.0,150.0,482000,경기도 양주시,1077,경기도 양주시
2018-07-28,양파,특,2545200.0,7060.0,305325,대전 유성구 노은동,1019,대전광역시
2023-07-07,양파,특,1860000.0,2480.0,716000,경상북도 군위군,1149,경상북도 군위군
2023-06-16,양파,보통,8976000.0,12240.0,534000,전라남도 무안군,1097,전라남도 무안군
2022-07-18,양파,특,1088000.0,960.0,565907,전북 완주군 봉동읍 장기리,1107,전라북도 완주군
2024-03-11,양파,특,1080000.0,800.0,641870,경남 창원시 북면,1124,경상남도 창원시
2021-04-08,양파,보통,7206400.0,5325.0,690000,제주도 제주시,1142,제주특별자치도 제주시
2025-01-20,양파,상,14141400.0,10360.0,903000,대구광역시 ,1146,대구광역시
2020-07-23,양파,특,3055000.0,4875.0,534811,전남 무안군 몽탄면 구산리,1097,전라남도 무안군
2023-03-10,양파,특,2227000.0,2040.0,580000,전라북도 정읍시,1116,전라북도 정읍시
2024-02-02,양파,특,11550000.0,9450.0,745850,경북 문경시 영순면,1156,경상북도 문경시
2023-02-07,양파,상,5760000.0,4320.0,716800,경북 군위군 군위읍,1149,경상북도 군위군
2024-08-22,양파,보통,1700000.0,2000.0,635000,경상남도 창녕군,1126,경상남도 창녕군
2018-08-28,양파,상,2475000.0,3960.0,705030,대구 남구 대명동,1146,대구광역시
2022-07-16,양파,보통,975000.0,750.0,800000,중국,1170,수입산
2019-04-17,양파,하,245000.0,49.0,901000,서울특별시 ,1000,서울특별시
2019-04-04,양파,특,40500.0,45.0,630000,경상남도 창원시 마산회원구,1124,경상남도 창원시
2019-07-10,양파,상,282700.0,1287.0,678000,경상남도 합천군,1140,경상남도 합천군
2024-11-30,양파,특,39028200.0,33000.0,525000,전라남도 함평군,1090,전라남도 함평군
2018-05-14,양파,특,8593000.0,13220.0,635000,경상남도 창녕군,1126,경상남도 창녕군
2018-10-29,양파,특,1817600.0,2840.0,717000,경상북도 고령군,1150,경상북도 고령군
2022-11-02,양파,특,22875000.0,15300.0,678800,경남 합천군 합천읍,1140,경상남도 합천군
2024-03-01,양파,보통,1024000.0,960.0,770000,경상북도 영천시,1166,경상북도 영천시
2022-05-11,양파,하,42000.0,280.0,525805,전남 함평군 함평읍 만흥리,1090,전라남도 함평군
2020-05-22,양파,하,5697400.0,9340.0,534000,전라남도 무안군,1097,전라남도 무안군
2021-04-08,양파,특,4070000.0,3300.0,690811,제주 제주시 삼도1동498∼502,1142,제주특별자치도 제주시
2022-09-20,양파,상,688500.0,540.0,716800,경북 군위군 군위읍,1149,경상북도 군위군
2023-07-04,양파,보통,280000.0,800.0,635870,경남 창녕군 장마면,1126,경상남도 창녕군
2020-12-03,양파,하,892500.0,1020.0,534000,전라남도 무안군,1097,전라남도 무안군
2020-02-05,양파,특,325000.0,300.0,630000,경상남도 창원시 마산회원구,1124,경상남도 창원시
2020-11-05,양파,특,24240.0,20.0,200140,강원 춘천시 사농동,1001,강원도 춘천시
2021-12-16,양파,특,1235000.0,1950.0,635924,경남 창녕군 계성면 명리,1126,경상남도 창녕군
2019-05-31,양파,특,1206000.0,2680.0,630850,경남 마산시 내서읍,1125,경상남도 마산시
2020-07-11,양파,보통,46800.0,72.0,356982,충남 서산시 팔봉면 금학리,1035,충청남도 서산시
2018-11-19,양파,하,630000.0,2100.0,970000,경상남도 ,1178,경상남도 
2021-02-10,양파,하,1992000.0,960.0,740000,경상북도 김천시,1154,경상북도 김천시
2022-10-21,양파,하,1360800.0,1296.0,534000,전라남도 무안군,1097,전라남도 무안군
2023-07-25,양파,특,1170000.0,975.0,565907,전북 완주군 봉동읍 장기리,1107,전라북도 완주군
2023-07-03,양파,특,9685000.0,9740.0,711000,대구광역시 달성군,1146,대구광역시
2023-03-11,양파,특,1200000.0,450.0,766000,경상북도 영덕군,1163,경상북도 영덕군
2021-08-30,양파,특,196500.0,300.0,711845,대구 달성군 옥포면 본리리,1146,대구광역시
2020-11-04,양파,특,12879000.0,11250.0,503311,광주 남구 주월1동,1083,광주광역시
2022-06-29,양파,특,15957000.0,11820.0,750051,경북 영주시 휴천1동,1157,경상북도 영주시
2025-02-27,양파,특,1170000.0,975.0,800000,중국,1170,수입산
2022-03-16,양파,특,1760000.0,12000.0,711000,대구광역시 달성군,1146,대구광역시
2023-05-16,양파,상,650000.0,390.0,390160,충북 제천시 강제동,1047,충청북도 제천시
2021-07-31,양파,특,108000.0,360.0,717000,경상북도 고령군,1150,경상북도 고령군
2018-04-14,양파,상,165000.0,660.0,520600,전남 나주시 나주우체국사서함,1089,전라남도 나주시
2021-06-09,양파,특,100000.0,150.0,356000,충청남도 서산시,1035,충청남도 서산시
2020-07-23,양파,특,2970000.0,3960.0,604000,부산광역시 사하구,1120,부산광역시
2025-04-16,양파,특,3915000.0,2700.0,548000,전라남도 고흥군,1104,전라남도 고흥군
2022-12-13,양파,특,12513000.0,9720.0,635000,경상남도 창녕군,1126,경상남도 창녕군
2021-02-01,양파,상,304000.0,380.0,645000,경상남도 진해시,1130,경상남도 진해시
2019-02-13,양파,특,1320000.0,1200.0,482000,경기도 양주시,1077,경기도 양주시
2025-05-07,양파,보통,335000.0,480.0,534000,전라남도 무안군,1097,전라남도 무안군
2025-02-17,양파,특,11797500.0,7875.0,570000,전라북도 익산시,1111,전라북도 익산시
2020-08-17,양파,특,715000.0,550.0,482000,경기도 양주시,1077,경기도 양주시
2019-06-29,양파,특,100000.0,400.0,561821,전북 전주시 덕진구 송천동2가401∼599,1106,전라북도 전주시
2018-06-18,양파,특,5692500.0,11700.0,525821,전남 함평군 엄다면 삼정리,1090,전라남도 함평군
2022-08-30,양파,특,151000.0,120.0,770890,경북 영천시 청통면,1166,경상북도 영천시
2024-06-04,양파,상,104000.0,240.0,529900,전남 장흥군 대덕읍,1094,전라남도 장흥군
2020-10-15,양파,특,6375000.0,5625.0,534843,전남 무안군 현경면 양학리,1097,전라남도 무안군
2020-06-09,양파,상,280200.0,920.0,561302,전북 전주시 덕진구 송천동2가,1106,전라북도 전주시
2023-04-25,양파,보통,844600.0,1599.0,717000,경상북도 고령군,1150,경상북도 고령군
2019-11-27,양파,특,2760000.0,4500.0,535802,전남 신안군 지도읍 광정리,1096,전라남도 신안군
2019-09-02,양파,특,470000.0,1000.0,535000,전라남도 신안군,1096,전라남도 신안군
2021-07-07,양파,보통,5202200.0,10000.0,627000,경상남도 밀양시,1123,경상남도 밀양시
2025-04-15,양파,특,37756400.0,30210.0,800000,중국,1170,수입산
2019-05-30,양파,특,4900000.0,5000.0,471080,경기 구리시 갈매동,1072,경기도 구리시
2021-07-16,양파,상,32500.0,100.0,717000,경상북도 고령군,1150,경상북도 고령군
2025-05-28,양파,상,1050000.0,2250.0,600010,부산 중구 중앙동,1120,부산광역시
2018-07-03,양파,특,4579000.0,19740.0,534000,전라남도 무안군,1097,전라남도 무안군
2024-08-20,양파,특,1082400.0,2952.0,745000,경상북도 문경시,1156,경상북도 문경시
2022-03-07,양파,상,880000.0,1000.0,745150,경북 문경시 공평동,1156,경상북도 문경시
2022-05-09,양파,특,3337500.0,2250.0,534000,전라남도 무안군,1097,전라남도 무안군
2022-12-14,양파,특,9605000.0,9180.0,678000,경상남도 합천군,1140,경상남도 합천군
2019-06-29,양파,상,72000.0,480.0,641465,경남 창원시 팔용동,1124,경상남도 창원시
2019-07-01,양파,특,155000.0,500.0,902000,부산광역시 ,1120,부산광역시
2024-05-04,양파,보통,515600.0,680.0,525830,전남 함평군 대동면,1090,전라남도 함평군
2022-11-01,양파,특,1612800.0,1920.0,676000,경상남도 함양군,1139,경상남도 함양군
2024-06-20,양파,특,117000.0,180.0,676850,경남 함양군 지곡면,1139,경상남도 함양군
2022-05-30,양파,특,1326000.0,1536.6,711000,대구광역시 달성군,1146,대구광역시
2024-08-29,양파,특,28095000.0,28125.0,536000,전라남도 해남군,1098,전라남도 해남군
2019-07-02,양파,상,7000.0,20.0,343000,충청남도 당진시,1031,충청남도 당진시
2021-09-11,양파,특,1955000.0,2040.0,534843,전남 무안군 현경면 양학리,1097,전라남도 무안군
2024-10-02,양파,특,910.0,0.5,200140,강원 춘천시 사농동,1001,강원도 춘천시
2023-09-18,양파,특,9520000.0,10200.0,534000,전라남도 무안군,1097,전라남도 무안군
2020-06-24,양파,특,6880000.0,16000.0,636000,경상남도 의령군,1127,경상남도 의령군
2020-01-20,양파,특,8400000.0,12000.0,676000,경상남도 함양군,1139,경상남도 함양군
2018-06-13,양파,특,20600.0,40.0,730360,경북 구미시 진평동,1153,경상북도 구미시
2018-01-10,양파,특,5040000.0,4200.0,745852,경북 문경시 영순면 김용리,1156,경상북도 문경시
2021-05-22,양파,특,231000.0,1540.0,635901,경남 창녕군 남지읍 고곡리,1126,경상남도 창녕군
2022-09-21,양파,보통,1360100.0,1340.0,635000,경상남도 창녕군,1126,경상남도 창녕군
2021-11-08,양파,하,5219000.0,6120.0,534000,전라남도 무안군,1097,전라남도 무안군
2024-04-25,양파,상,1660000.0,1406.0,600010,부산 중구 중앙동,1120,부산광역시
2024-05-20,양파,특,6045000.0,5850.0,565000,전라북도 완주군,1107,전라북도 완주군
2024-04-04,양파,특,598000.0,260.0,641111,경남 창원시 가음동,1124,경상남도 창원시
2019-06-10,양파,보통,1238250.0,2925.0,565000,전라북도 완주군,1107,전라북도 완주군
2020-06-05,양파,특,32865.0,45.0,471080,경기 구리시 갈매동,1072,경기도 구리시
2018-07-14,양파,보통,3150000.0,10500.0,970000,경상남도 ,1178,경상남도 
2024-05-30,양파,특,8234400.0,15300.0,534000,전라남도 무안군,1097,전라남도 무안군
2020-12-04,양파,상,561000.0,1020.0,678700,경남 합천군 합천읍 합천리 합천군청 ,1140,경상남도 합천군
2018-07-27,양파,하,648600.0,3312.0,513000,전라남도 영광군,1084,전라남도 영광군
2018-04-16,양파,하,1170000.0,1950.0,585000,전라북도 고창군,1115,전라북도 고창군
2021-04-08,양파,상,2400000.0,3000.0,637000,경상남도 함안군,1128,경상남도 함안군
2023-04-15,양파,보통,900000.0,1462.5,548000,전라남도 고흥군,1104,전라남도 고흥군
2023-07-31,양파,특,2432000.0,2560.0,356000,충청남도 서산시,1035,충청남도 서산시
2023-06-15,양파,보통,48000.0,60.0,546000,전라남도 보성군,1103,전라남도 보성군
2022-09-05,양파,특,6200000.0,6000.0,800000,중국,1170,수입산
2018-03-19,양파,특,1740000.0,1800.0,800000,중국,1170,수입산
2019-08-12,양파,하,1600000.0,2000.0,526000,전라남도 영암군,1091,전라남도 영암군
2019-08-23,양파,하,604800.0,4320.0,717000,경상북도 고령군,1150,경상북도 고령군
2019-02-11,양파,보통,1255500.0,2700.0,904000,대전광역시 ,1019,대전광역시
2019-10-05,양파,특,2208000.0,3840.0,534729,전남 무안군 청계면 도림리 목포대학교 ,1097,전라남도 무안군
2022-01-20,양파,특,16000.0,400.0,330600,충남 천안시 동남구 천안우체국사서함,1026,충청남도 천안시
2023-06-27,양파,특,666000.0,720.0,730000,경상북도 구미시,1153,경상북도 구미시
2023-12-16,양파,상,85000.0,50.0,534000,전라남도 무안군,1097,전라남도 무안군
2024-12-19,양파,특,1372500.0,1125.0,579000,전라북도 부안군,1114,전라북도 부안군
2020-09-09,양파,특,1000000.0,1200.0,356980,충남 서산시 팔봉면,1035,충청남도 서산시
2019-07-25,양파,보통,21000.0,100.0,742010,경북 상주시 남성동,1155,경상북도 상주시
2022-11-01,양파,특,3375000.0,2250.0,565000,전라북도 완주군,1107,전라북도 완주군
2022-12-15,양파,특,5107500.0,3375.0,534000,전라남도 무안군,1097,전라남도 무안군
2018-10-10,양파,하,3403000.0,8856.0,471080,경기 구리시 갈매동,1072,경기도 구리시
2021-04-06,양파,보통,5466600.0,6615.0,690000,제주도 제주시,1142,제주특별자치도 제주시
2018-05-08,양파,특,5662500.0,8100.0,525821,전남 함평군 엄다면 삼정리,1090,전라남도 함평군
2023-01-20,양파,특,24104000.0,23475.0,800000,중국,1170,수입산
2023-03-11,양파,특,14166300.0,8985.0,800000,일본,1170,수입산
2024-12-10,양파,특,219000.0,150.0,904000,대전광역시 ,1019,대전광역시
2019-06-05,양파,하,222000.0,720.0,534000,전라남도 무안군,1097,전라남도 무안군
2022-07-20,양파,하,16000.0,40.0,356980,충남 서산시 팔봉면,1035,충청남도 서산시
2021-05-10,양파,특,9423000.0,16500.0,716800,경북 군위군 군위읍,1149,경상북도 군위군
2019-04-12,양파,특,10000000.0,8000.0,906000,광주광역시 ,1083,광주광역시
2023-10-26,양파,특,170000.0,120.0,570130,전북 익산시 목천동,1111,전라북도 익산시
2024-03-29,양파,특,36692500.0,21510.0,690000,제주도 제주시,1142,제주특별자치도 제주시
2020-04-17,양파,특,15852000.0,17520.0,548000,전라남도 고흥군,1104,전라남도 고흥군
2018-05-30,양파,상,7350000.0,15750.0,570130,전북 익산시 목천동,1111,전라북도 익산시
2025-04-30,양파,상,2343000.0,2475.0,548000,전라남도 고흥군,1104,전라남도 고흥군
2019-10-29,양파,특,20200.0,15.0,200140,강원 춘천시 사농동,1001,강원도 춘천시
2020-04-14,양파,특,87500.0,500.0,536804,전남 해남군 해남읍 기동리,1098,전라남도 해남군
2022-03-30,양파,특,336000.0,800.0,621150,경남 김해시 화목동,1121,경상남도 김해시
2018-10-26,양파,하,90000.0,100.0,526000,전라남도 영암군,1091,전라남도 영암군
2020-08-03,양파,상,990000.0,1800.0,907000,울산광역시 ,1141,울산광역시
2020-04-21,양파,보통,64000.0,80.0,717800,경북 고령군 고령읍,1150,경상북도 고령군
2018-06-07,양파,특,708000.0,984.0,534834,전남 무안군 청계면 도림리,1097,전라남도 무안군
2021-04-15,양파,보통,99000.0,132.0,500120,광주 북구 각화동,1083,광주광역시
2019-02-14,양파,하,2807000.0,4200.0,534841,전남 무안군 현경면 가입리,1097,전라남도 무안군
2018-03-30,양파,특,78750.0,2500.0,138701,서울 송파구 가락1동  가락농수산물시장 ,1000,서울특별시
2022-09-27,양파,특,1050000.0,1000.0,534000,전라남도 무안군,1097,전라남도 무안군
2023-06-24,양파,특,10141000.0,10920.0,500120,광주 북구 각화동,1083,광주광역시
2022-10-26,양파,특,98576800.0,63255.0,534000,전라남도 무안군,1097,전라남도 무안군
2023-05-27,양파,특,18000000.0,14040.0,536000,전라남도 해남군,1098,전라남도 해남군
2024-03-04,양파,특,8010000.0,9223.5,770000,경상북도 영천시,1166,경상북도 영천시
2021-06-04,양파,특,1000000.0,5000.0,641921,경남 창원시 대산면 가술리,1124,경상남도 창원시
2025-01-27,양파,특,840000.0,585.0,730000,경상북도 구미시,1153,경상북도 구미시
2020-12-31,양파,특,1537500.0,1500.0,534000,전라남도 무안군,1097,전라남도 무안군
2019-08-09,양파,특,892800.0,2160.0,513805,전남 영광군 영광읍 단주리,1084,전라남도 영광군
2019-09-02,양파,상,324000.0,880.0,630850,경남 마산시 내서읍,1125,경상남도 마산시
2021-11-18,양파,특,2450500.0,2925.0,635924,경남 창녕군 계성면 명리,1126,경상남도 창녕군
2021-03-08,양파,하,42000.0,30.0,526000,전라남도 영암군,1091,전라남도 영암군
2018-07-25,양파,하,210000.0,450.0,570000,전라북도 익산시,1111,전라북도 익산시
2021-04-08,양파,특,1350000.0,675.0,565000,전라북도 완주군,1107,전라북도 완주군
2024-09-04,양파,특,38000.0,20.0,680010,울산 남구 신정동,1141,울산광역시
2024-02-27,양파,특,7560000.0,8400.0,906000,광주광역시 ,1083,광주광역시
2021-07-17,양파,특,345000.0,345.0,565000,전라북도 완주군,1107,전라북도 완주군
2021-10-25,양파,특,826500.0,855.0,769800,경북 의성군 의성읍,1165,경상북도 의성군
2021-08-25,양파,특,649000.0,420.0,534000,전라남도 무안군,1097,전라남도 무안군
2021-10-25,양파,보통,2057000.0,2040.0,445920,경기 화성시 향남읍,1063,경기도 화성시
2018-04-26,양파,하,66000.0,220.0,534804,전남 무안군 무안읍 성동리,1097,전라남도 무안군
2020-07-27,양파,상,410400.0,540.0,534870,전남 무안군 해제면,1097,전라남도 무안군
2019-03-14,양파,특,7204900.0,17088.0,534000,전라남도 무안군,1097,전라남도 무안군
2023-06-06,양파,상,572200.0,1960.0,534000,전라남도 무안군,1097,전라남도 무안군
2024-06-18,양파,특,40000.0,30.0,138000,서울특별시 송파구,1000,서울특별시
2022-06-10,양파,상,5361700.0,6800.0,621873,경남 김해시 한림면 병동리,1121,경상남도 김해시
2024-08-13,양파,특,4250000.0,5100.0,678000,경상남도 합천군,1140,경상남도 합천군
2022-05-21,양파,특,1200000.0,1500.0,456000,경기도 안성시,1067,경기도 안성시
2023-05-20,양파,특,320000.0,200.0,565863,전북 완주군 고산면 성재리,1107,전라북도 완주군
2023-06-09,양파,특,3643500.0,4820.0,500120,광주 북구 각화동,1083,광주광역시
2024-12-16,양파,상,4920000.0,4800.0,676820,경남 함양군 안의면,1139,경상남도 함양군
2024-07-26,양파,특,6860000.0,5250.0,745000,경상북도 문경시,1156,경상북도 문경시
2024-05-15,양파,상,47000.0,40.0,757000,경상북도 예천군,1159,경상북도 예천군
2021-05-03,양파,보통,3500.0,14.0,534729,전남 무안군 청계면 도림리 목포대학교 ,1097,전라남도 무안군
2023-03-21,양파,특,1643200.0,1264.0,556900,전남 여수시 돌산읍,1105,전라남도 여수시
2021-11-09,양파,상,1957000.0,2060.0,676000,경상남도 함양군,1139,경상남도 함양군
2024-06-05,양파,특,507600.0,720.0,740010,경북 김천시 모암동,1154,경상북도 김천시
2021-03-03,양파,특,8340000.0,4000.0,717000,경상북도 고령군,1150,경상북도 고령군
2021-02-24,양파,상,444000.0,732.6,716000,경상북도 군위군,1149,경상북도 군위군
2025-04-02,양파,특,952000.0,1020.0,534000,전라남도 무안군,1097,전라남도 무안군
2020-05-09,양파,보통,1239000.0,1050.0,716820,경북 군위군 효령면,1149,경상북도 군위군
2024-03-07,양파,하,2775000.0,2250.0,534000,전라남도 무안군,1097,전라남도 무안군
2023-05-27,양파,특,917000.0,690.0,769800,경북 의성군 의성읍,1165,경상북도 의성군
2022-04-05,양파,특,9702000.0,8820.0,635940,경남 창녕군 대합면,1126,경상남도 창녕군
2019-05-31,양파,보통,8384050.0,14064.0,534000,전라남도 무안군,1097,전라남도 무안군
2022-08-01,양파,특,1137500.0,975.0,561340,전북 전주시 덕진구 고랑동,1106,전라북도 전주시
2022-07-29,양파,특,2400000.0,3200.0,502152,광주 서구 벽진동,1083,광주광역시
2023-07-24,양파,보통,4788000.0,5400.0,903000,대구광역시 ,1146,대구광역시
2020-12-16,양파,특,3220000.0,2400.0,618140,부산 강서구 대저동,1120,부산광역시
2024-09-05,양파,하,1612800.0,1440.0,717000,경상북도 고령군,1150,경상북도 고령군
2020-01-29,양파,특,30000.0,30.0,630000,경상남도 창원시 마산회원구,1124,경상남도 창원시
2019-04-05,양파,보통,1241000.0,4080.0,560000,전라북도 전주시,1106,전라북도 전주시
2023-10-20,양파,하,6451500.0,6120.0,534000,전라남도 무안군,1097,전라남도 무안군
2023-05-19,양파,하,75750.0,50.0,200140,강원 춘천시 사농동,1001,강원도 춘천시
2020-07-13,양파,특,1742300.0,2620.0,537800,전남 완도군 완도읍,1093,전라남도 완도군
2018-04-25,양파,특,100000.0,500.0,635000,경상남도 창녕군,1126,경상남도 창녕군
2023-11-11,양파,하,712050.0,470.0,200140,강원 춘천시 사농동,1001,강원도 춘천시
2021-02-25,양파,특,5320000.0,2850.0,750010,경북 영주시 영주동,1157,경상북도 영주시
2025-04-14,양파,보통,130000.0,200.0,664600,경남 사천시 삼천포우체국사서함,1134,경상남도 사천시
2024-08-07,양파,특,3441900.0,6025.5,717000,경상북도 고령군,1150,경상북도 고령군
2024-06-14,양파,특,166500.0,444.0,515804,전남 장성군 장성읍 성산리,1085,전라남도 장성군
2019-04-25,양파,특,1898400.0,2520.0,565907,전북 완주군 봉동읍 장기리,1107,전라북도 완주군
2022-07-18,양파,특,199980.0,135.0,200140,강원 춘천시 사농동,1001,강원도 춘천시
2024-05-04,양파,하,260000.0,390.0,717000,경상북도 고령군,1150,경상북도 고령군
2019-09-02,양파,특,9392500.0,20400.0,534000,전라남도 무안군,1097,전라남도 무안군
2019-08-12,양파,상,300000.0,1000.0,635000,경상남도 창녕군,1126,경상남도 창녕군
2024-10-14,양파,특,9129000.0,9180.0,534000,전라남도 무안군,1097,전라남도 무안군
2024-05-08,양파,하,3097500.0,2250.0,534000,전라남도 무안군,1097,전라남도 무안군
2018-12-26,양파,상,75000.0,75.0,745000,경상북도 문경시,1156,경상북도 문경시
2024-10-02,양파,특,1024000.0,640.0,902000,부산광역시 ,1120,부산광역시
2021-04-24,양파,하,713400.0,984.0,548000,전라남도 고흥군,1104,전라남도 고흥군
2019-06-18,양파,특,1005000.0,4020.0,534804,전남 무안군 무안읍 성동리,1097,전라남도 무안군
2025-05-01,양파,상,10160000.0,9906.0,548000,전라남도 고흥군,1104,전라남도 고흥군
2020-05-26,양파,특,6200000.0,12000.0,138701,서울 송파구 가락1동  가락농수산물시장 ,1000,서울특별시
2018-11-29,양파,하,1000000.0,2000.0,536000,전라남도 해남군,1098,전라남도 해남군
2022-10-26,양파,특,1190000.0,1020.0,534000,전라남도 무안군,1097,전라남도 무안군
2019-04-06,양파,특,477000.0,1033.5,570600,전북 익산시 익산우체국사서함,1111,전라북도 익산시
2021-08-30,양파,특,1200000.0,2000.0,502151,광주 서구 서창동,1083,광주광역시
2019-02-01,양파,특,1305000.0,2250.0,535000,전라남도 신안군,1096,전라남도 신안군
2021-11-09,양파,상,1121800.0,1420.0,636964,경남 의령군 부림면 신반리,1127,경상남도 의령군
2024-05-21,양파,상,612000.0,720.0,525840,전남 함평군 손불면,1090,전라남도 함평군
2020-12-12,양파,보통,4040000.0,2880.0,770000,경상북도 영천시,1166,경상북도 영천시
2018-05-08,양파,특,145600.0,156.0,730010,경북 구미시 원평동,1153,경상북도 구미시
2022-12-29,양파,특,2250000.0,1800.0,757000,경상북도 예천군,1159,경상북도 예천군
2022-04-05,양파,보통,112000.0,320.0,525805,전남 함평군 함평읍 만흥리,1090,전라남도 함평군
2023-11-17,양파,보통,1000000.0,1950.0,714000,경상북도 청도군,1148,경상북도 청도군
2025-05-24,양파,특,3392000.0,6380.0,635800,경남 창녕군 창녕읍,1126,경상남도 창녕군
2018-10-22,양파,보통,12143000.0,22060.0,635000,경상남도 창녕군,1126,경상남도 창녕군
2019-06-11,양파,특,588000.0,2000.0,740890,경북 김천시 감천면,1154,경상북도 김천시
2018-10-15,양파,특,3192000.0,4200.0,770000,경상북도 영천시,1166,경상북도 영천시
2023-05-12,양파,보통,395000.0,500.0,717000,경상북도 고령군,1150,경상북도 고령군
2022-10-18,양파,특,750000.0,750.0,800000,중국,1170,수입산
2019-09-06,양파,보통,18000.0,30.0,901000,서울특별시 ,1000,서울특별시
2020-08-19,양파,특,4927300.0,5400.0,561302,전북 전주시 덕진구 송천동2가,1106,전라북도 전주시
2023-06-21,양파,특,93000.0,150.0,350000,충청남도 홍성군,1033,충청남도 홍성군
2018-03-21,양파,특,5123500.0,12030.0,635000,경상남도 창녕군,1126,경상남도 창녕군
2019-04-13,양파,하,1935200.0,1968.0,548000,전라남도 고흥군,1104,전라남도 고흥군
2023-07-10,양파,특,2625600.0,1440.0,534000,전라남도 무안군,1097,전라남도 무안군
2021-02-26,양파,특,41371350.0,23130.0,534000,전라남도 무안군,1097,전라남도 무안군
2019-05-15,양파,하,13500.0,60.0,548840,전남 고흥군 남양면,1104,전라남도 고흥군
2024-02-06,양파,보통,838300.0,1969.5,770000,경상북도 영천시,1166,경상북도 영천시
2018-04-12,양파,상,2904000.0,3630.0,990000,제주도 ,1180,제주도 
2022-11-11,양파,특,75000.0,45.0,471080,경기 구리시 갈매동,1072,경기도 구리시
2024-01-08,양파,상,3840600.0,3552.0,456010,경기 안성시 가사동,1067,경기도 안성시
2024-02-08,양파,특,2310000.0,1452.0,570130,전북 익산시 목천동,1111,전라북도 익산시
2022-06-13,양파,보통,32900.0,200.0,534804,전남 무안군 무안읍 성동리,1097,전라남도 무안군
2023-05-03,양파,보통,24000.0,80.0,660950,경남 진주시 명석면,1133,경상남도 진주시
2019-10-07,양파,하,1897000.0,4340.0,714000,경상북도 청도군,1148,경상북도 청도군
2022-06-21,양파,특,311100.0,255.0,356000,충청남도 서산시,1035,충청남도 서산시
2022-10-29,양파,하,10500.0,60.0,350000,충청남도 홍성군,1033,충청남도 홍성군
2024-11-12,양파,하,1128000.0,800.0,717000,경상북도 고령군,1150,경상북도 고령군
2021-06-18,양파,특,7242000.0,14200.0,740000,경상북도 김천시,1154,경상북도 김천시
2025-05-27,양파,특,120000.0,200.0,548860,전남 고흥군 대서면,1104,전라남도 고흥군
2018-07-04,양파,하,1890000.0,4200.0,534000,전라남도 무안군,1097,전라남도 무안군
2018-07-14,양파,특,11915000.0,16200.0,525800,전남 함평군 함평읍,1090,전라남도 함평군
2021-09-16,양파,특,20000000.0,20000.0,641465,경남 창원시 팔용동,1124,경상남도 창원시
2018-11-27,양파,특,3345000.0,5625.0,770000,경상북도 영천시,1166,경상북도 영천시
2021-01-15,양파,특,22750.0,12.5,200140,강원 춘천시 사농동,1001,강원도 춘천시
2024-08-29,양파,상,5134000.0,6040.0,678810,경남 합천군 율곡면,1140,경상남도 합천군
2024-10-22,양파,특,141400.0,105.0,200140,강원 춘천시 사농동,1001,강원도 춘천시
2023-12-16,양파,특,1800000.0,1500.0,800000,중국,1170,수입산
2023-03-01,양파,상,1194600.0,880.0,770812,경북 영천시 신녕면 매양리,1166,경상북도 영천시
2022-04-26,양파,특,35000.0,30.0,630000,경상남도 창원시 마산회원구,1124,경상남도 창원시
2025-02-18,양파,특,4560000.0,2400.0,902000,부산광역시 ,1120,부산광역시
2018-09-20,양파,특,2000000.0,4000.0,676000,경상남도 함양군,1139,경상남도 함양군
2021-06-14,양파,특,116600.0,220.0,711000,대구광역시 달성군,1146,대구광역시
2018-03-31,양파,특,2899000.0,5850.0,579000,전라북도 부안군,1114,전라북도 부안군
2018-05-25,양파,하,2945250.0,5100.0,535000,전라남도 신안군,1096,전라남도 신안군
2020-07-04,양파,보통,35000.0,105.0,356980,충남 서산시 팔봉면,1035,충청남도 서산시
2018-06-18,양파,상,1223200.0,2780.0,689863,울산 울주군 청량면 상남리  1∼623,1141,울산광역시
2022-02-09,양파,특,1278000.0,4320.0,770000,경상북도 영천시,1166,경상북도 영천시
2022-04-20,양파,보통,1305300.0,5316.0,534000,전라남도 무안군,1097,전라남도 무안군
2024-09-24,양파,특,117500.0,90.0,716000,경상북도 군위군,1149,경상북도 군위군
2022-09-02,양파,상,55800.0,40.0,730811,경북 구미시 고아읍 관심리,1153,경상북도 구미시
2018-07-11,양파,특,2834000.0,3900.0,534841,전남 무안군 현경면 가입리,1097,전라남도 무안군
2024-10-23,양파,특,180000.0,225.0,901000,서울특별시 ,1000,서울특별시
2022-08-11,양파,상,2006000.0,2720.0,635800,경남 창녕군 창녕읍,1126,경상남도 창녕군
2021-04-27,양파,상,1014800.0,2872.0,548000,전라남도 고흥군,1104,전라남도 고흥군
2018-07-20,양파,특,676000.0,975.0,750600,경북 영주시 영주우체국사서함,1157,경상북도 영주시
2023-09-05,양파,특,3916000.0,3560.0,635700,경남 창녕군 창녕읍  창녕군청 ,1126,경상남도 창녕군
2023-06-17,양파,상,42000.0,76.0,630850,경남 마산시 내서읍,1125,경상남도 마산시
2023-11-29,양파,특,3940000.0,3900.0,635000,경상남도 창녕군,1126,경상남도 창녕군
2020-12-09,양파,특,17106500.0,13140.0,600010,부산 중구 중앙동,1120,부산광역시
2024-11-16,양파,보통,221230.0,560.0,580090,전북 정읍시 농소동,1116,전라북도 정읍시
2024-03-07,양파,특,2250000.0,675.0,676000,경상남도 함양군,1139,경상남도 함양군
2019-01-09,양파,특,1700000.0,4000.0,903000,대구광역시 ,1146,대구광역시
2023-10-13,양파,보통,2600000.0,3000.0,800000,중국,1170,수입산
2020-02-03,양파,특,3078000.0,3240.0,534841,전남 무안군 현경면 가입리,1097,전라남도 무안군
2019-06-26,양파,상,491100.0,1500.0,740010,경북 김천시 모암동,1154,경상북도 김천시
2020-02-05,양파,특,5025800.0,6240.0,534000,전라남도 무안군,1097,전라남도 무안군
2021-04-02,양파,하,2949500.0,3060.0,534000,전라남도 무안군,1097,전라남도 무안군
2022-06-17,양파,보통,503800.0,615.0,350000,충청남도 홍성군,1033,충청남도 홍성군
2022-10-04,양파,상,1037000.0,1220.0,534000,전라남도 무안군,1097,전라남도 무안군
2022-06-01,양파,특,3217500.0,3300.0,536804,전남 해남군 해남읍 기동리,1098,전라남도 해남군
2020-07-06,양파,상,204000.0,240.0,716800,경북 군위군 군위읍,1149,경상북도 군위군
2024-08-20,양파,특,13858500.0,14715.0,950000,전라남도 ,1176,전라남도 
2020-02-12,양파,특,3600000.0,4000.0,525822,전남 함평군 엄다면 성천리,1090,전라남도 함평군
2022-12-23,양파,특,1001000.0,975.0,350000,충청남도 홍성군,1033,충청남도 홍성군
2020-07-10,양파,특,111800.0,195.0,325000,충청남도 서천군,1025,충청남도 서천군
2018-05-03,양파,상,320000.0,640.0,550600,전남 여수시 여수우체국사서함,1105,전라남도 여수시
2023-06-19,양파,특,504000.0,800.0,717000,경상북도 고령군,1150,경상북도 고령군
2018-09-15,양파,상,9568000.0,14780.0,656050,경남 거제시 능포동,1132,경상남도 거제시
2022-12-02,양파,특,36000.0,30.0,901000,서울특별시 ,1000,서울특별시
2024-10-22,양파,특,2058000.0,2866.5,635000,경상남도 창녕군,1126,경상남도 창녕군
2021-11-23,양파,하,1728000.0,1440.0,717000,경상북도 고령군,1150,경상북도 고령군
2020-12-14,양파,보통,2472000.0,2400.0,618807,부산 강서구 대저2동1001∼2507,1120,부산광역시
2021-06-15,양파,특,10207500.0,15750.0,534800,전남 무안군 무안읍,1097,전라남도 무안군
2021-10-07,양파,하,23863850.0,28524.0,534000,전라남도 무안군,1097,전라남도 무안군
2022-08-23,양파,특,125000.0,120.0,678700,경남 합천군 합천읍 합천리 합천군청 ,1140,경상남도 합천군
2024-11-05,양파,보통,82220.0,240.0,580090,전북 정읍시 농소동,1116,전라북도 정읍시
2021-01-23,양파,보통,5520000.0,3600.0,800000,수입산,1170,수입산
2020-10-21,양파,특,458400.0,720.0,535000,전라남도 신안군,1096,전라남도 신안군
2022-01-08,양파,특,29178750.0,52185.0,534000,전라남도 무안군,1097,전라남도 무안군
2018-07-27,양파,특,850000.0,1000.0,320853,충남 논산시 양촌면 도평리,1022,충청남도 논산시
2025-04-03,양파,보통,14764300.0,9390.0,548000,전라남도 고흥군,1104,전라남도 고흥군
2022-04-01,양파,특,1905000.0,2250.0,534000,전라남도 무안군,1097,전라남도 무안군
2023-06-27,양파,특,1466250.0,1125.0,680010,울산 남구 신정동,1141,울산광역시
2020-03-07,양파,상,18000.0,60.0,565907,전북 완주군 봉동읍 장기리,1107,전라북도 완주군
2019-06-05,양파,특,2555500.0,5380.0,548843,전남 고흥군 남양면 망주리,1104,전라남도 고흥군
2018-10-18,양파,특,1200000.0,2880.0,527000,전라남도 강진군,1092,전라남도 강진군
2024-07-11,양파,특,350000.0,400.0,678810,경남 합천군 율곡면,1140,경상남도 합천군
2023-11-08,양파,특,784000.0,1120.0,730870,경북 구미시 해평면,1153,경상북도 구미시
2022-09-27,양파,보통,17496000.0,14040.0,579000,전라북도 부안군,1114,전라북도 부안군
2023-03-28,양파,특,917600.0,888.0,901000,서울특별시 ,1000,서울특별시
2020-04-17,양파,특,4416000.0,5424.0,711755,대구 달성군 화원읍 구라리 청산아파트 ,1146,대구광역시
2024-07-17,양파,특,22890000.0,18000.0,590000,전라북도 남원시,1117,전라북도 남원시
2023-05-22,양파,특,577600.0,570.0,534000,전라남도 무안군,1097,전라남도 무안군
2023-11-09,양파,하,3009000.0,3060.0,597000,전라북도 장수군,1119,전라북도 장수군
2025-03-14,양파,특,230000.0,400.0,534804,전남 무안군 무안읍 성동리,1097,전라남도 무안군
2018-04-17,양파,특,637600.0,1506.0,529900,전남 장흥군 대덕읍,1094,전라남도 장흥군
2022-04-15,양파,특,32900.0,28.0,730040,경북 구미시 형곡동,1153,경상북도 구미시
2021-06-29,양파,특,113000.0,280.0,637000,경상남도 함안군,1128,경상남도 함안군
2018-05-16,양파,특,8655900.0,18380.0,550000,전라남도 여수시,1105,전라남도 여수시
2021-05-11,양파,특,2520000.0,4500.0,534000,전라남도 무안군,1097,전라남도 무안군
2021-03-19,양파,특,8931700.0,4935.0,699833,제주 남제주군 대정읍 신도리,1145,제주특별자치도 남제주군
2021-06-17,양파,특,27000.0,30.0,630000,경상남도 창원시 마산회원구,1124,경상남도 창원시
2021-07-15,양파,하,1800000.0,2400.0,717000,경상북도 고령군,1150,경상북도 고령군
2019-08-20,양파,특,1547500.0,3000.0,579000,전라북도 부안군,1114,전라북도 부안군
2024-10-29,양파,특,1140000.0,600.0,711000,대구광역시 달성군,1146,대구광역시
2019-04-23,양파,특,1938000.0,3876.0,585840,전북 고창군 고수면,1115,전라북도 고창군
2023-02-09,양파,특,330000.0,150.0,534000,전라남도 무안군,1097,전라남도 무안군
2024-07-03,양파,특,23000.0,15.0,534729,전남 무안군 청계면 도림리 목포대학교 ,1097,전라남도 무안군
2024-06-21,양파,특,9100.0,5.0,200140,강원 춘천시 사농동,1001,강원도 춘천시
2024-08-30,양파,특,6643000.0,5850.0,635000,경상남도 창녕군,1126,경상남도 창녕군
2020-12-07,양파,특,2160000.0,1600.0,618140,부산 강서구 대저동,1120,부산광역시
2019-05-31,양파,특,397500.0,1125.0,585000,전라북도 고창군,1115,전라북도 고창군
2025-04-11,양파,보통,45000.0,100.0,548930,전남 고흥군 금산면,1104,전라남도 고흥군
2020-10-29,양파,하,4904000.0,3200.0,717000,경상북도 고령군,1150,경상북도 고령군
2024-06-01,양파,상,1037500.0,1660.0,678000,경상남도 합천군,1140,경상남도 합천군
2018-11-20,양파,상,5280000.0,9600.0,678000,경상남도 합천군,1140,경상남도 합천군
2018-12-03,양파,특,3401000.0,4590.0,970000,경상남도 ,1178,경상남도 
2020-08-18,양파,상,739200.0,840.0,717000,경상북도 고령군,1150,경상북도 고령군
2023-03-24,양파,특,160000.0,75.0,534000,전라남도 무안군,1097,전라남도 무안군
2022-04-13,양파,특,83700.0,405.0,690600,제주 제주시 제주우체국사서함,1142,제주특별자치도 제주시
2024-01-17,양파,특,3740000.0,4080.0,585700,전북 고창군 고창읍  고창군청 ,1115,전라북도 고창군
2019-07-24,양파,상,6000.0,100.0,580090,전북 정읍시 농소동,1116,전라북도 정읍시
2018-06-23,양파,특,600000.0,750.0,138000,서울특별시 송파구,1000,서울특별시
2023-12-15,양파,특,21039600.0,18720.0,535000,전라남도 신안군,1096,전라남도 신안군
2019-08-30,양파,특,5600000.0,10500.0,441833,경기 수원시 권선구 권선동1229∼1234,1062,경기도 수원시
2018-11-14,양파,특,40000.0,80.0,561302,전북 전주시 덕진구 송천동2가,1106,전라북도 전주시
2019-08-15,양파,특,1652000.0,5250.0,678000,경상남도 합천군,1140,경상남도 합천군
2023-10-03,양파,보통,2684000.0,2400.0,600010,부산 중구 중앙동,1120,부산광역시
2023-10-28,양파,상,800000.0,750.0,561302,전북 전주시 덕진구 송천동2가,1106,전라북도 전주시
2018-02-12,양파,특,1963000.0,1950.0,579000,전라북도 부안군,1114,전라북도 부안군
2019-06-29,양파,특,3705000.0,9750.0,513000,전라남도 영광군,1084,전라남도 영광군
2020-04-21,양파,특,3197000.0,2780.0,717800,경북 고령군 고령읍,1150,경상북도 고령군
2019-04-13,양파,상,5546600.0,8560.5,548800,전남 고흥군 고흥읍,1104,전라남도 고흥군
2024-04-01,양파,특,14565000.0,8250.0,800000,중국,1170,수입산
2023-04-15,양파,상,6564000.0,5250.0,990000,제주도 ,1180,제주도 
2021-05-31,양파,상,1811200.0,3920.0,534000,전라남도 무안군,1097,전라남도 무안군
2022-03-04,양파,특,5320000.0,8400.0,745600,경북 문경시 문경우체국사서함,1156,경상북도 문경시
2023-06-12,양파,특,10882500.0,10125.0,529000,전라남도 장흥군,1094,전라남도 장흥군
2019-12-21,양파,특,93500.0,220.0,767000,경상북도 울진군,1164,경상북도 울진군
2022-05-14,양파,특,140000.0,80.0,766000,경상북도 영덕군,1163,경상북도 영덕군
2018-11-03,양파,하,6000000.0,10000.0,770000,경상북도 영천시,1166,경상북도 영천시
2021-11-20,양파,보통,4881450.0,5028.0,525000,전라남도 함평군,1090,전라남도 함평군
2025-03-21,양파,상,288400.0,103.0,678800,경남 합천군 합천읍,1140,경상남도 합천군
2024-05-31,양파,상,611000.0,940.0,525000,전라남도 함평군,1090,전라남도 함평군
2024-09-14,양파,특,1113600.0,870.0,534000,전라남도 무안군,1097,전라남도 무안군
2018-11-10,양파,보통,400000.0,1000.0,534000,전라남도 무안군,1097,전라남도 무안군
2018-02-06,양파,보통,2975000.0,3500.0,763820,경북 청송군 파천면,1161,경상북도 청송군
2023-04-18,양파,특,2790000.0,2250.0,534844,전남 무안군 현경면 외반리,1097,전라남도 무안군
2021-04-23,양파,특,4725000.0,7484.4,312000,충청남도 금산군,1020,충청남도 금산군
2019-10-14,양파,특,972000.0,2160.0,534870,전남 무안군 해제면,1097,전라남도 무안군
2024-10-23,양파,특,16000.0,24.0,901000,서울특별시 ,1000,서울특별시
2020-10-15,양파,특,7350000.0,6300.0,565907,전북 완주군 봉동읍 장기리,1107,전라북도 완주군
2018-08-02,양파,특,6060.0,5.0,200140,강원 춘천시 사농동,1001,강원도 춘천시
2020-02-11,양파,하,2520000.0,2880.0,678000,경상남도 합천군,1140,경상남도 합천군
2019-05-14,양파,특,615000.0,1125.0,565000,전라북도 완주군,1107,전라북도 완주군
2018-07-05,양파,상,150800.0,520.0,637000,경상남도 함안군,1128,경상남도 함안군
2025-05-26,양파,상,2122800.0,3480.0,627000,경상남도 밀양시,1123,경상남도 밀양시
2019-03-12,양파,특,225000.0,300.0,618807,부산 강서구 대저2동1001∼2507,1120,부산광역시
2020-06-16,양파,상,63000.0,140.0,561821,전북 전주시 덕진구 송천동2가401∼599,1106,전라북도 전주시
2022-08-25,양파,특,1485000.0,1100.0,536804,전남 해남군 해남읍 기동리,1098,전라남도 해남군
2022-02-12,양파,특,4668750.0,13500.0,535000,전라남도 신안군,1096,전라남도 신안군
2020-10-09,양파,특,8000000.0,8000.0,635700,경남 창녕군 창녕읍  창녕군청 ,1126,경상남도 창녕군
2020-03-30,양파,특,1848600.0,1932.0,550050,전남 여수시 고소동,1105,전라남도 여수시
2021-12-30,양파,보통,92000.0,400.0,520810,전남 나주시 노안면,1089,전라남도 나주시
2019-02-19,양파,보통,5400000.0,12000.0,678000,경상남도 합천군,1140,경상남도 합천군
2025-05-05,양파,상,70000.0,72.0,312800,충남 금산군 금산읍,1020,충청남도 금산군
2019-12-13,양파,특,6307500.0,7875.0,535802,전남 신안군 지도읍 광정리,1096,전라남도 신안군
2023-07-06,양파,특,437000.0,897.0,635000,경상남도 창녕군,1126,경상남도 창녕군
2019-10-08,양파,특,2130400.0,5010.0,740000,경상북도 김천시,1154,경상북도 김천시
2018-12-21,양파,특,5024500.0,6825.0,534811,전남 무안군 몽탄면 구산리,1097,전라남도 무안군
2018-09-01,양파,특,7280000.0,9450.0,678800,경남 합천군 합천읍,1140,경상남도 합천군
2019-04-02,양파,상,981600.0,1700.0,534840,전남 무안군 현경면,1097,전라남도 무안군
2019-05-17,양파,하,912000.0,2280.0,534841,전남 무안군 현경면 가입리,1097,전라남도 무안군
2022-11-17,양파,특,18955100.0,15100.0,635000,경상남도 창녕군,1126,경상남도 창녕군
2023-11-09,양파,특,486000.0,540.0,666810,경남 산청군 차황면,1135,경상남도 산청군
2019-02-13,양파,상,588000.0,1680.0,678000,경상남도 합천군,1140,경상남도 합천군
2019-05-10,양파,상,1379600.0,2320.0,548000,전라남도 고흥군,1104,전라남도 고흥군
2019-12-24,양파,상,4595000.0,7000.0,670910,경남 거창군 가조면,1138,경상남도 거창군
2021-07-09,양파,보통,460000.0,1000.0,343000,충청남도 당진시,1031,충청남도 당진시
2025-05-14,양파,특,7638500.0,10720.0,525805,전남 함평군 함평읍 만흥리,1090,전라남도 함평군
2018-04-05,양파,하,15600.0,312.0,555010,전남 여수시 학동,1105,전라남도 여수시
2021-09-04,양파,특,477900.0,405.0,525000,전라남도 함평군,1090,전라남도 함평군
2020-04-25,양파,하,257600.0,345.0,690811,제주 제주시 삼도1동498∼502,1142,제주특별자치도 제주시
2018-05-05,양파,특,11301400.0,19100.0,534000,전라남도 무안군,1097,전라남도 무안군
2024-02-28,양파,특,4080000.0,3060.0,676000,경상남도 함양군,1139,경상남도 함양군
2024-06-15,양파,특,180000.0,100.0,769800,경북 의성군 의성읍,1165,경상북도 의성군
2020-01-30,양파,상,35000.0,25.0,500010,광주 북구 임동,1083,광주광역시
2024-04-11,양파,특,2400000.0,1500.0,565805,전북 완주군 삼례읍 어전리,1107,전라북도 완주군
2020-08-24,양파,특,1062500.0,1020.0,520000,전라남도 나주시,1089,전라남도 나주시
2020-08-25,양파,특,2667800.0,4520.0,660600,경남 진주시 진주우체국사서함,1133,경상남도 진주시
2021-11-10,양파,특,129600.0,108.0,641111,경남 창원시 가음동,1124,경상남도 창원시
2021-09-14,양파,특,17700.0,12.5,200140,강원 춘천시 사농동,1001,강원도 춘천시
2021-12-15,양파,특,10000000.0,16000.0,635000,경상남도 창녕군,1126,경상남도 창녕군
2023-08-15,양파,특,51000.0,204.0,534000,전라남도 무안군,1097,전라남도 무안군
2022-02-18,양파,특,6408.0,3.0,138701,서울 송파구 가락1동  가락농수산물시장 ,1000,서울특별시
2025-01-02,양파,특,925000.0,750.0,800000,중국,1170,수입산
2021-04-02,양파,특,5376000.0,3200.0,617030,부산 사상구 엄궁동,1120,부산광역시
2021-04-12,양파,특,41400.0,27.0,660600,경남 진주시 진주우체국사서함,1133,경상남도 진주시
2024-12-14,양파,특,7800000.0,6000.0,525840,전남 함평군 손불면,1090,전라남도 함평군
2024-03-11,양파,하,1575000.0,1125.0,534000,전라남도 무안군,1097,전라남도 무안군
2022-03-04,양파,하,962000.0,2220.0,534841,전남 무안군 현경면 가입리,1097,전라남도 무안군
2024-01-20,양파,특,20250000.0,20250.0,548000,전라남도 고흥군,1104,전라남도 고흥군
2020-02-29,양파,하,979200.0,1080.0,534000,전라남도 무안군,1097,전라남도 무안군
2018-12-26,양파,상,27480.0,30.0,500010,광주 북구 임동,1083,광주광역시
2023-11-27,양파,보통,3264000.0,2400.0,600010,부산 중구 중앙동,1120,부산광역시
2022-06-11,양파,특,1386900.0,1680.0,666000,경상남도 산청군,1135,경상남도 산청군
2024-06-10,양파,특,80000.0,200.0,561302,전북 전주시 덕진구 송천동2가,1106,전라북도 전주시
2022-02-10,양파,특,6258000.0,13650.0,770000,경상북도 영천시,1166,경상북도 영천시
2018-11-27,양파,하,7131600.0,10710.0,471080,경기 구리시 갈매동,1072,경기도 구리시
2024-03-27,양파,특,4918100.0,3646.5,742000,경상북도 상주시,1155,경상북도 상주시
2018-01-23,양파,특,4173000.0,4875.0,579000,전라북도 부안군,1114,전라북도 부안군
2018-05-16,양파,하,21000.0,120.0,656834,경남 거제시 장목면 매동리,1132,경상남도 거제시
2018-12-01,양파,특,1650000.0,2250.0,545850,전남 광양시 진월면,1102,전라남도 광양시
2020-05-01,양파,보통,1040400.0,1360.0,534000,전라남도 무안군,1097,전라남도 무안군
2020-04-08,양파,하,5920000.0,6720.0,740000,경상북도 김천시,1154,경상북도 김천시
2022-08-31,양파,특,17706000.0,13620.0,678800,경남 합천군 합천읍,1140,경상남도 합천군
2024-09-10,양파,특,2520000.0,2160.0,636801,경남 의령군 의령읍 대산리,1127,경상남도 의령군
2022-04-11,양파,특,8249000.0,21300.0,697600,제주 서귀포시 서귀포우체국사서함,1144,제주특별자치도 서귀포시
2021-05-19,양파,특,4092000.0,8960.0,717800,경북 고령군 고령읍,1150,경상북도 고령군
2022-07-09,양파,상,3186000.0,4720.0,730000,경상북도 구미시,1153,경상북도 구미시
2025-04-28,양파,특,756000.0,560.0,636000,경상남도 의령군,1127,경상남도 의령군
2020-12-28,양파,특,1232000.0,1050.0,678700,경남 합천군 합천읍 합천리 합천군청 ,1140,경상남도 합천군
2022-09-02,양파,상,234700.0,160.0,390160,충북 제천시 강제동,1047,충청북도 제천시
2018-06-25,양파,보통,3571000.0,9100.0,670000,경상남도 거창군,1138,경상남도 거창군
2024-06-29,양파,특,8040000.0,11250.0,534000,전라남도 무안군,1097,전라남도 무안군
2022-01-11,양파,보통,686400.0,1560.0,676813,경남 함양군 수동면 화산리,1139,경상남도 함양군
2024-07-23,양파,보통,3090000.0,3375.0,413000,경기도 파주시,1051,경기도 파주시
2018-10-24,양파,하,153000.0,1020.0,536000,전라남도 해남군,1098,전라남도 해남군
2019-10-10,양파,특,280000.0,800.0,621150,경남 김해시 화목동,1121,경상남도 김해시
2019-01-14,양파,하,231000.0,1540.0,548000,전라남도 고흥군,1104,전라남도 고흥군
2021-06-10,양파,특,4563000.0,8775.0,565907,전북 완주군 봉동읍 장기리,1107,전라북도 완주군
2021-01-19,양파,특,2000000.0,1000.0,482000,경기도 양주시,1077,경기도 양주시
2023-09-11,양파,특,1020000.0,1020.0,534000,전라남도 무안군,1097,전라남도 무안군
2025-05-16,양파,특,1750000.0,1500.0,800000,중국,1170,수입산
2024-11-09,양파,특,6739200.0,5760.0,676000,경상남도 함양군,1139,경상남도 함양군
2018-12-24,양파,특,900000.0,1080.0,770000,경상북도 영천시,1166,경상북도 영천시
2025-04-17,양파,특,11821500.0,6440.0,536000,전라남도 해남군,1098,전라남도 해남군
2023-05-27,양파,특,504000.0,280.0,565863,전북 완주군 고산면 성재리,1107,전라북도 완주군
2023-12-19,양파,특,32029350.0,27570.0,525000,전라남도 함평군,1090,전라남도 함평군
2018-05-11,양파,보통,3100000.0,4000.0,534000,전라남도 무안군,1097,전라남도 무안군
2018-12-13,양파,특,7380000.0,12000.0,678000,경상남도 합천군,1140,경상남도 합천군
2025-03-25,양파,특,1785000.0,1020.0,791940,경북 포항시 북구 흥해읍,1168,경상북도 포항시
2021-12-10,양파,특,9100000.0,13650.0,565000,전라북도 완주군,1107,전라북도 완주군
2024-05-09,양파,상,6136000.0,4720.0,635000,경상남도 창녕군,1126,경상남도 창녕군
2018-06-25,양파,특,707600.0,1220.0,600000,부산광역시 부산 중구,1120,부산광역시
2021-04-05,양파,상,10465000.0,6825.0,636805,경남 의령군 의령읍 서동리,1127,경상남도 의령군
2025-04-14,양파,특,16800000.0,12600.0,800000,중국,1170,수입산
2023-11-13,양파,특,480000.0,900.0,635000,경상남도 창녕군,1126,경상남도 창녕군
2019-05-15,양파,특,467500.0,1100.0,534841,전남 무안군 현경면 가입리,1097,전라남도 무안군
2021-06-02,양파,특,320000.0,400.0,482000,경기도 양주시,1077,경기도 양주시
2024-03-13,양파,상,999000.0,740.0,515000,전라남도 장성군,1085,전라남도 장성군
2023-04-25,양파,보통,238000.0,280.0,656610,경남 거제시 장승포우체국사서함,1132,경상남도 거제시
2022-06-04,양파,보통,227500.0,1365.0,548000,전라남도 고흥군,1104,전라남도 고흥군
2020-02-24,양파,특,1699200.0,1440.0,902000,부산광역시 ,1120,부산광역시
2020-12-12,양파,특,1166000.0,1060.0,525805,전남 함평군 함평읍 만흥리,1090,전라남도 함평군
2021-07-29,양파,특,703100.0,945.0,534000,전라남도 무안군,1097,전라남도 무안군
2019-01-18,양파,특,7200000.0,15000.0,706820,대구 수성구 범어2동147∼188,1146,대구광역시
2019-02-14,양파,특,1430000.0,2600.0,635000,경상남도 창녕군,1126,경상남도 창녕군
2022-08-12,양파,특,3491400.0,3135.0,534000,전라남도 무안군,1097,전라남도 무안군
2019-11-23,양파,특,1278600.0,2840.0,527810,전남 강진군 성전면,1092,전라남도 강진군
2023-06-09,양파,특,5277000.0,13212.0,534000,전라남도 무안군,1097,전라남도 무안군
2025-02-04,양파,하,160000.0,100.0,711000,대구광역시 달성군,1146,대구광역시
2020-07-17,양파,특,4393000.0,7660.0,635000,경상남도 창녕군,1126,경상남도 창녕군
2021-10-20,양파,특,7301500.0,8160.0,534811,전남 무안군 몽탄면 구산리,1097,전라남도 무안군
2018-08-06,양파,특,9940000.0,14000.0,678000,경상남도 합천군,1140,경상남도 합천군
2018-01-16,양파,상,170500.0,220.0,678810,경남 합천군 율곡면,1140,경상남도 합천군
2018-05-26,양파,상,825500.0,2476.5,548000,전라남도 고흥군,1104,전라남도 고흥군
2022-04-26,양파,특,10792000.0,11360.0,678000,경상남도 합천군,1140,경상남도 합천군
2023-08-25,양파,특,6295700.0,11280.0,534000,전라남도 무안군,1097,전라남도 무안군
2020-08-19,양파,특,840000.0,720.0,525800,전남 함평군 함평읍,1090,전라남도 함평군
2023-06-12,양파,보통,5376000.0,7680.0,561302,전북 전주시 덕진구 송천동2가,1106,전라북도 전주시
2021-01-05,양파,특,10072000.0,6400.0,717000,경상북도 고령군,1150,경상북도 고령군
2025-02-19,양파,상,835200.0,580.0,636810,경남 의령군 화정면,1127,경상남도 의령군
2018-03-16,양파,하,6107800.0,12552.0,535000,전라남도 신안군,1096,전라남도 신안군
2024-10-10,양파,특,63630.0,10.0,200140,강원 춘천시 사농동,1001,강원도 춘천시
2019-06-03,양파,특,991500.0,3180.0,529804,전남 장흥군 장흥읍 교촌리,1094,전라남도 장흥군
2019-02-13,양파,하,2601000.0,6120.0,506000,광주광역시 광산구,1083,광주광역시
2021-02-24,양파,특,38400.0,15.0,200140,강원 춘천시 사농동,1001,강원도 춘천시
2020-05-16,양파,특,260000.0,300.0,678700,경남 합천군 합천읍 합천리 합천군청 ,1140,경상남도 합천군
2018-06-20,양파,하,37500.0,50.0,343000,충청남도 당진시,1031,충청남도 당진시
2019-07-26,양파,특,5002800.0,19363.5,717000,경상북도 고령군,1150,경상북도 고령군
2020-04-28,양파,상,121000.0,440.0,539800,전남 진도군 진도읍,1099,전라남도 진도군
2023-06-09,양파,특,5848000.0,6120.0,534850,전남 무안군 망운면,1097,전라남도 무안군
2018-06-21,양파,하,84000.0,840.0,690000,제주도 제주시,1142,제주특별자치도 제주시
2020-12-03,양파,특,1113600.0,960.0,525000,전라남도 함평군,1090,전라남도 함평군
2021-08-28,양파,특,165000.0,200.0,769000,경상북도 의성군,1165,경상북도 의성군
2024-01-20,양파,특,1080000.0,675.0,330600,충남 천안시 동남구 천안우체국사서함,1026,충청남도 천안시
2018-12-28,양파,특,50000000.0,125000.0,320000,충청남도 논산시,1022,충청남도 논산시
2020-07-15,양파,상,342000.0,600.0,637923,경남 함안군 칠원면 예곡리,1128,경상남도 함안군
2022-06-09,양파,특,1308000.0,1200.0,356000,충청남도 서산시,1035,충청남도 서산시
2021-12-08,양파,보통,1890000.0,2100.0,745852,경북 문경시 영순면 김용리,1156,경상북도 문경시
2018-08-08,양파,하,2533000.0,4080.0,535000,전라남도 신안군,1096,전라남도 신안군
2023-06-24,양파,특,297500.0,340.0,760861,경북 안동시 남선면 구미리,1160,경상북도 안동시
2019-04-02,양파,하,1400000.0,4000.0,769000,경상북도 의성군,1165,경상북도 의성군
2025-01-17,양파,특,3840000.0,4500.0,535000,전라남도 신안군,1096,전라남도 신안군
2023-08-19,양파,특,4600000.0,2300.0,711000,대구광역시 달성군,1146,대구광역시
2021-04-16,양파,상,883200.0,1840.0,548000,전라남도 고흥군,1104,전라남도 고흥군
2018-04-02,양파,특,93950.0,90.0,200140,강원 춘천시 사농동,1001,강원도 춘천시
2021-08-11,양파,특,1740000.0,1740.0,678700,경남 합천군 합천읍 합천리 합천군청 ,1140,경상남도 합천군
2018-09-17,양파,보통,397600.0,1420.0,660600,경남 진주시 진주우체국사서함,1133,경상남도 진주시
2020-10-06,양파,보통,11875000.0,13500.0,676823,경남 함양군 안의면 금천리,1139,경상남도 함양군
2021-09-07,양파,특,14316550.0,15645.0,536000,전라남도 해남군,1098,전라남도 해남군
2023-02-06,양파,특,458000.0,210.0,641111,경남 창원시 가음동,1124,경상남도 창원시
2023-06-21,양파,상,2000000.0,2000.0,536000,전라남도 해남군,1098,전라남도 해남군
2019-11-28,양파,보통,7570500.0,14700.0,903000,대구광역시 ,1146,대구광역시
2018-03-01,양파,특,4595000.0,6000.0,750000,경상북도 영주시,1157,경상북도 영주시
2021-06-10,양파,하,3733200.0,7650.0,716852,경북 군위군 산성면 운산리,1149,경상북도 군위군
2020-04-10,양파,보통,7542700.0,9450.0,690811,제주 제주시 삼도1동498∼502,1142,제주특별자치도 제주시
2025-03-08,양파,특,1856000.0,960.0,678800,경남 합천군 합천읍,1140,경상남도 합천군
2019-04-26,양파,상,92500.0,75.0,745000,경상북도 문경시,1156,경상북도 문경시
2019-03-14,양파,특,1404000.0,3240.0,770000,경상북도 영천시,1166,경상북도 영천시
2019-04-17,양파,하,595000.0,1020.0,770000,경상북도 영천시,1166,경상북도 영천시
2019-05-15,양파,보통,72000.0,192.0,534834,전남 무안군 청계면 도림리,1097,전라남도 무안군
2020-02-03,양파,특,132000.0,220.0,590830,전북 남원시 운봉읍,1117,전라북도 남원시
2020-02-15,양파,상,2090000.0,2200.0,716812,경북 군위군 소보면 달산리,1149,경상북도 군위군
2018-09-01,양파,상,200000.0,200.0,745000,경상북도 문경시,1156,경상북도 문경시
2024-06-26,양파,특,924600.0,1005.0,343000,충청남도 당진시,1031,충청남도 당진시
2023-10-28,양파,특,28871250.0,25650.0,534000,전라남도 무안군,1097,전라남도 무안군
2022-05-18,양파,특,1200000.0,2400.0,534830,전남 무안군 청계면,1097,전라남도 무안군
2025-04-01,양파,특,1420000.0,3000.0,535000,전라남도 신안군,1096,전라남도 신안군
2022-12-14,양파,상,4760000.0,3150.0,745000,경상북도 문경시,1156,경상북도 문경시
2022-06-04,양파,특,8211000.0,9180.0,503839,광주 남구 주월1동1180∼1190,1083,광주광역시
2023-04-05,양파,특,16064000.0,10040.0,902000,부산광역시 ,1120,부산광역시
2023-09-21,양파,보통,4199000.0,4875.0,565000,전라북도 완주군,1107,전라북도 완주군
2024-08-27,양파,보통,1360000.0,2040.0,565000,전라북도 완주군,1107,전라북도 완주군
2019-06-14,양파,특,380800.0,1120.0,770000,경상북도 영천시,1166,경상북도 영천시
2020-01-14,양파,보통,400000.0,400.0,618807,부산 강서구 대저2동1001∼2507,1120,부산광역시
2019-11-16,양파,특,1162000.0,2100.0,666910,경남 산청군 생초면,1135,경상남도 산청군
2018-10-04,양파,하,6478200.0,15300.0,525000,전라남도 함평군,1090,전라남도 함평군
2024-05-29,양파,보통,9072400.0,7425.0,570000,전라북도 익산시,1111,전라북도 익산시
2018-06-23,양파,상,20000.0,80.0,742930,경북 상주시 은척면,1155,경상북도 상주시
2018-04-03,양파,하,1120000.0,1050.0,745000,경상북도 문경시,1156,경상북도 문경시
2023-06-14,양파,상,201500.0,260.0,791940,경북 포항시 북구 흥해읍,1168,경상북도 포항시
2023-09-19,양파,특,721600.0,1968.0,534000,전라남도 무안군,1097,전라남도 무안군
2022-12-23,양파,특,1650000.0,1125.0,534000,전라남도 무안군,1097,전라남도 무안군
2021-03-26,양파,상,69000.0,45.0,690050,제주 제주시 건입동,1142,제주특별자치도 제주시
2024-07-11,양파,하,1160000.0,4000.0,635000,경상남도 창녕군,1126,경상남도 창녕군
2024-05-24,양파,상,840000.0,400.0,711000,대구광역시 달성군,1146,대구광역시
2022-12-21,양파,특,2550000.0,1650.0,770040,경북 영천시 과전동,1166,경상북도 영천시
2020-11-24,양파,특,22440000.0,18000.0,534000,전라남도 무안군,1097,전라남도 무안군
2019-10-10,양파,상,56000.0,156.8,635000,경상남도 창녕군,1126,경상남도 창녕군
2024-11-22,양파,보통,2996000.0,2320.0,600010,부산 중구 중앙동,1120,부산광역시
2023-07-13,양파,상,70000.0,140.0,626773,경남 양산시 물금읍 범어리 덕산아파트 ,1122,경상남도 양산시
2022-03-19,양파,보통,28600.0,165.0,360070,충북 청주시 상당구 금천동,1037,충청북도 청주시
2020-04-15,양파,보통,360800.0,330.0,410340,경기 고양시 일산동구 산황동,1050,경기도 고양시
2018-02-12,양파,특,7103800.0,7720.0,769000,경상북도 의성군,1165,경상북도 의성군
2024-09-10,양파,특,6513000.0,5850.0,740974,경북 김천시 남산동50∼250,1154,경상북도 김천시
2025-05-20,양파,특,800400.0,1160.0,636000,경상남도 의령군,1127,경상남도 의령군
2021-04-30,양파,특,100000.0,150.0,403010,인천 부평구 부평동,1049,인천광역시
2023-06-16,양파,특,510000.0,600.0,517805,전남 담양군 담양읍 담주리,1087,전라남도 담양군
2025-01-26,양파,보통,1440000.0,800.0,902000,부산광역시 ,1120,부산광역시
2023-04-03,양파,상,5499000.0,4089.0,990000,제주도 ,1180,제주도 
2021-04-03,양파,하,397800.0,390.0,699832,제주 남제주군 대정읍 일과리,1145,제주특별자치도 남제주군
2022-09-17,양파,특,8775000.0,9750.0,800000,중국,1170,수입산
2020-09-17,양파,특,912000.0,1083.0,636960,경남 의령군 부림면,1127,경상남도 의령군
2018-05-07,양파,특,5005900.0,7545.0,471080,경기 구리시 갈매동,1072,경기도 구리시
2023-09-12,양파,특,230000.0,150.0,769800,경북 의성군 의성읍,1165,경상북도 의성군
2018-03-08,양파,보통,480000.0,1200.0,534804,전남 무안군 무안읍 성동리,1097,전라남도 무안군
2024-01-10,양파,특,5040000.0,4500.0,534000,전라남도 무안군,1097,전라남도 무안군
2020-08-04,양파,상,3712000.0,3200.0,902000,부산광역시 ,1120,부산광역시
2023-06-20,양파,특,32800.0,40.0,520820,전남 나주시 금천면,1089,전라남도 나주시
2018-01-26,양파,특,93600.0,72.0,750000,경상북도 영주시,1157,경상북도 영주시
2021-07-26,양파,보통,5177800.0,10740.0,621000,경상남도 김해시,1121,경상남도 김해시
2018-12-15,양파,상,6000.0,15.0,360070,충북 청주시 상당구 금천동,1037,충청북도 청주시
2025-02-04,양파,특,4905000.0,3375.0,525000,전라남도 함평군,1090,전라남도 함평군
2022-07-16,양파,보통,67400.0,1.0,800000,네덜란드,1170,수입산
2021-08-20,양파,특,38000.0,60.0,769800,경북 의성군 의성읍,1165,경상북도 의성군
2023-01-11,양파,특,39513600.0,18522.0,719000,경상북도 성주군,1152,경상북도 성주군
2024-04-26,양파,특,3064000.0,2040.0,645000,경상남도 진해시,1130,경상남도 진해시
2019-03-02,양파,보통,5000.0,20.0,635800,경남 창녕군 창녕읍,1126,경상남도 창녕군
2018-04-21,양파,특,1518000.0,1930.0,690010,제주 제주시 일도동,1142,제주특별자치도 제주시
2023-07-19,양파,특,1762500.0,1125.0,534000,전라남도 무안군,1097,전라남도 무안군
2019-07-04,양파,특,777600.0,1728.0,570000,전라북도 익산시,1111,전라북도 익산시
2022-07-13,양파,특,1680000.0,800.0,482000,경기도 양주시,1077,경기도 양주시
2020-03-13,양파,상,630000.0,540.0,561302,전북 전주시 덕진구 송천동2가,1106,전라북도 전주시
2018-04-11,양파,보통,477000.0,3180.0,770000,경상북도 영천시,1166,경상북도 영천시
2022-09-30,양파,특,380000.0,200.0,534000,전라남도 무안군,1097,전라남도 무안군
2019-08-19,양파,특,1736200.0,4008.0,534000,전라남도 무안군,1097,전라남도 무안군
2019-07-06,양파,특,4040.0,4.0,200140,강원 춘천시 사농동,1001,강원도 춘천시
2022-08-15,양파,특,22503000.0,13650.0,676804,경남 함양군 함양읍 백천리,1139,경상남도 함양군
2019-09-24,양파,상,151960.0,145.0,902000,부산광역시 ,1120,부산광역시
2020-11-14,양파,하,3744000.0,3120.0,534841,전남 무안군 현경면 가입리,1097,전라남도 무안군
2025-05-31,양파,특,1904000.0,3360.0,570600,전북 익산시 익산우체국사서함,1111,전라북도 익산시
2021-10-08,양파,특,208000.0,260.0,636000,경상남도 의령군,1127,경상남도 의령군
2023-06-12,양파,특,12012000.0,13440.0,678810,경남 합천군 율곡면,1140,경상남도 합천군
2020-08-27,양파,하,1950000.0,2250.0,534000,전라남도 무안군,1097,전라남도 무안군
2024-11-26,양파,특,1420000.0,2000.0,730600,경북 구미시 구미우체국사서함,1153,경상북도 구미시
2023-09-08,양파,특,838800.0,648.0,561302,전북 전주시 덕진구 송천동2가,1106,전라북도 전주시
2020-09-15,양파,특,44000.0,80.0,561302,전북 전주시 덕진구 송천동2가,1106,전라북도 전주시
2022-07-14,양파,보통,180000.0,200.0,641600,경남 창원시 창원우체국사서함,1124,경상남도 창원시
2025-04-25,양파,특,3157000.0,3555.0,556820,전남 여수시 화양면,1105,전라남도 여수시
2020-01-07,양파,하,714000.0,1020.0,534000,전라남도 무안군,1097,전라남도 무안군
2024-02-14,양파,특,12978000.0,14420.0,902000,부산광역시 ,1120,부산광역시
2019-07-19,양파,특,151200.0,540.0,621150,경남 김해시 화목동,1121,경상남도 김해시
2024-05-08,양파,보통,96000.0,160.0,534870,전남 무안군 해제면,1097,전라남도 무안군
2020-04-01,양파,특,126000.0,90.0,403010,인천 부평구 부평동,1049,인천광역시
2020-08-12,양파,상,13636000.0,18200.0,635000,경상남도 창녕군,1126,경상남도 창녕군
2022-01-04,양파,보통,306900.0,1116.0,535000,전라남도 신안군,1096,전라남도 신안군
2020-08-04,양파,특,4690000.0,4200.0,745600,경북 문경시 문경우체국사서함,1156,경상북도 문경시
2025-01-14,양파,특,1384500.0,975.0,740974,경북 김천시 남산동50∼250,1154,경상북도 김천시
2022-05-30,양파,상,60000.0,100.0,711891,대구 달성군 구지면 가천리,1146,대구광역시
2024-01-22,양파,특,2925000.0,2925.0,565907,전북 완주군 봉동읍 장기리,1107,전라북도 완주군
2021-11-24,양파,상,1629000.0,2560.0,635000,경상남도 창녕군,1126,경상남도 창녕군
2019-02-08,양파,특,6975000.0,15000.0,714853,경북 청도군 이서면 금촌리,1148,경상북도 청도군
2021-03-23,양파,특,4350000.0,3000.0,305325,대전 유성구 노은동,1019,대전광역시
2025-05-15,양파,특,663000.0,765.0,570600,전북 익산시 익산우체국사서함,1111,전라북도 익산시
2024-06-08,양파,특,3420000.0,2700.0,800000,중국,1170,수입산
2024-09-28,양파,특,20200.0,14.0,200140,강원 춘천시 사농동,1001,강원도 춘천시
2023-07-10,양파,상,3808000.0,6800.0,617030,부산 사상구 엄궁동,1120,부산광역시
2021-03-27,양파,상,384800.0,148.0,138000,서울특별시 송파구,1000,서울특별시
2018-11-23,양파,특,6000.0,24.0,343000,충청남도 당진시,1031,충청남도 당진시
2022-11-26,양파,특,34000.0,20.0,330600,충남 천안시 동남구 천안우체국사서함,1026,충청남도 천안시
2020-09-28,양파,특,80000.0,100.0,325920,충남 서천군 문산면,1025,충청남도 서천군
2020-08-10,양파,특,3280000.0,3840.0,678000,경상남도 합천군,1140,경상남도 합천군
2023-07-01,양파,상,99000.0,135.0,357000,충청남도 태안군,1036,충청남도 태안군
2018-11-09,양파,특,275000.0,250.0,800000,중국,1170,수입산
2018-02-09,양파,특,32850.0,25.0,200140,강원 춘천시 사농동,1001,강원도 춘천시
2022-12-28,양파,특,180000.0,100.0,534729,전남 무안군 청계면 도림리 목포대학교 ,1097,전라남도 무안군
2021-09-24,양파,특,5776000.0,4800.0,670000,경상남도 거창군,1138,경상남도 거창군
2024-01-27,양파,상,2779500.0,3060.0,678700,경남 합천군 합천읍 합천리 합천군청 ,1140,경상남도 합천군
2024-09-30,양파,보통,2847500.0,4080.0,526000,전라남도 영암군,1091,전라남도 영암군
2024-11-11,양파,특,45000.0,45.0,630000,경상남도 창원시 마산회원구,1124,경상남도 창원시
2025-05-01,양파,특,6240000.0,4800.0,800000,중국,1170,수입산
2022-04-08,양파,상,32200.0,92.0,550050,전남 여수시 고소동,1105,전라남도 여수시
2020-01-15,양파,특,4067000.0,5250.0,676000,경상남도 함양군,1139,경상남도 함양군
2024-06-15,양파,보통,2026000.0,3705.0,570000,전라북도 익산시,1111,전라북도 익산시
2022-05-09,양파,특,305900.0,460.0,760802,경북 안동시 풍산읍 괴정리,1160,경상북도 안동시
2022-07-09,양파,특,3975000.0,3000.0,336820,충남 아산시 영인면,1027,충청남도 아산시
2019-01-22,양파,특,8260000.0,30000.0,678800,경남 합천군 합천읍,1140,경상남도 합천군
2021-12-02,양파,상,1600000.0,1600.0,902000,부산광역시 ,1120,부산광역시
2018-05-28,양파,보통,7620200.0,16040.0,534000,전라남도 무안군,1097,전라남도 무안군
2023-07-31,양파,특,180000.0,200.0,621150,경남 김해시 화목동,1121,경상남도 김해시
2020-08-11,양파,특,4104000.0,4752.0,635000,경상남도 창녕군,1126,경상남도 창녕군
2018-05-17,양파,특,6244500.0,10860.0,534000,전라남도 무안군,1097,전라남도 무안군
2024-07-02,양파,특,164000.0,615.0,539000,전라남도 진도군,1099,전라남도 진도군
2020-06-02,양파,특,3833800.0,5720.0,635831,경남 창녕군 이방면 거남리,1126,경상남도 창녕군
2019-11-06,양파,상,1188000.0,2700.0,770851,경북 영천시 화산면 가상리,1166,경상북도 영천시
2018-04-02,양파,보통,12120.0,10.0,200140,강원 춘천시 사농동,1001,강원도 춘천시
2022-04-06,양파,상,339200.0,1420.0,556820,전남 여수시 화양면,1105,전라남도 여수시
2018-04-25,양파,보통,6068000.0,7320.0,320000,충청남도 논산시,1022,충청남도 논산시
2023-10-14,양파,특,3780000.0,4212.0,717000,경상북도 고령군,1150,경상북도 고령군
2024-01-29,양파,특,16211350.0,14190.0,716000,경상북도 군위군,1149,경상북도 군위군
2022-11-07,양파,특,26120000.0,19200.0,525000,전라남도 함평군,1090,전라남도 함평군
2020-05-19,양파,하,4836400.0,7160.0,534000,전라남도 무안군,1097,전라남도 무안군
2021-06-21,양파,보통,8887600.0,16680.0,980000,경상북도 ,1179,경상북도 
2020-05-13,양파,특,2399600.0,2415.0,534000,전라남도 무안군,1097,전라남도 무안군
2024-02-22,양파,상,42000.0,30.0,312700,충남 금산군 금성면  금산위성지구국 ,1020,충청남도 금산군
2023-09-11,양파,특,44100.0,200.0,138701,서울 송파구 가락1동  가락농수산물시장 ,1000,서울특별시
2022-12-10,양파,특,6450000.0,6750.0,800000,중국,1170,수입산
2021-12-13,양파,특,1951500.0,3120.0,703831,대구 서구 중리동1∼119,1146,대구광역시
2022-09-03,양파,특,4150400.0,3795.0,565000,전라북도 완주군,1107,전라북도 완주군
2024-07-04,양파,보통,598000.0,690.0,357000,충청남도 태안군,1036,충청남도 태안군
2025-04-30,양파,특,4714500.0,5064.0,548000,전라남도 고흥군,1104,전라남도 고흥군
2024-01-24,양파,상,450000.0,1000.0,717800,경북 고령군 고령읍,1150,경상북도 고령군
2024-05-24,양파,보통,496000.0,1240.0,676820,경남 함양군 안의면,1139,경상남도 함양군
2023-06-16,양파,상,1776000.0,2960.0,637000,경상남도 함안군,1128,경상남도 함안군
2022-01-28,양파,특,3654000.0,2227.5,534000,전라남도 무안군,1097,전라남도 무안군
2020-10-20,양파,특,70800.0,50.0,200140,강원 춘천시 사농동,1001,강원도 춘천시
2018-06-28,양파,특,4101000.0,9680.0,635000,경상남도 창녕군,1126,경상남도 창녕군
2025-05-02,양파,특,110400.0,96.0,570130,전북 익산시 목천동,1111,전라북도 익산시
2018-04-02,양파,특,205000.0,375.0,769000,경상북도 의성군,1165,경상북도 의성군
2023-05-16,양파,상,144000.0,240.0,950000,전라남도 ,1176,전라남도 
2019-07-03,양파,특,36000.0,135.0,356000,충청남도 서산시,1035,충청남도 서산시
2025-04-29,양파,특,3900000.0,4500.0,548930,전남 고흥군 금산면,1104,전라남도 고흥군
2022-07-20,양파,상,8763800.0,8480.0,636805,경남 의령군 의령읍 서동리,1127,경상남도 의령군
2018-07-12,양파,특,1764000.0,2920.0,501011,광주 동구 충장로1가,1083,광주광역시
2024-05-15,양파,특,22056100.0,20235.0,534000,전라남도 무안군,1097,전라남도 무안군
2018-04-30,양파,보통,56000.0,320.0,548880,전남 고흥군 포두면,1104,전라남도 고흥군
2023-03-31,양파,특,336000.0,315.0,990000,제주도 ,1180,제주도 
2018-09-06,양파,상,608400.0,1040.0,717000,경상북도 고령군,1150,경상북도 고령군
2019-11-16,양파,상,1992000.0,4905.3,548000,전라남도 고흥군,1104,전라남도 고흥군
2019-09-05,양파,특,696000.0,2400.0,305325,대전 유성구 노은동,1019,대전광역시
2021-07-06,양파,특,840000.0,1200.0,314835,충남 공주시 계룡면 월암리,1021,충청남도 공주시
2019-02-09,양파,특,162000.0,225.0,565900,전북 완주군 봉동읍,1107,전라북도 완주군
2021-11-11,양파,상,12800000.0,16000.0,901000,서울특별시 ,1000,서울특별시
2021-08-27,양파,보통,454600.0,600.0,770000,경상북도 영천시,1166,경상북도 영천시
2020-06-22,양파,특,2884000.0,4080.0,534000,전라남도 무안군,1097,전라남도 무안군
2023-07-31,양파,상,70400.0,160.0,621873,경남 김해시 한림면 병동리,1121,경상남도 김해시
2023-06-03,양파,특,565000.0,230.0,641111,경남 창원시 가음동,1124,경상남도 창원시
2021-02-22,양파,특,3375000.0,2025.0,800000,중국,1170,수입산
2024-01-17,양파,보통,4292500.0,5100.0,716000,경상북도 군위군,1149,경상북도 군위군
2023-08-02,양파,특,7070.0,4.0,200140,강원 춘천시 사농동,1001,강원도 춘천시
2020-05-09,양파,상,243800.0,424.0,546900,전남 보성군 벌교읍,1103,전라남도 보성군
2019-12-13,양파,보통,453600.0,1260.0,600010,부산 중구 중앙동,1120,부산광역시
2021-02-23,양파,특,21045000.0,11250.0,770000,경상북도 영천시,1166,경상북도 영천시
2020-06-15,양파,특,138000.0,150.0,369000,충청북도 음성군,1042,충청북도 음성군
2024-11-15,양파,하,20075400.0,20856.0,525000,전라남도 함평군,1090,전라남도 함평군
2022-03-26,양파,특,180000.0,400.0,621150,경남 김해시 화목동,1121,경상남도 김해시
2019-05-04,양파,상,42000.0,60.0,641465,경남 창원시 팔용동,1124,경상남도 창원시
2024-07-13,양파,특,360000.0,300.0,565863,전북 완주군 고산면 성재리,1107,전라북도 완주군
2020-03-20,양파,특,2800000.0,3000.0,800000,중국,1170,수입산
2023-05-08,양파,보통,63000.0,140.0,526910,전남 영암군 금정면,1091,전라남도 영암군
2019-05-14,양파,특,6460000.0,12800.0,902000,부산광역시 ,1120,부산광역시
2018-03-12,양파,특,6000000.0,6000.0,800000,중국,1170,수입산
2019-08-28,양파,특,372000.0,870.0,456600,경기 안성시 안성우체국사서함,1067,경기도 안성시
2023-10-12,양파,보통,769250.0,1020.0,680010,울산 남구 신정동,1141,울산광역시
2023-08-19,양파,보통,10884800.0,17124.0,525000,전라남도 함평군,1090,전라남도 함평군
2022-06-18,양파,특,1820000.0,2000.0,716701,경북 군위군 군위읍  군위군청 ,1149,경상북도 군위군
2025-05-29,양파,보통,5981100.0,9680.0,635000,경상남도 창녕군,1126,경상남도 창녕군
2021-05-24,양파,특,336000.0,600.0,585000,전라북도 고창군,1115,전라북도 고창군
2020-05-23,양파,상,138000.0,448.5,635000,경상남도 창녕군,1126,경상남도 창녕군
2024-08-26,양파,특,237000.0,250.0,220100,강원 원주시 단계동,1008,강원도 원주시
2022-10-11,양파,특,7540000.0,7800.0,800000,중국,1170,수입산
2018-05-26,양파,하,445200.0,1596.0,535000,전라남도 신안군,1096,전라남도 신안군
2018-05-31,양파,보통,20000.0,80.0,638000,경상남도 고성군,1129,경상남도 고성군
2025-04-18,양파,보통,572000.0,880.0,548803,전남 고흥군 고흥읍 남계리 송곡,1104,전라남도 고흥군
2019-07-13,양파,특,940000.0,3900.0,711000,대구광역시 달성군,1146,대구광역시
2021-11-25,양파,보통,56840.0,240.0,906000,광주광역시 ,1083,광주광역시
2019-06-10,양파,특,280000.0,800.0,716000,경상북도 군위군,1149,경상북도 군위군
2022-08-27,양파,특,1230000.0,900.0,561302,전북 전주시 덕진구 송천동2가,1106,전라북도 전주시
2021-07-30,양파,특,1670361.0,1330.0,471080,경기 구리시 갈매동,1072,경기도 구리시
2020-08-18,양파,특,18223900.0,18765.0,525000,전라남도 함평군,1090,전라남도 함평군
2023-04-19,양파,특,17904000.0,13760.0,711000,대구광역시 달성군,1146,대구광역시
2020-08-05,양파,특,646800.0,880.0,635808,경남 창녕군 창녕읍 여초리,1126,경상남도 창녕군
2018-07-09,양파,특,35000.0,140.0,545850,전남 광양시 진월면,1102,전라남도 광양시
2022-10-29,양파,하,880750.0,975.0,350000,충청남도 홍성군,1033,충청남도 홍성군
2019-04-15,양파,특,1270000.0,1905.0,697600,제주 서귀포시 서귀포우체국사서함,1144,제주특별자치도 서귀포시
2019-10-07,양파,특,1680000.0,4000.0,678860,경남 합천군 덕곡면,1140,경상남도 합천군
2023-11-03,양파,상,810000.0,900.0,800000,중국,1170,수입산
2020-04-18,양파,특,23265700.0,25403.4,548000,전라남도 고흥군,1104,전라남도 고흥군
2020-06-10,양파,상,123700.0,500.0,718800,경북 칠곡군 왜관읍,1151,경상북도 칠곡군
2024-04-27,양파,특,3510000.0,1300.0,711000,대구광역시 달성군,1146,대구광역시
2019-08-08,양파,하,1872900.0,4590.0,534841,전남 무안군 현경면 가입리,1097,전라남도 무안군
2024-05-28,양파,특,287000.0,700.0,534870,전남 무안군 해제면,1097,전라남도 무안군
2024-05-23,양파,특,6170000.0,7000.0,678000,경상남도 합천군,1140,경상남도 합천군
2021-07-02,양파,특,33000.0,60.0,403010,인천 부평구 부평동,1049,인천광역시
2024-05-14,양파,특,365500.0,645.0,548000,전라남도 고흥군,1104,전라남도 고흥군
2021-03-15,양파,특,4440000.0,2400.0,717000,경상북도 고령군,1150,경상북도 고령군
2021-04-08,양파,상,1920000.0,1800.0,695000,제주도 제주시,1142,제주특별자치도 제주시
2018-04-16,양파,특,165000.0,220.0,585000,전라북도 고창군,1115,전라북도 고창군
2021-04-22,양파,보통,51000.0,408.0,548882,전남 고흥군 포두면 남성리,1104,전라남도 고흥군
2018-12-21,양파,특,383000.0,495.0,676800,경남 함양군 함양읍,1139,경상남도 함양군
2024-06-04,양파,보통,498200.0,1060.0,902000,부산광역시 ,1120,부산광역시
2024-01-25,양파,특,3480000.0,2400.0,902000,부산광역시 ,1120,부산광역시
2020-05-11,양파,보통,1087500.0,1125.0,534000,전라남도 무안군,1097,전라남도 무안군
2018-10-24,양파,특,440000.0,800.0,585804,전북 고창군 고창읍 석정리,1115,전라북도 고창군
2018-08-11,양파,하,828200.0,984.0,570930,전북 익산시 여산면,1111,전라북도 익산시
2021-01-09,양파,특,200000.0,250.0,138000,서울특별시 송파구,1000,서울특별시
2020-11-13,양파,특,1895000.0,1500.0,635800,경남 창녕군 창녕읍,1126,경상남도 창녕군
2022-06-03,양파,보통,1753200.0,1560.0,536000,전라남도 해남군,1098,전라남도 해남군
2018-01-31,양파,상,30900.0,60.0,941000,충청북도 청주시,1037,충청북도 청주시
2021-10-18,양파,특,8500000.0,12000.0,635000,경상남도 창녕군,1126,경상남도 창녕군
2024-06-28,양파,상,592200.0,810.0,580911,전북 정읍시 감곡면 계룡리,1116,전라북도 정읍시
2025-03-13,양파,보통,420000.0,420.0,702825,대구 북구 매천동1∼594,1146,대구광역시
2021-05-15,양파,보통,1379700.0,3780.0,529000,전라남도 장흥군,1094,전라남도 장흥군
2023-03-23,양파,상,75000.0,30.0,356010,충남 서산시 동문동,1035,충청남도 서산시
2024-03-11,양파,특,9592500.0,7500.0,635812,경남 창녕군 유어면 광산리,1126,경상남도 창녕군
2024-10-17,양파,특,9739500.0,10755.0,676000,경상남도 함양군,1139,경상남도 함양군
2021-09-28,양파,특,790500.0,1020.0,534000,전라남도 무안군,1097,전라남도 무안군
2023-12-09,양파,특,240000.0,150.0,534000,전라남도 무안군,1097,전라남도 무안군
2025-05-30,양파,특,1830000.0,3375.0,534000,전라남도 무안군,1097,전라남도 무안군
2019-06-17,양파,상,4250.0,17.0,590830,전북 남원시 운봉읍,1117,전라북도 남원시
2022-05-14,양파,특,37370.0,40.0,200140,강원 춘천시 사농동,1001,강원도 춘천시
2022-03-05,양파,상,440000.0,1600.0,618804,부산 강서구 대저2동3407∼3827,1120,부산광역시
2021-05-04,양파,하,710700.0,3340.0,637000,경상남도 함안군,1128,경상남도 함안군
2020-03-25,양파,특,37500.0,25.0,534000,전라남도 무안군,1097,전라남도 무안군
2024-06-13,양파,특,721600.0,1230.0,570930,전북 익산시 여산면,1111,전라북도 익산시
2022-08-17,양파,특,10081000.0,6120.0,534000,전라남도 무안군,1097,전라남도 무안군
2024-07-25,양파,하,736000.0,480.0,534000,전라남도 무안군,1097,전라남도 무안군
2023-06-13,양파,특,1006500.0,1220.0,534860,전남 무안군 운남면,1097,전라남도 무안군
2018-08-13,양파,특,35600.0,16.0,570600,전북 익산시 익산우체국사서함,1111,전라북도 익산시
2021-07-03,양파,특,2380000.0,4080.0,579000,전라북도 부안군,1114,전라북도 부안군
2020-02-18,양파,하,4250000.0,4080.0,714000,경상북도 청도군,1148,경상북도 청도군
2024-10-30,양파,보통,8280000.0,6750.0,565000,전라북도 완주군,1107,전라북도 완주군
2023-07-07,양파,특,460000.0,400.0,513807,전남 영광군 영광읍 무령리,1084,전라남도 영광군
2023-09-09,양파,보통,62700.0,132.0,565000,전라북도 완주군,1107,전라북도 완주군
2018-03-14,양파,보통,1490000.0,2000.0,760810,경북 안동시 풍천면,1160,경상북도 안동시
2020-08-03,양파,특,2396100.0,3227.4,717000,경상북도 고령군,1150,경상북도 고령군
2023-04-21,양파,하,862500.0,1125.0,548000,전라남도 고흥군,1104,전라남도 고흥군
2018-06-14,양파,특,860000.0,2000.0,534000,전라남도 무안군,1097,전라남도 무안군
2024-01-15,양파,특,2184000.0,2100.0,534000,전라남도 무안군,1097,전라남도 무안군
2025-05-19,양파,상,3696000.0,3960.0,636000,경상남도 의령군,1127,경상남도 의령군
2019-07-12,양파,상,84000.0,840.0,718000,경상북도 칠곡군,1151,경상북도 칠곡군
2024-02-14,양파,특,96000.0,60.0,630000,경상남도 창원시 마산회원구,1124,경상남도 창원시
2021-05-27,양파,하,2152500.0,4500.0,534000,전라남도 무안군,1097,전라남도 무안군
2019-03-07,양파,상,2184000.0,5460.0,530600,전남 목포시 목포우체국사서함,1095,전라남도 목포시
2023-10-10,양파,특,7275000.0,5625.0,534840,전남 무안군 현경면,1097,전라남도 무안군
2022-06-24,양파,특,15000.0,45.0,356000,충청남도 서산시,1035,충청남도 서산시
2024-06-15,양파,특,195800.0,260.0,730927,경북 구미시 형곡1동142∼146,1153,경상북도 구미시
2022-12-26,양파,특,25775500.0,19520.0,770000,경상북도 영천시,1166,경상북도 영천시
2024-03-23,양파,특,6492500.0,4777.5,635000,경상남도 창녕군,1126,경상남도 창녕군
2021-07-30,양파,하,3612500.0,7140.0,471080,경기 구리시 갈매동,1072,경기도 구리시
2024-07-25,양파,상,3909000.0,6396.0,717000,경상북도 고령군,1150,경상북도 고령군
2023-06-01,양파,상,90000.0,90.0,314835,충남 공주시 계룡면 월암리,1021,충청남도 공주시
2025-03-08,양파,특,10237500.0,5850.0,565907,전북 완주군 봉동읍 장기리,1107,전라북도 완주군
2023-12-14,양파,특,4252000.0,3200.0,717000,경상북도 고령군,1150,경상북도 고령군
2021-03-29,양파,특,6205200.0,5160.0,990000,제주도 ,1180,제주도 
2019-04-30,양파,상,35200.0,128.0,656834,경남 거제시 장목면 매동리,1132,경상남도 거제시
2022-10-11,양파,특,2645600.0,3000.0,525000,전라남도 함평군,1090,전라남도 함평군
2019-03-23,양파,특,40000.0,100.0,340000,충청남도 예산군,1030,충청남도 예산군
2018-10-06,양파,특,350000.0,500.0,565920,전북 완주군 경천면,1107,전라북도 완주군
2022-01-18,양파,특,1794000.0,3900.0,565907,전북 완주군 봉동읍 장기리,1107,전라북도 완주군
2022-07-27,양파,보통,837000.0,620.0,716000,경상북도 군위군,1149,경상북도 군위군
2018-02-14,양파,특,7730000.0,14000.0,306010,대전 대덕구 오정동,1019,대전광역시
2023-03-20,양파,특,2352000.0,2100.0,676820,경남 함양군 안의면,1139,경상남도 함양군
2018-10-16,양파,상,300000.0,1000.0,356080,충남 서산시 갈산동,1035,충청남도 서산시
2018-02-23,양파,특,1225000.0,1000.0,579000,전라북도 부안군,1114,전라북도 부안군
2018-07-31,양파,특,5232500.0,5850.0,534841,전남 무안군 현경면 가입리,1097,전라남도 무안군
2024-04-29,양파,특,3230300.0,3080.0,760600,경북 안동시 안동우체국사서함,1160,경상북도 안동시
2023-04-11,양파,상,1037000.0,976.0,515805,전남 장성군 장성읍 영천리,1085,전라남도 장성군
2018-04-26,양파,상,623500.0,860.0,534804,전남 무안군 무안읍 성동리,1097,전라남도 무안군
2022-04-30,양파,특,1605000.0,2250.0,690710,제주 제주시 삼도1동  농협중앙회제주지역본부 ,1142,제주특별자치도 제주시
2022-06-16,양파,상,186200.0,380.0,320600,충남 논산시 논산우체국사서함,1022,충청남도 논산시
2019-06-24,양파,하,220500.0,931.0,630850,경남 마산시 내서읍,1125,경상남도 마산시
2023-01-27,양파,보통,2822000.0,2040.0,585000,전라북도 고창군,1115,전라북도 고창군
2020-03-02,양파,상,2282000.0,3080.0,336911,충남 아산시 도고면 금산리,1027,충청남도 아산시
2024-10-24,양파,보통,5497500.0,5625.0,525000,전라남도 함평군,1090,전라남도 함평군
2024-01-15,양파,하,7785000.0,6750.0,534000,전라남도 무안군,1097,전라남도 무안군
2018-05-29,양파,보통,189000.0,540.0,534842,전남 무안군 현경면 동산리,1097,전라남도 무안군
2018-04-30,양파,특,4501600.0,5206.0,548000,전라남도 고흥군,1104,전라남도 고흥군
2019-05-10,양파,특,399000.0,600.0,790140,경북 포항시 남구 대도동,1168,경상북도 포항시
2024-05-29,양파,특,4905000.0,3375.0,534000,전라남도 무안군,1097,전라남도 무안군
2022-11-21,양파,특,30902400.0,15840.0,534000,전라남도 무안군,1097,전라남도 무안군
2019-06-28,양파,특,1335000.0,2625.0,565000,전라북도 완주군,1107,전라북도 완주군
2020-01-13,양파,특,6847200.0,8640.0,585882,전북 고창군 무장면 고라리,1115,전라북도 고창군
2020-06-08,양파,보통,542800.0,1180.0,536000,전라남도 해남군,1098,전라남도 해남군
2021-12-02,양파,특,2760000.0,4000.0,305325,대전 유성구 노은동,1019,대전광역시
2022-06-13,양파,특,204000.0,190.0,343000,충청남도 당진시,1031,충청남도 당진시
2025-02-17,양파,보통,24000.0,60.0,740850,경북 김천시 감문면,1154,경상북도 김천시
2020-12-02,양파,특,8445600.0,7820.0,617030,부산 사상구 엄궁동,1120,부산광역시
2023-06-01,양파,하,5107500.0,4500.0,534000,전라남도 무안군,1097,전라남도 무안군
2021-04-01,양파,특,61868800.0,45840.0,690000,제주도 제주시,1142,제주특별자치도 제주시
2019-04-19,양파,보통,350000.0,1000.0,745000,경상북도 문경시,1156,경상북도 문경시
2018-03-09,양파,특,2000000.0,3900.0,770000,경상북도 영천시,1166,경상북도 영천시
2019-06-19,양파,특,344500.0,975.0,770000,경상북도 영천시,1166,경상북도 영천시
2018-01-08,양파,특,26000.0,24.0,750000,경상북도 영주시,1157,경상북도 영주시
2022-05-17,양파,특,2462800.0,3900.0,717000,경상북도 고령군,1150,경상북도 고령군
2021-07-24,양파,특,18000.0,15.0,630000,경상남도 창원시 마산회원구,1124,경상남도 창원시
2022-11-22,양파,특,3300000.0,2250.0,534000,전라남도 무안군,1097,전라남도 무안군
2022-10-18,양파,보통,10000000.0,10000.0,635000,경상남도 창녕군,1126,경상남도 창녕군
2024-03-29,양파,특,858000.0,495.0,534729,전남 무안군 청계면 도림리 목포대학교 ,1097,전라남도 무안군
2021-09-03,양파,특,858000.0,1200.0,635812,경남 창녕군 유어면 광산리,1126,경상남도 창녕군
2018-12-03,양파,하,4612400.0,9948.0,536000,전라남도 해남군,1098,전라남도 해남군
2024-07-20,양파,상,204400.0,420.0,357960,충남 태안군 안면읍,1036,충청남도 태안군
2018-08-23,양파,보통,2007000.0,2640.0,357000,충청남도 태안군,1036,충청남도 태안군
2023-01-30,양파,특,15296800.0,12200.0,711834,대구 달성군 화원읍 천내리  1∼249,1146,대구광역시
2019-04-05,양파,특,210000.0,280.0,740930,경북 김천시 지례면,1154,경상북도 김천시
2024-10-02,양파,보통,1386000.0,1680.0,635000,경상남도 창녕군,1126,경상남도 창녕군
2020-04-06,양파,특,2370200.0,3546.0,550270,전남 여수시 경호동,1105,전라남도 여수시
2023-07-24,양파,특,565000.0,750.0,380240,충북 충주시 목행동,1046,충청북도 충주시
2021-06-25,양파,하,2517800.0,4260.0,534000,전라남도 무안군,1097,전라남도 무안군
2019-06-04,양파,특,1105000.0,3000.0,534000,전라남도 무안군,1097,전라남도 무안군
2024-11-21,양파,상,4000.0,20.0,730010,경북 구미시 원평동,1153,경상북도 구미시
2022-07-13,양파,특,105600.0,480.0,730010,경북 구미시 원평동,1153,경상북도 구미시
2021-01-04,양파,특,396000.0,396.0,570940,전북 익산시 왕궁면,1111,전라북도 익산시
2023-01-11,양파,특,52164000.0,25872.0,676000,경상남도 함양군,1139,경상남도 함양군
2018-08-01,양파,특,1080000.0,1080.0,534000,전라남도 무안군,1097,전라남도 무안군
2024-01-19,양파,특,4050000.0,4500.0,678700,경남 합천군 합천읍 합천리 합천군청 ,1140,경상남도 합천군
2024-06-19,양파,보통,48000.0,300.0,617030,부산 사상구 엄궁동,1120,부산광역시
2018-05-29,양파,특,3826300.0,11520.0,525805,전남 함평군 함평읍 만흥리,1090,전라남도 함평군
2019-06-13,양파,상,412300.0,1880.0,641111,경남 창원시 가음동,1124,경상남도 창원시
2020-03-31,양파,특,900000.0,600.0,482000,경기도 양주시,1077,경기도 양주시
2019-07-06,양파,하,1313000.0,3900.0,565000,전라북도 완주군,1107,전라북도 완주군
2019-08-19,양파,보통,21600.0,120.0,627890,경남 밀양시 하남읍,1123,경상남도 밀양시
2024-03-08,양파,특,66000.0,40.0,730000,경상북도 구미시,1153,경상북도 구미시
2024-03-19,양파,보통,11800000.0,6750.0,800000,중국,1170,수입산
2019-04-23,양파,특,24240.0,20.0,200140,강원 춘천시 사농동,1001,강원도 춘천시
2018-01-16,양파,하,300000.0,600.0,500801,광주 북구 각화동380∼800,1083,광주광역시
2025-01-14,양파,특,1075000.0,765.0,716000,경상북도 군위군,1149,경상북도 군위군
2020-06-08,양파,특,21368.0,30.0,471080,경기 구리시 갈매동,1072,경기도 구리시
2021-09-24,양파,특,7328000.0,4800.0,525000,전라남도 함평군,1090,전라남도 함평군
2022-05-24,양파,보통,4600.0,12.0,534000,전라남도 무안군,1097,전라남도 무안군
2021-04-01,양파,특,10875000.0,7875.0,690000,제주도 제주시,1142,제주특별자치도 제주시
2020-04-02,양파,특,1876000.0,2680.0,635950,경남 창녕군 성산면,1126,경상남도 창녕군
2021-03-18,양파,상,2754000.0,1428.0,697010,제주 서귀포시 서귀동,1144,제주특별자치도 서귀포시
2022-04-23,양파,특,1890000.0,2100.0,745850,경북 문경시 영순면,1156,경상북도 문경시
2019-11-06,양파,특,7431000.0,14865.0,676000,경상남도 함양군,1139,경상남도 함양군
2022-03-26,양파,특,1280000.0,1600.0,618300,부산 강서구 강동동,1120,부산광역시
2018-06-21,양파,특,144000.0,360.0,676811,경남 함양군 수동면 내백리,1139,경상남도 함양군
2018-06-21,양파,상,912000.0,1520.0,431070,경기 안양시 동안구 평촌동,1058,경기도 안양시
2018-06-14,양파,하,27000.0,60.0,769000,경상북도 의성군,1165,경상북도 의성군
2024-05-22,양파,특,136000.0,161.5,556820,전남 여수시 화양면,1105,전라남도 여수시
2020-06-08,양파,보통,4612600.0,14840.0,676000,경상남도 함양군,1139,경상남도 함양군
2019-04-19,양파,특,6931000.0,8740.0,536804,전남 해남군 해남읍 기동리,1098,전라남도 해남군
2022-09-14,양파,상,176000.0,80.0,356010,충남 서산시 동문동,1035,충청남도 서산시
2019-04-04,양파,보통,13797500.0,14685.0,697000,제주도 서귀포시,1144,제주특별자치도 서귀포시
2021-04-16,양파,하,660000.0,750.0,980000,경상북도 ,1179,경상북도 
2024-03-01,양파,특,16692000.0,12600.0,800000,중국,1170,수입산
2020-11-16,양파,하,108400.0,90.0,534841,전남 무안군 현경면 가입리,1097,전라남도 무안군
2021-08-30,양파,특,1323000.0,1782.0,718000,경상북도 칠곡군,1151,경상북도 칠곡군
2021-07-01,양파,특,840000.0,1125.0,534830,전남 무안군 청계면,1097,전라남도 무안군
2019-08-15,양파,상,958800.0,3978.0,636000,경상남도 의령군,1127,경상남도 의령군
2019-01-12,양파,특,600000.0,500.0,482000,경기도 양주시,1077,경기도 양주시
2023-05-26,양파,보통,410700.0,420.0,627000,경상남도 밀양시,1123,경상남도 밀양시
2021-09-14,양파,특,717600.0,780.0,637000,경상남도 함안군,1128,경상남도 함안군
2023-04-21,양파,보통,96000.0,90.0,690600,제주 제주시 제주우체국사서함,1142,제주특별자치도 제주시
2023-07-06,양파,상,55000.0,100.0,635000,경상남도 창녕군,1126,경상남도 창녕군
2022-03-10,양파,상,714000.0,1680.0,712000,경상북도 경산시,1147,경상북도 경산시
2018-05-05,양파,특,6381200.0,10220.0,535807,전남 신안군 지도읍 자동리,1096,전라남도 신안군
2021-08-16,양파,하,12198600.0,17436.0,525000,전라남도 함평군,1090,전라남도 함평군
2020-06-09,양파,보통,140800.0,440.0,600000,부산광역시 부산 중구,1120,부산광역시
2020-02-06,양파,보통,1690000.0,1300.0,770000,경상북도 영천시,1166,경상북도 영천시
2022-04-30,양파,상,76800.0,180.0,690811,제주 제주시 삼도1동498∼502,1142,제주특별자치도 제주시
2020-09-15,양파,상,3075800.0,3380.0,617030,부산 사상구 엄궁동,1120,부산광역시
2018-08-25,양파,특,32400.0,40.0,200140,강원 춘천시 사농동,1001,강원도 춘천시
2022-11-29,양파,특,25459650.0,19995.0,534000,전라남도 무안군,1097,전라남도 무안군
2018-10-22,양파,특,8940000.0,14000.0,635812,경남 창녕군 유어면 광산리,1126,경상남도 창녕군
2025-05-27,양파,특,2160000.0,8640.0,717000,경상북도 고령군,1150,경상북도 고령군
2018-03-03,양파,상,320000.0,250.0,745000,경상북도 문경시,1156,경상북도 문경시
2022-06-01,양파,특,1270500.0,1540.0,711000,대구광역시 달성군,1146,대구광역시
2024-10-31,양파,보통,515200.0,672.0,535000,전라남도 신안군,1096,전라남도 신안군
2021-08-12,양파,상,4130000.0,5250.0,676881,경남 함양군 휴천면 금반리,1139,경상남도 함양군
2021-07-14,양파,특,65000.0,100.0,548860,전남 고흥군 대서면,1104,전라남도 고흥군
2024-06-25,양파,특,19000.0,30.0,325820,충남 서천군 판교면,1025,충청남도 서천군
2019-04-01,양파,하,3250000.0,5000.0,678000,경상남도 합천군,1140,경상남도 합천군
2024-01-19,양파,특,1444800.0,1290.0,390011,충북 제천시 중앙로1가,1047,충청북도 제천시
2023-08-18,양파,특,10560000.0,8640.0,717870,경북 고령군 다산면,1150,경상북도 고령군
2023-12-07,양파,특,977500.0,1020.0,534840,전남 무안군 현경면,1097,전라남도 무안군
2023-10-09,양파,보통,1224000.0,1080.0,980000,경상북도 ,1179,경상북도 
2023-11-20,양파,보통,517000.0,470.0,717000,경상북도 고령군,1150,경상북도 고령군
2021-08-04,양파,특,1500000.0,1875.0,503839,광주 남구 주월1동1180∼1190,1083,광주광역시
2023-04-27,양파,특,300000.0,1000.0,536842,전남 해남군 마산면 맹진리,1098,전라남도 해남군
2024-05-30,양파,보통,2500.0,20.0,506551,광주 광산구 유계동,1083,광주광역시
2023-06-05,양파,특,5065000.0,4800.0,740000,경상북도 김천시,1154,경상북도 김천시
2020-03-21,양파,특,195000.0,150.0,482000,경기도 양주시,1077,경기도 양주시
2022-02-24,양파,특,4081800.0,12096.0,534000,전라남도 무안군,1097,전라남도 무안군
2023-08-02,양파,보통,1380000.0,1800.0,711000,대구광역시 달성군,1146,대구광역시
2022-09-06,양파,특,40000000.0,32000.0,770810,경북 영천시 신녕면,1166,경상북도 영천시
2022-12-09,양파,특,1050000.0,600.0,561340,전북 전주시 덕진구 고랑동,1106,전라북도 전주시
2024-04-22,양파,특,1742400.0,1080.0,690000,제주도 제주시,1142,제주특별자치도 제주시
2018-01-31,양파,보통,12288000.0,15220.0,636800,경남 의령군 의령읍,1127,경상남도 의령군
2020-11-11,양파,상,92000.0,32.0,500010,광주 북구 임동,1083,광주광역시
2018-01-08,양파,보통,13140000.0,14600.0,157290,서울 강서구 외발산동,1000,서울특별시
2018-05-24,양파,특,210000.0,600.0,529900,전남 장흥군 대덕읍,1094,전라남도 장흥군
2021-04-13,양파,보통,762600.0,1230.0,690811,제주 제주시 삼도1동498∼502,1142,제주특별자치도 제주시
2025-01-15,양파,상,3080000.0,2100.0,660000,경상남도 진주시,1133,경상남도 진주시
2018-06-28,양파,특,365000.0,730.0,340000,충청남도 예산군,1030,충청남도 예산군
2018-04-21,양파,특,5370000.0,5400.0,534000,전라남도 무안군,1097,전라남도 무안군
2024-07-17,양파,특,2556400.0,3003.0,635000,경상남도 창녕군,1126,경상남도 창녕군
2019-10-11,양파,특,1968000.0,3936.0,535000,전라남도 신안군,1096,전라남도 신안군
2020-01-16,양파,상,450000.0,600.0,680813,울산 남구 삼산동1∼1311,1141,울산광역시
2019-06-10,양파,보통,24000.0,158.4,678000,경상남도 합천군,1140,경상남도 합천군
2025-02-19,양파,특,925000.0,750.0,800000,중국,1170,수입산
2023-08-10,양파,특,225000.0,150.0,565907,전북 완주군 봉동읍 장기리,1107,전라북도 완주군
2018-04-09,양파,보통,371400.0,2132.0,540850,전남 순천시 해룡면,1100,전라남도 순천시
2021-03-30,양파,상,679800.0,856.0,585923,전북 고창군 심원면 연화리,1115,전라북도 고창군
2019-06-24,양파,특,1356200.0,3930.0,356000,충청남도 서산시,1035,충청남도 서산시
2024-04-20,양파,보통,375000.0,487.5,635000,경상남도 창녕군,1126,경상남도 창녕군
2019-01-22,양파,하,225000.0,300.0,635000,경상남도 창녕군,1126,경상남도 창녕군
2019-06-18,양파,보통,1320000.0,1800.0,770000,경상북도 영천시,1166,경상북도 영천시
2019-04-27,양파,특,9349200.0,14040.0,548000,전라남도 고흥군,1104,전라남도 고흥군
2024-04-13,양파,특,1825000.0,4000.0,548000,전라남도 고흥군,1104,전라남도 고흥군
2018-08-13,양파,보통,38500.0,140.0,590830,전북 남원시 운봉읍,1117,전라북도 남원시
2024-08-08,양파,특,1280000.0,960.0,618804,부산 강서구 대저2동3407∼3827,1120,부산광역시
2021-05-04,양파,특,140400.0,405.0,550130,전남 여수시 서교동,1105,전라남도 여수시
2023-03-17,양파,특,9155100.0,9000.0,690000,제주도 제주시,1142,제주특별자치도 제주시
2018-10-15,양파,특,56700.0,90.0,730010,경북 구미시 원평동,1153,경상북도 구미시
2020-03-25,양파,특,10865000.0,10740.0,697000,제주도 서귀포시,1144,제주특별자치도 서귀포시
2020-06-02,양파,특,1183400.0,1920.6,719000,경상북도 성주군,1152,경상북도 성주군
2021-07-26,양파,특,1948200.0,2960.0,718813,경북 칠곡군 약목면 교리,1151,경상북도 칠곡군
2023-04-13,양파,하,1581000.0,1020.0,534000,전라남도 무안군,1097,전라남도 무안군
2022-10-13,양파,특,1920000.0,1200.0,635822,경남 창녕군 대지면 모산리,1126,경상남도 창녕군
2019-10-07,양파,특,8400.0,20.0,138701,서울 송파구 가락1동  가락농수산물시장 ,1000,서울특별시
2019-12-23,양파,특,724200.0,1065.0,390011,충북 제천시 중앙로1가,1047,충청북도 제천시
2021-06-18,양파,하,270600.0,495.0,534841,전남 무안군 현경면 가입리,1097,전라남도 무안군
2020-05-25,양파,특,7200000.0,16875.0,526000,전라남도 영암군,1091,전라남도 영암군
2019-08-12,양파,상,26000.0,260.0,626210,경남 양산시 교동,1122,경상남도 양산시
2023-04-22,양파,상,223200.0,248.0,546000,전라남도 보성군,1103,전라남도 보성군
2024-05-18,양파,특,5695000.0,7140.0,534000,전라남도 무안군,1097,전라남도 무안군
2022-12-13,양파,특,4700000.0,5250.0,800000,중국,1170,수입산
2024-10-12,양파,특,50000.0,60.0,534729,전남 무안군 청계면 도림리 목포대학교 ,1097,전라남도 무안군
2024-06-04,양파,특,652500.0,675.0,363953,충북 청원군 강외면 동평리,1038,충청북도 청원군
2020-09-13,양파,특,47885500.0,51675.0,534000,전라남도 무안군,1097,전라남도 무안군
2021-02-24,양파,하,900900.0,756.0,534000,전라남도 무안군,1097,전라남도 무안군
2020-06-05,양파,보통,1207800.0,1980.0,570930,전북 익산시 여산면,1111,전라북도 익산시
2022-04-19,양파,특,1471200.0,2320.0,520833,전남 나주시 산포면 산제리,1089,전라남도 나주시
2018-12-29,양파,특,1170000.0,1950.0,534811,전남 무안군 몽탄면 구산리,1097,전라남도 무안군
2020-02-19,양파,특,1794800.0,1872.0,742000,경상북도 상주시,1155,경상북도 상주시
2020-02-07,양파,특,5159000.0,5250.0,579000,전라북도 부안군,1114,전라북도 부안군
2023-06-17,양파,특,2621500.0,4200.0,536920,전남 해남군 송지면,1098,전라남도 해남군
2020-07-17,양파,특,16000.0,20.0,570600,전북 익산시 익산우체국사서함,1111,전라북도 익산시
2018-05-28,양파,특,410000.0,779.0,635800,경남 창녕군 창녕읍,1126,경상남도 창녕군
2020-08-04,양파,상,118000.0,500.0,630850,경남 마산시 내서읍,1125,경상남도 마산시
2019-06-21,양파,상,185000.0,500.0,714000,경상북도 청도군,1148,경상북도 청도군
2024-08-23,양파,상,100700.0,53.0,356010,충남 서산시 동문동,1035,충청남도 서산시
2022-02-22,양파,특,1040000.0,1920.0,579000,전라북도 부안군,1114,전라북도 부안군
2024-10-14,양파,상,1435000.0,140.0,570600,전북 익산시 익산우체국사서함,1111,전라북도 익산시
2022-02-18,양파,보통,1881600.0,5760.0,356000,충청남도 서산시,1035,충청남도 서산시
2022-11-24,양파,보통,33000.0,57.0,730800,경북 구미시 선산읍,1153,경상북도 구미시
2023-08-12,양파,특,11130000.0,8400.0,745850,경북 문경시 영순면,1156,경상북도 문경시
2018-09-07,양파,상,14000.0,40.0,676823,경남 함양군 안의면 금천리,1139,경상남도 함양군
2021-04-26,양파,특,772500.0,2020.0,513843,전남 영광군 군서면 남죽리,1084,전라남도 영광군
2018-09-05,양파,특,307500.0,750.0,356980,충남 서산시 팔봉면,1035,충청남도 서산시
2023-03-15,양파,특,345000.0,225.0,676800,경남 함양군 함양읍,1139,경상남도 함양군
2022-10-31,양파,하,23920.0,15.0,471080,경기 구리시 갈매동,1072,경기도 구리시
2022-10-26,양파,특,2170000.0,1500.0,482000,경기도 양주시,1077,경기도 양주시
2022-03-22,양파,특,1992500.0,3660.0,534729,전남 무안군 청계면 도림리 목포대학교 ,1097,전라남도 무안군
2025-03-17,양파,특,1200120.0,600.0,461000,경기도 성남시,1060,경기도 성남시
2018-03-06,양파,특,22500.0,15.0,471600,경기 구리시 구리우체국사서함,1072,경기도 구리시
2019-02-08,양파,보통,602000.0,2100.0,676881,경남 함양군 휴천면 금반리,1139,경상남도 함양군
2020-05-27,양파,하,25047500.0,26832.0,534000,전라남도 무안군,1097,전라남도 무안군
2022-12-21,양파,특,6390000.0,6750.0,800000,중국,1170,수입산
2018-12-11,양파,특,1320000.0,1100.0,482000,경기도 양주시,1077,경기도 양주시
2023-01-13,양파,특,125000.0,75.0,565907,전북 완주군 봉동읍 장기리,1107,전라북도 완주군
2021-07-02,양파,특,396000.0,600.0,570000,전라북도 익산시,1111,전라북도 익산시
2021-07-29,양파,특,10100.0,10.0,200140,강원 춘천시 사농동,1001,강원도 춘천시
2019-04-19,양파,상,325000.0,500.0,550120,전남 여수시 남산동,1105,전라남도 여수시
2022-10-04,양파,특,85000.0,50.0,534729,전남 무안군 청계면 도림리 목포대학교 ,1097,전라남도 무안군
2019-06-14,양파,보통,160800.0,1300.0,678000,경상남도 합천군,1140,경상남도 합천군
2018-06-23,양파,특,88500.0,140.0,343000,충청남도 당진시,1031,충청남도 당진시
2023-01-18,양파,특,1376000.0,960.0,579000,전라북도 부안군,1114,전라북도 부안군
2019-02-26,양파,특,1089000.0,1815.0,570600,전북 익산시 익산우체국사서함,1111,전라북도 익산시
2022-03-04,양파,특,8820000.0,24000.0,534729,전남 무안군 청계면 도림리 목포대학교 ,1097,전라남도 무안군
2019-11-23,양파,특,330000.0,450.0,750010,경북 영주시 영주동,1157,경상북도 영주시
2020-10-20,양파,특,5880000.0,5250.0,534840,전남 무안군 현경면,1097,전라남도 무안군
2024-06-04,양파,특,1732800.0,2223.0,678000,경상남도 합천군,1140,경상남도 합천군
2021-02-25,양파,특,6800000.0,4000.0,548701,전남 고흥군 도양읍  주공아파트 ,1104,전라남도 고흥군
2023-01-19,양파,특,11369000.0,8130.0,525800,전남 함평군 함평읍,1090,전라남도 함평군
2021-03-01,양파,보통,7424300.0,3420.0,717000,경상북도 고령군,1150,경상북도 고령군
2024-06-15,양파,특,880000.0,440.0,330600,충남 천안시 동남구 천안우체국사서함,1026,충청남도 천안시
2019-10-14,양파,특,438600.0,994.5,719000,경상북도 성주군,1152,경상북도 성주군
2019-03-13,양파,하,200000.0,400.0,635000,경상남도 창녕군,1126,경상남도 창녕군
2025-03-15,양파,특,283500.0,315.0,561302,전북 전주시 덕진구 송천동2가,1106,전라북도 전주시
2024-12-18,양파,특,648000.0,460.0,716000,경상북도 군위군,1149,경상북도 군위군
2021-08-19,양파,상,3830400.0,5040.0,305325,대전 유성구 노은동,1019,대전광역시
2021-01-13,양파,특,16365800.0,10320.0,534000,전라남도 무안군,1097,전라남도 무안군
2025-03-12,양파,특,4834000.0,4320.0,534000,전라남도 무안군,1097,전라남도 무안군
2024-03-25,양파,특,2002000.0,1650.0,699933,제주 서귀포시 대정읍 무릉리,1144,제주특별자치도 서귀포시
2023-09-11,양파,상,1250000.0,750.0,534729,전남 무안군 청계면 도림리 목포대학교 ,1097,전라남도 무안군
2021-09-07,양파,상,640000.0,800.0,618804,부산 강서구 대저2동3407∼3827,1120,부산광역시
2024-12-09,양파,상,1260000.0,1050.0,745000,경상북도 문경시,1156,경상북도 문경시
2019-03-08,양파,보통,234000.0,1040.0,471080,경기 구리시 갈매동,1072,경기도 구리시
2022-03-21,양파,보통,67600.0,218.4,641465,경남 창원시 팔용동,1124,경상남도 창원시
2024-07-22,양파,상,225000.0,350.0,676830,경남 함양군 서하면,1139,경상남도 함양군
2018-02-02,양파,상,120000.0,100.0,745000,경상북도 문경시,1156,경상북도 문경시
2018-05-03,양파,특,870000.0,3480.0,585000,전라북도 고창군,1115,전라북도 고창군
2024-05-20,양파,특,945000.0,1080.0,513860,전남 영광군 염산면,1084,전라남도 영광군
2018-09-21,양파,특,129600.0,160.0,200140,강원 춘천시 사농동,1001,강원도 춘천시
2022-07-23,양파,특,4560000.0,4560.0,635000,경상남도 창녕군,1126,경상남도 창녕군
2020-11-26,양파,특,8855000.0,7350.0,534870,전남 무안군 해제면,1097,전라남도 무안군
2024-01-09,양파,상,1309500.0,1940.0,678810,경남 합천군 율곡면,1140,경상남도 합천군
2019-03-04,양파,특,180000.0,240.0,570130,전북 익산시 목천동,1111,전라북도 익산시
2023-12-28,양파,상,682000.0,660.0,570130,전북 익산시 목천동,1111,전라북도 익산시
2022-03-03,양파,보통,230400.0,864.0,356000,충청남도 서산시,1035,충청남도 서산시
2022-07-16,양파,특,645600.0,480.0,760810,경북 안동시 풍천면,1160,경상북도 안동시
2021-05-12,양파,특,7597500.0,15750.0,529000,전라남도 장흥군,1094,전라남도 장흥군
2023-07-04,양파,상,260000.0,400.0,627600,경남 밀양시 밀양우체국사서함,1123,경상남도 밀양시
2024-01-05,양파,보통,220000.0,200.0,526000,전라남도 영암군,1091,전라남도 영암군
2018-07-06,양파,상,140000.0,200.0,745000,경상북도 문경시,1156,경상북도 문경시
2021-12-28,양파,특,2635000.0,4080.0,535000,전라남도 신안군,1096,전라남도 신안군
2018-10-01,양파,특,4080000.0,7000.0,506010,광주 광산구 송정동,1083,광주광역시
2021-02-09,양파,특,2700000.0,2700.0,690000,제주도 제주시,1142,제주특별자치도 제주시
2022-04-05,양파,상,996000.0,1800.0,699933,제주 서귀포시 대정읍 무릉리,1144,제주특별자치도 서귀포시
2018-08-28,양파,특,1232000.0,1680.0,750010,경북 영주시 영주동,1157,경상북도 영주시
2021-10-07,양파,특,83400750.0,95535.0,534000,전라남도 무안군,1097,전라남도 무안군
2020-05-21,양파,특,1278000.0,1080.0,534000,전라남도 무안군,1097,전라남도 무안군
2018-03-31,양파,특,10096100.0,14472.0,525000,전라남도 함평군,1090,전라남도 함평군
2022-04-02,양파,보통,250000.0,1600.0,637830,경남 함안군 법수면,1128,경상남도 함안군
2018-11-27,양파,특,1744000.0,2400.0,902000,부산광역시 ,1120,부산광역시
2018-12-07,양파,특,900000.0,1000.0,534000,전라남도 무안군,1097,전라남도 무안군
2024-10-24,양파,특,3723200.0,4296.0,536000,전라남도 해남군,1098,전라남도 해남군
2019-01-07,양파,보통,80000.0,160.0,901000,서울특별시 ,1000,서울특별시
2022-12-26,양파,특,785000.0,1880.0,901000,서울특별시 ,1000,서울특별시
2023-08-15,양파,특,1996500.0,2420.0,641465,경남 창원시 팔용동,1124,경상남도 창원시
2021-05-07,양파,특,734500.0,1300.0,548000,전라남도 고흥군,1104,전라남도 고흥군
2023-06-21,양파,특,542000.0,940.0,529804,전남 장흥군 장흥읍 교촌리,1094,전라남도 장흥군
2022-12-14,양파,특,615000.0,375.0,565000,전라북도 완주군,1107,전라북도 완주군
2021-06-09,양파,특,20975000.0,37050.0,534840,전남 무안군 현경면,1097,전라남도 무안군
2018-04-07,양파,특,2019600.0,2930.4,690010,제주 제주시 일도동,1142,제주특별자치도 제주시
2020-09-12,양파,상,576000.0,468.0,561302,전북 전주시 덕진구 송천동2가,1106,전라북도 전주시
2020-06-10,양파,특,250000.0,500.0,561090,전북 전주시 덕진구 서노송동,1106,전라북도 전주시
2021-06-03,양파,상,299200.0,680.0,525800,전남 함평군 함평읍,1090,전라남도 함평군
2023-11-02,양파,특,5242500.0,4500.0,445000,경기도 화성시,1063,경기도 화성시
2024-08-31,양파,보통,48000.0,30.0,637708,경남 함안군 칠원면 오곡리 광려천메트로자이 101∼122동,1128,경상남도 함안군
2023-03-15,양파,특,1459200.0,960.0,676000,경상남도 함양군,1139,경상남도 함양군
2022-08-09,양파,특,3514000.0,3150.0,534000,전라남도 무안군,1097,전라남도 무안군
2018-04-19,양파,특,1369900.0,2884.0,555010,전남 여수시 학동,1105,전라남도 여수시
2021-06-15,양파,특,3279200.0,5840.0,534729,전남 무안군 청계면 도림리 목포대학교 ,1097,전라남도 무안군
2025-05-29,양파,상,2162400.0,3180.0,627000,경상남도 밀양시,1123,경상남도 밀양시
2018-09-18,양파,특,2990000.0,4485.0,730000,경상북도 구미시,1153,경상북도 구미시
2023-05-18,양파,상,304500.0,300.0,534804,전남 무안군 무안읍 성동리,1097,전라남도 무안군
2019-05-11,양파,하,664300.0,1460.0,716820,경북 군위군 효령면,1149,경상북도 군위군
2018-06-05,양파,특,5976000.0,14460.0,536000,전라남도 해남군,1098,전라남도 해남군
2019-06-12,양파,보통,30000.0,240.0,666940,경남 산청군 단성면,1135,경상남도 산청군
2022-05-12,양파,특,1808000.0,3200.0,621870,경남 김해시 한림면,1121,경상남도 김해시
2024-05-30,양파,보통,4895400.0,7665.0,534000,전라남도 무안군,1097,전라남도 무안군
2024-02-23,양파,특,15750000.0,13650.0,770000,경상북도 영천시,1166,경상북도 영천시
2019-12-21,양파,보통,1872000.0,2880.0,678000,경상남도 합천군,1140,경상남도 합천군
2023-07-29,양파,하,130000.0,100.0,711000,대구광역시 달성군,1146,대구광역시
2021-10-07,양파,특,36188000.0,40200.0,525000,전라남도 함평군,1090,전라남도 함평군
2018-03-12,양파,특,5280500.0,10020.0,678800,경남 합천군 합천읍,1140,경상남도 합천군
2022-03-04,양파,특,102765000.0,99450.0,740920,경북 김천시 구성면,1154,경상북도 김천시
2023-06-22,양파,상,38000.0,40.0,597832,전북 장수군 계남면 신전리,1119,전라북도 장수군
2024-11-04,양파,특,9648000.0,8000.0,621600,경남 김해시 김해우체국사서함,1121,경상남도 김해시
2025-03-24,양파,하,3230000.0,2040.0,534000,전라남도 무안군,1097,전라남도 무안군
2023-02-01,양파,하,16889500.0,11220.0,585000,전라북도 고창군,1115,전라북도 고창군
2020-03-07,양파,하,1248000.0,800.0,717000,경상북도 고령군,1150,경상북도 고령군
2020-06-01,양파,상,216000.0,480.0,585800,전북 고창군 고창읍,1115,전라북도 고창군
2024-05-18,양파,특,5010300.0,5235.0,534000,전라남도 무안군,1097,전라남도 무안군
2024-07-10,양파,하,915000.0,1125.0,534000,전라남도 무안군,1097,전라남도 무안군
2023-07-03,양파,특,81000.0,90.0,597805,전북 장수군 장수읍 송천리,1119,전라북도 장수군
2020-05-05,양파,특,2668000.0,3480.0,500070,광주 북구 용봉동,1083,광주광역시
2025-04-29,양파,특,500000.0,600.0,565907,전북 완주군 봉동읍 장기리,1107,전라북도 완주군
2020-05-02,양파,특,10210000.0,10000.0,548931,전남 고흥군 금산면 대흥리,1104,전라남도 고흥군
2019-12-17,양파,보통,3780000.0,5400.0,769970,경북 의성군 다인면,1165,경상북도 의성군
2022-07-02,양파,특,2775000.0,1800.0,503839,광주 남구 주월1동1180∼1190,1083,광주광역시
2023-12-21,양파,하,2550000.0,2250.0,534000,전라남도 무안군,1097,전라남도 무안군
2021-04-19,양파,상,156000.0,240.0,717000,경상북도 고령군,1150,경상북도 고령군
2020-03-13,양파,보통,243000.0,216.0,534870,전남 무안군 해제면,1097,전라남도 무안군
2024-08-17,양파,특,194000.0,135.0,716000,경상북도 군위군,1149,경상북도 군위군
2021-03-11,양파,상,1846000.0,1040.0,635000,경상남도 창녕군,1126,경상남도 창녕군
2021-04-13,양파,특,201600.0,464.0,695941,제주 제주시 한경면 고산리,1142,제주특별자치도 제주시
2021-11-25,양파,특,608000.0,760.0,635000,경상남도 창녕군,1126,경상남도 창녕군
2021-07-05,양파,상,252000.0,300.0,390160,충북 제천시 강제동,1047,충청북도 제천시
2022-02-04,양파,특,15570000.0,34350.0,534000,전라남도 무안군,1097,전라남도 무안군
2024-08-30,양파,특,166000.0,220.0,676841,경남 함양군 서상면 금당리,1139,경상남도 함양군
2018-08-27,양파,특,147900.0,255.0,534000,전라남도 무안군,1097,전라남도 무안군
2019-11-19,양파,특,1180000.0,2000.0,635700,경남 창녕군 창녕읍  창녕군청 ,1126,경상남도 창녕군
2019-06-12,양파,보통,39000.0,260.0,711000,대구광역시 달성군,1146,대구광역시
2025-02-18,양파,특,1440000.0,800.0,717000,경상북도 고령군,1150,경상북도 고령군
2018-08-15,양파,보통,72800.0,140.0,343000,충청남도 당진시,1031,충청남도 당진시
2021-05-25,양파,특,340200.0,540.0,534800,전남 무안군 무안읍,1097,전라남도 무안군
2018-03-22,양파,특,14040000.0,17550.0,800000,중국,1170,수입산
2019-07-06,양파,상,88400.0,680.0,635800,경남 창녕군 창녕읍,1126,경상남도 창녕군
2020-03-18,양파,특,58262800.0,67440.0,534000,전라남도 무안군,1097,전라남도 무안군
2024-03-23,양파,특,25956000.0,18900.0,800000,중국,1170,수입산
2020-08-20,양파,특,185500.0,324.0,561302,전북 전주시 덕진구 송천동2가,1106,전라북도 전주시
2024-05-09,양파,특,3000000.0,1800.0,800000,중국,1170,수입산
2024-10-14,양파,보통,952000.0,1020.0,711834,대구 달성군 화원읍 천내리  1∼249,1146,대구광역시
2020-03-19,양파,특,29000.0,40.0,561302,전북 전주시 덕진구 송천동2가,1106,전라북도 전주시
2019-03-02,양파,특,150000.0,600.0,534000,전라남도 무안군,1097,전라남도 무안군
2019-04-29,양파,특,7012500.0,12375.0,548000,전라남도 고흥군,1104,전라남도 고흥군
2024-10-18,양파,특,50000.0,30.0,630000,경상남도 창원시 마산회원구,1124,경상남도 창원시
2021-01-04,양파,하,460100.0,516.0,740000,경상북도 김천시,1154,경상북도 김천시
2022-10-14,양파,상,354200.0,280.0,520810,전남 나주시 노안면,1089,전라남도 나주시
2023-01-25,양파,특,8345000.0,7000.0,635000,경상남도 창녕군,1126,경상남도 창녕군
2021-04-16,양파,상,221400.0,492.0,555751,전남 여수시 봉계동  아주타운 ,1105,전라남도 여수시
2019-06-24,양파,보통,301000.0,1720.0,550000,전라남도 여수시,1105,전라남도 여수시
2022-03-04,양파,보통,637500.0,1020.0,536000,전라남도 해남군,1098,전라남도 해남군
2018-01-12,양파,특,700000.0,500.0,570310,전북 익산시 덕기동,1111,전라북도 익산시
2022-11-22,양파,하,1275500.0,1428.0,525000,전라남도 함평군,1090,전라남도 함평군
2020-03-02,양파,하,4275000.0,3375.0,503000,광주광역시 광주 남구,1083,광주광역시
2024-04-01,양파,특,5200000.0,3000.0,800000,수입산,1170,수입산
2019-01-04,양파,보통,448000.0,960.0,740000,경상북도 김천시,1154,경상북도 김천시
2019-04-19,양파,특,739500.0,1020.0,525000,전라남도 함평군,1090,전라남도 함평군
2022-06-04,양파,특,1483200.0,1620.0,534000,전라남도 무안군,1097,전라남도 무안군
2020-09-01,양파,특,992200.0,181.5,570600,전북 익산시 익산우체국사서함,1111,전라북도 익산시
2024-08-22,양파,특,296400.0,380.0,676000,경상남도 함양군,1139,경상남도 함양군
2024-06-04,양파,특,1435500.0,1696.5,678000,경상남도 합천군,1140,경상남도 합천군
2022-05-16,양파,상,401600.0,1004.0,548850,전남 고흥군 동강면,1104,전라남도 고흥군
2020-08-26,양파,상,1600000.0,1500.0,482000,경기도 양주시,1077,경기도 양주시
2018-05-22,양파,상,2000.0,8.0,561311,전북 전주시 덕진구 전미동1가,1106,전라북도 전주시
2021-11-18,양파,특,1720000.0,1600.0,717000,경상북도 고령군,1150,경상북도 고령군
2022-03-18,양파,특,1220.0,1.2,200140,강원 춘천시 사농동,1001,강원도 춘천시
2023-08-21,양파,특,648000.0,1053.0,717000,경상북도 고령군,1150,경상북도 고령군
2019-11-29,양파,특,230000.0,437.0,548930,전남 고흥군 금산면,1104,전라남도 고흥군
2018-12-10,양파,특,1996800.0,3258.0,561302,전북 전주시 덕진구 송천동2가,1106,전라북도 전주시
2018-08-02,양파,보통,203500.0,370.0,565000,전라북도 완주군,1107,전라북도 완주군
2019-05-15,양파,특,2498000.0,6160.0,534804,전남 무안군 무안읍 성동리,1097,전라남도 무안군
2018-06-23,양파,보통,387600.0,1520.0,314600,충남 공주시 공주우체국사서함,1021,충청남도 공주시
2023-12-14,양파,특,4981000.0,6120.0,585700,전북 고창군 고창읍  고창군청 ,1115,전라북도 고창군
2018-04-18,양파,특,975000.0,1125.0,548935,전남 고흥군 금산면 어전리,1104,전라남도 고흥군
2019-10-02,양파,특,1085400.0,2160.0,534000,전라남도 무안군,1097,전라남도 무안군
2018-07-04,양파,특,3222000.0,8640.0,534000,전라남도 무안군,1097,전라남도 무안군
2023-05-02,양파,특,8595000.0,9000.0,712840,경북 경산시 와촌면,1147,경상북도 경산시
2021-12-20,양파,특,530000.0,750.0,750010,경북 영주시 영주동,1157,경상북도 영주시
2023-04-03,양파,특,660000.0,660.0,690811,제주 제주시 삼도1동498∼502,1142,제주특별자치도 제주시
2022-02-11,양파,하,504000.0,1050.0,570130,전북 익산시 목천동,1111,전라북도 익산시
2019-06-20,양파,특,1735300.0,7040.0,525805,전남 함평군 함평읍 만흥리,1090,전라남도 함평군
2023-07-12,양파,특,2380000.0,4080.0,560000,전라북도 전주시,1106,전라북도 전주시
2024-06-05,양파,상,48000.0,160.0,550600,전남 여수시 여수우체국사서함,1105,전라남도 여수시
2022-05-10,양파,특,2419000.0,2670.0,548000,전라남도 고흥군,1104,전라남도 고흥군
2023-05-24,양파,상,800000.0,1000.0,637830,경남 함안군 법수면,1128,경상남도 함안군
2021-06-18,양파,특,598000.0,942.5,770600,경북 영천시 영천우체국사서함,1166,경상북도 영천시
2024-03-09,양파,보통,7756800.0,7680.0,906000,광주광역시 ,1083,광주광역시
2024-03-02,양파,보통,12175000.0,7500.0,800000,중국,1170,수입산
2024-10-09,양파,특,5840000.0,5600.0,618807,부산 강서구 대저2동1001∼2507,1120,부산광역시
2022-11-12,양파,특,5620000.0,3900.0,711000,대구광역시 달성군,1146,대구광역시
2025-03-17,양파,특,6912000.0,6300.0,800000,중국,1170,수입산
2019-02-26,양파,특,200000.0,300.0,750010,경북 영주시 영주동,1157,경상북도 영주시
2022-10-12,양파,특,72866600.0,77070.0,800000,중국,1170,수입산
2019-04-02,양파,특,1858000.0,2180.0,534814,전남 무안군 몽탄면 당호리,1097,전라남도 무안군
2020-08-21,양파,보통,3000000.0,4000.0,635000,경상남도 창녕군,1126,경상남도 창녕군
2024-05-20,양파,특,2252500.0,3060.0,712000,경상북도 경산시,1147,경상북도 경산시
2024-09-28,양파,보통,180000.0,150.0,717000,경상북도 고령군,1150,경상북도 고령군
2021-10-15,양파,상,750000.0,750.0,745000,경상북도 문경시,1156,경상북도 문경시
2024-03-25,양파,상,5287500.0,4500.0,690050,제주 제주시 건입동,1142,제주특별자치도 제주시
2019-03-25,양파,보통,117300.0,207.0,410340,경기 고양시 일산동구 산황동,1050,경기도 고양시
2022-10-24,양파,특,80000.0,40.0,482000,경기도 양주시,1077,경기도 양주시
2019-01-15,양파,특,6650000.0,10500.0,560292,전북 전주시 완산구 삼천동2가,1106,전라북도 전주시
2018-07-28,양파,특,380000.0,800.0,570600,전북 익산시 익산우체국사서함,1111,전라북도 익산시
2021-09-15,양파,특,1800000.0,1125.0,469000,경기도 여주군,1071,경기도 여주군
2024-05-16,양파,특,810000.0,1125.0,534000,전라남도 무안군,1097,전라남도 무안군
2024-08-31,양파,상,2364300.0,2164.5,635000,경상남도 창녕군,1126,경상남도 창녕군
2022-02-18,양파,특,4480000.0,13650.0,636000,경상남도 의령군,1127,경상남도 의령군
2021-12-03,양파,특,1950000.0,2250.0,534000,전라남도 무안군,1097,전라남도 무안군
2021-08-10,양파,특,28000.0,40.0,520600,전남 나주시 나주우체국사서함,1089,전라남도 나주시
2019-03-13,양파,특,1672000.0,4920.0,570000,전라북도 익산시,1111,전라북도 익산시
2018-06-15,양파,보통,56100.0,260.0,660950,경남 진주시 명석면,1133,경상남도 진주시
2023-11-03,양파,특,21010200.0,19932.0,525000,전라남도 함평군,1090,전라남도 함평군
2020-06-06,양파,상,435000.0,1000.0,700000,대구광역시 대구 중구,1146,대구광역시
2022-08-22,양파,특,12882000.0,12000.0,800000,중국,1170,수입산
2022-05-04,양파,특,180000.0,300.0,906000,광주광역시 ,1083,광주광역시
2025-01-15,양파,상,10952000.0,8040.0,902000,부산광역시 ,1120,부산광역시
2019-10-28,양파,특,376300.0,1065.0,676000,경상남도 함양군,1139,경상남도 함양군
2025-04-19,양파,하,166000.0,370.5,717000,경상북도 고령군,1150,경상북도 고령군
2019-05-16,양파,보통,148200.0,520.0,635800,경남 창녕군 창녕읍,1126,경상남도 창녕군
2018-05-26,양파,하,1619200.0,2760.0,716820,경북 군위군 효령면,1149,경상북도 군위군
2019-07-16,양파,보통,400000.0,1000.0,635000,경상남도 창녕군,1126,경상남도 창녕군
2024-04-02,양파,특,1530000.0,600.0,534000,전라남도 무안군,1097,전라남도 무안군
2020-05-04,양파,특,2480000.0,4000.0,525000,전라남도 함평군,1090,전라남도 함평군
2020-09-09,양파,특,2163000.0,2100.0,503310,광주 남구 주월동,1083,광주광역시
2023-09-16,양파,특,4625000.0,4875.0,635000,경상남도 창녕군,1126,경상남도 창녕군
2025-03-29,양파,보통,62500.0,100.0,690000,제주도 제주시,1142,제주특별자치도 제주시
2022-05-13,양파,상,753300.0,1595.7,711000,대구광역시 달성군,1146,대구광역시
2022-07-25,양파,하,1400000.0,700.0,526000,전라남도 영암군,1091,전라남도 영암군
2018-04-20,양파,상,99000.0,330.0,641111,경남 창원시 가음동,1124,경상남도 창원시
2022-04-04,양파,특,1360000.0,2040.0,534000,전라남도 무안군,1097,전라남도 무안군
2021-04-15,양파,상,357900.0,900.0,656834,경남 거제시 장목면 매동리,1132,경상남도 거제시
2018-06-02,양파,하,27373300.0,53664.0,534000,전라남도 무안군,1097,전라남도 무안군
2018-05-14,양파,보통,2088000.0,3880.0,471080,경기 구리시 갈매동,1072,경기도 구리시
2019-10-23,양파,특,9652100.0,18108.0,535000,전라남도 신안군,1096,전라남도 신안군
2023-08-29,양파,상,297500.0,175.0,534729,전남 무안군 청계면 도림리 목포대학교 ,1097,전라남도 무안군
2018-09-11,양파,보통,25000000.0,24000.0,502154,광주 서구 금호동,1083,광주광역시
2022-05-16,양파,보통,589500.0,2593.8,630000,경상남도 창원시 마산회원구,1124,경상남도 창원시
2018-10-30,양파,특,285000.0,450.0,678800,경남 합천군 합천읍,1140,경상남도 합천군
2018-08-11,양파,하,281600.0,960.0,471728,경기 구리시 인창동  구리농수산물시장 ,1072,경기도 구리시
2020-06-29,양파,상,108780.0,74.0,902000,부산광역시 ,1120,부산광역시
2020-09-05,양파,특,624000.0,480.0,570130,전북 익산시 목천동,1111,전라북도 익산시
2019-11-29,양파,특,3825000.0,5625.0,535802,전남 신안군 지도읍 광정리,1096,전라남도 신안군
2024-06-28,양파,특,1191900.0,1653.0,760600,경북 안동시 안동우체국사서함,1160,경상북도 안동시
2019-12-07,양파,특,2740000.0,3900.0,717000,경상북도 고령군,1150,경상북도 고령군
2021-01-06,양파,상,2246800.0,1640.0,635000,경상남도 창녕군,1126,경상남도 창녕군
2021-03-01,양파,특,112000.0,40.0,138000,서울특별시 송파구,1000,서울특별시
2024-10-07,양파,특,1836800.0,1968.0,579000,전라북도 부안군,1114,전라북도 부안군
2020-07-18,양파,하,3888800.0,4704.0,525000,전라남도 함평군,1090,전라남도 함평군
2020-03-18,양파,특,135000.0,90.0,902000,부산광역시 ,1120,부산광역시
2023-10-25,양파,보통,594000.0,540.0,717000,경상북도 고령군,1150,경상북도 고령군
2020-05-15,양파,보통,550000.0,500.0,618807,부산 강서구 대저2동1001∼2507,1120,부산광역시
2018-02-22,양파,특,9314700.0,9925.5,635000,경상남도 창녕군,1126,경상남도 창녕군
2021-04-15,양파,특,4601500.0,7140.0,668000,경상남도 남해군,1137,경상남도 남해군
2019-06-26,양파,특,800000.0,800.0,525800,전남 함평군 함평읍,1090,전라남도 함평군
2021-05-20,양파,상,728500.0,1287.0,635000,경상남도 창녕군,1126,경상남도 창녕군
2025-04-30,양파,보통,211900.0,260.0,635810,경남 창녕군 유어면,1126,경상남도 창녕군
2019-05-16,양파,특,25000.0,100.0,565920,전북 완주군 경천면,1107,전라북도 완주군
2020-07-17,양파,특,781000.0,1100.0,769000,경상북도 의성군,1165,경상북도 의성군
2019-02-02,양파,특,11110.0,12.0,200140,강원 춘천시 사농동,1001,강원도 춘천시
2022-05-25,양파,상,2729300.0,6720.0,534804,전남 무안군 무안읍 성동리,1097,전라남도 무안군
2024-03-05,양파,특,10261500.0,8715.0,534000,전라남도 무안군,1097,전라남도 무안군
2021-09-08,양파,상,28000.0,40.0,343840,충남 당진시 고대면,1031,충청남도 당진시
2018-06-23,양파,보통,30000.0,100.0,314850,충남 공주시 탄천면,1021,충청남도 공주시
2019-07-17,양파,특,4406400.0,20160.0,635000,경상남도 창녕군,1126,경상남도 창녕군
2024-12-13,양파,하,2715000.0,2250.0,534000,전라남도 무안군,1097,전라남도 무안군
2023-12-23,양파,특,3315000.0,2925.0,565907,전북 완주군 봉동읍 장기리,1107,전라북도 완주군
2025-02-14,양파,보통,515200.0,560.0,360000,충청북도 청주시,1037,충청북도 청주시
2021-05-27,양파,특,2840000.0,7500.0,550000,전라남도 여수시,1105,전라남도 여수시
2025-04-28,양파,특,322000.0,299.0,534870,전남 무안군 해제면,1097,전라남도 무안군
2021-06-30,양파,특,30000.0,50.0,343000,충청남도 당진시,1031,충청남도 당진시
2023-01-26,양파,특,3990000.0,3150.0,678700,경남 합천군 합천읍 합천리 합천군청 ,1140,경상남도 합천군
2020-04-21,양파,특,5175000.0,5625.0,697000,제주도 서귀포시,1144,제주특별자치도 서귀포시
2024-01-10,양파,특,2677500.0,3060.0,585700,전북 고창군 고창읍  고창군청 ,1115,전라북도 고창군
2020-09-21,양파,특,117081350.0,119550.0,534000,전라남도 무안군,1097,전라남도 무안군
2024-03-16,양파,특,24292500.0,15750.0,534000,전라남도 무안군,1097,전라남도 무안군
2022-08-09,양파,특,3144800.0,2004.0,534000,전라남도 무안군,1097,전라남도 무안군
2020-10-14,양파,상,32000.0,40.0,769000,경상북도 의성군,1165,경상북도 의성군
2018-11-09,양파,특,2635000.0,5100.0,525800,전남 함평군 함평읍,1090,전라남도 함평군
2023-01-03,양파,특,7948800.0,6480.0,770850,경북 영천시 화산면,1166,경상북도 영천시
2022-06-18,양파,보통,344000.0,640.0,579000,전라북도 부안군,1114,전라북도 부안군
2024-01-03,양파,하,420000.0,300.0,711000,대구광역시 달성군,1146,대구광역시
2020-12-14,양파,하,8000.0,10.0,526000,전라남도 영암군,1091,전라남도 영암군
2021-11-16,양파,특,5533200.0,6600.0,902000,부산광역시 ,1120,부산광역시
2024-01-06,양파,특,648000.0,1080.0,716000,경상북도 군위군,1149,경상북도 군위군
2019-04-27,양파,특,1120500.0,1660.0,678000,경상남도 합천군,1140,경상남도 합천군
2020-05-16,양파,보통,70000.0,97.5,717000,경상북도 고령군,1150,경상북도 고령군
2018-02-14,양파,상,2900000.0,4000.0,500801,광주 북구 각화동380∼800,1083,광주광역시
2024-01-02,양파,특,18180.0,12.0,200140,강원 춘천시 사농동,1001,강원도 춘천시
2018-05-05,양파,상,582000.0,732.0,580010,전북 정읍시 수성동,1116,전라북도 정읍시
2022-09-30,양파,특,3156000.0,2000.0,717000,경상북도 고령군,1150,경상북도 고령군
2018-02-06,양파,특,7011000.0,6750.0,525000,전라남도 함평군,1090,전라남도 함평군
2018-01-20,양파,상,2416000.0,3020.0,711834,대구 달성군 화원읍 천내리  1∼249,1146,대구광역시
2018-10-30,양파,특,3626000.0,7104.0,525000,전라남도 함평군,1090,전라남도 함평군
2022-04-07,양파,특,391200.0,652.0,534729,전남 무안군 청계면 도림리 목포대학교 ,1097,전라남도 무안군
2018-06-12,양파,특,1552000.0,4800.0,750600,경북 영주시 영주우체국사서함,1157,경상북도 영주시
2023-03-09,양파,보통,1254000.0,570.0,637708,경남 함안군 칠원면 오곡리 광려천메트로자이 101∼122동,1128,경상남도 함안군
2021-03-04,양파,특,4256000.0,2240.0,800000,수입산,1170,수입산
2020-03-02,양파,특,756000.0,360.0,630000,경상남도 창원시 마산회원구,1124,경상남도 창원시
2020-04-25,양파,특,409200.0,495.0,320830,충남 논산시 연무읍,1022,충청남도 논산시
2023-04-20,양파,하,8191300.0,8055.0,690000,제주도 제주시,1142,제주특별자치도 제주시
2023-12-11,양파,상,780000.0,780.0,740000,경상북도 김천시,1154,경상북도 김천시
2024-03-25,양파,상,496000.0,744.0,506551,광주 광산구 유계동,1083,광주광역시
2022-07-07,양파,상,675000.0,765.0,641465,경남 창원시 팔용동,1124,경상남도 창원시
2022-08-16,양파,특,978000.0,2000.0,534000,전라남도 무안군,1097,전라남도 무안군
2019-07-04,양파,하,177500.0,852.0,534000,전라남도 무안군,1097,전라남도 무안군
2024-04-09,양파,보통,2940000.0,2352.0,637000,경상남도 함안군,1128,경상남도 함안군
2021-06-28,양파,특,81600.0,160.0,590951,전북 남원시 금지면 귀석리,1117,전라북도 남원시
2021-10-18,양파,하,3655000.0,4080.0,536000,전라남도 해남군,1098,전라남도 해남군
2021-04-19,양파,특,420000.0,700.0,636000,경상남도 의령군,1127,경상남도 의령군
2025-03-12,양파,특,11322000.0,6120.0,534850,전남 무안군 망운면,1097,전라남도 무안군
2021-04-17,양파,하,15150.0,10.0,200140,강원 춘천시 사농동,1001,강원도 춘천시
2023-05-12,양파,보통,36000.0,60.0,525830,전남 함평군 대동면,1090,전라남도 함평군
2020-06-09,양파,상,24600.0,60.0,561820,전북 전주시 덕진구 송천동2가51∼400,1106,전라북도 전주시
2020-01-20,양파,특,920000.0,2400.0,525822,전남 함평군 엄다면 성천리,1090,전라남도 함평군
2022-09-26,양파,특,1575000.0,1125.0,534000,전라남도 무안군,1097,전라남도 무안군
2024-10-17,양파,특,2535000.0,1950.0,350000,충청남도 홍성군,1033,충청남도 홍성군
2022-09-09,양파,특,5238000.0,3510.0,718000,경상북도 칠곡군,1151,경상북도 칠곡군
2023-03-02,양파,특,3608000.0,1920.0,579000,전라북도 부안군,1114,전라북도 부안군
2020-12-22,양파,특,3024000.0,2400.0,717000,경상북도 고령군,1150,경상북도 고령군
2020-01-16,양파,특,1845000.0,2000.0,579000,전라북도 부안군,1114,전라북도 부안군
2022-11-15,양파,특,10155200.0,5280.0,525000,전라남도 함평군,1090,전라남도 함평군
2018-07-27,양파,상,3080000.0,5250.0,534000,전라남도 무안군,1097,전라남도 무안군
2020-11-23,양파,특,637500.0,1125.0,565701,전북 완주군 삼례읍  우석대학교 ,1107,전라북도 완주군
2019-02-25,양파,특,72000.0,90.0,901000,서울특별시 ,1000,서울특별시
2020-06-10,양파,상,93600.0,356.4,678000,경상남도 합천군,1140,경상남도 합천군
2021-06-02,양파,보통,270000.0,810.0,548861,전남 고흥군 대서면 금마리,1104,전라남도 고흥군
2025-02-21,양파,상,210000.0,150.0,580010,전북 정읍시 수성동,1116,전라북도 정읍시
2019-06-04,양파,특,1045200.0,2080.0,678000,경상남도 합천군,1140,경상남도 합천군
2023-06-15,양파,특,2232000.0,2480.0,590871,전북 남원시 산동면 대기리,1117,전라북도 남원시
2024-07-16,양파,하,375000.0,1125.0,534000,전라남도 무안군,1097,전라남도 무안군
2021-05-08,양파,특,480000.0,960.0,534841,전남 무안군 현경면 가입리,1097,전라남도 무안군
2022-04-28,양파,상,1764000.0,2800.0,636800,경남 의령군 의령읍,1127,경상남도 의령군
2021-03-10,양파,특,20647500.0,15750.0,742000,경상북도 상주시,1155,경상북도 상주시
2019-05-27,양파,보통,186000.0,620.0,534000,전라남도 무안군,1097,전라남도 무안군
2024-05-15,양파,하,1875000.0,2250.0,534000,전라남도 무안군,1097,전라남도 무안군
2024-08-27,양파,특,3667000.0,4600.0,635000,경상남도 창녕군,1126,경상남도 창녕군
2024-11-28,양파,특,4473000.0,4260.0,635800,경남 창녕군 창녕읍,1126,경상남도 창녕군
2025-05-13,양파,상,503500.0,500.0,627110,경남 밀양시 가곡동,1123,경상남도 밀양시
2024-06-20,양파,보통,1200000.0,1600.0,618000,부산광역시 부산 강서구,1120,부산광역시
2022-03-19,양파,특,576900.0,1716.0,534814,전남 무안군 몽탄면 당호리,1097,전라남도 무안군
2019-02-12,양파,하,360000.0,600.0,635000,경상남도 창녕군,1126,경상남도 창녕군
2023-10-02,양파,특,5000000.0,4000.0,716800,경북 군위군 군위읍,1149,경상북도 군위군
2024-02-19,양파,보통,1100000.0,750.0,800000,중국,1170,수입산
2021-07-23,양파,특,2200000.0,4000.0,617030,부산 사상구 엄궁동,1120,부산광역시
2019-02-08,양파,특,3000000.0,4500.0,678000,경상남도 합천군,1140,경상남도 합천군
2023-11-18,양파,특,8835000.0,7875.0,535000,전라남도 신안군,1096,전라남도 신안군
2020-11-27,양파,상,720000.0,600.0,716800,경북 군위군 군위읍,1149,경상북도 군위군
2019-06-03,양파,상,184800.0,560.0,536880,전남 해남군 화원면,1098,전라남도 해남군
2024-07-27,양파,특,3829500.0,3105.0,676800,경남 함양군 함양읍,1139,경상남도 함양군
2025-04-12,양파,특,28000.0,15.0,534729,전남 무안군 청계면 도림리 목포대학교 ,1097,전라남도 무안군
2023-07-25,양파,상,4050000.0,3000.0,902000,부산광역시 ,1120,부산광역시
2022-05-31,양파,특,84000.0,100.0,565000,전라북도 완주군,1107,전라북도 완주군
2022-03-03,양파,특,2024000.0,3840.0,579000,전라북도 부안군,1114,전라북도 부안군
2024-08-24,양파,특,20767000.0,19800.0,800000,중국,1170,수입산
2025-04-18,양파,특,3000000.0,2000.0,717703,경북 고령군 고령읍 지산리 고령군청 ,1150,경상북도 고령군
2025-01-18,양파,특,3345000.0,2250.0,676000,경상남도 함양군,1139,경상남도 함양군
2023-08-10,양파,특,1195600.0,1830.0,678000,경상남도 합천군,1140,경상남도 합천군
2024-08-19,양파,보통,2146000.0,3180.0,678807,경남 합천군 합천읍 합천리  665∼780,1140,경상남도 합천군
2024-04-19,양파,특,26137500.0,20250.0,548820,전남 고흥군 영남면,1104,전라남도 고흥군
2023-04-01,양파,특,5707200.0,5904.0,690000,제주도 제주시,1142,제주특별자치도 제주시
2022-05-03,양파,보통,230000.0,375.0,690000,제주도 제주시,1142,제주특별자치도 제주시
2022-05-04,양파,보통,3478100.0,5250.0,695000,제주도 제주시,1142,제주특별자치도 제주시
2020-02-10,양파,하,2030000.0,2100.0,745000,경상북도 문경시,1156,경상북도 문경시
2024-02-06,양파,특,2340000.0,1300.0,711000,대구광역시 달성군,1146,대구광역시
2022-05-26,양파,특,2627000.0,3700.0,536804,전남 해남군 해남읍 기동리,1098,전라남도 해남군
2019-05-11,양파,특,3156000.0,5260.0,534843,전남 무안군 현경면 양학리,1097,전라남도 무안군
2022-02-28,양파,특,406000.0,2100.0,456931,경기 안성시 양성면 구장리,1067,경기도 안성시
2022-12-09,양파,특,8280000.0,5400.0,635000,경상남도 창녕군,1126,경상남도 창녕군
2018-06-27,양파,상,204000.0,1020.0,903000,대구광역시 ,1146,대구광역시
2020-04-29,양파,특,4480000.0,5250.0,745000,경상북도 문경시,1156,경상북도 문경시
2023-02-17,양파,보통,23888000.0,18600.0,800000,중국,1170,수입산
2023-02-20,양파,보통,3022500.0,1980.0,678000,경상남도 합천군,1140,경상남도 합천군
2018-10-17,양파,특,57500.0,75.0,730040,경북 구미시 형곡동,1153,경상북도 구미시
2018-07-06,양파,특,6760800.0,10800.0,635900,경남 창녕군 남지읍,1126,경상남도 창녕군
2022-07-08,양파,특,2400000.0,2240.0,534000,전라남도 무안군,1097,전라남도 무안군
2022-12-13,양파,상,725000.0,750.0,618807,부산 강서구 대저2동1001∼2507,1120,부산광역시
2020-09-18,양파,특,3760000.0,4000.0,769700,경북 의성군 의성읍  의성군청 ,1165,경상북도 의성군
2024-08-10,양파,하,1372500.0,3375.0,570930,전북 익산시 여산면,1111,전라북도 익산시
2020-04-01,양파,특,8476000.0,8775.0,770761,경북 영천시 금호읍 교대리 금호우방타운 ,1166,경상북도 영천시
2024-05-02,양파,보통,144000.0,180.0,580600,전북 정읍시 정읍우체국사서함,1116,전라북도 정읍시
2019-03-04,양파,상,88200.0,210.0,627890,경남 밀양시 하남읍,1123,경상남도 밀양시
2019-05-18,양파,상,104500.0,231.0,556810,전남 여수시 소라면,1105,전라남도 여수시
2019-08-10,양파,특,5474000.0,10500.0,570130,전북 익산시 목천동,1111,전라북도 익산시
2018-07-04,양파,특,1371800.0,1395.0,534000,전라남도 무안군,1097,전라남도 무안군
2018-09-07,양파,특,19700.0,15.0,200140,강원 춘천시 사농동,1001,강원도 춘천시
2018-04-23,양파,특,1350000.0,1800.0,570600,전북 익산시 익산우체국사서함,1111,전라북도 익산시
2024-10-15,양파,특,20913200.0,21288.0,534000,전라남도 무안군,1097,전라남도 무안군
2019-07-03,양파,보통,505000.0,1080.0,714000,경상북도 청도군,1148,경상북도 청도군
2021-02-26,양파,상,76000.0,39.0,635800,경남 창녕군 창녕읍,1126,경상남도 창녕군
2025-05-14,양파,상,69000.0,264.0,548880,전남 고흥군 포두면,1104,전라남도 고흥군
2024-05-18,양파,하,3000000.0,4500.0,548000,전라남도 고흥군,1104,전라남도 고흥군
2020-12-02,양파,특,15272000.0,13280.0,600010,부산 중구 중앙동,1120,부산광역시
2024-05-22,양파,특,962000.0,780.0,534000,전라남도 무안군,1097,전라남도 무안군
2018-02-24,양파,하,1155000.0,1050.0,745000,경상북도 문경시,1156,경상북도 문경시
2018-04-03,양파,상,900000.0,2400.0,548931,전남 고흥군 금산면 대흥리,1104,전라남도 고흥군
2021-06-07,양파,특,558000.0,1440.0,678000,경상남도 합천군,1140,경상남도 합천군
2019-03-09,양파,특,81000.0,153.0,570932,전북 익산시 여산면 여산리,1111,전라북도 익산시
2019-01-16,양파,특,350000.0,900.0,320000,충청남도 논산시,1022,충청남도 논산시
2022-06-18,양파,특,864000.0,720.0,717000,경상북도 고령군,1150,경상북도 고령군
2019-02-28,양파,특,2400000.0,4000.0,579806,전북 부안군 부안읍 서외4리,1114,전라북도 부안군
2025-05-29,양파,특,24000.0,30.0,901000,서울특별시 ,1000,서울특별시
2018-07-16,양파,상,665000.0,1900.0,902000,부산광역시 ,1120,부산광역시
2025-05-02,양파,특,3000000.0,2400.0,138701,서울 송파구 가락1동  가락농수산물시장 ,1000,서울특별시
2021-11-17,양파,특,7110800.0,8680.0,902000,부산광역시 ,1120,부산광역시
2021-11-30,양파,특,10957500.0,15750.0,535000,전라남도 신안군,1096,전라남도 신안군
2024-12-20,양파,특,840000.0,960.0,635000,경상남도 창녕군,1126,경상남도 창녕군
2023-06-07,양파,특,60000.0,200.0,621150,경남 김해시 화목동,1121,경상남도 김해시
2023-05-04,양파,하,985500.0,1620.0,503839,광주 남구 주월1동1180∼1190,1083,광주광역시
2024-01-04,양파,상,1050000.0,1000.0,635700,경남 창녕군 창녕읍  창녕군청 ,1126,경상남도 창녕군
2022-04-21,양파,특,7961000.0,11000.0,637000,경상남도 함안군,1128,경상남도 함안군
2023-05-25,양파,상,1152400.0,1340.0,525832,전남 함평군 대동면 금산리,1090,전라남도 함평군
2023-07-27,양파,특,94800.0,80.0,716870,경북 군위군 고로면,1149,경상북도 군위군
2021-10-06,양파,특,52800.0,60.0,641111,경남 창원시 가음동,1124,경상남도 창원시
2023-10-19,양파,특,229000.0,110.0,641111,경남 창원시 가음동,1124,경상남도 창원시
2021-06-25,양파,하,8148300.0,10380.0,717000,경상북도 고령군,1150,경상북도 고령군
2024-03-06,양파,상,1050000.0,1000.0,635700,경남 창녕군 창녕읍  창녕군청 ,1126,경상남도 창녕군
2019-09-10,양파,특,4218500.0,8775.0,534870,전남 무안군 해제면,1097,전라남도 무안군
2018-09-12,양파,특,6090000.0,7875.0,534843,전남 무안군 현경면 양학리,1097,전라남도 무안군
2024-08-13,양파,특,7200000.0,5625.0,534800,전남 무안군 무안읍,1097,전라남도 무안군
2020-06-17,양파,특,1520000.0,3800.0,534840,전남 무안군 현경면,1097,전라남도 무안군
2023-09-19,양파,보통,75600.0,360.0,534000,전라남도 무안군,1097,전라남도 무안군
2018-04-07,양파,상,750000.0,2000.0,536000,전라남도 해남군,1098,전라남도 해남군
2018-12-24,양파,상,63400.0,60.0,500010,광주 북구 임동,1083,광주광역시
2022-06-07,양파,특,2729400.0,2500.0,561302,전북 전주시 덕진구 송천동2가,1106,전라북도 전주시
2020-05-01,양파,보통,42000.0,120.0,556824,전남 여수시 화양면 용주리,1105,전라남도 여수시
2019-10-15,양파,특,64800.0,120.0,730010,경북 구미시 원평동,1153,경상북도 구미시
2024-06-07,양파,특,2470400.0,1920.0,356000,충청남도 서산시,1035,충청남도 서산시
2018-10-31,양파,특,2600000.0,4000.0,534000,전라남도 무안군,1097,전라남도 무안군
2019-04-11,양파,보통,3762000.0,3888.0,690000,제주도 제주시,1142,제주특별자치도 제주시
2018-05-03,양파,특,5126700.0,6165.0,690811,제주 제주시 삼도1동498∼502,1142,제주특별자치도 제주시
2025-03-25,양파,특,4560000.0,3600.0,800000,중국,1170,수입산
2019-10-17,양파,상,1728000.0,4320.0,471080,경기 구리시 갈매동,1072,경기도 구리시
2019-06-29,양파,상,2100000.0,7000.0,717822,경북 고령군 우곡면 답곡리,1150,경상북도 고령군
2020-01-13,양파,상,16000.0,10.0,500010,광주 북구 임동,1083,광주광역시
2018-10-23,양파,특,377600.0,480.0,525000,전라남도 함평군,1090,전라남도 함평군
2018-11-08,양파,특,5837000.0,7800.0,565000,전라북도 완주군,1107,전라북도 완주군
2024-05-17,양파,특,2109000.0,1687.2,579000,전라북도 부안군,1114,전라북도 부안군
2023-05-10,양파,상,528000.0,638.0,548000,전라남도 고흥군,1104,전라남도 고흥군
2019-07-19,양파,특,84000.0,240.0,320942,충남 논산시 성동면 삼산리,1022,충청남도 논산시
2024-01-18,양파,상,9613500.0,12240.0,534000,전라남도 무안군,1097,전라남도 무안군
2025-03-17,양파,보통,1632000.0,1020.0,676000,경상남도 함양군,1139,경상남도 함양군
2021-03-13,양파,특,3485000.0,3075.0,676000,경상남도 함양군,1139,경상남도 함양군
2023-04-05,양파,보통,225000.0,300.0,990000,제주도 ,1180,제주도 
2020-03-18,양파,특,800000.0,1000.0,535000,전라남도 신안군,1096,전라남도 신안군
2020-06-10,양파,특,2235500.0,5760.0,525830,전남 함평군 대동면,1090,전라남도 함평군
2019-04-16,양파,특,24240.0,28.0,200140,강원 춘천시 사농동,1001,강원도 춘천시
2021-12-24,양파,하,2410800.0,3936.0,529000,전라남도 장흥군,1094,전라남도 장흥군
2024-08-12,양파,특,8567700.0,7365.0,676000,경상남도 함양군,1139,경상남도 함양군
2024-08-09,양파,특,76760.0,20.0,200140,강원 춘천시 사농동,1001,강원도 춘천시
2019-07-05,양파,특,371000.0,1050.0,745852,경북 문경시 영순면 김용리,1156,경상북도 문경시
2019-09-04,양파,특,9200.0,12.0,570600,전북 익산시 익산우체국사서함,1111,전라북도 익산시
2021-12-11,양파,하,3037500.0,3375.0,534000,전라남도 무안군,1097,전라남도 무안군
2018-05-21,양파,상,625500.0,3120.0,548000,전라남도 고흥군,1104,전라남도 고흥군
2020-09-07,양파,상,1300000.0,2000.0,520220,전남 나주시 이창동,1089,전라남도 나주시
2023-07-24,양파,특,17000.0,12.0,534729,전남 무안군 청계면 도림리 목포대학교 ,1097,전라남도 무안군
2019-06-03,양파,특,1380400.0,2261.0,714000,경상북도 청도군,1148,경상북도 청도군
2019-06-26,양파,보통,218700.0,540.0,357000,충청남도 태안군,1036,충청남도 태안군
2023-04-13,양파,하,10831800.0,6912.0,534000,전라남도 무안군,1097,전라남도 무안군
2019-04-11,양파,특,2987000.0,4120.0,585000,전라북도 고창군,1115,전라북도 고창군
2022-03-22,양파,하,44400.0,90.0,534841,전남 무안군 현경면 가입리,1097,전라남도 무안군
2025-04-05,양파,특,1072500.0,975.0,800000,중국,1170,수입산
2018-05-22,양파,하,269100.0,2340.0,716820,경북 군위군 효령면,1149,경상북도 군위군
2021-05-01,양파,상,538200.0,780.0,678000,경상남도 합천군,1140,경상남도 합천군
2021-06-05,양파,상,982300.0,1960.0,950000,전라남도 ,1176,전라남도 
2018-03-12,양파,보통,7840000.0,7350.0,800000,수입산,1170,수입산
2022-02-21,양파,특,28000.0,40.0,901000,서울특별시 ,1000,서울특별시
2020-03-12,양파,특,10612800.0,11880.0,525870,전남 함평군 해보면,1090,전라남도 함평군
2020-11-30,양파,하,2730000.0,2100.0,745000,경상북도 문경시,1156,경상북도 문경시
2019-03-16,양파,특,541200.0,984.0,535000,전라남도 신안군,1096,전라남도 신안군
2024-04-24,양파,보통,4573000.0,4080.0,690000,제주도 제주시,1142,제주특별자치도 제주시
2022-06-23,양파,상,2692200.0,2515.5,717000,경상북도 고령군,1150,경상북도 고령군
2023-04-01,양파,특,6030000.0,4020.0,716800,경북 군위군 군위읍,1149,경상북도 군위군
2019-01-04,양파,특,1600000.0,4000.0,678000,경상남도 합천군,1140,경상남도 합천군
2022-08-10,양파,상,5130000.0,3375.0,503839,광주 남구 주월1동1180∼1190,1083,광주광역시
2022-11-22,양파,보통,5250000.0,3150.0,745000,경상북도 문경시,1156,경상북도 문경시
2018-06-25,양파,특,3631000.0,7220.0,305325,대전 유성구 노은동,1019,대전광역시
2022-12-19,양파,하,6868000.0,5100.0,525000,전라남도 함평군,1090,전라남도 함평군
2023-04-06,양파,보통,2508600.0,2664.0,690000,제주도 제주시,1142,제주특별자치도 제주시
2018-06-12,양파,보통,2430000.0,2700.0,220010,강원 원주시 중앙동,1008,강원도 원주시
2019-07-29,양파,특,6233600.0,13110.0,525000,전라남도 함평군,1090,전라남도 함평군
2019-07-30,양파,상,8000.0,80.0,636000,경상남도 의령군,1127,경상남도 의령군
2019-09-30,양파,특,1720650.0,5076.0,534000,전라남도 무안군,1097,전라남도 무안군
2021-03-17,양파,특,6000000.0,4000.0,717000,경상북도 고령군,1150,경상북도 고령군
2020-05-09,양파,특,5900000.0,8800.0,534000,전라남도 무안군,1097,전라남도 무안군
2018-11-29,양파,하,408000.0,3060.0,525000,전라남도 함평군,1090,전라남도 함평군
2023-07-13,양파,특,1702000.0,1794.0,718800,경북 칠곡군 왜관읍,1151,경상북도 칠곡군
2024-10-12,양파,특,2975000.0,2925.0,730000,경상북도 구미시,1153,경상북도 구미시
2020-03-03,양파,특,450000.0,395.0,561302,전북 전주시 덕진구 송천동2가,1106,전라북도 전주시
2021-04-21,양파,상,61200.0,114.0,730010,경북 구미시 원평동,1153,경상북도 구미시
2019-02-21,양파,특,935000.0,2000.0,534000,전라남도 무안군,1097,전라남도 무안군
2018-11-19,양파,특,450000.0,1000.0,711872,대구 달성군 현풍면 부리,1146,대구광역시
2025-03-25,양파,특,8925000.0,5100.0,678000,경상남도 합천군,1140,경상남도 합천군
2022-04-18,양파,상,285000.0,1140.0,525805,전남 함평군 함평읍 만흥리,1090,전라남도 함평군
2020-10-19,양파,특,9606000.0,9450.0,770851,경북 영천시 화산면 가상리,1166,경상북도 영천시
2020-11-25,양파,보통,2886000.0,2220.0,700000,대구광역시 대구 중구,1146,대구광역시
2023-12-26,양파,특,3440000.0,3900.0,714000,경상북도 청도군,1148,경상북도 청도군
2021-11-20,양파,특,374000.0,440.0,635822,경남 창녕군 대지면 모산리,1126,경상남도 창녕군
2023-04-24,양파,특,7998400.0,11880.0,950000,전라남도 ,1176,전라남도 
2023-06-15,양파,특,3941900.0,6940.0,585804,전북 고창군 고창읍 석정리,1115,전라북도 고창군
2021-08-11,양파,특,2175000.0,2250.0,950000,전라남도 ,1176,전라남도 
2022-07-02,양파,상,85800.0,120.0,570600,전북 익산시 익산우체국사서함,1111,전라북도 익산시
2020-01-08,양파,특,880000.0,1600.0,500801,광주 북구 각화동380∼800,1083,광주광역시
2024-08-10,양파,하,7672500.0,10428.0,525000,전라남도 함평군,1090,전라남도 함평군
2024-03-16,양파,특,4572000.0,3280.0,600000,부산광역시 부산 중구,1120,부산광역시
2024-07-09,양파,보통,945000.0,2250.0,590000,전라북도 남원시,1117,전라북도 남원시
2022-07-23,양파,특,88000.0,40.0,534729,전남 무안군 청계면 도림리 목포대학교 ,1097,전라남도 무안군
2023-12-25,양파,보통,10635000.0,9000.0,678000,경상남도 합천군,1140,경상남도 합천군
2021-07-12,양파,특,1150300.0,2160.0,567880,전북 진안군 백운면,1109,전라북도 진안군
2021-04-29,양파,보통,375000.0,1125.0,534000,전라남도 무안군,1097,전라남도 무안군
2022-06-30,양파,특,45000.0,30.0,630000,경상남도 창원시 마산회원구,1124,경상남도 창원시
2019-02-18,양파,특,884000.0,1020.0,536000,전라남도 해남군,1098,전라남도 해남군
2018-11-19,양파,특,587500.0,436.0,570130,전북 익산시 목천동,1111,전라북도 익산시
2021-05-19,양파,하,14700.0,30.0,534841,전남 무안군 현경면 가입리,1097,전라남도 무안군
2018-10-31,양파,특,145500.0,200.0,520833,전남 나주시 산포면 산제리,1089,전라남도 나주시
2019-01-05,양파,하,68400.0,360.0,525000,전라남도 함평군,1090,전라남도 함평군
2021-08-20,양파,특,159300.0,300.0,561302,전북 전주시 덕진구 송천동2가,1106,전라북도 전주시
2022-07-29,양파,상,2245600.0,2280.0,357900,충남 태안군 태안읍,1036,충청남도 태안군
2019-05-06,양파,보통,800000.0,1600.0,730000,경상북도 구미시,1153,경상북도 구미시
2019-06-19,양파,특,98800.0,760.0,556893,전남 여수시 율촌면 신산리,1105,전라남도 여수시
2020-01-18,양파,특,260000.0,200.0,482000,경기도 양주시,1077,경기도 양주시
2025-04-04,양파,특,22768000.0,14805.0,690010,제주 제주시 일도동,1142,제주특별자치도 제주시
2025-03-10,양파,특,48480.0,20.0,200140,강원 춘천시 사농동,1001,강원도 춘천시
2020-09-28,양파,특,13351400.0,14500.0,769000,경상북도 의성군,1165,경상북도 의성군
2025-02-27,양파,특,20200.0,12.0,200140,강원 춘천시 사농동,1001,강원도 춘천시
2020-10-28,양파,특,105000.0,285.0,635800,경남 창녕군 창녕읍,1126,경상남도 창녕군
2020-10-07,양파,특,2368000.0,1920.0,525000,전라남도 함평군,1090,전라남도 함평군
2018-08-10,양파,보통,2140190.0,6820.0,441833,경기 수원시 권선구 권선동1229∼1234,1062,경기도 수원시
2020-12-30,양파,특,1282500.0,1128.6,635000,경상남도 창녕군,1126,경상남도 창녕군
2024-07-19,양파,보통,1166400.0,1440.0,717000,경상북도 고령군,1150,경상북도 고령군
2018-12-20,양파,보통,160800.0,240.0,714000,경상북도 청도군,1148,경상북도 청도군
2023-07-25,양파,하,459300.0,1416.0,534000,전라남도 무안군,1097,전라남도 무안군
2020-08-22,양파,상,336000.0,840.0,500801,광주 북구 각화동380∼800,1083,광주광역시
2025-01-24,양파,하,3150000.0,2250.0,534000,전라남도 무안군,1097,전라남도 무안군
2023-11-13,양파,보통,900000.0,500.0,745000,경상북도 문경시,1156,경상북도 문경시
2023-12-12,양파,특,6622000.0,5250.0,745852,경북 문경시 영순면 김용리,1156,경상북도 문경시
2024-04-19,양파,특,7520000.0,4582.5,637000,경상남도 함안군,1128,경상남도 함안군
2020-05-15,양파,보통,233800.0,280.0,901000,서울특별시 ,1000,서울특별시
2020-05-18,양파,상,26000.0,20.0,138000,서울특별시 송파구,1000,서울특별시
2022-09-15,양파,특,21743000.0,15840.0,660200,경남 진주시 옥봉동,1133,경상남도 진주시
2019-05-30,양파,상,12000.0,40.0,612810,부산 해운대구 반여1동1409∼1411,1120,부산광역시
2021-11-04,양파,하,471900.0,585.0,534841,전남 무안군 현경면 가입리,1097,전라남도 무안군
2019-11-11,양파,특,1080000.0,2000.0,535000,전라남도 신안군,1096,전라남도 신안군
2022-07-04,양파,특,13447500.0,9000.0,534841,전남 무안군 현경면 가입리,1097,전라남도 무안군
2020-05-29,양파,특,350000.0,350.0,369000,충청북도 음성군,1042,충청북도 음성군
2023-12-04,양파,상,828000.0,2760.0,565000,전라북도 완주군,1107,전라북도 완주군
2022-01-19,양파,상,508800.0,960.0,357000,충청남도 태안군,1036,충청남도 태안군
2021-06-17,양파,특,53800.0,100.0,730800,경북 구미시 선산읍,1153,경상북도 구미시
2019-07-18,양파,특,418200.0,1020.0,621150,경남 김해시 화목동,1121,경상남도 김해시
2020-03-31,양파,특,400000.0,1000.0,534729,전남 무안군 청계면 도림리 목포대학교 ,1097,전라남도 무안군
2021-12-03,양파,특,9090000.0,13500.0,579000,전라북도 부안군,1114,전라북도 부안군
2018-01-10,양파,특,1805000.0,1900.0,536000,전라남도 해남군,1098,전라남도 해남군
2024-10-21,양파,하,2660000.0,2100.0,745000,경상북도 문경시,1156,경상북도 문경시
2018-05-15,양파,특,2053500.0,3700.0,695000,제주도 제주시,1142,제주특별자치도 제주시
2018-02-13,양파,특,54540.0,30.0,200140,강원 춘천시 사농동,1001,강원도 춘천시
2019-05-03,양파,특,1819200.0,2320.5,548935,전남 고흥군 금산면 어전리,1104,전라남도 고흥군
2023-05-09,양파,특,13368600.0,10245.0,529000,전라남도 장흥군,1094,전라남도 장흥군
2020-12-26,양파,하,5338600.0,4470.0,534841,전남 무안군 현경면 가입리,1097,전라남도 무안군
2020-06-24,양파,상,180000.0,300.0,390160,충북 제천시 강제동,1047,충청북도 제천시
2020-09-05,양파,특,3328000.0,2925.0,770000,경상북도 영천시,1166,경상북도 영천시
2023-06-15,양파,특,440000.0,440.0,745860,경북 문경시 마성면,1156,경상북도 문경시
2024-04-25,양파,특,500000.0,200.0,330600,충남 천안시 동남구 천안우체국사서함,1026,충청남도 천안시
2019-01-23,양파,특,4788000.0,12600.0,760000,경상북도 안동시,1160,경상북도 안동시
2018-06-25,양파,특,4657200.0,7110.0,534000,전라남도 무안군,1097,전라남도 무안군
2021-09-04,양파,보통,680400.0,831.6,717000,경상북도 고령군,1150,경상북도 고령군
2023-04-05,양파,상,1920000.0,1280.0,534729,전남 무안군 청계면 도림리 목포대학교 ,1097,전라남도 무안군
2024-06-10,양파,특,66500.0,50.0,902000,부산광역시 ,1120,부산광역시
2022-01-12,양파,특,13500.0,45.0,730010,경북 구미시 원평동,1153,경상북도 구미시
2021-05-15,양파,특,705000.0,1410.0,556820,전남 여수시 화양면,1105,전라남도 여수시
2021-07-08,양파,특,4587000.0,7560.0,635000,경상남도 창녕군,1126,경상남도 창녕군
2019-09-21,양파,특,7140000.0,14700.0,676820,경남 함양군 안의면,1139,경상남도 함양군
2023-05-20,양파,특,990000.0,900.0,950000,전라남도 ,1176,전라남도 
2023-06-28,양파,특,1687200.0,1665.0,745600,경북 문경시 문경우체국사서함,1156,경상북도 문경시
2021-07-29,양파,특,184000.0,345.0,320850,충남 논산시 양촌면,1022,충청남도 논산시
2021-07-07,양파,보통,65000.0,260.0,365830,충북 진천군 광혜원면,1039,충청북도 진천군
2019-08-31,양파,보통,13500.0,260.0,561302,전북 전주시 덕진구 송천동2가,1106,전라북도 전주시
2024-05-16,양파,특,510000.0,300.0,565907,전북 완주군 봉동읍 장기리,1107,전라북도 완주군
2024-01-31,양파,상,3600000.0,4000.0,680813,울산 남구 삼산동1∼1311,1141,울산광역시
2019-05-08,양파,특,660000.0,900.0,769800,경북 의성군 의성읍,1165,경상북도 의성군
2019-12-30,양파,하,4400.0,40.0,730870,경북 구미시 해평면,1153,경상북도 구미시
2022-04-25,양파,특,1758000.0,3330.0,690000,제주도 제주시,1142,제주특별자치도 제주시
2021-04-15,양파,특,527000.0,620.0,717000,경상북도 고령군,1150,경상북도 고령군
2018-06-21,양파,특,6615000.0,9450.0,534000,전라남도 무안군,1097,전라남도 무안군
2020-10-23,양파,특,242000.0,250.0,570130,전북 익산시 목천동,1111,전라북도 익산시
2020-03-11,양파,특,1176000.0,800.0,621150,경남 김해시 화목동,1121,경상남도 김해시
2022-03-21,양파,하,3600.0,45.0,456000,경기도 안성시,1067,경기도 안성시
2024-07-17,양파,특,1416000.0,2360.0,534729,전남 무안군 청계면 도림리 목포대학교 ,1097,전라남도 무안군
2023-11-13,양파,특,533200.0,1032.0,676000,경상남도 함양군,1139,경상남도 함양군
2019-07-15,양파,상,240000.0,720.0,350000,충청남도 홍성군,1033,충청남도 홍성군
2022-07-22,양파,하,997600.0,2268.0,525000,전라남도 함평군,1090,전라남도 함평군
2018-05-09,양파,특,9220600.0,12996.0,534000,전라남도 무안군,1097,전라남도 무안군
2018-03-01,양파,하,1122000.0,3060.0,525000,전라남도 함평군,1090,전라남도 함평군
2022-11-24,양파,특,337500.0,187.5,330600,충남 천안시 동남구 천안우체국사서함,1026,충청남도 천안시
2025-05-05,양파,상,46000.0,30.0,500010,광주 북구 임동,1083,광주광역시
2018-05-07,양파,하,120000.0,480.0,548000,전라남도 고흥군,1104,전라남도 고흥군
2025-03-31,양파,특,81000.0,30.0,471000,경기도 구리시,1072,경기도 구리시
2019-06-18,양파,특,2064000.0,4800.0,717000,경상북도 고령군,1150,경상북도 고령군
2022-04-30,양파,특,14770.0,10.0,138701,서울 송파구 가락1동  가락농수산물시장 ,1000,서울특별시
2021-07-03,양파,상,460800.0,960.0,350000,충청남도 홍성군,1033,충청남도 홍성군
2019-04-02,양파,특,1377000.0,2040.0,534000,전라남도 무안군,1097,전라남도 무안군
2023-03-31,양파,보통,1316000.0,1410.0,990000,제주도 ,1180,제주도 
2022-09-08,양파,상,577500.0,315.0,534729,전남 무안군 청계면 도림리 목포대학교 ,1097,전라남도 무안군
2021-08-02,양파,특,1373500.0,2380.0,380240,충북 충주시 목행동,1046,충청북도 충주시
2020-03-21,양파,특,7000.0,14.0,535807,전남 신안군 지도읍 자동리,1096,전라남도 신안군
2022-07-08,양파,특,1224000.0,960.0,630850,경남 마산시 내서읍,1125,경상남도 마산시
2024-07-05,양파,특,570000.0,600.0,565907,전북 완주군 봉동읍 장기리,1107,전라북도 완주군
2023-04-03,양파,특,2939700.0,2280.0,690600,제주 제주시 제주우체국사서함,1142,제주특별자치도 제주시
2022-12-29,양파,상,11196500.0,9140.0,635000,경상남도 창녕군,1126,경상남도 창녕군
2022-09-08,양파,특,2865000.0,2250.0,534000,전라남도 무안군,1097,전라남도 무안군
2023-01-03,양파,특,10830000.0,7875.0,357000,충청남도 태안군,1036,충청남도 태안군
2021-08-31,양파,하,12704700.0,12192.0,534000,전라남도 무안군,1097,전라남도 무안군
2023-07-20,양파,보통,1763750.0,2040.0,534000,전라남도 무안군,1097,전라남도 무안군
2018-12-17,양파,특,500000.0,1000.0,621150,경남 김해시 화목동,1121,경상남도 김해시
2024-09-27,양파,상,1092000.0,975.0,565000,전라북도 완주군,1107,전라북도 완주군
2024-12-09,양파,보통,1425000.0,1500.0,630850,경남 마산시 내서읍,1125,경상남도 마산시
2018-06-18,양파,특,144000.0,300.0,536000,전라남도 해남군,1098,전라남도 해남군
2023-03-01,양파,보통,3000000.0,1600.0,618000,부산광역시 부산 강서구,1120,부산광역시
2021-07-21,양파,하,210700.0,980.0,637000,경상남도 함안군,1128,경상남도 함안군
2019-07-16,양파,특,960000.0,3900.0,740000,경상북도 김천시,1154,경상북도 김천시
2021-08-13,양파,상,231000.0,600.0,573910,전북 군산시 대야면,1112,전라북도 군산시
2021-07-13,양파,특,5068000.0,8800.0,513870,전남 영광군 법성면,1084,전라남도 영광군
2023-09-15,양파,특,3850000.0,3150.0,745000,경상북도 문경시,1156,경상북도 문경시
2023-11-02,양파,보통,565000.0,1480.0,635700,경남 창녕군 창녕읍  창녕군청 ,1126,경상남도 창녕군
2018-04-05,양파,상,61600.0,165.0,534814,전남 무안군 몽탄면 당호리,1097,전라남도 무안군
2023-07-28,양파,하,4335000.0,6120.0,536000,전라남도 해남군,1098,전라남도 해남군
2020-07-14,양파,하,258000.0,516.0,534000,전라남도 무안군,1097,전라남도 무안군
2024-05-30,양파,상,140000.0,280.0,548860,전남 고흥군 대서면,1104,전라남도 고흥군
2021-01-19,양파,보통,9065400.0,4860.0,635000,경상남도 창녕군,1126,경상남도 창녕군
2021-05-20,양파,특,1035000.0,2000.0,718813,경북 칠곡군 약목면 교리,1151,경상북도 칠곡군
2023-12-18,양파,특,1295000.0,1050.0,534000,전라남도 무안군,1097,전라남도 무안군
2019-02-11,양파,특,1860000.0,4000.0,630850,경남 마산시 내서읍,1125,경상남도 마산시
2022-06-10,양파,상,220000.0,500.0,534804,전남 무안군 무안읍 성동리,1097,전라남도 무안군
2019-05-04,양파,상,259800.0,484.0,546000,전라남도 보성군,1103,전라남도 보성군
2020-11-11,양파,특,1989000.0,1800.0,305325,대전 유성구 노은동,1019,대전광역시
2020-04-09,양파,특,8236500.0,8160.0,534000,전라남도 무안군,1097,전라남도 무안군
2020-02-18,양파,상,92500.0,75.0,500010,광주 북구 임동,1083,광주광역시
2021-06-15,양파,특,1321500.0,2827.5,717000,경상북도 고령군,1150,경상북도 고령군
2024-08-12,양파,특,31199200.0,27765.0,525000,전라남도 함평군,1090,전라남도 함평군
2022-11-10,양파,보통,2800000.0,3000.0,800000,중국,1170,수입산
2022-01-11,양파,특,555000.0,1125.0,525000,전라남도 함평군,1090,전라남도 함평군
2018-01-18,양파,하,1513000.0,2040.0,534000,전라남도 무안군,1097,전라남도 무안군
2018-04-16,양파,특,3300000.0,3000.0,800000,중국,1170,수입산
2019-04-10,양파,상,196000.0,420.0,550000,전라남도 여수시,1105,전라남도 여수시
2018-12-19,양파,보통,367200.0,1020.0,676000,경상남도 함양군,1139,경상남도 함양군
2021-02-18,양파,보통,4123000.0,1788.0,535000,전라남도 신안군,1096,전라남도 신안군
2022-07-02,양파,보통,1270000.0,2740.0,717000,경상북도 고령군,1150,경상북도 고령군
2020-05-29,양파,특,1654700.0,3702.6,536000,전라남도 해남군,1098,전라남도 해남군
2018-07-06,양파,상,96000.0,320.0,770000,경상북도 영천시,1166,경상북도 영천시
2020-09-15,양파,보통,1872000.0,2160.0,356000,충청남도 서산시,1035,충청남도 서산시
2018-11-28,양파,특,273000.0,300.0,138701,서울 송파구 가락1동  가락농수산물시장 ,1000,서울특별시
2021-03-31,양파,특,92000.0,100.0,570130,전북 익산시 목천동,1111,전라북도 익산시
2025-01-23,양파,특,8050000.0,5250.0,745850,경북 문경시 영순면,1156,경상북도 문경시
2022-02-21,양파,특,1248400.0,3312.0,525860,전남 함평군 나산면,1090,전라남도 함평군
2020-10-19,양파,특,16626500.0,14940.0,534000,전라남도 무안군,1097,전라남도 무안군
2024-11-29,양파,보통,2464000.0,2100.0,534000,전라남도 무안군,1097,전라남도 무안군
2023-05-31,양파,특,1537500.0,1125.0,534000,전라남도 무안군,1097,전라남도 무안군
2024-10-29,양파,특,1459500.0,1260.0,534000,전라남도 무안군,1097,전라남도 무안군
2020-04-21,양파,보통,286800.0,830.0,990000,제주도 ,1180,제주도 
2021-06-03,양파,상,83200.0,288.0,561302,전북 전주시 덕진구 송천동2가,1106,전라북도 전주시
2020-01-14,양파,특,1904000.0,2040.0,515800,전남 장성군 장성읍,1085,전라남도 장성군
2019-03-28,양파,상,184500.0,492.0,561302,전북 전주시 덕진구 송천동2가,1106,전라북도 전주시
2018-11-28,양파,특,3229100.0,10560.0,534000,전라남도 무안군,1097,전라남도 무안군
2019-05-15,양파,상,2866500.0,6597.5,716000,경상북도 군위군,1149,경상북도 군위군
2023-02-25,양파,상,299200.0,128.0,356010,충남 서산시 동문동,1035,충청남도 서산시
2018-09-20,양파,특,124800.0,960.0,548903,전남 고흥군 도양읍 봉암리,1104,전라남도 고흥군
2018-01-30,양파,특,1050000.0,2000.0,520000,전라남도 나주시,1089,전라남도 나주시
2021-03-25,양파,특,9800000.0,6300.0,745000,경상북도 문경시,1156,경상북도 문경시
2020-05-27,양파,상,4079200.0,6580.0,548930,전남 고흥군 금산면,1104,전라남도 고흥군
2024-08-07,양파,특,4676900.0,5500.0,635800,경남 창녕군 창녕읍,1126,경상남도 창녕군
2024-11-08,양파,상,356400.0,400.0,716820,경북 군위군 효령면,1149,경상북도 군위군
2021-04-17,양파,특,13143500.0,16760.0,548000,전라남도 고흥군,1104,전라남도 고흥군
2022-08-30,양파,특,830000.0,1000.0,534000,전라남도 무안군,1097,전라남도 무안군
2021-05-24,양파,특,46712750.0,96420.0,534000,전라남도 무안군,1097,전라남도 무안군
2019-10-04,양파,특,53406.0,60.0,471080,경기 구리시 갈매동,1072,경기도 구리시
2020-10-17,양파,특,15200.0,40.0,565907,전북 완주군 봉동읍 장기리,1107,전라북도 완주군
2021-07-10,양파,특,640000.0,2000.0,320852,충남 논산시 양촌면 남산리,1022,충청남도 논산시
2024-06-12,양파,특,2880000.0,4500.0,534000,전라남도 무안군,1097,전라남도 무안군
2019-12-05,양파,보통,3262000.0,4200.0,716820,경북 군위군 효령면,1149,경상북도 군위군
2018-03-21,양파,특,65000.0,50.0,565863,전북 완주군 고산면 성재리,1107,전라북도 완주군
2022-05-14,양파,상,2827500.0,7540.0,529000,전라남도 장흥군,1094,전라남도 장흥군
2022-06-06,양파,보통,336000.0,1120.0,906000,광주광역시 ,1083,광주광역시
2018-07-21,양파,하,530000.0,1900.0,630850,경남 마산시 내서읍,1125,경상남도 마산시
2020-05-18,양파,보통,198000.0,880.0,678000,경상남도 합천군,1140,경상남도 합천군
2021-01-02,양파,상,1200000.0,900.0,561302,전북 전주시 덕진구 송천동2가,1106,전라북도 전주시
2019-08-20,양파,특,150000.0,225.0,635000,경상남도 창녕군,1126,경상남도 창녕군
2024-08-14,양파,보통,1346400.0,2640.0,635000,경상남도 창녕군,1126,경상남도 창녕군
2024-10-22,양파,상,1800000.0,2000.0,635000,경상남도 창녕군,1126,경상남도 창녕군
2020-06-15,양파,하,46800.0,260.0,636000,경상남도 의령군,1127,경상남도 의령군
2020-06-24,양파,특,2888400.0,6640.0,730000,경상북도 구미시,1153,경상북도 구미시
2019-05-14,양파,상,492000.0,800.0,702270,대구 북구 매천동,1146,대구광역시
2022-07-25,양파,특,18841000.0,14280.0,525800,전남 함평군 함평읍,1090,전라남도 함평군
2019-04-15,양파,상,1200000.0,1600.0,730600,경북 구미시 구미우체국사서함,1153,경상북도 구미시
2025-05-30,양파,특,1236000.0,2060.0,548930,전남 고흥군 금산면,1104,전라남도 고흥군
2018-11-06,양파,특,1800000.0,2250.0,565003,전북 완주군 봉동읍  전주우편집중국 ,1107,전라북도 완주군
2018-03-29,양파,특,720000.0,600.0,565000,전라북도 완주군,1107,전라북도 완주군
2018-12-03,양파,상,3123000.0,13880.0,548000,전라남도 고흥군,1104,전라남도 고흥군
2023-05-25,양파,특,1628400.0,1770.0,534000,전라남도 무안군,1097,전라남도 무안군
2022-08-13,양파,특,17940000.0,13800.0,635800,경남 창녕군 창녕읍,1126,경상남도 창녕군
2025-04-18,양파,보통,1620000.0,900.0,138600,서울 송파구 서울송파우체국사서함,1000,서울특별시
2025-04-29,양파,특,2958000.0,3060.0,534000,전라남도 무안군,1097,전라남도 무안군
2021-04-15,양파,특,7292700.0,7860.0,635700,경남 창녕군 창녕읍  창녕군청 ,1126,경상남도 창녕군
2021-07-12,양파,특,7580.0,5.0,200140,강원 춘천시 사농동,1001,강원도 춘천시
2023-11-02,양파,특,24513500.0,21600.0,536000,전라남도 해남군,1098,전라남도 해남군
2021-11-13,양파,특,3920000.0,2800.0,482000,경기도 양주시,1077,경기도 양주시
2023-02-17,양파,특,1323690.0,725.0,525000,전라남도 함평군,1090,전라남도 함평군
2021-09-06,양파,특,33000.0,120.0,626210,경남 양산시 교동,1122,경상남도 양산시
2020-06-01,양파,상,238500.0,112.5,210010,강원 강릉시 홍제동,1004,강원도 강릉시
2023-08-17,양파,특,1349300.0,1236.0,525000,전라남도 함평군,1090,전라남도 함평군
2021-01-28,양파,특,2798400.0,1320.0,565000,전라북도 완주군,1107,전라북도 완주군
2019-02-01,양파,특,3070000.0,4000.0,534000,전라남도 무안군,1097,전라남도 무안군
2018-10-05,양파,특,312000.0,400.0,769800,경북 의성군 의성읍,1165,경상북도 의성군
2024-04-06,양파,하,1470000.0,1125.0,548000,전라남도 고흥군,1104,전라남도 고흥군
2018-02-23,양파,특,864000.0,1080.0,745600,경북 문경시 문경우체국사서함,1156,경상북도 문경시
2020-02-04,양파,상,840000.0,1008.0,561302,전북 전주시 덕진구 송천동2가,1106,전라북도 전주시
2021-09-01,양파,특,20200.0,15.0,200140,강원 춘천시 사농동,1001,강원도 춘천시
2019-07-16,양파,상,127500.0,150.0,745000,경상북도 문경시,1156,경상북도 문경시
2020-10-09,양파,보통,126350.0,100.0,906000,광주광역시 ,1083,광주광역시
2023-09-19,양파,상,4316000.0,3530.0,902000,부산광역시 ,1120,부산광역시
2023-06-08,양파,특,4000.0,10.0,570600,전북 익산시 익산우체국사서함,1111,전라북도 익산시
2019-08-29,양파,특,144000.0,720.0,565000,전라북도 완주군,1107,전라북도 완주군
2022-03-05,양파,보통,4270500.0,11700.0,740000,경상북도 김천시,1154,경상북도 김천시
2019-06-13,양파,특,525000.0,700.0,534000,전라남도 무안군,1097,전라남도 무안군
2023-06-07,양파,상,10000.0,15.0,565870,전북 완주군 비봉면,1107,전라북도 완주군
2024-11-01,양파,특,1330000.0,1050.0,745000,경상북도 문경시,1156,경상북도 문경시
2019-09-28,양파,하,8400.0,24.0,534841,전남 무안군 현경면 가입리,1097,전라남도 무안군
2021-06-23,양파,특,96000.0,200.0,534870,전남 무안군 해제면,1097,전라남도 무안군
2024-12-20,양파,보통,1872000.0,1800.0,769971,경북 의성군 다인면 가원리,1165,경상북도 의성군
2024-08-31,양파,보통,1512000.0,3240.0,534000,전라남도 무안군,1097,전라남도 무안군
2022-02-25,양파,상,851000.0,1480.0,635700,경남 창녕군 창녕읍  창녕군청 ,1126,경상남도 창녕군
2023-05-09,양파,보통,3695000.0,3000.0,668000,경상남도 남해군,1137,경상남도 남해군
2019-04-15,양파,특,26000.0,30.0,138000,서울특별시 송파구,1000,서울특별시
2021-06-09,양파,특,6633000.0,12060.0,627110,경남 밀양시 가곡동,1123,경상남도 밀양시
2020-05-07,양파,특,1200000.0,1600.0,579856,전북 부안군 변산면 중산리,1114,전라북도 부안군
2024-05-10,양파,하,1505000.0,2000.0,534000,전라남도 무안군,1097,전라남도 무안군
2023-03-13,양파,특,2414000.0,1360.0,534000,전라남도 무안군,1097,전라남도 무안군
2025-03-24,양파,특,45500.0,70.0,567000,전라북도 진안군,1109,전라북도 진안군
2024-01-23,양파,특,1188000.0,2160.0,636920,경남 의령군 정곡면,1127,경상남도 의령군
2022-05-24,양파,특,4680000.0,5850.0,534000,전라남도 무안군,1097,전라남도 무안군
2023-07-07,양파,보통,36000.0,48.0,343000,충청남도 당진시,1031,충청남도 당진시
2020-08-12,양파,특,13000.0,20.0,566880,전북 임실군 성수면,1108,전라북도 임실군
2018-07-11,양파,보통,6600.0,60.0,678911,경남 합천군 용주면 가호리,1140,경상남도 합천군
2021-10-02,양파,하,260700.0,396.0,525000,전라남도 함평군,1090,전라남도 함평군
2024-04-29,양파,상,11653000.0,8100.0,970000,경상남도 ,1178,경상남도 
2022-03-25,양파,상,566200.0,1796.0,556820,전남 여수시 화양면,1105,전라남도 여수시
2020-12-14,양파,상,132500.0,75.0,138000,서울특별시 송파구,1000,서울특별시
2019-01-04,양파,특,300000.0,1200.0,930000,충청남도 ,1174,충청남도 
2023-05-22,양파,하,969000.0,1020.0,535000,전라남도 신안군,1096,전라남도 신안군
2019-03-27,양파,특,816000.0,1440.0,525000,전라남도 함평군,1090,전라남도 함평군
2019-04-27,양파,하,1493300.0,2180.0,548931,전남 고흥군 금산면 대흥리,1104,전라남도 고흥군
2022-11-11,양파,상,4656000.0,5100.0,800000,중국,1170,수입산
2024-01-23,양파,특,5287000.0,6120.0,579000,전라북도 부안군,1114,전라북도 부안군
2025-05-23,양파,특,17262600.0,34242.0,717000,경상북도 고령군,1150,경상북도 고령군
2022-06-13,양파,특,8960000.0,8000.0,730000,경상북도 구미시,1153,경상북도 구미시
2019-04-17,양파,상,425000.0,475.0,550120,전남 여수시 남산동,1105,전라남도 여수시
2025-02-08,양파,특,3880000.0,2400.0,970000,경상남도 ,1178,경상남도 
2020-10-10,양파,특,405000.0,600.0,570600,전북 익산시 익산우체국사서함,1111,전라북도 익산시
2024-07-26,양파,하,13977600.0,19476.0,534000,전라남도 무안군,1097,전라남도 무안군
2019-07-17,양파,특,1050500.0,4620.0,719000,경상북도 성주군,1152,경상북도 성주군
2018-05-26,양파,특,4126000.0,13320.0,529804,전남 장흥군 장흥읍 교촌리,1094,전라남도 장흥군
2021-09-25,양파,보통,6900000.0,9000.0,635000,경상남도 창녕군,1126,경상남도 창녕군
2020-08-27,양파,특,12760100.0,14460.0,769000,경상북도 의성군,1165,경상북도 의성군
2024-10-09,양파,특,37107000.0,35625.0,800000,중국,1170,수입산
2018-06-07,양파,상,428000.0,580.0,320600,충남 논산시 논산우체국사서함,1022,충청남도 논산시
2021-04-07,양파,보통,35000.0,50.0,570600,전북 익산시 익산우체국사서함,1111,전라북도 익산시
2018-08-17,양파,특,6513000.0,7905.0,534811,전남 무안군 몽탄면 구산리,1097,전라남도 무안군
2025-05-13,양파,특,1974000.0,1880.0,320600,충남 논산시 논산우체국사서함,1022,충청남도 논산시
2024-04-10,양파,특,12858000.0,7200.0,800000,대만,1170,수입산
2025-02-01,양파,상,69000.0,30.0,356010,충남 서산시 동문동,1035,충청남도 서산시
2025-01-03,양파,특,2299100.0,996.0,534000,전라남도 무안군,1097,전라남도 무안군
2018-06-01,양파,특,1645900.0,3220.0,760802,경북 안동시 풍산읍 괴정리,1160,경상북도 안동시
2021-07-15,양파,특,877800.0,1653.0,770600,경북 영천시 영천우체국사서함,1166,경상북도 영천시
2019-07-05,양파,특,315400.0,1660.0,570600,전북 익산시 익산우체국사서함,1111,전라북도 익산시
2023-05-30,양파,특,700000.0,375.0,534000,전라남도 무안군,1097,전라남도 무안군
2023-03-24,양파,특,3139500.0,2250.0,534000,전라남도 무안군,1097,전라남도 무안군
2021-12-08,양파,특,1200000.0,1600.0,617030,부산 사상구 엄궁동,1120,부산광역시
2021-06-17,양파,상,306000.0,680.0,637708,경남 함안군 칠원면 오곡리 광려천메트로자이 101∼122동,1128,경상남도 함안군
2023-06-01,양파,보통,88000.0,240.0,360070,충북 청주시 상당구 금천동,1037,충청북도 청주시
2023-04-05,양파,특,731000.0,1020.0,534000,전라남도 무안군,1097,전라남도 무안군
2021-07-13,양파,보통,26000.0,40.0,635000,경상남도 창녕군,1126,경상남도 창녕군
2021-04-20,양파,특,6679500.0,10960.0,232000,강원도 평창군,1011,강원도 평창군
2023-08-09,양파,상,68000.0,40.0,534000,전라남도 무안군,1097,전라남도 무안군
2023-05-10,양파,보통,7590000.0,6750.0,534000,전라남도 무안군,1097,전라남도 무안군
2024-03-16,양파,특,20306600.0,13903.5,770000,경상북도 영천시,1166,경상북도 영천시
2018-07-17,양파,상,999000.0,4240.0,580010,전북 정읍시 수성동,1116,전라북도 정읍시
2020-04-29,양파,상,1029200.0,1245.0,690600,제주 제주시 제주우체국사서함,1142,제주특별자치도 제주시
2020-12-21,양파,특,1008000.0,840.0,570130,전북 익산시 목천동,1111,전라북도 익산시
2019-06-18,양파,특,64000.0,150.0,536804,전남 해남군 해남읍 기동리,1098,전라남도 해남군
2020-06-08,양파,특,4032000.0,1920.0,534000,전라남도 무안군,1097,전라남도 무안군
2022-02-19,양파,특,3795000.0,9000.0,534000,전라남도 무안군,1097,전라남도 무안군
2024-07-03,양파,하,935000.0,2040.0,534000,전라남도 무안군,1097,전라남도 무안군
2022-01-21,양파,특,2200000.0,5500.0,636964,경남 의령군 부림면 신반리,1127,경상남도 의령군
2018-08-17,양파,하,385400.0,1476.0,535000,전라남도 신안군,1096,전라남도 신안군
2024-11-12,양파,특,10438000.0,10200.0,534000,전라남도 무안군,1097,전라남도 무안군
2020-01-11,양파,특,800000.0,800.0,600010,부산 중구 중앙동,1120,부산광역시
2022-09-14,양파,상,480000.0,780.0,635000,경상남도 창녕군,1126,경상남도 창녕군
2018-07-18,양파,특,348000.0,360.0,534000,전라남도 무안군,1097,전라남도 무안군
2022-12-17,양파,특,1687500.0,1125.0,534000,전라남도 무안군,1097,전라남도 무안군
2023-07-13,양파,특,750000.0,500.0,570130,전북 익산시 목천동,1111,전라북도 익산시
2022-11-16,양파,특,765000.0,1080.0,901000,서울특별시 ,1000,서울특별시
2020-06-13,양파,특,300000.0,400.0,621150,경남 김해시 화목동,1121,경상남도 김해시
2019-05-09,양파,보통,90000.0,135.0,561302,전북 전주시 덕진구 송천동2가,1106,전라북도 전주시
2020-12-11,양파,특,128000.0,80.0,403010,인천 부평구 부평동,1049,인천광역시
2024-06-26,양파,상,191500.0,680.0,770600,경북 영천시 영천우체국사서함,1166,경상북도 영천시
2022-04-21,양파,특,2968500.0,6525.0,990000,제주도 ,1180,제주도 
2023-07-01,양파,특,4524000.0,3900.0,770000,경상북도 영천시,1166,경상북도 영천시
2021-05-01,양파,하,189000.0,600.0,627000,경상남도 밀양시,1123,경상남도 밀양시
2021-06-01,양파,특,12600.0,15.0,220010,강원 원주시 중앙동,1008,강원도 원주시
2023-08-16,양파,하,18000.0,72.0,534729,전남 무안군 청계면 도림리 목포대학교 ,1097,전라남도 무안군
2019-09-05,양파,특,195000.0,600.0,570600,전북 익산시 익산우체국사서함,1111,전라북도 익산시
2023-04-12,양파,하,588000.0,735.0,690000,제주도 제주시,1142,제주특별자치도 제주시
2022-03-26,양파,상,200000.0,1000.0,580090,전북 정읍시 농소동,1116,전라북도 정읍시
2024-07-03,양파,상,17000.0,20.0,676810,경남 함양군 수동면,1139,경상남도 함양군
2021-03-23,양파,보통,3953600.0,1848.0,525000,전라남도 함평군,1090,전라남도 함평군
2020-01-15,양파,특,7497600.0,8520.0,769700,경북 의성군 의성읍  의성군청 ,1165,경상북도 의성군
2024-01-12,양파,특,23527700.0,23025.0,525000,전라남도 함평군,1090,전라남도 함평군
2019-04-24,양파,보통,2700000.0,3000.0,635000,경상남도 창녕군,1126,경상남도 창녕군
2022-02-07,양파,특,2060000.0,4000.0,730000,경상북도 구미시,1153,경상북도 구미시
2023-07-20,양파,특,1410000.0,900.0,717000,경상북도 고령군,1150,경상북도 고령군
2025-04-19,양파,특,1012800.0,2080.0,536804,전남 해남군 해남읍 기동리,1098,전라남도 해남군
2021-09-02,양파,특,257600.0,320.0,770840,경북 영천시 고경면,1166,경상북도 영천시
2024-04-18,양파,특,96185300.0,83790.0,690000,제주도 제주시,1142,제주특별자치도 제주시
2019-12-17,양파,상,3612500.0,5780.0,645000,경상남도 진해시,1130,경상남도 진해시
2022-06-01,양파,특,5778500.0,5540.0,500120,광주 북구 각화동,1083,광주광역시
2019-11-20,양파,특,7931000.0,15000.0,714000,경상북도 청도군,1148,경상북도 청도군
2018-07-04,양파,특,379000.0,990.0,357933,충남 태안군 소원면 법산2리,1036,충청남도 태안군
2018-06-25,양파,보통,59400.0,324.0,534000,전라남도 무안군,1097,전라남도 무안군
2019-06-05,양파,특,69035050.0,155385.0,534000,전라남도 무안군,1097,전라남도 무안군
2021-09-07,양파,특,213000.0,225.0,269000,강원도 철원군,1003,강원도 철원군
2024-08-26,양파,하,1020000.0,3060.0,535000,전라남도 신안군,1096,전라남도 신안군
2022-05-17,양파,하,6000.0,40.0,906000,광주광역시 ,1083,광주광역시
2018-11-03,양파,특,940500.0,3249.0,770000,경상북도 영천시,1166,경상북도 영천시
2020-02-08,양파,보통,568000.0,710.0,618807,부산 강서구 대저2동1001∼2507,1120,부산광역시
2023-06-12,양파,보통,403200.0,840.0,356000,충청남도 서산시,1035,충청남도 서산시
2024-08-09,양파,특,287000.0,61.5,570600,전북 익산시 익산우체국사서함,1111,전라북도 익산시
2019-02-14,양파,하,4951000.0,12540.0,471080,경기 구리시 갈매동,1072,경기도 구리시
2018-09-03,양파,특,2996000.0,3150.0,745852,경북 문경시 영순면 김용리,1156,경상북도 문경시
2018-04-26,양파,상,6572000.0,7200.0,902000,부산광역시 ,1120,부산광역시
2019-05-23,양파,특,1702800.0,3440.0,506772,광주 광산구 월계동  선경아파트 ,1083,광주광역시
2019-04-29,양파,특,208000.0,390.0,561821,전북 전주시 덕진구 송천동2가401∼599,1106,전라북도 전주시
2018-06-29,양파,특,133000.0,280.0,590830,전북 남원시 운봉읍,1117,전라북도 남원시
2022-11-24,양파,특,6615000.0,4500.0,534000,전라남도 무안군,1097,전라남도 무안군
2018-02-12,양파,특,975000.0,1000.0,716000,경상북도 군위군,1149,경상북도 군위군
2020-10-24,양파,특,4608400.0,3516.0,534000,전라남도 무안군,1097,전라남도 무안군
2024-05-14,양파,특,5933000.0,4950.0,800000,중국,1170,수입산
2024-06-04,양파,하,9292500.0,9000.0,534000,전라남도 무안군,1097,전라남도 무안군
2020-04-10,양파,특,1609000.0,1460.0,535807,전남 신안군 지도읍 자동리,1096,전라남도 신안군
2018-05-07,양파,보통,18861500.0,28905.0,690000,제주도 제주시,1142,제주특별자치도 제주시
2024-06-20,양파,특,124000.0,160.0,325920,충남 서천군 문산면,1025,충청남도 서천군
2025-04-17,양파,특,4157100.0,4360.0,540850,전남 순천시 해룡면,1100,전라남도 순천시
2020-09-29,양파,상,104200.0,56.0,390160,충북 제천시 강제동,1047,충청북도 제천시
2019-07-19,양파,특,468000.0,1440.0,618807,부산 강서구 대저2동1001∼2507,1120,부산광역시
2019-01-23,양파,특,350000.0,500.0,482810,경기 양주시 장흥면,1077,경기도 양주시
2025-01-15,양파,보통,10605000.0,9000.0,676000,경상남도 함양군,1139,경상남도 함양군
2019-07-31,양파,보통,96000.0,960.0,157290,서울 강서구 외발산동,1000,서울특별시
2022-09-05,양파,특,6462.0,3.0,138701,서울 송파구 가락1동  가락농수산물시장 ,1000,서울특별시
2024-10-22,양파,보통,187500.0,475.0,676800,경남 함양군 함양읍,1139,경상남도 함양군
2024-05-06,양파,특,290000.0,300.0,580090,전북 정읍시 농소동,1116,전라북도 정읍시
2022-02-14,양파,특,1792000.0,5250.0,666000,경상남도 산청군,1135,경상남도 산청군
2020-09-16,양파,특,571900.0,516.0,716000,경상북도 군위군,1149,경상북도 군위군
2018-08-01,양파,특,6389400.0,6945.0,525000,전라남도 함평군,1090,전라남도 함평군
2019-11-26,양파,특,500000.0,1000.0,534000,전라남도 무안군,1097,전라남도 무안군
2025-03-15,양파,상,2700000.0,2160.0,534000,전라남도 무안군,1097,전라남도 무안군
2023-09-09,양파,하,2843250.0,3060.0,526000,전라남도 영암군,1091,전라남도 영암군
2018-12-18,양파,특,136500.0,100.0,138701,서울 송파구 가락1동  가락농수산물시장 ,1000,서울특별시
2019-05-27,양파,특,956200.0,2980.0,502151,광주 서구 서창동,1083,광주광역시
2024-12-25,양파,보통,9210000.0,7875.0,525000,전라남도 함평군,1090,전라남도 함평군
2020-01-30,양파,특,800000.0,800.0,618140,부산 강서구 대저동,1120,부산광역시
2018-04-19,양파,상,1152000.0,2700.0,539804,전남 진도군 진도읍 산월리,1099,전라남도 진도군
2021-04-12,양파,특,843900.0,1092.0,566891,전북 임실군 오수면 군평리,1108,전라북도 임실군
2025-03-11,양파,특,120000.0,50.0,330600,충남 천안시 동남구 천안우체국사서함,1026,충청남도 천안시
2021-07-24,양파,특,981000.0,1125.0,525800,전남 함평군 함평읍,1090,전라남도 함평군
2025-01-04,양파,특,44000.0,48.0,534000,전라남도 무안군,1097,전라남도 무안군
2020-02-22,양파,특,4464000.0,3600.0,635000,경상남도 창녕군,1126,경상남도 창녕군
2020-09-04,양파,특,1760000.0,2000.0,471080,경기 구리시 갈매동,1072,경기도 구리시
2020-09-17,양파,특,2106000.0,2340.0,635800,경남 창녕군 창녕읍,1126,경상남도 창녕군
2024-05-11,양파,특,110000.0,50.0,630000,경상남도 창원시 마산회원구,1124,경상남도 창원시
2023-05-12,양파,특,5590000.0,3225.0,690000,제주도 제주시,1142,제주특별자치도 제주시
2023-07-25,양파,특,210000.0,300.0,621150,경남 김해시 화목동,1121,경상남도 김해시
2019-06-07,양파,보통,73500.0,140.0,716000,경상북도 군위군,1149,경상북도 군위군
2022-08-08,양파,특,8553100.0,5688.0,561302,전북 전주시 덕진구 송천동2가,1106,전라북도 전주시
2024-09-12,양파,특,1387500.0,1125.0,534729,전남 무안군 청계면 도림리 목포대학교 ,1097,전라남도 무안군
2020-04-24,양파,하,720000.0,900.0,690000,제주도 제주시,1142,제주특별자치도 제주시
2024-05-18,양파,특,1198000.0,1080.0,525805,전남 함평군 함평읍 만흥리,1090,전라남도 함평군
2021-11-12,양파,특,155540.0,110.0,200140,강원 춘천시 사농동,1001,강원도 춘천시
2020-05-29,양파,상,4176000.0,5220.0,678811,경남 합천군 율곡면 갑산리,1140,경상남도 합천군
2022-04-23,양파,하,31500.0,140.0,678802,경남 합천군 합천읍 금양리,1140,경상남도 합천군
2020-10-27,양파,특,2448000.0,2040.0,750010,경북 영주시 영주동,1157,경상북도 영주시
2018-05-31,양파,특,1310000.0,2620.0,403103,인천 부평구 부개3동,1049,인천광역시
2018-09-18,양파,상,772000.0,1940.0,570130,전북 익산시 목천동,1111,전라북도 익산시
2020-09-01,양파,특,27039900.0,28365.0,525000,전라남도 함평군,1090,전라남도 함평군
2020-05-18,양파,특,135000.0,180.0,630000,경상남도 창원시 마산회원구,1124,경상남도 창원시
2020-02-05,양파,특,210000.0,200.0,534000,전라남도 무안군,1097,전라남도 무안군
2022-07-27,양파,특,1334500.0,1020.0,503839,광주 남구 주월1동1180∼1190,1083,광주광역시
2019-08-17,양파,특,720000.0,1440.0,618140,부산 강서구 대저동,1120,부산광역시
2022-04-08,양파,특,36360.0,18.0,200140,강원 춘천시 사농동,1001,강원도 춘천시
2025-03-20,양파,상,2000000.0,2000.0,604081,부산 사하구 괴정1동,1120,부산광역시
2024-12-10,양파,특,1283500.0,1020.0,534000,전라남도 무안군,1097,전라남도 무안군
2018-05-28,양파,보통,372000.0,1200.0,717000,경상북도 고령군,1150,경상북도 고령군
2018-05-26,양파,상,487000.0,1460.0,666810,경남 산청군 차황면,1135,경상남도 산청군
2022-05-16,양파,보통,4166000.0,8160.0,534000,전라남도 무안군,1097,전라남도 무안군
2022-01-13,양파,특,3590000.0,8500.0,635700,경남 창녕군 창녕읍  창녕군청 ,1126,경상남도 창녕군
2022-01-22,양파,특,72000.0,180.0,730800,경북 구미시 선산읍,1153,경상북도 구미시
2024-02-28,양파,특,4840000.0,4000.0,534000,전라남도 무안군,1097,전라남도 무안군
2019-03-07,양파,특,24150.0,20.0,138701,서울 송파구 가락1동  가락농수산물시장 ,1000,서울특별시
2024-01-11,양파,특,1827000.0,1755.0,730000,경상북도 구미시,1153,경상북도 구미시
2020-09-18,양파,상,22400.0,20.0,390160,충북 제천시 강제동,1047,충청북도 제천시
2023-11-08,양파,상,207000.0,345.0,536830,전남 해남군 계곡면,1098,전라남도 해남군
2024-04-27,양파,보통,868000.0,1240.0,540850,전남 순천시 해룡면,1100,전라남도 순천시
2023-06-21,양파,특,245700.0,100.0,209806,강원 화천군 간동면 구만리,1002,강원도 화천군
2021-07-15,양파,특,287000.0,700.0,678000,경상남도 합천군,1140,경상남도 합천군
2018-05-15,양파,특,1620000.0,1350.0,565000,전라북도 완주군,1107,전라북도 완주군
2023-03-17,양파,특,2138500.0,2444.0,550050,전남 여수시 고소동,1105,전라남도 여수시
2025-04-28,양파,상,331700.0,240.0,390160,충북 제천시 강제동,1047,충청북도 제천시
2022-06-28,양파,특,34400.0,40.0,730811,경북 구미시 고아읍 관심리,1153,경상북도 구미시
2019-12-03,양파,특,7111800.0,10200.0,525860,전남 함평군 나산면,1090,전라남도 함평군
2018-07-27,양파,특,845000.0,975.0,534000,전라남도 무안군,1097,전라남도 무안군
2019-07-08,양파,특,45900.0,180.0,535000,전라남도 신안군,1096,전라남도 신안군
2023-03-25,양파,특,2587000.0,1950.0,330600,충남 천안시 동남구 천안우체국사서함,1026,충청남도 천안시
2019-11-13,양파,특,1668300.0,3220.0,678000,경상남도 합천군,1140,경상남도 합천군
2024-05-20,양파,특,11937000.0,11250.0,534800,전남 무안군 무안읍,1097,전라남도 무안군
2022-03-09,양파,특,700000.0,3960.0,770000,경상북도 영천시,1166,경상북도 영천시
2022-11-04,양파,특,1875000.0,1800.0,534000,전라남도 무안군,1097,전라남도 무안군
2024-05-02,양파,보통,117000.0,180.0,525805,전남 함평군 함평읍 만흥리,1090,전라남도 함평군
2024-10-24,양파,하,26260750.0,32640.0,534000,전라남도 무안군,1097,전라남도 무안군
2019-10-10,양파,특,231000.0,330.0,320003,충남 논산시 두마면 대전우편집중국,1022,충청남도 논산시
2019-08-24,양파,특,35350.0,50.0,200140,강원 춘천시 사농동,1001,강원도 춘천시
2020-05-26,양파,특,36360.0,45.0,200140,강원 춘천시 사농동,1001,강원도 춘천시
2020-10-14,양파,특,10757500.0,9750.0,534811,전남 무안군 몽탄면 구산리,1097,전라남도 무안군
2024-10-25,양파,특,25000.0,15.0,534729,전남 무안군 청계면 도림리 목포대학교 ,1097,전라남도 무안군
2024-11-27,양파,특,34000.0,20.0,630000,경상남도 창원시 마산회원구,1124,경상남도 창원시
2023-06-10,양파,특,18000.0,20.0,325920,충남 서천군 문산면,1025,충청남도 서천군
2018-06-04,양파,상,172200.0,820.0,525800,전남 함평군 함평읍,1090,전라남도 함평군
2019-02-23,양파,상,12000.0,96.0,534703,전남 무안군 청계면 상마리 목포기능대학 ,1097,전라남도 무안군
2025-05-02,양파,특,9703200.0,7320.0,800000,중국,1170,수입산
2022-05-12,양파,상,958500.0,1420.0,760802,경북 안동시 풍산읍 괴정리,1160,경상북도 안동시
2019-06-08,양파,하,315000.0,1000.0,534000,전라남도 무안군,1097,전라남도 무안군
2021-05-12,양파,특,3425300.0,6340.0,534000,전라남도 무안군,1097,전라남도 무안군
2021-06-29,양파,특,4533400.0,9105.0,621000,경상남도 김해시,1121,경상남도 김해시
2020-07-10,양파,특,2484700.0,4580.0,702270,대구 북구 매천동,1146,대구광역시
2023-06-13,양파,특,32075200.0,30585.0,534000,전라남도 무안군,1097,전라남도 무안군
2018-08-24,양파,하,12000.0,40.0,627600,경남 밀양시 밀양우체국사서함,1123,경상남도 밀양시
2023-09-25,양파,특,9856000.0,7350.0,536000,전라남도 해남군,1098,전라남도 해남군
2019-06-03,양파,특,147000.0,392.0,570600,전북 익산시 익산우체국사서함,1111,전라북도 익산시
2025-04-15,양파,보통,131650.0,100.0,580090,전북 정읍시 농소동,1116,전라북도 정읍시
2020-04-21,양파,특,244800.0,480.0,520810,전남 나주시 노안면,1089,전라남도 나주시
2019-06-25,양파,보통,37000.0,721.5,717000,경상북도 고령군,1150,경상북도 고령군
2021-06-21,양파,특,99000.0,225.0,456000,경기도 안성시,1067,경기도 안성시
2024-02-27,양파,특,4182000.0,3060.0,676000,경상남도 함양군,1139,경상남도 함양군
2024-01-03,양파,상,276000.0,460.0,635000,경상남도 창녕군,1126,경상남도 창녕군
2023-07-04,양파,특,1820000.0,2600.0,635000,경상남도 창녕군,1126,경상남도 창녕군
2021-04-09,양파,특,4565900.0,3240.0,525000,전라남도 함평군,1090,전라남도 함평군
2018-12-29,양파,상,3000000.0,4000.0,906000,광주광역시 ,1083,광주광역시
2019-05-07,양파,특,166550.0,153.0,200140,강원 춘천시 사농동,1001,강원도 춘천시
2021-12-08,양파,특,18600.0,45.0,570930,전북 익산시 여산면,1111,전라북도 익산시
2021-06-21,양파,특,3601300.0,7240.0,711000,대구광역시 달성군,1146,대구광역시
2023-07-04,양파,특,45000.0,30.0,565907,전북 완주군 봉동읍 장기리,1107,전라북도 완주군
2021-03-22,양파,특,5993000.0,3580.0,525805,전남 함평군 함평읍 만흥리,1090,전라남도 함평군
2018-08-01,양파,보통,1616000.0,2400.0,618807,부산 강서구 대저2동1001∼2507,1120,부산광역시
2018-12-10,양파,특,280000.0,800.0,336600,충남 아산시 아산우체국사서함,1027,충청남도 아산시
2018-09-14,양파,특,3238200.0,4560.0,525000,전라남도 함평군,1090,전라남도 함평군
2022-05-03,양파,상,6232900.0,7940.0,627000,경상남도 밀양시,1123,경상남도 밀양시
2022-01-19,양파,상,3172500.0,6750.0,534000,전라남도 무안군,1097,전라남도 무안군
2021-10-04,양파,상,399500.0,940.0,636000,경상남도 의령군,1127,경상남도 의령군
2019-07-13,양파,특,242000.0,880.0,636000,경상남도 의령군,1127,경상남도 의령군
2018-08-13,양파,특,4831400.0,6732.0,585000,전라북도 고창군,1115,전라북도 고창군
2024-06-14,양파,상,1831800.0,3840.0,561302,전북 전주시 덕진구 송천동2가,1106,전라북도 전주시
2021-03-25,양파,보통,281000.0,360.0,534729,전남 무안군 청계면 도림리 목포대학교 ,1097,전라남도 무안군
2023-04-13,양파,특,1215500.0,2040.0,690000,제주도 제주시,1142,제주특별자치도 제주시
2024-04-17,양파,상,1942900.0,1657.5,717000,경상북도 고령군,1150,경상북도 고령군
2023-01-18,양파,특,12187500.0,10125.0,534000,전라남도 무안군,1097,전라남도 무안군
2024-07-30,양파,특,900000.0,720.0,800000,수입산,1170,수입산
2018-06-22,양파,특,7663400.0,19440.0,902000,부산광역시 ,1120,부산광역시
2024-06-20,양파,특,29400.0,60.0,740010,경북 김천시 모암동,1154,경상북도 김천시
2019-09-11,양파,상,12000.0,80.0,570600,전북 익산시 익산우체국사서함,1111,전라북도 익산시
2022-02-21,양파,하,2448000.0,8160.0,585000,전라북도 고창군,1115,전라북도 고창군
2024-06-13,양파,상,337500.0,900.0,506402,광주 광산구 송치동,1083,광주광역시
2018-09-03,양파,보통,1472000.0,1600.0,635000,경상남도 창녕군,1126,경상남도 창녕군
2021-09-07,양파,특,807500.0,1020.0,534000,전라남도 무안군,1097,전라남도 무안군
2024-11-12,양파,특,630000.0,450.0,330600,충남 천안시 동남구 천안우체국사서함,1026,충청남도 천안시
2018-06-19,양파,특,256500.0,1140.0,520715,전남 나주시 산포면  농업기술원 ,1089,전라남도 나주시
2020-05-01,양파,상,132000.0,180.0,550600,전남 여수시 여수우체국사서함,1105,전라남도 여수시
2022-06-10,양파,특,1700400.0,2147.3,711000,대구광역시 달성군,1146,대구광역시
2019-08-03,양파,특,1356400.0,4060.0,590830,전북 남원시 운봉읍,1117,전라북도 남원시
2019-08-07,양파,특,300000.0,600.0,520833,전남 나주시 산포면 산제리,1089,전라남도 나주시
2024-01-23,양파,특,4620000.0,4200.0,745000,경상북도 문경시,1156,경상북도 문경시
2020-10-14,양파,특,54000.0,60.0,627894,경남 밀양시 하남읍 수산리  447∼1132,1123,경상남도 밀양시
2021-07-12,양파,특,8580000.0,11700.0,740920,경북 김천시 구성면,1154,경상북도 김천시
2023-07-08,양파,특,480000.0,960.0,565000,전라북도 완주군,1107,전라북도 완주군
2020-06-09,양파,특,4528000.0,9700.0,636000,경상남도 의령군,1127,경상남도 의령군
2022-05-11,양파,보통,311600.0,1640.0,534000,전라남도 무안군,1097,전라남도 무안군
2019-02-27,양파,특,22220.0,24.0,200140,강원 춘천시 사농동,1001,강원도 춘천시
2019-01-05,양파,특,21020500.0,28650.0,534000,전라남도 무안군,1097,전라남도 무안군
2021-07-30,양파,특,120000.0,200.0,636930,경남 의령군 유곡면,1127,경상남도 의령군
2023-11-24,양파,하,1300000.0,1000.0,711000,대구광역시 달성군,1146,대구광역시
2021-04-20,양파,보통,537400.0,1350.0,471080,경기 구리시 갈매동,1072,경기도 구리시
2020-03-14,양파,특,6798600.0,6080.0,678000,경상남도 합천군,1140,경상남도 합천군
2024-09-14,양파,보통,3766000.0,4080.0,636000,경상남도 의령군,1127,경상남도 의령군
2020-05-13,양파,특,975000.0,2925.0,534841,전남 무안군 현경면 가입리,1097,전라남도 무안군
2022-07-02,양파,상,442000.0,510.0,529000,전라남도 장흥군,1094,전라남도 장흥군
2019-04-15,양파,특,136000.0,120.0,678000,경상남도 합천군,1140,경상남도 합천군
2025-03-18,양파,특,48821250.0,27000.0,534000,전라남도 무안군,1097,전라남도 무안군
2021-09-01,양파,특,1950000.0,2250.0,526830,전남 영암군 도포면,1091,전라남도 영암군
2019-08-23,양파,보통,459600.0,1125.0,520934,전남 나주시 다시면 운봉리,1089,전라남도 나주시
2023-10-23,양파,특,23625000.0,20250.0,536842,전남 해남군 마산면 맹진리,1098,전라남도 해남군
2020-06-18,양파,보통,54000.0,285.0,561302,전북 전주시 덕진구 송천동2가,1106,전라북도 전주시
2020-04-07,양파,특,4420000.0,4620.0,534000,전라남도 무안군,1097,전라남도 무안군
2019-08-09,양파,하,576000.0,3240.0,513805,전남 영광군 영광읍 단주리,1084,전라남도 영광군
2018-11-06,양파,특,9800000.0,15600.0,769000,경상북도 의성군,1165,경상북도 의성군
2020-01-15,양파,상,6273000.0,6240.0,745150,경북 문경시 공평동,1156,경상북도 문경시
2022-01-10,양파,특,1895000.0,3000.0,626210,경남 양산시 교동,1122,경상남도 양산시
2025-01-17,양파,특,7717500.0,5625.0,525000,전라남도 함평군,1090,전라남도 함평군
2020-04-11,양파,특,892500.0,1020.0,690000,제주도 제주시,1142,제주특별자치도 제주시
2023-09-11,양파,특,11971400.0,9808.5,678000,경상남도 합천군,1140,경상남도 합천군
2019-01-09,양파,특,1040000.0,3200.0,637800,경남 함안군 가야읍,1128,경상남도 함안군
2020-07-23,양파,특,6120.0,2.0,138160,서울 송파구 가락동,1000,서울특별시
2022-05-03,양파,보통,1482100.0,1368.0,534000,전라남도 무안군,1097,전라남도 무안군
2021-04-24,양파,하,2822100.0,4140.0,534860,전남 무안군 운남면,1097,전라남도 무안군
2024-02-28,양파,특,2864400.0,3003.0,770000,경상북도 영천시,1166,경상북도 영천시
2023-03-16,양파,하,7335500.0,5100.0,580000,전라북도 정읍시,1116,전라북도 정읍시
2018-10-13,양파,특,7700000.0,9000.0,525800,전남 함평군 함평읍,1090,전라남도 함평군
2020-12-10,양파,특,356500.0,230.0,630000,경상남도 창원시 마산회원구,1124,경상남도 창원시
2020-06-19,양파,보통,120600.0,225.0,350000,충청남도 홍성군,1033,충청남도 홍성군
2023-04-17,양파,보통,5494000.0,3280.0,637000,경상남도 함안군,1128,경상남도 함안군
2019-10-28,양파,특,135000.0,165.0,764800,경북 영양군 영양읍,1162,경상북도 영양군
2022-10-11,양파,특,1000000.0,750.0,565907,전북 완주군 봉동읍 장기리,1107,전라북도 완주군
2021-02-18,양파,특,5712000.0,3360.0,800000,뉴질랜드,1170,수입산
2021-01-12,양파,보통,20328000.0,13200.0,525000,전라남도 함평군,1090,전라남도 함평군
2022-06-21,양파,상,903000.0,860.0,906000,광주광역시 ,1083,광주광역시
2024-04-27,양파,상,80000.0,100.0,950000,전라남도 ,1176,전라남도 
2018-05-26,양파,특,37667250.0,64044.0,534000,전라남도 무안군,1097,전라남도 무안군
2021-12-21,양파,특,3120000.0,2400.0,482000,경기도 양주시,1077,경기도 양주시
2018-08-22,양파,상,91000.0,195.0,637000,경상남도 함안군,1128,경상남도 함안군
2024-05-13,양파,상,1175000.0,940.0,548840,전남 고흥군 남양면,1104,전라남도 고흥군
2019-08-24,양파,보통,728000.0,2100.0,676891,경남 함양군 유림면 국계리,1139,경상남도 함양군
2019-05-25,양파,보통,168480.0,320.0,906000,광주광역시 ,1083,광주광역시
2024-04-08,양파,보통,1344000.0,960.0,534000,전라남도 무안군,1097,전라남도 무안군
2018-01-18,양파,특,2016000.0,2016.0,525800,전남 함평군 함평읍,1090,전라남도 함평군
2021-09-15,양파,특,5278500.0,6120.0,579000,전라북도 부안군,1114,전라북도 부안군
2020-11-23,양파,특,5600000.0,4200.0,745000,경상북도 문경시,1156,경상북도 문경시
2019-09-06,양파,상,24000.0,160.0,540850,전남 순천시 해룡면,1100,전라남도 순천시
2023-10-30,양파,하,1426700.0,2928.0,525000,전라남도 함평군,1090,전라남도 함평군
2021-02-01,양파,보통,759000.0,594.0,561302,전북 전주시 덕진구 송천동2가,1106,전라북도 전주시
2024-10-05,양파,특,735000.0,525.0,330600,충남 천안시 동남구 천안우체국사서함,1026,충청남도 천안시
2018-05-15,양파,보통,4777800.0,10040.0,534000,전라남도 무안군,1097,전라남도 무안군
2024-11-11,양파,특,4896000.0,6120.0,678000,경상남도 합천군,1140,경상남도 합천군
2021-03-02,양파,특,40000.0,10.0,570600,전북 익산시 익산우체국사서함,1111,전라북도 익산시
2024-05-27,양파,특,594000.0,540.0,546900,전남 보성군 벌교읍,1103,전라남도 보성군
2024-05-30,양파,특,1023600.0,1920.0,525805,전남 함평군 함평읍 만흥리,1090,전라남도 함평군
2022-01-28,양파,특,2568000.0,3840.0,579000,전라북도 부안군,1114,전라북도 부안군
2020-04-27,양파,하,32000.0,160.0,535840,전남 신안군 안좌면,1096,전라남도 신안군
2021-03-27,양파,특,70000.0,30.0,630000,경상남도 창원시 마산회원구,1124,경상남도 창원시
2021-07-20,양파,상,3300.0,15.0,360070,충북 청주시 상당구 금천동,1037,충청북도 청주시
2022-09-21,양파,하,1283500.0,1020.0,525000,전라남도 함평군,1090,전라남도 함평군
2021-05-24,양파,상,609600.0,1000.0,612810,부산 해운대구 반여1동1409∼1411,1120,부산광역시
2024-05-10,양파,특,14325000.0,10125.0,534000,전라남도 무안군,1097,전라남도 무안군
2018-03-30,양파,상,250000.0,250.0,745000,경상북도 문경시,1156,경상북도 문경시
2019-05-15,양파,특,427500.0,900.0,906000,광주광역시 ,1083,광주광역시
2025-04-26,양파,특,550000.0,275.0,330600,충남 천안시 동남구 천안우체국사서함,1026,충청남도 천안시
2021-05-27,양파,특,4490100.0,6415.5,711000,대구광역시 달성군,1146,대구광역시
2019-06-18,양파,보통,179800.0,1131.0,717000,경상북도 고령군,1150,경상북도 고령군
2024-11-01,양파,보통,5715200.0,8892.0,525000,전라남도 함평군,1090,전라남도 함평군
2020-05-25,양파,특,13876400.0,28880.0,536000,전라남도 해남군,1098,전라남도 해남군
2020-03-17,양파,특,120000.0,105.0,138160,서울 송파구 가락동,1000,서울특별시
2021-05-05,양파,특,450000.0,693.0,561302,전북 전주시 덕진구 송천동2가,1106,전라북도 전주시
2022-03-25,양파,하,595000.0,5100.0,536000,전라남도 해남군,1098,전라남도 해남군
2023-06-16,양파,특,612000.0,680.0,356000,충청남도 서산시,1035,충청남도 서산시
2023-04-19,양파,상,3027600.0,2640.0,990000,제주도 ,1180,제주도 
2024-12-31,양파,보통,2928000.0,1830.0,711000,대구광역시 달성군,1146,대구광역시
2020-05-02,양파,특,29485400.0,41532.0,534000,전라남도 무안군,1097,전라남도 무안군
2023-05-01,양파,상,7305000.0,7875.0,712840,경북 경산시 와촌면,1147,경상북도 경산시
2022-07-30,양파,특,16196200.0,18516.0,534000,전라남도 무안군,1097,전라남도 무안군
2019-04-23,양파,특,4305000.0,5250.0,548000,전라남도 고흥군,1104,전라남도 고흥군
2019-03-29,양파,특,10008000.0,14760.0,534000,전라남도 무안군,1097,전라남도 무안군
2020-03-30,양파,특,54650.0,6.0,138160,서울 송파구 가락동,1000,서울특별시
2020-04-16,양파,특,32000.0,60.0,138160,서울 송파구 가락동,1000,서울특별시
2018-07-20,양파,특,390000.0,600.0,716000,경상북도 군위군,1149,경상북도 군위군
2024-06-05,양파,하,14172000.0,12300.0,534000,전라남도 무안군,1097,전라남도 무안군
2020-08-31,양파,상,2450000.0,2250.0,482000,경기도 양주시,1077,경기도 양주시
2025-05-05,양파,특,3240000.0,1800.0,800000,중국,1170,수입산
2024-06-08,양파,상,449000.0,1040.0,570600,전북 익산시 익산우체국사서함,1111,전라북도 익산시
2025-03-29,양파,상,9910000.0,5100.0,745000,경상북도 문경시,1156,경상북도 문경시
2020-11-24,양파,특,5171400.0,4680.0,627000,경상남도 밀양시,1123,경상남도 밀양시
2018-07-19,양파,특,93000.0,100.0,635000,경상남도 창녕군,1126,경상남도 창녕군
2020-03-13,양파,특,180000.0,250.0,641111,경남 창원시 가음동,1124,경상남도 창원시
2020-08-10,양파,특,3450000.0,4500.0,800000,중국,1170,수입산
2023-07-21,양파,특,8600000.0,8000.0,730040,경북 구미시 형곡동,1153,경상북도 구미시
2019-06-13,양파,특,1090400.0,3480.0,636810,경남 의령군 화정면,1127,경상남도 의령군
2024-03-09,양파,특,210000.0,150.0,565863,전북 완주군 고산면 성재리,1107,전라북도 완주군
2023-06-16,양파,특,791700.0,1365.0,717000,경상북도 고령군,1150,경상북도 고령군
2020-03-25,양파,상,343900.0,724.0,550600,전남 여수시 여수우체국사서함,1105,전라남도 여수시
2018-03-31,양파,보통,72000.0,304.0,635943,경남 창녕군 대합면 모전리,1126,경상남도 창녕군
2020-08-18,양파,특,229900.0,228.0,534000,전라남도 무안군,1097,전라남도 무안군
2024-03-29,양파,특,1350000.0,540.0,711000,대구광역시 달성군,1146,대구광역시
2025-01-16,양파,특,13622000.0,9450.0,579000,전라북도 부안군,1114,전라북도 부안군
2019-05-01,양파,특,840000.0,1125.0,910000,경기도 ,1172,경기도 
2024-12-13,양파,상,3600000.0,3000.0,502152,광주 서구 벽진동,1083,광주광역시
2018-04-23,양파,보통,168000.0,450.0,695000,제주도 제주시,1142,제주특별자치도 제주시
2019-09-25,양파,상,1400000.0,4000.0,548701,전남 고흥군 도양읍  주공아파트 ,1104,전라남도 고흥군
2025-05-14,양파,특,825000.0,375.0,745000,경상북도 문경시,1156,경상북도 문경시
2022-07-15,양파,특,2872800.0,2160.0,717000,경상북도 고령군,1150,경상북도 고령군
2024-04-25,양파,특,4583300.0,3477.0,635800,경남 창녕군 창녕읍,1126,경상남도 창녕군
2018-06-02,양파,상,240000.0,1380.0,534814,전남 무안군 몽탄면 당호리,1097,전라남도 무안군
2024-07-04,양파,하,18000.0,80.0,730040,경북 구미시 형곡동,1153,경상북도 구미시
2020-04-13,양파,보통,697500.0,1800.0,585802,전북 고창군 고창읍 내동리,1115,전라북도 고창군
2024-12-03,양파,특,5256000.0,4320.0,565805,전북 완주군 삼례읍 어전리,1107,전라북도 완주군
2020-11-26,양파,특,10556000.0,8400.0,534840,전남 무안군 현경면,1097,전라남도 무안군
2019-06-20,양파,상,25200.0,140.0,513000,전라남도 영광군,1084,전라남도 영광군
2021-08-26,양파,특,21940500.0,24975.0,534000,전라남도 무안군,1097,전라남도 무안군
2024-06-29,양파,특,39000.0,30.0,630000,경상남도 창원시 마산회원구,1124,경상남도 창원시
2023-06-06,양파,보통,24000.0,80.0,502151,광주 서구 서창동,1083,광주광역시
2022-06-13,양파,상,400000.0,810.0,561302,전북 전주시 덕진구 송천동2가,1106,전라북도 전주시
2019-05-09,양파,하,1281000.0,3568.5,548000,전라남도 고흥군,1104,전라남도 고흥군
2019-12-04,양파,특,410000.0,1000.0,536000,전라남도 해남군,1098,전라남도 해남군
2018-01-09,양파,보통,3550000.0,4000.0,635000,경상남도 창녕군,1126,경상남도 창녕군
2022-06-22,양파,보통,336000.0,420.0,676800,경남 함양군 함양읍,1139,경상남도 함양군
2022-03-02,양파,특,9650.0,12.0,200140,강원 춘천시 사농동,1001,강원도 춘천시
2021-01-21,양파,보통,216000.0,162.0,561302,전북 전주시 덕진구 송천동2가,1106,전라북도 전주시
2020-12-30,양파,하,7327800.0,6210.0,534841,전남 무안군 현경면 가입리,1097,전라남도 무안군
2021-03-10,양파,특,3272500.0,2040.0,534000,전라남도 무안군,1097,전라남도 무안군
2020-11-19,양파,특,2422000.0,2076.0,740000,경상북도 김천시,1154,경상북도 김천시
2023-06-03,양파,상,155000.0,200.0,950000,전라남도 ,1176,전라남도 
2018-09-29,양파,상,263000.0,600.0,716820,경북 군위군 효령면,1149,경상북도 군위군
2018-10-27,양파,특,8609800.0,17940.0,678000,경상남도 합천군,1140,경상남도 합천군
2025-04-18,양파,특,2678400.0,2160.0,556810,전남 여수시 소라면,1105,전라남도 여수시
2020-01-03,양파,특,2803000.0,4060.0,635812,경남 창녕군 유어면 광산리,1126,경상남도 창녕군
2019-04-24,양파,하,795000.0,3000.0,525000,전라남도 함평군,1090,전라남도 함평군
2022-01-12,양파,상,1023000.0,2200.0,636964,경남 의령군 부림면 신반리,1127,경상남도 의령군
2021-01-04,양파,특,3330000.0,2700.0,565907,전북 완주군 봉동읍 장기리,1107,전라북도 완주군
2021-11-16,양파,하,246400.0,480.0,525000,전라남도 함평군,1090,전라남도 함평군
2020-07-17,양파,상,62000.0,100.0,769980,경북 의성군 안사면,1165,경상북도 의성군
2021-06-14,양파,특,6873750.0,10725.0,666000,경상남도 산청군,1135,경상남도 산청군
2021-06-14,양파,보통,60000.0,80.0,635000,경상남도 창녕군,1126,경상남도 창녕군
2023-04-27,양파,특,5050.0,3.0,200140,강원 춘천시 사농동,1001,강원도 춘천시
2022-04-22,양파,특,2786200.0,5040.0,902000,부산광역시 ,1120,부산광역시
2018-07-16,양파,보통,21000.0,120.0,645000,경상남도 진해시,1130,경상남도 진해시
2024-03-22,양파,상,2630000.0,1800.0,690600,제주 제주시 제주우체국사서함,1142,제주특별자치도 제주시
2024-04-22,양파,특,615600.0,1140.0,548000,전라남도 고흥군,1104,전라남도 고흥군
2020-06-30,양파,보통,1252800.0,2160.0,635000,경상남도 창녕군,1126,경상남도 창녕군
2020-02-21,양파,하,3195700.0,2805.0,534841,전남 무안군 현경면 가입리,1097,전라남도 무안군
2024-05-03,양파,특,115000.0,75.0,901000,서울특별시 ,1000,서울특별시
2022-04-23,양파,보통,1380000.0,2250.0,990000,제주도 ,1180,제주도 
2024-10-21,양파,상,510000.0,600.0,730010,경북 구미시 원평동,1153,경상북도 구미시
2018-12-19,양파,특,189000.0,270.0,621150,경남 김해시 화목동,1121,경상남도 김해시
2023-12-09,양파,특,1208300.0,860.0,579000,전라북도 부안군,1114,전라북도 부안군
2024-12-04,양파,하,5279600.0,6030.0,534000,전라남도 무안군,1097,전라남도 무안군
2019-01-15,양파,상,96000.0,960.0,660600,경남 진주시 진주우체국사서함,1133,경상남도 진주시
2019-09-04,양파,특,55000.0,40.0,570130,전북 익산시 목천동,1111,전라북도 익산시
2018-04-18,양파,특,615000.0,4800.0,716000,경상북도 군위군,1149,경상북도 군위군
2023-09-07,양파,하,5673750.0,6120.0,526000,전라남도 영암군,1091,전라남도 영암군
2018-08-30,양파,특,3974500.0,10380.0,534841,전남 무안군 현경면 가입리,1097,전라남도 무안군
2018-09-10,양파,특,3587000.0,6120.0,534843,전남 무안군 현경면 양학리,1097,전라남도 무안군
2023-06-21,양파,특,1247000.0,1160.0,630850,경남 마산시 내서읍,1125,경상남도 마산시
2023-08-19,양파,하,14628500.0,17340.0,534000,전라남도 무안군,1097,전라남도 무안군
2019-06-17,양파,특,312750.0,130.0,200140,강원 춘천시 사농동,1001,강원도 춘천시
2018-12-15,양파,특,1566000.0,4320.0,770000,경상북도 영천시,1166,경상북도 영천시
2019-11-18,양파,특,138500.0,90.0,570600,전북 익산시 익산우체국사서함,1111,전라북도 익산시
2018-09-11,양파,상,7042000.0,12600.0,676820,경남 함양군 안의면,1139,경상남도 함양군
2019-01-08,양파,상,1345400.0,4340.0,678000,경상남도 합천군,1140,경상남도 합천군
2018-09-29,양파,특,3119500.0,10200.0,525000,전라남도 함평군,1090,전라남도 함평군
2023-02-17,양파,특,7420500.0,5100.0,580000,전라북도 정읍시,1116,전라북도 정읍시
2020-10-05,양파,보통,333200.0,300.0,410340,경기 고양시 일산동구 산황동,1050,경기도 고양시
2022-05-07,양파,특,3255000.0,7875.0,690600,제주 제주시 제주우체국사서함,1142,제주특별자치도 제주시
2020-07-31,양파,특,175000.0,200.0,356000,충청남도 서산시,1035,충청남도 서산시
2018-05-23,양파,보통,54600.0,340.0,635900,경남 창녕군 남지읍,1126,경상남도 창녕군
2020-05-14,양파,하,120000.0,200.0,526000,전라남도 영암군,1091,전라남도 영암군
2018-07-10,양파,특,810000.0,720.0,525000,전라남도 함평군,1090,전라남도 함평군
2023-05-22,양파,특,1953600.0,1760.0,534000,전라남도 무안군,1097,전라남도 무안군
2024-08-06,양파,특,50400.0,90.0,350000,충청남도 홍성군,1033,충청남도 홍성군
2024-04-20,양파,하,264000.0,1020.0,535807,전남 신안군 지도읍 자동리,1096,전라남도 신안군
2024-11-25,양파,특,774000.0,600.0,630850,경남 마산시 내서읍,1125,경상남도 마산시
2023-07-28,양파,상,221000.0,340.0,520820,전남 나주시 금천면,1089,전라남도 나주시
2019-03-21,양파,상,64000.0,320.0,670000,경상남도 거창군,1138,경상남도 거창군
2021-07-08,양파,상,158600.0,260.0,635920,경남 창녕군 계성면,1126,경상남도 창녕군
2019-04-17,양파,특,9900000.0,9000.0,800000,중국,1170,수입산
2024-05-22,양파,보통,158400.0,440.0,534850,전남 무안군 망운면,1097,전라남도 무안군
2022-08-02,양파,보통,1500000.0,1125.0,565000,전라북도 완주군,1107,전라북도 완주군
2019-06-10,양파,특,277200.0,840.0,561821,전북 전주시 덕진구 송천동2가401∼599,1106,전라북도 전주시
2025-04-30,양파,특,1470000.0,1050.0,800000,중국,1170,수입산
2019-04-26,양파,특,3811000.0,6440.0,535807,전남 신안군 지도읍 자동리,1096,전라남도 신안군
2022-11-07,양파,특,1222000.0,820.0,621150,경남 김해시 화목동,1121,경상남도 김해시
2022-06-01,양파,특,1137500.0,975.0,565900,전북 완주군 봉동읍,1107,전라북도 완주군
2020-01-29,양파,하,18303950.0,20244.0,525000,전라남도 함평군,1090,전라남도 함평군
2022-03-22,양파,특,473000.0,610.0,630000,경상남도 창원시 마산회원구,1124,경상남도 창원시
2018-08-30,양파,하,1071000.0,3060.0,635000,경상남도 창녕군,1126,경상남도 창녕군
2025-03-31,양파,상,604400.0,1205.0,550600,전남 여수시 여수우체국사서함,1105,전라남도 여수시
2020-07-27,양파,특,550000.0,500.0,525000,전라남도 함평군,1090,전라남도 함평군
2021-07-29,양파,하,975800.0,1968.0,471080,경기 구리시 갈매동,1072,경기도 구리시
2018-02-23,양파,특,1768000.0,1950.0,579000,전라북도 부안군,1114,전라북도 부안군
2024-08-29,양파,상,15200.0,15.0,561302,전북 전주시 덕진구 송천동2가,1106,전라북도 전주시
2019-10-16,양파,특,249000.0,600.0,529804,전남 장흥군 장흥읍 교촌리,1094,전라남도 장흥군
2019-02-11,양파,하,7074300.0,12285.0,471080,경기 구리시 갈매동,1072,경기도 구리시
2022-12-20,양파,특,153000.0,90.0,471080,경기 구리시 갈매동,1072,경기도 구리시
2024-01-10,양파,특,886400.0,640.0,666940,경남 산청군 단성면,1135,경상남도 산청군
2020-06-11,양파,상,63000.0,240.0,635882,경남 창녕군 길곡면 오호리,1126,경상남도 창녕군
2019-09-09,양파,특,8400000.0,21000.0,711000,대구광역시 달성군,1146,대구광역시
2024-01-15,양파,하,9894000.0,10200.0,716000,경상북도 군위군,1149,경상북도 군위군
2022-07-28,양파,특,208000.0,160.0,760000,경상북도 안동시,1160,경상북도 안동시
2020-05-22,양파,특,3024000.0,4320.0,711890,대구 달성군 구지면,1146,대구광역시
2021-05-10,양파,특,100500.0,180.0,534000,전라남도 무안군,1097,전라남도 무안군
2021-01-25,양파,보통,15056900.0,9345.0,535000,전라남도 신안군,1096,전라남도 신안군
2018-06-04,양파,상,952500.0,3500.0,477000,경기도 가평군,1075,경기도 가평군
2023-03-11,양파,특,10592200.0,6540.0,534000,전라남도 무안군,1097,전라남도 무안군
2020-11-30,양파,하,32000.0,40.0,526000,전라남도 영암군,1091,전라남도 영암군
2024-03-19,양파,특,60637600.0,44535.0,800000,중국,1170,수입산
2023-07-19,양파,특,21537500.0,16365.0,534000,전라남도 무안군,1097,전라남도 무안군
2024-04-06,양파,특,867000.0,1020.0,585000,전라북도 고창군,1115,전라북도 고창군
2020-04-29,양파,상,638400.0,960.0,516000,전라남도 곡성군,1086,전라남도 곡성군
2023-02-20,양파,보통,137000.0,165.0,356000,충청남도 서산시,1035,충청남도 서산시
2021-04-06,양파,특,588000.0,525.0,699932,제주 서귀포시 대정읍 동일리,1144,제주특별자치도 서귀포시
2019-01-17,양파,특,186000.0,589.0,630850,경남 마산시 내서읍,1125,경상남도 마산시
2024-04-11,양파,보통,827200.0,2370.0,548000,전라남도 고흥군,1104,전라남도 고흥군
2023-05-15,양파,보통,16125000.0,15750.0,770000,경상북도 영천시,1166,경상북도 영천시
2019-02-26,양파,특,1610000.0,2100.0,745000,경상북도 문경시,1156,경상북도 문경시
2023-09-12,양파,특,8451200.0,5280.0,534000,전라남도 무안군,1097,전라남도 무안군
2020-06-05,양파,특,21910.0,30.0,471080,경기 구리시 갈매동,1072,경기도 구리시
2019-05-25,양파,보통,3000.0,20.0,534000,전라남도 무안군,1097,전라남도 무안군
2019-08-05,양파,특,1086500.0,3222.0,561302,전북 전주시 덕진구 송천동2가,1106,전라북도 전주시
2019-08-07,양파,특,2714000.0,8040.0,320830,충남 논산시 연무읍,1022,충청남도 논산시
2018-06-16,양파,특,3244500.0,4635.0,356600,충남 서산시 서산우체국사서함,1035,충청남도 서산시
2023-12-18,양파,보통,240000.0,120.0,770010,경북 영천시 창구동,1166,경상북도 영천시
2024-07-26,양파,보통,3265900.0,8340.0,525000,전라남도 함평군,1090,전라남도 함평군
2021-07-13,양파,상,98000.0,210.0,314835,충남 공주시 계룡면 월암리,1021,충청남도 공주시
2019-10-14,양파,상,959000.0,2740.0,536890,전남 해남군 화산면,1098,전라남도 해남군
2022-06-04,양파,특,4993500.0,6320.0,534000,전라남도 무안군,1097,전라남도 무안군
2019-03-16,양파,특,1403600.0,1384.0,534804,전남 무안군 무안읍 성동리,1097,전라남도 무안군
2022-06-21,양파,상,12000.0,40.0,534804,전남 무안군 무안읍 성동리,1097,전라남도 무안군
2023-05-23,양파,상,3477000.0,3660.0,525000,전라남도 함평군,1090,전라남도 함평군
2022-06-30,양파,상,5981500.0,4800.0,902000,부산광역시 ,1120,부산광역시
2019-11-27,양파,특,4888800.0,8640.0,356000,충청남도 서산시,1035,충청남도 서산시
2020-05-07,양파,특,9298700.0,13680.0,534804,전남 무안군 무안읍 성동리,1097,전라남도 무안군
2021-04-13,양파,특,10683000.0,12150.0,690000,제주도 제주시,1142,제주특별자치도 제주시
2019-09-05,양파,특,300000.0,330.0,565000,전라북도 완주군,1107,전라북도 완주군
2019-08-12,양파,특,7098000.0,14000.0,676800,경남 함양군 함양읍,1139,경상남도 함양군
2020-07-10,양파,특,607500.0,1000.0,780410,경북 경주시 마동,1167,경상북도 경주시
2023-04-14,양파,특,1585000.0,1540.0,500120,광주 북구 각화동,1083,광주광역시
2019-06-20,양파,특,1976300.0,7195.5,678000,경상남도 합천군,1140,경상남도 합천군
2019-11-19,양파,특,37800.0,18.0,570600,전북 익산시 익산우체국사서함,1111,전라북도 익산시
2023-05-19,양파,상,663000.0,680.0,525800,전남 함평군 함평읍,1090,전라남도 함평군
2021-01-14,양파,상,2030000.0,1050.0,534870,전남 무안군 해제면,1097,전라남도 무안군
2019-06-18,양파,하,1022400.0,2556.0,534000,전라남도 무안군,1097,전라남도 무안군
2020-05-01,양파,보통,429000.0,780.0,627910,경남 밀양시 상남면,1123,경상남도 밀양시
2020-01-15,양파,보통,1755000.0,1911.0,711000,대구광역시 달성군,1146,대구광역시
2018-03-08,양파,특,340600.0,917.0,716810,경북 군위군 소보면,1149,경상북도 군위군
2022-07-08,양파,보통,244500.0,300.0,769000,경상북도 의성군,1165,경상북도 의성군
2019-03-08,양파,특,1530000.0,3060.0,570130,전북 익산시 목천동,1111,전라북도 익산시
2020-08-10,양파,특,1755000.0,2600.0,635000,경상남도 창녕군,1126,경상남도 창녕군
2023-05-12,양파,특,10099200.0,10520.0,536000,전라남도 해남군,1098,전라남도 해남군
2024-07-18,양파,보통,950000.0,1000.0,635000,경상남도 창녕군,1126,경상남도 창녕군
2022-08-10,양파,특,1200000.0,1125.0,534000,전라남도 무안군,1097,전라남도 무안군
2023-08-22,양파,특,2910000.0,2250.0,534000,전라남도 무안군,1097,전라남도 무안군
2022-05-03,양파,보통,259000.0,1050.0,990000,제주도 ,1180,제주도 
2021-08-13,양파,상,3106500.0,7820.0,635800,경남 창녕군 창녕읍,1126,경상남도 창녕군
2021-06-02,양파,하,104000.0,316.8,717000,경상북도 고령군,1150,경상북도 고령군
2020-02-12,양파,상,21000.0,20.0,500010,광주 북구 임동,1083,광주광역시
2018-05-31,양파,특,22317600.0,51144.0,534000,전라남도 무안군,1097,전라남도 무안군
2018-04-02,양파,보통,2000.0,19.0,635700,경남 창녕군 창녕읍  창녕군청 ,1126,경상남도 창녕군
2020-12-10,양파,상,3450000.0,2700.0,520833,전남 나주시 산포면 산제리,1089,전라남도 나주시
2020-06-24,양파,특,615000.0,1000.0,636000,경상남도 의령군,1127,경상남도 의령군
2022-06-17,양파,특,1477400.0,1780.0,376000,충청북도 보은군,1045,충청북도 보은군
2019-05-04,양파,보통,105000.0,300.0,534000,전라남도 무안군,1097,전라남도 무안군
2025-05-02,양파,보통,50000.0,100.0,656834,경남 거제시 장목면 매동리,1132,경상남도 거제시
2019-03-29,양파,특,318000.0,1060.0,556821,전남 여수시 화양면 감도리,1105,전라남도 여수시
2019-07-25,양파,하,14400.0,480.0,534000,전라남도 무안군,1097,전라남도 무안군
2025-01-16,양파,특,1560000.0,1125.0,901000,서울특별시 ,1000,서울특별시
2022-01-07,양파,특,173600.0,279.0,730811,경북 구미시 고아읍 관심리,1153,경상북도 구미시
2019-06-18,양파,특,81000.0,270.0,314830,충남 공주시 계룡면,1021,충청남도 공주시
2018-04-23,양파,보통,54000.0,360.0,678810,경남 합천군 율곡면,1140,경상남도 합천군
2018-04-13,양파,특,4088000.0,5760.0,526000,전라남도 영암군,1091,전라남도 영암군
2021-05-27,양파,특,7851000.0,15400.0,676820,경남 함양군 안의면,1139,경상남도 함양군
2023-08-17,양파,특,2640000.0,1440.0,534000,전라남도 무안군,1097,전라남도 무안군
2025-04-02,양파,보통,21775000.0,21450.0,800000,중국,1170,수입산
2020-12-11,양파,특,292500.0,300.0,626210,경남 양산시 교동,1122,경상남도 양산시
2023-06-21,양파,보통,2800000.0,3000.0,635000,경상남도 창녕군,1126,경상남도 창녕군
2021-04-19,양파,특,1979000.0,3180.0,500120,광주 북구 각화동,1083,광주광역시
2019-04-11,양파,상,126000.0,140.0,641600,경남 창원시 창원우체국사서함,1124,경상남도 창원시
2022-06-08,양파,특,329600.0,384.0,534000,전라남도 무안군,1097,전라남도 무안군
2018-07-16,양파,특,945000.0,1080.0,513000,전라남도 영광군,1084,전라남도 영광군
2018-11-01,양파,보통,1800000.0,3000.0,600000,부산광역시 부산 중구,1120,부산광역시
2018-05-14,양파,보통,160000.0,800.0,635000,경상남도 창녕군,1126,경상남도 창녕군
2020-08-11,양파,상,226700.0,440.0,750010,경북 영주시 영주동,1157,경상북도 영주시
2024-04-29,양파,보통,5980600.0,8014.5,534000,전라남도 무안군,1097,전라남도 무안군
2020-04-07,양파,하,147200.0,690.0,990000,제주도 ,1180,제주도 
2022-03-11,양파,특,5050.0,5.0,200140,강원 춘천시 사농동,1001,강원도 춘천시
2022-05-11,양파,상,600000.0,1500.0,690600,제주 제주시 제주우체국사서함,1142,제주특별자치도 제주시
2021-08-02,양파,상,808000.0,2660.0,717000,경상북도 고령군,1150,경상북도 고령군
2024-07-05,양파,특,6573000.0,10500.0,536000,전라남도 해남군,1098,전라남도 해남군
2023-03-24,양파,특,130000.0,50.0,901000,서울특별시 ,1000,서울특별시
2024-02-15,양파,특,9457000.0,7350.0,740000,경상북도 김천시,1154,경상북도 김천시
2021-05-25,양파,특,862500.0,1380.0,548850,전남 고흥군 동강면,1104,전라남도 고흥군
2020-05-22,양파,보통,210000.0,630.0,550600,전남 여수시 여수우체국사서함,1105,전라남도 여수시
2018-12-24,양파,특,4672000.0,7680.0,730000,경상북도 구미시,1153,경상북도 구미시
2021-02-05,양파,특,1479800.0,980.0,718813,경북 칠곡군 약목면 교리,1151,경상북도 칠곡군
2022-11-28,양파,특,180000.0,100.0,534729,전남 무안군 청계면 도림리 목포대학교 ,1097,전라남도 무안군
2023-03-15,양파,특,190890.0,105.0,200140,강원 춘천시 사농동,1001,강원도 춘천시
2021-11-19,양파,보통,2047500.0,2925.0,635000,경상남도 창녕군,1126,경상남도 창녕군
2023-06-16,양파,특,2187500.0,2500.0,500120,광주 북구 각화동,1083,광주광역시
2020-11-02,양파,보통,39500.0,200.0,906000,광주광역시 ,1083,광주광역시
2019-05-23,양파,상,3857600.0,6960.0,676881,경남 함양군 휴천면 금반리,1139,경상남도 함양군
2021-01-23,양파,특,125500.0,75.0,456840,경기 안성시 미양면,1067,경기도 안성시
2023-01-05,양파,특,2160000.0,1920.0,717000,경상북도 고령군,1150,경상북도 고령군
2022-06-02,양파,특,58683150.0,51150.0,534000,전라남도 무안군,1097,전라남도 무안군
2018-03-28,양파,특,750000.0,600.0,570130,전북 익산시 목천동,1111,전라북도 익산시
2019-01-03,양파,특,215000.0,300.0,390011,충북 제천시 중앙로1가,1047,충청북도 제천시
2020-04-14,양파,특,4760000.0,5600.0,585802,전북 고창군 고창읍 내동리,1115,전라북도 고창군
2023-10-30,양파,특,4200000.0,4500.0,800000,중국,1170,수입산
2022-12-14,양파,상,240000.0,200.0,534729,전남 무안군 청계면 도림리 목포대학교 ,1097,전라남도 무안군
2021-06-21,양파,특,684000.0,1140.0,320600,충남 논산시 논산우체국사서함,1022,충청남도 논산시
2018-02-21,양파,특,744300.0,720.0,730010,경북 구미시 원평동,1153,경상북도 구미시
2022-06-28,양파,하,1628000.0,1110.0,534841,전남 무안군 현경면 가입리,1097,전라남도 무안군
2025-04-24,양파,하,10000.0,21.0,678000,경상남도 합천군,1140,경상남도 합천군
2021-07-10,양파,특,4138200.0,6340.0,717000,경상북도 고령군,1150,경상북도 고령군
2023-04-20,양파,상,12174000.0,12640.0,548800,전남 고흥군 고흥읍,1104,전라남도 고흥군
2024-05-23,양파,보통,85000.0,50.0,637708,경남 함안군 칠원면 오곡리 광려천메트로자이 101∼122동,1128,경상남도 함안군
2023-09-05,양파,특,54600.0,30.0,200140,강원 춘천시 사농동,1001,강원도 춘천시
2020-05-20,양파,상,4672000.0,4040.0,529000,전라남도 장흥군,1094,전라남도 장흥군
2019-03-04,양파,특,4500000.0,15000.0,714701,경북 청도군 화양읍  청도군청 ,1148,경상북도 청도군
2021-07-13,양파,상,1190000.0,2023.0,621010,경남 김해시 부원동,1121,경상남도 김해시
2018-12-18,양파,특,264000.0,1020.0,520833,전남 나주시 산포면 산제리,1089,전라남도 나주시
2019-02-12,양파,특,2396000.0,4000.0,534000,전라남도 무안군,1097,전라남도 무안군
2023-09-23,양파,특,2393500.0,1548.0,350000,충청남도 홍성군,1033,충청남도 홍성군
2018-07-30,양파,하,400000.0,2000.0,678000,경상남도 합천군,1140,경상남도 합천군
2021-05-18,양파,하,364000.0,1040.0,730870,경북 구미시 해평면,1153,경상북도 구미시
2018-03-09,양파,특,236340.0,130.0,200140,강원 춘천시 사농동,1001,강원도 춘천시
2019-02-18,양파,상,560000.0,1050.0,456931,경기 안성시 양성면 구장리,1067,경기도 안성시
2018-08-25,양파,특,7102500.0,7875.0,535000,전라남도 신안군,1096,전라남도 신안군
2019-01-24,양파,특,360000.0,800.0,621150,경남 김해시 화목동,1121,경상남도 김해시
2018-05-21,양파,특,3233400.0,6340.0,534840,전남 무안군 현경면,1097,전라남도 무안군
2018-12-24,양파,특,1270000.0,2540.0,534804,전남 무안군 무안읍 성동리,1097,전라남도 무안군
2025-03-29,양파,특,3597500.0,2100.0,556822,전남 여수시 화양면 서촌리,1105,전라남도 여수시
2018-06-07,양파,특,926500.0,1020.0,534000,전라남도 무안군,1097,전라남도 무안군
2023-08-10,양파,특,1556400.0,2316.0,534000,전라남도 무안군,1097,전라남도 무안군
2022-03-23,양파,하,71500.0,975.0,565000,전라북도 완주군,1107,전라북도 완주군
2018-03-05,양파,하,3170500.0,5100.0,906000,광주광역시 ,1083,광주광역시
2020-06-27,양파,보통,3381000.0,5880.0,570000,전라북도 익산시,1111,전라북도 익산시
2019-08-30,양파,상,3096000.0,6880.0,678000,경상남도 합천군,1140,경상남도 합천군
2021-12-24,양파,특,22000000.0,39600.0,678000,경상남도 합천군,1140,경상남도 합천군
2020-11-20,양파,상,36000.0,20.0,138000,서울특별시 송파구,1000,서울특별시
2019-06-03,양파,특,1584400.0,4160.0,536860,전남 해남군 황산면,1098,전라남도 해남군
2024-09-07,양파,하,1368500.0,3060.0,526000,전라남도 영암군,1091,전라남도 영암군
2023-06-13,양파,특,948400.0,1120.0,740010,경북 김천시 모암동,1154,경상북도 김천시
2018-01-16,양파,특,149100.0,140.0,502151,광주 서구 서창동,1083,광주광역시
2021-07-09,양파,보통,1040000.0,1600.0,760600,경북 안동시 안동우체국사서함,1160,경상북도 안동시
2025-04-11,양파,특,11544000.0,7410.0,585000,전라북도 고창군,1115,전라북도 고창군
2021-07-22,양파,특,754000.0,1160.0,769000,경상북도 의성군,1165,경상북도 의성군
2019-12-11,양파,상,3850000.0,5250.0,970000,경상남도 ,1178,경상남도 
2021-09-24,양파,특,170000.0,150.0,630000,경상남도 창원시 마산회원구,1124,경상남도 창원시
2018-02-12,양파,특,1003000.0,1062.0,570600,전북 익산시 익산우체국사서함,1111,전라북도 익산시
2025-01-21,양파,상,14000.0,40.0,711870,대구 달성군 현풍면,1146,대구광역시
2018-01-16,양파,특,1066000.0,984.0,138000,서울특별시 송파구,1000,서울특별시
2020-12-28,양파,하,6715000.0,4080.0,676000,경상남도 함양군,1139,경상남도 함양군
2023-09-08,양파,하,2964000.0,2925.0,565000,전라북도 완주군,1107,전라북도 완주군
2024-07-22,양파,보통,656400.0,660.0,714000,경상북도 청도군,1148,경상북도 청도군
2024-03-23,양파,특,12000000.0,7500.0,800000,중국,1170,수입산
2018-02-23,양파,특,4918600.0,8928.0,535000,전라남도 신안군,1096,전라남도 신안군
2020-07-25,양파,상,552000.0,720.0,356890,충남 서산시 부석면,1035,충청남도 서산시
2018-01-15,양파,상,2275000.0,2600.0,635800,경남 창녕군 창녕읍,1126,경상남도 창녕군
2025-03-31,양파,특,1210000.0,1200.0,534000,전라남도 무안군,1097,전라남도 무안군
2021-05-10,양파,보통,675000.0,1125.0,570130,전북 익산시 목천동,1111,전라북도 익산시
2024-06-17,양파,보통,98000.0,480.0,525805,전남 함평군 함평읍 만흥리,1090,전라남도 함평군
2024-04-16,양파,하,4881600.0,5400.0,697000,제주도 서귀포시,1144,제주특별자치도 서귀포시
2018-01-09,양파,상,46500.0,60.0,769000,경상북도 의성군,1165,경상북도 의성군
2023-06-08,양파,특,22500.0,20.0,627834,경남 밀양시 산내면 송백리,1123,경상남도 밀양시
2023-08-18,양파,특,28421700.0,26010.0,525000,전라남도 함평군,1090,전라남도 함평군
2022-08-13,양파,특,3800000.0,3000.0,800000,중국,1170,수입산
2024-12-23,양파,보통,13285700.0,13300.0,635000,경상남도 창녕군,1126,경상남도 창녕군
2021-12-23,양파,특,5759000.0,9750.0,525000,전라남도 함평군,1090,전라남도 함평군
2020-08-19,양파,특,7380500.0,7860.0,534000,전라남도 무안군,1097,전라남도 무안군
2022-02-26,양파,하,414400.0,1110.0,534841,전남 무안군 현경면 가입리,1097,전라남도 무안군
2022-04-18,양파,특,469200.0,2040.0,635000,경상남도 창녕군,1126,경상남도 창녕군
2019-05-20,양파,보통,2940000.0,5400.0,600000,부산광역시 부산 중구,1120,부산광역시
2024-07-04,양파,특,763560.0,220.0,200140,강원 춘천시 사농동,1001,강원도 춘천시
2020-06-23,양파,상,78000.0,260.0,612810,부산 해운대구 반여1동1409∼1411,1120,부산광역시
2020-01-08,양파,특,2677500.0,3060.0,676000,경상남도 함양군,1139,경상남도 함양군
2021-03-15,양파,특,10415000.0,9450.0,534000,전라남도 무안군,1097,전라남도 무안군
2023-07-25,양파,특,2220000.0,1800.0,901000,서울특별시 ,1000,서울특별시
2018-09-04,양파,상,2600000.0,4875.0,676800,경남 함양군 함양읍,1139,경상남도 함양군
2022-02-15,양파,상,1292000.0,3400.0,770810,경북 영천시 신녕면,1166,경상북도 영천시
2021-12-02,양파,특,7070.0,5.0,200140,강원 춘천시 사농동,1001,강원도 춘천시
2018-07-17,양파,하,28700.0,84.0,525000,전라남도 함평군,1090,전라남도 함평군
2018-09-01,양파,특,1079500.0,1020.0,534000,전라남도 무안군,1097,전라남도 무안군
2023-01-19,양파,보통,3800000.0,3750.0,800000,중국,1170,수입산
2023-07-24,양파,상,1344000.0,1920.0,678000,경상남도 합천군,1140,경상남도 합천군
2021-05-31,양파,상,604000.0,940.0,548810,전남 고흥군 점암면,1104,전라남도 고흥군
2024-03-15,양파,상,5000000.0,3900.0,769000,경상북도 의성군,1165,경상북도 의성군
2018-03-21,양파,상,1275000.0,2850.0,678850,경남 합천군 청덕면,1140,경상남도 합천군
2021-11-20,양파,특,12740000.0,15750.0,770000,경상북도 영천시,1166,경상북도 영천시
2022-06-03,양파,특,55000.0,132.0,534000,전라남도 무안군,1097,전라남도 무안군
2020-08-13,양파,하,13726050.0,13056.0,534000,전라남도 무안군,1097,전라남도 무안군
2019-04-25,양파,보통,399000.0,1050.0,690000,제주도 제주시,1142,제주특별자치도 제주시
2019-06-05,양파,하,249600.0,640.0,631861,경남 마산시 완월동1∼200,1125,경상남도 마산시
2021-12-09,양파,특,994000.0,1420.0,635000,경상남도 창녕군,1126,경상남도 창녕군
2021-07-02,양파,특,480000.0,800.0,621150,경남 김해시 화목동,1121,경상남도 김해시
2022-09-07,양파,특,49000.0,30.0,565000,전라북도 완주군,1107,전라북도 완주군
2023-06-28,양파,특,71600.0,60.0,340000,충청남도 예산군,1030,충청남도 예산군
2022-08-20,양파,특,4725000.0,3150.0,534000,전라남도 무안군,1097,전라남도 무안군
2024-04-13,양파,특,92137900.0,67485.0,690000,제주도 제주시,1142,제주특별자치도 제주시
2019-01-22,양파,상,300000.0,300.0,745000,경상북도 문경시,1156,경상북도 문경시
2023-12-30,양파,특,30000000.0,25000.0,730010,경북 구미시 원평동,1153,경상북도 구미시
2024-12-23,양파,특,5250000.0,4500.0,800000,중국,1170,수입산
2023-05-01,양파,보통,2468700.0,3540.0,534804,전남 무안군 무안읍 성동리,1097,전라남도 무안군
2020-06-03,양파,특,967000.0,2160.0,529900,전남 장흥군 대덕읍,1094,전라남도 장흥군
2019-10-31,양파,하,320000.0,500.0,535000,전라남도 신안군,1096,전라남도 신안군
2020-06-13,양파,특,8098100.0,10764.0,534000,전라남도 무안군,1097,전라남도 무안군
2020-12-11,양파,보통,2500000.0,1800.0,520833,전남 나주시 산포면 산제리,1089,전라남도 나주시
2022-05-28,양파,특,3222900.0,4680.0,656834,경남 거제시 장목면 매동리,1132,경상남도 거제시
2018-01-22,양파,특,5785000.0,5850.0,770000,경상북도 영천시,1166,경상북도 영천시
2019-07-31,양파,상,205200.0,720.0,390160,충북 제천시 강제동,1047,충청북도 제천시
2021-09-03,양파,상,336000.0,554.4,678000,경상남도 합천군,1140,경상남도 합천군
2019-06-07,양파,보통,130000.0,364.0,350900,충남 홍성군 광천읍,1033,충청남도 홍성군
2022-09-28,양파,특,1014400.0,960.0,525000,전라남도 함평군,1090,전라남도 함평군
2019-01-21,양파,특,95000.0,200.0,641111,경남 창원시 가음동,1124,경상남도 창원시
2019-05-04,양파,특,66000.0,150.0,565920,전북 완주군 경천면,1107,전라북도 완주군
2023-08-14,양파,특,835000.0,350.0,641111,경남 창원시 가음동,1124,경상남도 창원시
2019-03-26,양파,하,94500.0,150.0,635000,경상남도 창녕군,1126,경상남도 창녕군
2023-02-25,양파,특,17794260.0,9412.5,635000,경상남도 창녕군,1126,경상남도 창녕군
2019-06-25,양파,특,1738000.0,6320.0,666810,경남 산청군 차황면,1135,경상남도 산청군
2021-05-10,양파,특,825000.0,1125.0,534000,전라남도 무안군,1097,전라남도 무안군
2022-01-28,양파,상,609600.0,960.0,770000,경상북도 영천시,1166,경상북도 영천시
2020-09-29,양파,특,1110000.0,1125.0,770000,경상북도 영천시,1166,경상북도 영천시
2018-07-24,양파,특,2102400.0,2880.0,769000,경상북도 의성군,1165,경상북도 의성군
2020-07-03,양파,특,958500.0,2500.0,536804,전남 해남군 해남읍 기동리,1098,전라남도 해남군
2018-11-16,양파,하,504000.0,960.0,534841,전남 무안군 현경면 가입리,1097,전라남도 무안군
2022-01-22,양파,보통,1248000.0,1920.0,770000,경상북도 영천시,1166,경상북도 영천시
2024-02-14,양파,보통,197700.0,500.0,906000,광주광역시 ,1083,광주광역시
2021-07-24,양파,상,450500.0,1060.0,711000,대구광역시 달성군,1146,대구광역시
2021-01-11,양파,특,28991500.0,18000.0,534000,전라남도 무안군,1097,전라남도 무안군
2019-12-09,양파,특,630000.0,1800.0,585804,전북 고창군 고창읍 석정리,1115,전라북도 고창군
2021-06-28,양파,특,93000.0,160.0,340860,충남 예산군 신암면,1030,충청남도 예산군
2021-06-03,양파,보통,14000.0,40.0,641600,경남 창원시 창원우체국사서함,1124,경상남도 창원시
2020-08-13,양파,하,1115400.0,1521.0,635000,경상남도 창녕군,1126,경상남도 창녕군
2024-05-13,양파,특,14900200.0,11973.0,548000,전라남도 고흥군,1104,전라남도 고흥군
2020-05-13,양파,특,1781100.0,2340.0,305325,대전 유성구 노은동,1019,대전광역시
2018-07-05,양파,특,485000.0,500.0,565920,전북 완주군 경천면,1107,전라북도 완주군
2024-07-11,양파,상,1222700.0,2788.5,717000,경상북도 고령군,1150,경상북도 고령군
2022-07-02,양파,상,192000.0,240.0,548000,전라남도 고흥군,1104,전라남도 고흥군
2021-06-30,양파,상,2152500.0,4100.0,635808,경남 창녕군 창녕읍 여초리,1126,경상남도 창녕군
2021-05-27,양파,상,21000.0,40.0,548840,전남 고흥군 남양면,1104,전라남도 고흥군
2024-11-23,양파,특,1050800.0,888.0,456000,경기도 안성시,1067,경기도 안성시
2022-12-10,양파,특,392000.0,420.0,534000,전라남도 무안군,1097,전라남도 무안군
2019-05-23,양파,특,18280.0,4.0,138160,서울 송파구 가락동,1000,서울특별시
2023-09-22,양파,특,6103000.0,5100.0,579000,전라북도 부안군,1114,전라북도 부안군
2019-06-14,양파,보통,354000.0,590.0,714000,경상북도 청도군,1148,경상북도 청도군
2021-04-24,양파,특,1800000.0,1200.0,456000,경기도 안성시,1067,경기도 안성시
2018-06-27,양파,상,171000.0,380.0,769000,경상북도 의성군,1165,경상북도 의성군
2018-12-03,양파,특,3366000.0,6120.0,535000,전라남도 신안군,1096,전라남도 신안군
2018-04-12,양파,보통,66000.0,400.0,525830,전남 함평군 대동면,1090,전라남도 함평군
2019-02-19,양파,상,1144000.0,4000.0,635000,경상남도 창녕군,1126,경상남도 창녕군
2022-11-29,양파,특,6102200.0,3900.0,525000,전라남도 함평군,1090,전라남도 함평군
2021-08-26,양파,특,132000.0,180.0,534000,전라남도 무안군,1097,전라남도 무안군
2024-09-10,양파,하,450000.0,1125.0,534000,전라남도 무안군,1097,전라남도 무안군
2021-01-08,양파,상,403500.0,300.0,730010,경북 구미시 원평동,1153,경상북도 구미시
2019-12-12,양파,하,4000000.0,5000.0,770000,경상북도 영천시,1166,경상북도 영천시
2019-05-18,양파,상,189000.0,441.0,548850,전남 고흥군 동강면,1104,전라남도 고흥군
2021-05-15,양파,하,165000.0,825.0,232000,강원도 평창군,1011,강원도 평창군
2018-09-01,양파,상,169000.0,260.0,705030,대구 남구 대명동,1146,대구광역시
2018-07-26,양파,상,659500.0,1860.0,570130,전북 익산시 목천동,1111,전라북도 익산시
2022-07-13,양파,특,670800.0,975.0,680010,울산 남구 신정동,1141,울산광역시
2019-12-24,양파,특,1788000.0,2088.0,570130,전북 익산시 목천동,1111,전라북도 익산시
2023-06-17,양파,특,4122600.0,4000.0,767850,경북 울진군 기성면,1164,경상북도 울진군
2021-08-23,양파,하,2320000.0,2320.0,717000,경상북도 고령군,1150,경상북도 고령군
2020-01-23,양파,하,36000.0,108.0,561302,전북 전주시 덕진구 송천동2가,1106,전라북도 전주시
2021-11-01,양파,특,22102900.0,25236.0,534000,전라남도 무안군,1097,전라남도 무안군
2024-05-16,양파,특,21675000.0,19125.0,534000,전라남도 무안군,1097,전라남도 무안군
2024-07-11,양파,상,1027200.0,1605.0,730600,경북 구미시 구미우체국사서함,1153,경상북도 구미시
2024-06-04,양파,특,2362500.0,4725.0,637000,경상남도 함안군,1128,경상남도 함안군
2019-02-09,양파,보통,548000.0,600.0,573350,전북 군산시 나운동,1112,전라북도 군산시
2022-07-05,양파,보통,5950000.0,5000.0,660000,경상남도 진주시,1133,경상남도 진주시
2020-06-04,양파,하,4663100.0,7275.0,534841,전남 무안군 현경면 가입리,1097,전라남도 무안군
2020-06-03,양파,보통,986100.0,1762.2,717000,경상북도 고령군,1150,경상북도 고령군
2025-05-22,양파,상,1870000.0,2040.0,534000,전라남도 무안군,1097,전라남도 무안군
2019-06-04,양파,상,291200.0,1040.0,678952,경남 합천군 쌍백면 백역리,1140,경상남도 합천군
2021-05-31,양파,보통,917700.0,1366.2,711000,대구광역시 달성군,1146,대구광역시
2021-04-21,양파,특,100140.0,90.0,200140,강원 춘천시 사농동,1001,강원도 춘천시
2021-04-28,양파,하,7608000.0,14400.0,534000,전라남도 무안군,1097,전라남도 무안군
2021-04-15,양파,특,5367100.0,6140.0,529875,전남 장흥군 관산읍 옥당리,1094,전라남도 장흥군
2022-12-10,양파,특,80000.0,80.0,576884,전북 김제시 백산면 조종리,1113,전라북도 김제시
2022-01-12,양파,상,590000.0,1180.0,770000,경상북도 영천시,1166,경상북도 영천시
2024-04-20,양파,상,297000.0,270.0,560855,전북 전주시 완산구 효자동1가355∼362,1106,전라북도 전주시
2023-06-29,양파,보통,149400.0,180.0,740880,경북 김천시 농소면,1154,경상북도 김천시
2024-07-22,양파,특,500000.0,750.0,570600,전북 익산시 익산우체국사서함,1111,전라북도 익산시
2022-09-03,양파,특,1139000.0,2040.0,534000,전라남도 무안군,1097,전라남도 무안군
2019-04-27,양파,보통,880000.0,2200.0,548000,전라남도 고흥군,1104,전라남도 고흥군
2024-05-21,양파,하,9450000.0,7875.0,534000,전라남도 무안군,1097,전라남도 무안군
2025-04-30,양파,특,436800.0,624.0,540850,전남 순천시 해룡면,1100,전라남도 순천시
2022-10-24,양파,특,23533200.0,16200.0,579000,전라북도 부안군,1114,전라북도 부안군
2018-04-18,양파,하,8307800.0,11180.0,503000,광주광역시 광주 남구,1083,광주광역시
2020-10-12,양파,특,950000.0,1000.0,635805,경남 창녕군 창녕읍 교하리,1126,경상남도 창녕군
2024-05-18,양파,상,1450000.0,1950.0,627000,경상남도 밀양시,1123,경상남도 밀양시
2019-06-25,양파,특,414000.0,1035.0,356890,충남 서산시 부석면,1035,충청남도 서산시
2021-12-31,양파,특,2200000.0,4000.0,525805,전남 함평군 함평읍 만흥리,1090,전라남도 함평군
2022-04-30,양파,특,3071000.0,3607.5,717000,경상북도 고령군,1150,경상북도 고령군
2023-05-22,양파,보통,3511500.0,3860.0,635000,경상남도 창녕군,1126,경상남도 창녕군
2023-08-31,양파,특,8075000.0,8160.0,534000,전라남도 무안군,1097,전라남도 무안군
2020-05-06,양파,특,3285000.0,6000.0,534000,전라남도 무안군,1097,전라남도 무안군
2018-06-11,양파,특,6302200.0,12760.0,902000,부산광역시 ,1120,부산광역시
2018-10-04,양파,특,58500.0,260.0,730000,경상북도 구미시,1153,경상북도 구미시
2023-04-03,양파,특,1820000.0,1120.0,635900,경남 창녕군 남지읍,1126,경상남도 창녕군
2018-06-26,양파,상,206500.0,1180.0,506258,광주 광산구 안청동,1083,광주광역시
2018-10-12,양파,보통,360000.0,1080.0,534841,전남 무안군 현경면 가입리,1097,전라남도 무안군
2020-05-20,양파,상,1792000.0,2240.0,300020,대전 동구 인동,1019,대전광역시
2018-07-05,양파,특,481000.0,800.0,590830,전북 남원시 운봉읍,1117,전라북도 남원시
2019-07-23,양파,특,12000.0,3.6,570600,전북 익산시 익산우체국사서함,1111,전라북도 익산시
2019-10-30,양파,특,585000.0,1000.0,535000,전라남도 신안군,1096,전라남도 신안군
2022-10-07,양파,특,1498000.0,1050.0,579000,전라북도 부안군,1114,전라북도 부안군
2020-06-13,양파,특,510000.0,900.0,565907,전북 완주군 봉동읍 장기리,1107,전라북도 완주군
2019-11-26,양파,상,180000.0,300.0,534810,전남 무안군 몽탄면,1097,전라남도 무안군
2019-08-19,양파,상,3564500.0,9480.0,600010,부산 중구 중앙동,1120,부산광역시
2020-10-08,양파,특,100000.0,100.0,760600,경북 안동시 안동우체국사서함,1160,경상북도 안동시
2023-04-18,양파,특,80390350.0,67380.0,548000,전라남도 고흥군,1104,전라남도 고흥군
2021-01-13,양파,특,6032800.0,3640.0,635000,경상남도 창녕군,1126,경상남도 창녕군
2023-04-06,양파,상,5400000.0,2400.0,711000,대구광역시 달성군,1146,대구광역시
2018-06-14,양파,상,204000.0,1080.0,630850,경남 마산시 내서읍,1125,경상남도 마산시
2024-07-03,양파,특,1204500.0,1460.0,635000,경상남도 창녕군,1126,경상남도 창녕군
2024-07-16,양파,상,198000.0,360.0,716852,경북 군위군 산성면 운산리,1149,경상북도 군위군
2018-06-25,양파,상,206500.0,820.0,320600,충남 논산시 논산우체국사서함,1022,충청남도 논산시
2023-07-27,양파,특,1204000.0,1400.0,676804,경남 함양군 함양읍 백천리,1139,경상남도 함양군
2020-11-30,양파,특,15955200.0,12640.0,520600,전남 나주시 나주우체국사서함,1089,전라남도 나주시
2023-08-02,양파,보통,1555500.0,2040.0,678000,경상남도 합천군,1140,경상남도 합천군
2024-02-14,양파,특,8437500.0,7875.0,770000,경상북도 영천시,1166,경상북도 영천시
2018-06-11,양파,특,550000.0,2000.0,716000,경상북도 군위군,1149,경상북도 군위군
2021-03-29,양파,특,4510500.0,4605.0,534870,전남 무안군 해제면,1097,전라남도 무안군
2018-06-19,양파,하,680000.0,960.0,534000,전라남도 무안군,1097,전라남도 무안군
2018-10-15,양파,특,16500.0,40.0,590951,전북 남원시 금지면 귀석리,1117,전라북도 남원시
2024-08-15,양파,특,8593500.0,12240.0,534000,전라남도 무안군,1097,전라남도 무안군
2018-01-30,양파,특,3045000.0,3000.0,502153,광주 서구 매월동,1083,광주광역시
2023-07-26,양파,상,16613600.0,14000.0,730010,경북 구미시 원평동,1153,경상북도 구미시
2025-05-16,양파,보통,381600.0,360.0,641600,경남 창원시 창원우체국사서함,1124,경상남도 창원시
2024-04-16,양파,보통,2091000.0,3075.0,548000,전라남도 고흥군,1104,전라남도 고흥군
2022-04-04,양파,특,924600.0,897.0,637000,경상남도 함안군,1128,경상남도 함안군
2018-07-21,양파,상,594000.0,1800.0,717000,경상북도 고령군,1150,경상북도 고령군
2021-07-19,양파,하,5362500.0,10725.0,471080,경기 구리시 갈매동,1072,경기도 구리시
2018-04-27,양파,특,14000.0,20.0,356810,충남 서산시 고북면,1035,충청남도 서산시
2022-06-25,양파,특,34800.0,45.0,356000,충청남도 서산시,1035,충청남도 서산시
2020-04-13,양파,특,11115000.0,13500.0,534000,전라남도 무안군,1097,전라남도 무안군
2018-04-12,양파,특,889000.0,1050.0,635000,경상남도 창녕군,1126,경상남도 창녕군
2024-04-06,양파,특,1352800.0,760.0,525811,전남 함평군 학교면 고막리,1090,전라남도 함평군
2021-11-05,양파,특,1955000.0,2040.0,525000,전라남도 함평군,1090,전라남도 함평군
2019-05-06,양파,하,5000.0,20.0,534814,전남 무안군 몽탄면 당호리,1097,전라남도 무안군
2019-10-15,양파,보통,67500.0,300.0,515912,전남 장성군 진원면 산정리,1085,전라남도 장성군
2018-11-07,양파,상,500000.0,2000.0,520930,전남 나주시 다시면,1089,전라남도 나주시
2018-09-20,양파,특,2600000.0,4000.0,635000,경상남도 창녕군,1126,경상남도 창녕군
2018-03-24,양파,하,1296000.0,1920.0,740000,경상북도 김천시,1154,경상북도 김천시
2022-07-30,양파,하,240000.0,200.0,711000,대구광역시 달성군,1146,대구광역시
2021-11-01,양파,상,4437000.0,5220.0,742600,경북 상주시 상주우체국사서함,1155,경상북도 상주시
2023-09-07,양파,특,21804000.0,18000.0,445920,경기 화성시 향남읍,1063,경기도 화성시
2018-07-11,양파,상,640000.0,800.0,745150,경북 문경시 공평동,1156,경상북도 문경시
2021-06-17,양파,특,9000.0,20.0,356842,충남 서산시 음암면 도당4리,1035,충청남도 서산시
2018-02-12,양파,상,107000.0,52.5,500010,광주 북구 임동,1083,광주광역시
2020-06-26,양파,하,1140000.0,3000.0,548000,전라남도 고흥군,1104,전라남도 고흥군
2019-12-07,양파,특,2288000.0,2925.0,635000,경상남도 창녕군,1126,경상남도 창녕군
2020-03-31,양파,상,1251800.0,2332.9,548800,전남 고흥군 고흥읍,1104,전라남도 고흥군
2023-06-09,양파,특,534000.0,600.0,590950,전북 남원시 금지면,1117,전라북도 남원시
2020-05-23,양파,하,60000.0,237.6,711000,대구광역시 달성군,1146,대구광역시
2024-06-11,양파,상,4000.0,39.0,712000,경상북도 경산시,1147,경상북도 경산시
2025-01-20,양파,보통,2924000.0,2040.0,534000,전라남도 무안군,1097,전라남도 무안군
2023-03-22,양파,특,28096000.0,26000.0,770000,경상북도 영천시,1166,경상북도 영천시
2022-04-18,양파,상,120000.0,3600.0,716000,경상북도 군위군,1149,경상북도 군위군
2022-06-07,양파,특,864000.0,1080.0,635920,경남 창녕군 계성면,1126,경상남도 창녕군
2023-03-16,양파,특,12680000.0,8175.0,800000,중국,1170,수입산
2019-05-17,양파,특,240000.0,300.0,138000,서울특별시 송파구,1000,서울특별시
2024-05-29,양파,하,840000.0,1000.0,534000,전라남도 무안군,1097,전라남도 무안군
2021-12-08,양파,하,2145000.0,2145.0,471080,경기 구리시 갈매동,1072,경기도 구리시
2024-06-11,양파,특,1261600.0,1660.0,534000,전라남도 무안군,1097,전라남도 무안군
2022-07-11,양파,상,120000.0,75.0,534729,전남 무안군 청계면 도림리 목포대학교 ,1097,전라남도 무안군
2019-08-28,양파,상,5276600.0,15000.0,970000,경상남도 ,1178,경상남도 
2018-11-28,양파,특,137700.0,340.0,570600,전북 익산시 익산우체국사서함,1111,전라북도 익산시
2022-02-14,양파,특,252000.0,735.0,561302,전북 전주시 덕진구 송천동2가,1106,전라북도 전주시
2024-06-21,양파,특,1793400.0,2940.0,520600,전남 나주시 나주우체국사서함,1089,전라남도 나주시
2020-06-11,양파,특,264000.0,480.0,666810,경남 산청군 차황면,1135,경상남도 산청군
2019-07-16,양파,특,1680000.0,4800.0,635000,경상남도 창녕군,1126,경상남도 창녕군
2025-03-04,양파,보통,9910000.0,5800.0,676000,경상남도 함양군,1139,경상남도 함양군
2018-06-01,양파,하,2520000.0,4800.0,503000,광주광역시 광주 남구,1083,광주광역시
2020-06-01,양파,하,1113500.0,1020.0,525000,전라남도 함평군,1090,전라남도 함평군
2021-06-15,양파,하,1425000.0,2250.0,534000,전라남도 무안군,1097,전라남도 무안군
2018-10-10,양파,보통,112000.0,160.0,138000,서울특별시 송파구,1000,서울특별시
2022-11-25,양파,상,5680000.0,6000.0,800000,중국,1170,수입산
2023-05-18,양파,하,12400.0,40.0,635000,경상남도 창녕군,1126,경상남도 창녕군
2019-05-13,양파,특,504000.0,1080.0,534000,전라남도 무안군,1097,전라남도 무안군
2018-04-16,양파,특,1512800.0,3048.0,534000,전라남도 무안군,1097,전라남도 무안군
2024-03-12,양파,하,945000.0,1125.0,534000,전라남도 무안군,1097,전라남도 무안군
2023-03-14,양파,특,35400.0,15.0,200140,강원 춘천시 사농동,1001,강원도 춘천시
2025-03-29,양파,특,375000.0,150.0,769800,경북 의성군 의성읍,1165,경상북도 의성군
2022-06-11,양파,상,240000.0,480.0,546910,전남 보성군 조성면,1103,전라남도 보성군
2019-07-09,양파,보통,379000.0,1710.0,745891,경북 문경시 흥덕동241∼336,1156,경상북도 문경시
2023-06-19,양파,하,18400.0,30.0,330280,충남 천안시 신당동,1026,충청남도 천안시
2024-12-18,양파,보통,2000000.0,2000.0,770000,경상북도 영천시,1166,경상북도 영천시
2020-12-14,양파,특,772800.0,420.0,903000,대구광역시 ,1146,대구광역시
2018-07-27,양파,특,2017600.0,4056.0,712000,경상북도 경산시,1147,경상북도 경산시
2021-06-10,양파,보통,14000.0,40.0,350000,충청남도 홍성군,1033,충청남도 홍성군
2021-12-01,양파,특,234300.0,165.0,138161,서울 송파구 가락1동,1000,서울특별시
2023-08-30,양파,특,8865000.0,10050.0,800000,중국,1170,수입산
2023-10-05,양파,특,552500.0,1020.0,534000,전라남도 무안군,1097,전라남도 무안군
2022-04-23,양파,특,3495600.0,4520.0,534840,전남 무안군 현경면,1097,전라남도 무안군
2018-07-25,양파,특,2020.0,2.0,200140,강원 춘천시 사농동,1001,강원도 춘천시
2020-07-25,양파,특,1036800.0,1579.5,769000,경상북도 의성군,1165,경상북도 의성군
2020-02-26,양파,특,15600000.0,11250.0,525000,전라남도 함평군,1090,전라남도 함평군
2019-02-18,양파,상,1470000.0,2100.0,745852,경북 문경시 영순면 김용리,1156,경상북도 문경시
2025-05-29,양파,특,3375000.0,5625.0,534000,전라남도 무안군,1097,전라남도 무안군
2019-01-12,양파,특,195000.0,507.0,560600,전북 전주시 완산구 전주우체국사서함,1106,전라북도 전주시
2021-02-22,양파,상,10850000.0,5250.0,676000,경상남도 함양군,1139,경상남도 함양군
2021-03-26,양파,상,1093500.0,1500.0,550600,전남 여수시 여수우체국사서함,1105,전라남도 여수시
2020-06-13,양파,상,1191200.0,2120.0,502153,광주 서구 매월동,1083,광주광역시
2023-05-13,양파,특,5483000.0,5112.0,534000,전라남도 무안군,1097,전라남도 무안군
2023-06-22,양파,특,15000.0,20.0,590600,전북 남원시 남원우체국사서함,1117,전라북도 남원시
2022-09-01,양파,특,3490500.0,2925.0,565907,전북 완주군 봉동읍 장기리,1107,전라북도 완주군
2024-12-31,양파,특,15000.0,15.0,627834,경남 밀양시 산내면 송백리,1123,경상남도 밀양시
2021-09-29,양파,상,6292000.0,7720.0,621010,경남 김해시 부원동,1121,경상남도 김해시
2019-10-22,양파,보통,1170000.0,3000.0,635000,경상남도 창녕군,1126,경상남도 창녕군
2022-03-14,양파,특,1649200.0,1736.0,534840,전남 무안군 현경면,1097,전라남도 무안군
2021-11-26,양파,특,26614800.0,30240.0,579000,전라북도 부안군,1114,전라북도 부안군
2018-06-15,양파,상,195300.0,420.0,635882,경남 창녕군 길곡면 오호리,1126,경상남도 창녕군
2018-04-30,양파,특,954000.0,1060.0,568000,전라북도 무주군,1110,전라북도 무주군
2021-12-23,양파,보통,54000.0,120.0,757000,경상북도 예천군,1159,경상북도 예천군
2024-04-30,양파,보통,825000.0,1125.0,534000,전라남도 무안군,1097,전라남도 무안군
2022-01-18,양파,특,430000.0,750.0,666940,경남 산청군 단성면,1135,경상남도 산청군
2025-05-10,양파,보통,1097400.0,1170.0,534000,전라남도 무안군,1097,전라남도 무안군
2021-06-30,양파,상,221000.0,520.0,525883,전남 함평군 월야면 용암리,1090,전라남도 함평군
2025-02-26,양파,특,4810000.0,3900.0,800000,중국,1170,수입산
2023-06-20,양파,특,10000.0,10.0,343000,충청남도 당진시,1031,충청남도 당진시
2019-12-13,양파,특,2065000.0,2550.0,570130,전북 익산시 목천동,1111,전라북도 익산시
2020-07-10,양파,특,416500.0,480.0,630000,경상남도 창원시 마산회원구,1124,경상남도 창원시
2020-12-08,양파,특,3010000.0,2100.0,745850,경북 문경시 영순면,1156,경상북도 문경시
2022-08-23,양파,하,7420500.0,9180.0,471080,경기 구리시 갈매동,1072,경기도 구리시
2018-07-05,양파,상,140000.0,400.0,635920,경남 창녕군 계성면,1126,경상남도 창녕군
2018-10-01,양파,보통,454400.0,1280.0,636000,경상남도 의령군,1127,경상남도 의령군
2019-09-02,양파,상,42600.0,160.0,502153,광주 서구 매월동,1083,광주광역시
2020-04-07,양파,특,7545000.0,6750.0,525000,전라남도 함평군,1090,전라남도 함평군
2022-09-13,양파,보통,1800000.0,1000.0,770000,경상북도 영천시,1166,경상북도 영천시
2020-09-22,양파,보통,152000.0,160.0,769000,경상북도 의성군,1165,경상북도 의성군
2019-04-12,양파,특,780000.0,1040.0,641920,경남 창원시 대산면,1124,경상남도 창원시
2020-06-27,양파,특,140000.0,200.0,343862,충남 당진시 정미면 대조리,1031,충청남도 당진시
2024-04-27,양파,보통,8439000.0,7668.0,534000,전라남도 무안군,1097,전라남도 무안군
2023-03-14,양파,상,10429500.0,7140.0,678700,경남 합천군 합천읍 합천리 합천군청 ,1140,경상남도 합천군
2023-10-25,양파,특,17445000.0,18000.0,536000,전라남도 해남군,1098,전라남도 해남군
2018-07-11,양파,특,7105000.0,9450.0,585000,전라북도 고창군,1115,전라북도 고창군
2024-08-14,양파,특,800000.0,800.0,565805,전북 완주군 삼례읍 어전리,1107,전라북도 완주군
2018-09-22,양파,특,2377500.0,4755.0,534000,전라남도 무안군,1097,전라남도 무안군
2019-12-20,양파,하,148500.0,396.0,525000,전라남도 함평군,1090,전라남도 함평군
2021-06-17,양파,상,727000.0,1300.0,534804,전남 무안군 무안읍 성동리,1097,전라남도 무안군
2018-03-19,양파,상,662600.0,4020.0,456010,경기 안성시 가사동,1067,경기도 안성시
2025-02-05,양파,특,4680000.0,3900.0,800000,중국,1170,수입산
2021-03-30,양파,특,469200.0,367.2,621808,경남 김해시 진영읍 진영리  291∼327,1121,경상남도 김해시
2024-01-19,양파,특,50000.0,30.0,534729,전남 무안군 청계면 도림리 목포대학교 ,1097,전라남도 무안군
2019-06-12,양파,상,148000.0,740.0,717000,경상북도 고령군,1150,경상북도 고령군
2018-10-18,양파,특,945000.0,1125.0,525000,전라남도 함평군,1090,전라남도 함평군
2022-11-10,양파,특,328250.0,195.0,200140,강원 춘천시 사농동,1001,강원도 춘천시
2019-09-18,양파,특,357500.0,825.0,676810,경남 함양군 수동면,1139,경상남도 함양군
2019-09-23,양파,특,6190900.0,10164.0,525000,전라남도 함평군,1090,전라남도 함평군
2023-02-25,양파,특,28500.0,20.0,730850,경북 구미시 산동면,1153,경상북도 구미시
2019-01-14,양파,특,396000.0,540.0,769000,경상북도 의성군,1165,경상북도 의성군
2023-05-02,양파,특,88000.0,40.0,901000,서울특별시 ,1000,서울특별시
2020-04-30,양파,보통,1800000.0,2160.0,534000,전라남도 무안군,1097,전라남도 무안군
2023-07-06,양파,상,675000.0,975.0,770000,경상북도 영천시,1166,경상북도 영천시
2021-09-13,양파,특,598400.0,680.0,525830,전남 함평군 대동면,1090,전라남도 함평군
2018-05-10,양파,상,1131900.0,2576.0,548800,전남 고흥군 고흥읍,1104,전라남도 고흥군
2019-05-25,양파,특,248000.0,620.0,548850,전남 고흥군 동강면,1104,전라남도 고흥군
2018-06-04,양파,상,216000.0,640.0,757852,경북 예천군 지보면 도장리,1159,경상북도 예천군
2020-04-02,양파,하,15000.0,36.0,740000,경상북도 김천시,1154,경상북도 김천시
2021-05-25,양파,상,378000.0,345.0,534729,전남 무안군 청계면 도림리 목포대학교 ,1097,전라남도 무안군
2022-08-17,양파,특,1062500.0,1020.0,901000,서울특별시 ,1000,서울특별시
2022-04-25,양파,특,1188000.0,1980.0,627894,경남 밀양시 하남읍 수산리  447∼1132,1123,경상남도 밀양시
2021-07-10,양파,특,3002800.0,5680.0,717000,경상북도 고령군,1150,경상북도 고령군
2024-06-08,양파,상,3150000.0,6750.0,548000,전라남도 고흥군,1104,전라남도 고흥군
2023-06-20,양파,상,558000.0,589.0,635940,경남 창녕군 대합면,1126,경상남도 창녕군
2018-05-09,양파,하,22500.0,100.0,666810,경남 산청군 차황면,1135,경상남도 산청군
2023-11-03,양파,특,155000.0,300.0,534000,전라남도 무안군,1097,전라남도 무안군
2022-10-15,양파,특,15756650.0,10400.0,343000,충청남도 당진시,1031,충청남도 당진시
2023-09-25,양파,상,816000.0,720.0,314000,충청남도 공주시,1021,충청남도 공주시
2023-02-14,양파,특,110000.0,60.0,630000,경상남도 창원시 마산회원구,1124,경상남도 창원시
2018-02-21,양파,보통,18500.0,20.0,635700,경남 창녕군 창녕읍  창녕군청 ,1126,경상남도 창녕군
2018-09-05,양파,특,567000.0,810.0,356000,충청남도 서산시,1035,충청남도 서산시
2024-02-07,양파,특,27300.0,15.0,200140,강원 춘천시 사농동,1001,강원도 춘천시
2021-10-19,양파,상,2180000.0,2400.0,635940,경남 창녕군 대합면,1126,경상남도 창녕군
2020-05-02,양파,하,512400.0,630.0,699832,제주 남제주군 대정읍 일과리,1145,제주특별자치도 남제주군
2022-06-13,양파,상,9783000.0,10380.0,637000,경상남도 함안군,1128,경상남도 함안군
2019-06-13,양파,상,79800.0,190.0,689905,울산 울주군 온양읍 운화리,1141,울산광역시
2025-02-22,양파,보통,1480000.0,888.0,525000,전라남도 함평군,1090,전라남도 함평군
2024-03-21,양파,특,132000.0,100.0,621150,경남 김해시 화목동,1121,경상남도 김해시
2022-09-24,양파,특,2592500.0,1700.0,500100,광주 북구 두암동,1083,광주광역시
2018-05-30,양파,상,48000.0,200.0,529900,전남 장흥군 대덕읍,1094,전라남도 장흥군
2025-02-13,양파,특,1500000.0,650.0,464000,경기도 광주시,1068,경기도 광주시
2022-03-31,양파,특,107500.0,172.0,525805,전남 함평군 함평읍 만흥리,1090,전라남도 함평군
2021-07-19,양파,보통,17500.0,100.0,678810,경남 합천군 율곡면,1140,경상남도 합천군
2019-12-16,양파,특,1486100.0,3860.0,711834,대구 달성군 화원읍 천내리  1∼249,1146,대구광역시
2018-05-11,양파,상,80000.0,50.0,500010,광주 북구 임동,1083,광주광역시
2018-06-25,양파,특,1317300.0,3300.0,769972,경북 의성군 다인면 달제리,1165,경상북도 의성군
2022-05-21,양파,하,73500.0,931.0,580090,전북 정읍시 농소동,1116,전라북도 정읍시
2023-05-23,양파,하,2632500.0,2250.0,534000,전라남도 무안군,1097,전라남도 무안군
2024-02-14,양파,보통,960000.0,600.0,711000,대구광역시 달성군,1146,대구광역시
2020-07-15,양파,하,2756000.0,3900.0,750000,경상북도 영주시,1157,경상북도 영주시
2020-04-24,양파,특,231800.0,285.0,699830,제주 남제주군 대정읍,1145,제주특별자치도 남제주군
2019-05-04,양파,보통,44400.0,60.0,656610,경남 거제시 장승포우체국사서함,1132,경상남도 거제시
2024-02-03,양파,특,2426400.0,2160.0,716000,경상북도 군위군,1149,경상북도 군위군
2020-10-30,양파,특,850000.0,2000.0,534000,전라남도 무안군,1097,전라남도 무안군
2018-11-14,양파,보통,7200000.0,12000.0,676000,경상남도 함양군,1139,경상남도 함양군
2024-07-11,양파,하,3120000.0,3900.0,534000,전라남도 무안군,1097,전라남도 무안군
2022-12-24,양파,특,6400000.0,6000.0,800000,중국,1170,수입산
2022-08-13,양파,특,576000.0,1080.0,745600,경북 문경시 문경우체국사서함,1156,경상북도 문경시
2019-06-10,양파,특,237800.0,290.0,635000,경상남도 창녕군,1126,경상남도 창녕군
2022-11-15,양파,특,360000.0,240.0,534729,전남 무안군 청계면 도림리 목포대학교 ,1097,전라남도 무안군
2023-04-10,양파,보통,535200.0,480.0,637000,경상남도 함안군,1128,경상남도 함안군
2021-09-09,양파,특,5775000.0,6930.0,769000,경상북도 의성군,1165,경상북도 의성군
2020-06-24,양파,특,17962000.0,42520.0,717000,경상북도 고령군,1150,경상북도 고령군
2023-12-01,양파,특,4000600.0,3984.0,535000,전라남도 신안군,1096,전라남도 신안군
2024-12-05,양파,특,8235000.0,6750.0,535000,전라남도 신안군,1096,전라남도 신안군
2018-10-18,양파,특,24000000.0,40000.0,635000,경상남도 창녕군,1126,경상남도 창녕군
2018-06-20,양파,하,17500.0,140.0,529860,전남 장흥군 용산면,1094,전라남도 장흥군
2019-02-22,양파,특,574000.0,1680.0,360000,충청북도 청주시,1037,충청북도 청주시
2018-06-26,양파,상,54000.0,180.0,637000,경상남도 함안군,1128,경상남도 함안군
2021-07-27,양파,특,8371200.0,7680.0,534000,전라남도 무안군,1097,전라남도 무안군
2020-04-06,양파,특,31729200.0,51720.0,800000,중국,1170,수입산
2025-05-20,양파,하,10125000.0,16875.0,534000,전라남도 무안군,1097,전라남도 무안군
2021-04-01,양파,특,15000.0,15.0,676810,경남 함양군 수동면,1139,경상남도 함양군
2023-08-21,양파,하,4874900.0,6888.0,579000,전라북도 부안군,1114,전라북도 부안군
2023-08-09,양파,상,147000.0,273.0,718000,경상북도 칠곡군,1151,경상북도 칠곡군
2018-06-04,양파,특,1280000.0,2460.0,769973,경북 의성군 다인면 덕미리,1165,경상북도 의성군
2018-07-06,양파,상,21000.0,280.0,570130,전북 익산시 목천동,1111,전라북도 익산시
2018-05-11,양파,하,195200.0,1220.0,529900,전남 장흥군 대덕읍,1094,전라남도 장흥군
2019-12-11,양파,특,31500.0,60.0,138701,서울 송파구 가락1동  가락농수산물시장 ,1000,서울특별시
2021-04-21,양파,특,9247500.0,14625.0,690000,제주도 제주시,1142,제주특별자치도 제주시
2020-03-26,양파,특,1301000.0,1050.0,690822,제주 제주시 용담2동1668∼1999,1142,제주특별자치도 제주시
2019-04-05,양파,상,275700.0,285.0,500010,광주 북구 임동,1083,광주광역시
2019-06-20,양파,상,12000.0,80.0,515810,전남 장성군 황룡면,1085,전라남도 장성군
2023-11-10,양파,상,448000.0,546.0,676000,경상남도 함양군,1139,경상남도 함양군
2023-04-18,양파,특,3432000.0,1560.0,330600,충남 천안시 동남구 천안우체국사서함,1026,충청남도 천안시
2022-10-13,양파,상,907200.0,840.0,770000,경상북도 영천시,1166,경상북도 영천시
2019-11-07,양파,특,6796800.0,12960.0,535800,전남 신안군 지도읍,1096,전라남도 신안군
2018-10-05,양파,특,19800.0,30.0,403010,인천 부평구 부평동,1049,인천광역시
2024-12-03,양파,하,648000.0,1080.0,970000,경상남도 ,1178,경상남도 
2020-10-31,양파,특,753600.0,682.0,534729,전남 무안군 청계면 도림리 목포대학교 ,1097,전라남도 무안군
2018-02-10,양파,특,574000.0,700.0,576960,전북 김제시 금산면,1113,전라북도 김제시
2019-04-05,양파,특,9574000.0,11640.0,740000,경상북도 김천시,1154,경상북도 김천시
2019-06-11,양파,특,1237500.0,3375.0,570130,전북 익산시 목천동,1111,전라북도 익산시
2022-02-28,양파,특,4788000.0,14720.0,770000,경상북도 영천시,1166,경상북도 영천시
2023-07-31,양파,하,49600.0,160.0,676000,경상남도 함양군,1139,경상남도 함양군
2024-12-20,양파,상,1900000.0,1880.0,630850,경남 마산시 내서읍,1125,경상남도 마산시
2020-09-25,양파,보통,1320000.0,1600.0,618807,부산 강서구 대저2동1001∼2507,1120,부산광역시
2023-07-01,양파,특,322000.0,280.0,742600,경북 상주시 상주우체국사서함,1155,경상북도 상주시
2019-01-16,양파,특,45000.0,135.0,534860,전남 무안군 운남면,1097,전라남도 무안군
2020-05-07,양파,특,5040000.0,8400.0,716820,경북 군위군 효령면,1149,경상북도 군위군
2022-01-03,양파,보통,2677500.0,3060.0,585000,전라북도 고창군,1115,전라북도 고창군
2022-05-23,양파,보통,188700.0,732.6,717000,경상북도 고령군,1150,경상북도 고령군
2024-10-07,양파,하,3944000.0,4080.0,716000,경상북도 군위군,1149,경상북도 군위군
2019-09-05,양파,특,1170000.0,1980.0,570130,전북 익산시 목천동,1111,전라북도 익산시
2018-06-16,양파,특,455800.0,880.0,757852,경북 예천군 지보면 도장리,1159,경상북도 예천군
2019-07-05,양파,특,513000.0,2280.0,678810,경남 합천군 율곡면,1140,경상남도 합천군
2024-04-15,양파,보통,15740400.0,15480.0,690000,제주도 제주시,1142,제주특별자치도 제주시
2025-04-03,양파,특,48000.0,30.0,471000,경기도 구리시,1072,경기도 구리시
2020-08-29,양파,특,72900.0,45.0,200140,강원 춘천시 사농동,1001,강원도 춘천시
2020-05-23,양파,특,1911600.0,3240.0,717822,경북 고령군 우곡면 답곡리,1150,경상북도 고령군
2020-07-04,양파,보통,68400.0,370.5,711000,대구광역시 달성군,1146,대구광역시
2021-12-29,양파,특,263200.0,560.0,621150,경남 김해시 화목동,1121,경상남도 김해시
2023-07-27,양파,하,705500.0,1657.5,717000,경상북도 고령군,1150,경상북도 고령군
2023-07-03,양파,하,8677500.0,9012.0,534000,전라남도 무안군,1097,전라남도 무안군
2020-01-14,양파,특,12720000.0,16000.0,770761,경북 영천시 금호읍 교대리 금호우방타운 ,1166,경상북도 영천시
2018-12-19,양파,상,184800.0,627.0,570931,전북 익산시 여산면 두여리,1111,전라북도 익산시
2019-08-10,양파,보통,2226300.0,4704.0,525000,전라남도 함평군,1090,전라남도 함평군
2020-01-15,양파,특,648000.0,162.0,570600,전북 익산시 익산우체국사서함,1111,전라북도 익산시
2024-02-23,양파,보통,720000.0,450.0,745000,경상북도 문경시,1156,경상북도 문경시
2019-04-17,양파,보통,315000.0,900.0,548000,전라남도 고흥군,1104,전라남도 고흥군
2018-06-27,양파,특,518300.0,1420.0,740010,경북 김천시 모암동,1154,경상북도 김천시
2021-04-12,양파,특,4704000.0,4060.0,769700,경북 의성군 의성읍  의성군청 ,1165,경상북도 의성군
2020-12-11,양파,특,6800000.0,5600.0,618000,부산광역시 부산 강서구,1120,부산광역시
2021-11-20,양파,특,2160000.0,4000.0,534000,전라남도 무안군,1097,전라남도 무안군
2018-08-09,양파,특,2954000.0,3150.0,585000,전라북도 고창군,1115,전라북도 고창군
2021-10-14,양파,특,728000.0,840.0,635000,경상남도 창녕군,1126,경상남도 창녕군
2023-07-01,양파,특,220000.0,110.0,330600,충남 천안시 동남구 천안우체국사서함,1026,충청남도 천안시
2022-06-22,양파,보통,294500.0,620.0,666000,경상남도 산청군,1135,경상남도 산청군
2024-09-11,양파,보통,2278000.0,2040.0,534000,전라남도 무안군,1097,전라남도 무안군
2024-04-16,양파,특,16058100.0,14683.5,550000,전라남도 여수시,1105,전라남도 여수시
2019-06-19,양파,특,1308500.0,5380.0,539800,전남 진도군 진도읍,1099,전라남도 진도군
2024-09-25,양파,특,1305600.0,960.0,717870,경북 고령군 다산면,1150,경상북도 고령군
2023-04-20,양파,특,5569000.0,5235.0,690200,제주 제주시 해안동,1142,제주특별자치도 제주시
2025-03-25,양파,특,1827000.0,1080.0,534000,전라남도 무안군,1097,전라남도 무안군
2023-04-11,양파,하,589000.0,1240.0,536804,전남 해남군 해남읍 기동리,1098,전라남도 해남군
2024-09-11,양파,특,60000.0,80.0,641920,경남 창원시 대산면,1124,경상남도 창원시
2020-04-10,양파,보통,1683600.0,2391.2,548000,전라남도 고흥군,1104,전라남도 고흥군
2021-05-28,양파,보통,885000.0,1180.0,637708,경남 함안군 칠원면 오곡리 광려천메트로자이 101∼122동,1128,경상남도 함안군
2019-05-15,양파,하,999000.0,2220.0,340000,충청남도 예산군,1030,충청남도 예산군
2020-05-05,양파,특,1288200.0,1965.0,690811,제주 제주시 삼도1동498∼502,1142,제주특별자치도 제주시
2024-08-22,양파,특,2850000.0,2250.0,906000,광주광역시 ,1083,광주광역시
2018-01-11,양파,특,119700.0,180.0,730010,경북 구미시 원평동,1153,경상북도 구미시
2025-01-17,양파,특,11443000.0,10896.0,534000,전라남도 무안군,1097,전라남도 무안군
2019-10-29,양파,특,55000.0,200.0,305325,대전 유성구 노은동,1019,대전광역시
2021-03-27,양파,상,1135200.0,1376.0,556820,전남 여수시 화양면,1105,전라남도 여수시
2020-02-12,양파,특,1530000.0,1800.0,678700,경남 합천군 합천읍 합천리 합천군청 ,1140,경상남도 합천군
2021-04-09,양파,특,27816000.0,25200.0,800000,중국,1170,수입산
2020-05-12,양파,특,156000.0,240.0,631320,경남 마산시 가포동,1125,경상남도 마산시
2018-07-03,양파,특,5642000.0,8400.0,585000,전라북도 고창군,1115,전라북도 고창군
2023-08-16,양파,보통,884000.0,1020.0,680010,울산 남구 신정동,1141,울산광역시
2020-12-10,양파,특,4173500.0,3060.0,525860,전남 함평군 나산면,1090,전라남도 함평군
2024-04-19,양파,보통,840000.0,1125.0,690710,제주 제주시 삼도1동  농협중앙회제주지역본부 ,1142,제주특별자치도 제주시
2019-12-31,양파,특,2281000.0,4134.0,635000,경상남도 창녕군,1126,경상남도 창녕군
2023-05-09,양파,상,66500.0,100.0,730800,경북 구미시 선산읍,1153,경상북도 구미시
2024-05-04,양파,보통,65000.0,97.5,635000,경상남도 창녕군,1126,경상남도 창녕군
2025-05-16,양파,보통,6750000.0,10125.0,534000,전라남도 무안군,1097,전라남도 무안군
2023-08-30,양파,하,1870000.0,4080.0,529000,전라남도 장흥군,1094,전라남도 장흥군
2022-10-18,양파,특,1670400.0,1080.0,636800,경남 의령군 의령읍,1127,경상남도 의령군
2018-08-27,양파,특,5715000.0,6750.0,579000,전라북도 부안군,1114,전라북도 부안군
2019-11-06,양파,보통,1760000.0,3520.0,770000,경상북도 영천시,1166,경상북도 영천시
2024-02-21,양파,특,400000.0,400.0,565907,전북 완주군 봉동읍 장기리,1107,전라북도 완주군
2024-04-23,양파,특,16612500.0,10125.0,695000,제주도 제주시,1142,제주특별자치도 제주시
2022-10-14,양파,특,530000.0,300.0,766000,경상북도 영덕군,1163,경상북도 영덕군
2024-07-29,양파,특,37300.0,405.0,536804,전남 해남군 해남읍 기동리,1098,전라남도 해남군
2024-08-20,양파,특,1150000.0,750.0,745850,경북 문경시 영순면,1156,경상북도 문경시
2023-06-08,양파,보통,2560000.0,2880.0,561302,전북 전주시 덕진구 송천동2가,1106,전라북도 전주시
2019-04-29,양파,특,11581200.0,17280.0,548000,전라남도 고흥군,1104,전라남도 고흥군
2024-08-12,양파,상,869500.0,916.5,635000,경상남도 창녕군,1126,경상남도 창녕군
2023-08-19,양파,특,260000.0,390.0,711000,대구광역시 달성군,1146,대구광역시
2022-05-23,양파,특,6675200.0,11520.0,525000,전라남도 함평군,1090,전라남도 함평군
2019-01-15,양파,특,60600.0,75.0,200140,강원 춘천시 사농동,1001,강원도 춘천시
2021-08-25,양파,특,1545600.0,1440.0,670000,경상남도 거창군,1138,경상남도 거창군
2022-04-08,양파,보통,8544500.0,16665.0,678000,경상남도 합천군,1140,경상남도 합천군
2018-08-31,양파,특,368000.0,800.0,506829,광주 광산구 유계동501∼1060,1083,광주광역시
2019-08-15,양파,상,905000.0,2800.0,534000,전라남도 무안군,1097,전라남도 무안군
2022-05-07,양파,특,902800.0,1220.0,678000,경상남도 합천군,1140,경상남도 합천군
2023-05-12,양파,특,35000.0,30.0,534729,전남 무안군 청계면 도림리 목포대학교 ,1097,전라남도 무안군
2025-04-23,양파,하,260000.0,150.0,745000,경상북도 문경시,1156,경상북도 문경시
2019-09-10,양파,특,130000.0,150.0,676000,경상남도 함양군,1139,경상남도 함양군
2023-10-10,양파,특,2740200.0,2385.0,561302,전북 전주시 덕진구 송천동2가,1106,전라북도 전주시
2018-03-02,양파,특,113400.0,800.0,138701,서울 송파구 가락1동  가락농수산물시장 ,1000,서울특별시
2022-12-14,양파,특,1400000.0,800.0,618807,부산 강서구 대저2동1001∼2507,1120,부산광역시
2019-06-08,양파,특,3195800.0,8120.0,535000,전라남도 신안군,1096,전라남도 신안군
2024-09-14,양파,특,4439000.0,3525.0,740000,경상북도 김천시,1154,경상북도 김천시
2020-08-17,양파,보통,543100.0,672.0,471080,경기 구리시 갈매동,1072,경기도 구리시
2023-01-07,양파,특,8071000.0,6300.0,579000,전라북도 부안군,1114,전라북도 부안군
2024-12-14,양파,보통,2006000.0,2040.0,711834,대구 달성군 화원읍 천내리  1∼249,1146,대구광역시
2018-10-20,양파,특,8129100.0,21228.0,534000,전라남도 무안군,1097,전라남도 무안군
2019-04-05,양파,상,689000.0,1060.0,717000,경상북도 고령군,1150,경상북도 고령군
2023-06-01,양파,특,1699830.0,570.0,200140,강원 춘천시 사농동,1001,강원도 춘천시
2020-04-14,양파,상,2074800.0,2340.0,699833,제주 남제주군 대정읍 신도리,1145,제주특별자치도 남제주군
2021-08-12,양파,특,10811250.0,13500.0,565000,전라북도 완주군,1107,전라북도 완주군
2020-06-25,양파,특,4308700.0,8180.0,678000,경상남도 합천군,1140,경상남도 합천군
2024-06-01,양파,특,28000.0,40.0,356832,충남 서산시 운산면 갈산리,1035,충청남도 서산시
2018-09-04,양파,하,2002000.0,2100.0,534841,전남 무안군 현경면 가입리,1097,전라남도 무안군
2020-03-24,양파,상,163300.0,426.0,535800,전남 신안군 지도읍,1096,전라남도 신안군
2023-06-12,양파,상,978200.0,1306.5,536000,전라남도 해남군,1098,전라남도 해남군
2023-08-18,양파,특,9450000.0,10500.0,801000,원양산,1170,수입산
2021-02-06,양파,특,10962000.0,6264.0,565000,전라북도 완주군,1107,전라북도 완주군
2023-05-09,양파,보통,192000.0,228.0,678800,경남 합천군 합천읍,1140,경상남도 합천군
2024-06-07,양파,특,16200000.0,18000.0,635000,경상남도 창녕군,1126,경상남도 창녕군
2023-06-09,양파,특,6937500.0,5625.0,534000,전라남도 무안군,1097,전라남도 무안군
2019-05-29,양파,하,180000.0,300.0,534000,전라남도 무안군,1097,전라남도 무안군
2022-08-30,양파,특,23100000.0,28000.0,676000,경상남도 함양군,1139,경상남도 함양군
2018-09-13,양파,특,1894000.0,2140.0,902000,부산광역시 ,1120,부산광역시
2019-03-16,양파,특,216000.0,1440.0,635810,경남 창녕군 유어면,1126,경상남도 창녕군
2024-06-05,양파,특,1992500.0,2625.0,534000,전라남도 무안군,1097,전라남도 무안군
2021-07-22,양파,상,1632000.0,4800.0,717000,경상북도 고령군,1150,경상북도 고령군
2020-02-08,양파,상,30000.0,30.0,471080,경기 구리시 갈매동,1072,경기도 구리시
2024-07-02,양파,특,330000.0,600.0,716000,경상북도 군위군,1149,경상북도 군위군
2018-02-06,양파,특,520000.0,400.0,570130,전북 익산시 목천동,1111,전라북도 익산시
2018-03-24,양파,하,1111500.0,2925.0,770000,경상북도 영천시,1166,경상북도 영천시
2022-04-18,양파,하,552500.0,1020.0,534000,전라남도 무안군,1097,전라남도 무안군
2019-08-29,양파,상,6774500.0,18000.0,635800,경남 창녕군 창녕읍,1126,경상남도 창녕군
2021-07-15,양파,보통,9900000.0,16875.0,534802,전남 무안군 무안읍 교촌리,1097,전라남도 무안군
2025-05-31,양파,상,9450000.0,14000.0,907000,울산광역시 ,1141,울산광역시
2018-11-21,양파,상,3513600.0,11520.0,678000,경상남도 합천군,1140,경상남도 합천군
2019-11-29,양파,특,35000.0,100.0,529804,전남 장흥군 장흥읍 교촌리,1094,전라남도 장흥군
2022-07-19,양파,특,16089100.0,14868.0,534000,전라남도 무안군,1097,전라남도 무안군
2018-01-24,양파,보통,1410000.0,2820.0,666000,경상남도 산청군,1135,경상남도 산청군
2019-04-13,양파,상,80000.0,50.0,138000,서울특별시 송파구,1000,서울특별시
2020-05-05,양파,보통,1740200.0,1695.0,690811,제주 제주시 삼도1동498∼502,1142,제주특별자치도 제주시
2021-10-27,양파,상,378000.0,420.0,711000,대구광역시 달성군,1146,대구광역시
2021-04-02,양파,상,8613000.0,11745.0,548800,전남 고흥군 고흥읍,1104,전라남도 고흥군
2024-01-16,양파,특,1008000.0,800.0,717000,경상북도 고령군,1150,경상북도 고령군
2018-09-11,양파,특,9856500.0,12600.0,534000,전라남도 무안군,1097,전라남도 무안군
2021-01-07,양파,특,5420000.0,3800.0,635800,경남 창녕군 창녕읍,1126,경상남도 창녕군
2019-07-03,양파,하,270000.0,900.0,678000,경상남도 합천군,1140,경상남도 합천군
2025-02-24,양파,하,5134700.0,4968.0,525000,전라남도 함평군,1090,전라남도 함평군
2020-03-03,양파,특,7800000.0,6000.0,678807,경남 합천군 합천읍 합천리  665∼780,1140,경상남도 합천군
2019-12-04,양파,특,10227000.0,13650.0,585000,전라북도 고창군,1115,전라북도 고창군
2020-03-02,양파,특,190890.0,70.0,200140,강원 춘천시 사농동,1001,강원도 춘천시
2021-02-26,양파,특,29338000.0,16000.0,714800,경북 청도군 청도읍,1148,경상북도 청도군
2019-09-04,양파,특,569500.0,1020.0,535000,전라남도 신안군,1096,전라남도 신안군
2023-03-28,양파,특,73823600.0,43035.0,800000,중국,1170,수입산
2021-12-10,양파,특,500000.0,600.0,534000,전라남도 무안군,1097,전라남도 무안군
2025-05-21,양파,특,797500.0,1100.0,636810,경남 의령군 화정면,1127,경상남도 의령군
2022-03-16,양파,보통,885000.0,2250.0,534000,전라남도 무안군,1097,전라남도 무안군
2019-07-30,양파,특,4069200.0,12195.0,535000,전라남도 신안군,1096,전라남도 신안군
2022-06-15,양파,하,5669500.0,5100.0,678000,경상남도 합천군,1140,경상남도 합천군
2021-06-14,양파,특,4590000.0,6120.0,525000,전라남도 함평군,1090,전라남도 함평군
2018-04-17,양파,상,96000.0,240.0,525842,전남 함평군 손불면 대전리,1090,전라남도 함평군
2020-04-14,양파,특,800000.0,500.0,745000,경상북도 문경시,1156,경상북도 문경시
2024-06-10,양파,특,1080000.0,900.0,800000,중국,1170,수입산
2023-05-01,양파,특,2730000.0,1716.0,565907,전북 완주군 봉동읍 장기리,1107,전라북도 완주군
2023-05-23,양파,보통,363000.0,440.0,970000,경상남도 ,1178,경상남도 
2022-04-12,양파,상,2066800.0,2580.0,636000,경상남도 의령군,1127,경상남도 의령군
2024-07-22,양파,상,689000.0,1033.5,740000,경상북도 김천시,1154,경상북도 김천시
2021-06-09,양파,하,1170000.0,2250.0,534000,전라남도 무안군,1097,전라남도 무안군
2023-08-04,양파,특,900000.0,900.0,800000,중국,1170,수입산
2023-06-26,양파,하,1476000.0,1080.0,534000,전라남도 무안군,1097,전라남도 무안군
2019-10-18,양파,특,86000.0,125.0,200140,강원 춘천시 사농동,1001,강원도 춘천시
2023-05-31,양파,하,1500000.0,1125.0,534000,전라남도 무안군,1097,전라남도 무안군
2019-06-24,양파,상,1688800.0,6760.0,585000,전라북도 고창군,1115,전라북도 고창군
2018-04-12,양파,상,740000.0,800.0,517910,전남 담양군 수북면,1087,전라남도 담양군
2020-10-15,양파,특,374400.0,117.0,570600,전북 익산시 익산우체국사서함,1111,전라북도 익산시
2023-05-15,양파,보통,1081500.0,1230.0,534000,전라남도 무안군,1097,전라남도 무안군
2020-12-07,양파,하,1700000.0,1000.0,526000,전라남도 영암군,1091,전라남도 영암군
2021-01-14,양파,하,14256000.0,8640.0,138701,서울 송파구 가락1동  가락농수산물시장 ,1000,서울특별시
2021-11-27,양파,특,2550000.0,3000.0,503310,광주 남구 주월동,1083,광주광역시
2023-09-18,양파,특,75000.0,90.0,534729,전남 무안군 청계면 도림리 목포대학교 ,1097,전라남도 무안군
2020-01-06,양파,보통,2072000.0,2240.0,770000,경상북도 영천시,1166,경상북도 영천시
2018-05-18,양파,특,2437500.0,4875.0,750600,경북 영주시 영주우체국사서함,1157,경상북도 영주시
2018-10-10,양파,특,78000.0,520.0,520810,전남 나주시 노안면,1089,전라남도 나주시
2024-06-21,양파,상,4357000.0,5690.0,902000,부산광역시 ,1120,부산광역시
2023-05-26,양파,보통,8000.0,16.0,534804,전남 무안군 무안읍 성동리,1097,전라남도 무안군
2020-04-20,양파,특,5615000.0,5028.0,950000,전라남도 ,1176,전라남도 
2019-12-16,양파,하,47500.0,75.0,534841,전남 무안군 현경면 가입리,1097,전라남도 무안군
2019-06-14,양파,특,525000.0,2100.0,539000,전라남도 진도군,1099,전라남도 진도군
2021-04-29,양파,보통,107300.0,160.0,730010,경북 구미시 원평동,1153,경상북도 구미시
2022-12-20,양파,특,504000.0,240.0,769800,경북 의성군 의성읍,1165,경상북도 의성군
2021-06-07,양파,특,2168000.0,4480.0,676810,경남 함양군 수동면,1139,경상남도 함양군
2023-04-19,양파,특,1424000.0,1335.0,635820,경남 창녕군 대지면,1126,경상남도 창녕군
2021-04-17,양파,특,105000.0,75.0,561302,전북 전주시 덕진구 송천동2가,1106,전라북도 전주시
2023-12-26,양파,특,1160000.0,1740.0,635000,경상남도 창녕군,1126,경상남도 창녕군
2022-05-20,양파,보통,620000.0,2000.0,529000,전라남도 장흥군,1094,전라남도 장흥군
2021-04-19,양파,특,17241700.0,25092.0,548000,전라남도 고흥군,1104,전라남도 고흥군
2021-08-13,양파,특,228000.0,380.0,380240,충북 충주시 목행동,1046,충청북도 충주시
2020-07-03,양파,특,1235000.0,2080.0,529870,전남 장흥군 관산읍,1094,전라남도 장흥군
2020-04-08,양파,특,15000.0,8.0,570130,전북 익산시 목천동,1111,전라북도 익산시
2020-04-29,양파,특,2040000.0,1200.0,525800,전남 함평군 함평읍,1090,전라남도 함평군
2024-04-16,양파,보통,1702000.0,1776.0,690000,제주도 제주시,1142,제주특별자치도 제주시
2025-05-15,양파,보통,137800.0,30.0,636000,경상남도 의령군,1127,경상남도 의령군
2024-10-10,양파,보통,2782500.0,2250.0,356840,충남 서산시 음암면,1035,충청남도 서산시
2024-01-20,양파,특,6280000.0,4800.0,717000,경상북도 고령군,1150,경상북도 고령군
2018-04-23,양파,하,112000.0,240.0,534000,전라남도 무안군,1097,전라남도 무안군
2025-05-03,양파,특,2187000.0,1800.0,902000,부산광역시 ,1120,부산광역시
2019-04-27,양파,특,2890000.0,2150.0,525800,전남 함평군 함평읍,1090,전라남도 함평군
2021-12-15,양파,보통,144000.0,480.0,520810,전남 나주시 노안면,1089,전라남도 나주시
2024-11-07,양파,보통,720000.0,1200.0,906000,광주광역시 ,1083,광주광역시
2021-06-19,양파,특,1280000.0,1500.0,482000,경기도 양주시,1077,경기도 양주시
2021-06-04,양파,하,60000.0,200.0,637000,경상남도 함안군,1128,경상남도 함안군
2025-05-19,양파,상,802500.0,1125.0,390160,충북 제천시 강제동,1047,충청북도 제천시
2023-05-03,양파,특,8775000.0,10125.0,534840,전남 무안군 현경면,1097,전라남도 무안군
2023-12-07,양파,특,496800.0,720.0,635000,경상남도 창녕군,1126,경상남도 창녕군
2022-06-13,양파,상,595700.0,3107.3,717000,경상북도 고령군,1150,경상북도 고령군
2018-01-17,양파,특,4439000.0,4600.0,635000,경상남도 창녕군,1126,경상남도 창녕군
2021-04-13,양파,상,684000.0,855.0,690600,제주 제주시 제주우체국사서함,1142,제주특별자치도 제주시
2023-06-26,양파,하,288000.0,340.0,740000,경상북도 김천시,1154,경상북도 김천시
2022-05-10,양파,특,76000.0,120.0,403010,인천 부평구 부평동,1049,인천광역시
2021-09-17,양파,보통,750000.0,500.0,745000,경상북도 문경시,1156,경상북도 문경시
2018-08-09,양파,특,1378600.0,2379.0,719000,경상북도 성주군,1152,경상북도 성주군
2022-12-19,양파,특,8020800.0,4320.0,534000,전라남도 무안군,1097,전라남도 무안군
2020-03-06,양파,상,44400.0,20.0,500010,광주 북구 임동,1083,광주광역시
2021-09-16,양파,상,70000.0,150.0,635000,경상남도 창녕군,1126,경상남도 창녕군
2019-12-06,양파,특,330000.0,300.0,482840,경기 양주시 광적면,1077,경기도 양주시
2018-02-24,양파,하,799500.0,975.0,534841,전남 무안군 현경면 가입리,1097,전라남도 무안군
2024-12-04,양파,특,10612500.0,9000.0,534000,전라남도 무안군,1097,전라남도 무안군
2024-11-14,양파,특,4641000.0,3900.0,565000,전라북도 완주군,1107,전라북도 완주군
2022-04-16,양파,특,3166200.0,4740.0,516860,전남 곡성군 삼기면,1086,전라남도 곡성군
2018-06-02,양파,특,915200.0,2080.0,635000,경상남도 창녕군,1126,경상남도 창녕군
2023-04-22,양파,특,4940000.0,4400.0,635805,경남 창녕군 창녕읍 교하리,1126,경상남도 창녕군
2021-04-30,양파,보통,132300.0,420.0,980000,경상북도 ,1179,경상북도 
2023-04-24,양파,하,662400.0,1080.0,690000,제주도 제주시,1142,제주특별자치도 제주시
2024-01-20,양파,상,3600000.0,5000.0,636000,경상남도 의령군,1127,경상남도 의령군
2020-07-22,양파,특,2490000.0,3000.0,456000,경기도 안성시,1067,경기도 안성시
2021-07-09,양파,특,1365000.0,1950.0,456000,경기도 안성시,1067,경기도 안성시
2019-09-20,양파,특,2907000.0,6460.0,711870,대구 달성군 현풍면,1146,대구광역시
2020-10-26,양파,특,1271000.0,1300.0,635808,경남 창녕군 창녕읍 여초리,1126,경상남도 창녕군
2023-12-12,양파,보통,3094000.0,3900.0,565907,전북 완주군 봉동읍 장기리,1107,전라북도 완주군
2022-05-23,양파,상,736000.0,3422.4,550010,전남 여수시 덕충동,1105,전라남도 여수시
2019-06-08,양파,특,5040800.0,13680.0,500120,광주 북구 각화동,1083,광주광역시
2018-09-20,양파,특,2565200.0,4240.0,635808,경남 창녕군 창녕읍 여초리,1126,경상남도 창녕군
2018-05-16,양파,하,150000.0,600.0,730000,경상북도 구미시,1153,경상북도 구미시
2022-06-18,양파,상,410400.0,1404.0,635000,경상남도 창녕군,1126,경상남도 창녕군
2023-03-06,양파,특,8106000.0,6300.0,800000,중국,1170,수입산
2022-04-14,양파,특,416000.0,960.0,770000,경상북도 영천시,1166,경상북도 영천시
2022-12-21,양파,특,56000.0,30.0,630000,경상남도 창원시 마산회원구,1124,경상남도 창원시
2021-02-03,양파,특,1315000.0,400.0,469000,경기도 여주군,1071,경기도 여주군
2022-03-07,양파,특,358400.0,960.0,570130,전북 익산시 목천동,1111,전라북도 익산시
2022-05-13,양파,상,130500.0,189.0,660950,경남 진주시 명석면,1133,경상남도 진주시
2024-06-24,양파,상,42000.0,50.0,220100,강원 원주시 단계동,1008,강원도 원주시
2020-07-29,양파,상,1120000.0,1050.0,745852,경북 문경시 영순면 김용리,1156,경상북도 문경시
2021-04-26,양파,특,36789900.0,53865.0,534000,전라남도 무안군,1097,전라남도 무안군
2021-06-09,양파,특,2388000.0,3940.2,678000,경상남도 합천군,1140,경상남도 합천군
2019-04-30,양파,특,1296000.0,1620.0,635903,경남 창녕군 남지읍 남지리,1126,경상남도 창녕군
2023-12-15,양파,특,15840000.0,14040.0,980000,경상북도 ,1179,경상북도 
2024-11-09,양파,특,4624000.0,4080.0,525000,전라남도 함평군,1090,전라남도 함평군
2024-11-05,양파,특,1097700.0,1540.0,660200,경남 진주시 옥봉동,1133,경상남도 진주시
2019-01-28,양파,특,5745600.0,15120.0,706820,대구 수성구 범어2동147∼188,1146,대구광역시
2020-05-26,양파,상,137200.0,90.0,500010,광주 북구 임동,1083,광주광역시
2020-02-08,양파,특,765000.0,1020.0,525800,전남 함평군 함평읍,1090,전라남도 함평군
2022-12-30,양파,보통,7875000.0,8250.0,618807,부산 강서구 대저2동1001∼2507,1120,부산광역시
2021-04-30,양파,상,983100.0,1740.0,500120,광주 북구 각화동,1083,광주광역시
2018-05-15,양파,상,2744000.0,5600.0,990000,제주도 ,1180,제주도 
2023-02-15,양파,특,7966000.0,5250.0,579000,전라북도 부안군,1114,전라북도 부안군
2021-06-09,양파,보통,6000.0,20.0,548000,전라남도 고흥군,1104,전라남도 고흥군
2019-07-25,양파,보통,28500.0,380.0,627110,경남 밀양시 가곡동,1123,경상남도 밀양시
2021-08-10,양파,특,1960000.0,2880.0,750000,경상북도 영주시,1157,경상북도 영주시
2020-05-16,양파,상,2180000.0,2125.5,630000,경상남도 창원시 마산회원구,1124,경상남도 창원시
2020-12-29,양파,보통,2715600.0,2300.0,770000,경상북도 영천시,1166,경상북도 영천시
2024-11-06,양파,보통,405000.0,600.0,907000,울산광역시 ,1141,울산광역시
2019-01-09,양파,상,1507000.0,2740.0,678000,경상남도 합천군,1140,경상남도 합천군
2024-07-17,양파,특,2337000.0,2952.0,357000,충청남도 태안군,1036,충청남도 태안군
2022-06-23,양파,상,2179900.0,3060.0,513000,전라남도 영광군,1084,전라남도 영광군
2021-05-27,양파,특,77000.0,70.0,356010,충남 서산시 동문동,1035,충청남도 서산시
2023-10-13,양파,특,625000.0,500.0,580910,전북 정읍시 감곡면,1116,전라북도 정읍시
2025-04-11,양파,특,4810000.0,5850.0,800000,중국,1170,수입산
2019-01-10,양파,특,126000.0,150.0,565907,전북 완주군 봉동읍 장기리,1107,전라북도 완주군
2019-07-31,양파,특,126250.0,50.0,200140,강원 춘천시 사농동,1001,강원도 춘천시
2020-04-23,양파,특,2949500.0,3060.0,579000,전라북도 부안군,1114,전라북도 부안군
2022-05-31,양파,특,700000.0,1240.0,901000,서울특별시 ,1000,서울특별시
2024-05-20,양파,특,1955000.0,2040.0,534000,전라남도 무안군,1097,전라남도 무안군
2018-08-27,양파,특,101200.0,120.0,200140,강원 춘천시 사농동,1001,강원도 춘천시
2019-07-08,양파,보통,198000.0,450.0,714000,경상북도 청도군,1148,경상북도 청도군
2024-05-20,양파,특,2699700.0,3360.0,902000,부산광역시 ,1120,부산광역시
2022-10-22,양파,특,7488000.0,5400.0,636800,경남 의령군 의령읍,1127,경상남도 의령군
2024-07-06,양파,보통,36000.0,240.0,536830,전남 해남군 계곡면,1098,전라남도 해남군
2018-02-22,양파,특,3300000.0,3000.0,567800,전북 진안군 진안읍,1109,전라북도 진안군
2019-02-08,양파,하,833000.0,10200.0,535000,전라남도 신안군,1096,전라남도 신안군
2024-10-15,양파,특,7972800.0,8170.5,717000,경상북도 고령군,1150,경상북도 고령군
2025-04-28,양파,특,1955000.0,1700.0,597000,전라북도 장수군,1119,전라북도 장수군
2025-01-11,양파,특,486000.0,330.0,769800,경북 의성군 의성읍,1165,경상북도 의성군
2022-08-23,양파,특,9331200.0,5280.0,534000,전라남도 무안군,1097,전라남도 무안군
2023-09-09,양파,특,3240000.0,3000.0,636000,경상남도 의령군,1127,경상남도 의령군
2025-03-31,양파,상,8130100.0,4515.0,697000,제주도 서귀포시,1144,제주특별자치도 서귀포시
2021-10-19,양파,특,10678500.0,13680.0,716000,경상북도 군위군,1149,경상북도 군위군
2021-06-18,양파,특,4303400.0,5895.0,525000,전라남도 함평군,1090,전라남도 함평군
2021-06-28,양파,상,5500.0,20.0,730800,경북 구미시 선산읍,1153,경상북도 구미시
2020-09-25,양파,보통,107510.0,760.0,906000,광주광역시 ,1083,광주광역시
2021-07-10,양파,특,450000.0,750.0,356000,충청남도 서산시,1035,충청남도 서산시
2021-10-22,양파,상,1067800.0,1188.0,561302,전북 전주시 덕진구 송천동2가,1106,전라북도 전주시
2018-07-13,양파,특,1032000.0,1200.0,534000,전라남도 무안군,1097,전라남도 무안군
2025-05-20,양파,특,1410000.0,900.0,769800,경북 의성군 의성읍,1165,경상북도 의성군
2020-04-25,양파,특,1158300.0,1716.0,536880,전남 해남군 화원면,1098,전라남도 해남군
2024-08-10,양파,보통,1365000.0,1560.0,678000,경상남도 합천군,1140,경상남도 합천군
2021-12-16,양파,특,2653500.0,6100.0,757000,경상북도 예천군,1159,경상북도 예천군
2024-04-18,양파,특,600000.0,250.0,690000,제주도 제주시,1142,제주특별자치도 제주시
2018-02-23,양파,특,462000.0,440.0,570130,전북 익산시 목천동,1111,전라북도 익산시
2023-04-20,양파,특,465000.0,1125.0,548000,전라남도 고흥군,1104,전라남도 고흥군
2019-02-20,양파,상,5500000.0,10000.0,635000,경상남도 창녕군,1126,경상남도 창녕군
2024-04-01,양파,하,12792500.0,14280.0,525000,전라남도 함평군,1090,전라남도 함평군
2024-11-09,양파,상,384000.0,320.0,450010,경기 평택시 평택동,1066,경기도 평택시
2024-04-27,양파,하,378750.0,250.0,200140,강원 춘천시 사농동,1001,강원도 춘천시
2018-07-13,양파,특,297000.0,900.0,536860,전남 해남군 황산면,1098,전라남도 해남군
2019-04-29,양파,보통,943500.0,2220.0,548000,전라남도 고흥군,1104,전라남도 고흥군
2019-06-21,양파,특,510000.0,900.0,635000,경상남도 창녕군,1126,경상남도 창녕군
2021-04-05,양파,상,1520000.0,600.0,138000,서울특별시 송파구,1000,서울특별시
2021-03-25,양파,하,2280000.0,2100.0,534000,전라남도 무안군,1097,전라남도 무안군
2023-05-05,양파,보통,2333250.0,2040.0,534000,전라남도 무안군,1097,전라남도 무안군
2019-06-04,양파,특,152440.0,240.0,380090,충북 충주시 용산동,1046,충청북도 충주시
2023-10-24,양파,특,9100000.0,10500.0,800000,중국,1170,수입산
2023-07-03,양파,상,207900.0,220.0,718830,경북 칠곡군 석적읍,1151,경상북도 칠곡군
2019-11-22,양파,특,635000.0,1000.0,456000,경기도 안성시,1067,경기도 안성시
2018-12-14,양파,상,7200.0,40.0,660860,경남 진주시 일반성면,1133,경상남도 진주시
2018-04-02,양파,특,945000.0,1260.0,580814,전북 정읍시 북면 장학리,1116,전라북도 정읍시
2018-06-12,양파,특,2732500.0,4260.0,906000,광주광역시 ,1083,광주광역시
2019-01-10,양파,보통,3818400.0,6980.0,320000,충청남도 논산시,1022,충청남도 논산시
2023-06-16,양파,특,1082400.0,1968.0,534000,전라남도 무안군,1097,전라남도 무안군
2024-06-08,양파,특,917000.0,2480.0,534814,전남 무안군 몽탄면 당호리,1097,전라남도 무안군
2024-07-08,양파,특,12574000.0,18000.0,636000,경상남도 의령군,1127,경상남도 의령군
2024-09-02,양파,특,504000.0,840.0,716852,경북 군위군 산성면 운산리,1149,경상북도 군위군
2019-06-13,양파,특,1034800.0,3980.0,678000,경상남도 합천군,1140,경상남도 합천군
2023-07-28,양파,특,5334000.0,6300.0,800000,중국,1170,수입산
2025-03-04,양파,하,26520000.0,14280.0,534000,전라남도 무안군,1097,전라남도 무안군
2019-06-28,양파,특,40000.0,20.0,730811,경북 구미시 고아읍 관심리,1153,경상북도 구미시
2020-05-26,양파,특,73415900.0,154575.0,534000,전라남도 무안군,1097,전라남도 무안군
2022-12-26,양파,특,5811200.0,3840.0,676000,경상남도 함양군,1139,경상남도 함양군
2019-03-15,양파,특,1200000.0,1600.0,635943,경남 창녕군 대합면 모전리,1126,경상남도 창녕군
2019-06-13,양파,특,715400.0,2180.0,717800,경북 고령군 고령읍,1150,경상북도 고령군
2019-04-10,양파,특,9345000.0,8400.0,525800,전남 함평군 함평읍,1090,전라남도 함평군
2021-04-29,양파,보통,140400.0,360.0,635000,경상남도 창녕군,1126,경상남도 창녕군
2020-06-24,양파,특,441000.0,980.0,535920,전남 신안군 장산면,1096,전라남도 신안군
2023-04-08,양파,상,5572200.0,3765.0,550600,전남 여수시 여수우체국사서함,1105,전라남도 여수시
2020-05-02,양파,특,29670.0,30.0,471080,경기 구리시 갈매동,1072,경기도 구리시
2024-05-20,양파,보통,280000.0,800.0,535800,전남 신안군 지도읍,1096,전라남도 신안군
2021-07-14,양파,특,207000.0,460.0,740000,경상북도 김천시,1154,경상북도 김천시
2019-08-07,양파,특,1123200.0,2160.0,902000,부산광역시 ,1120,부산광역시
2024-04-29,양파,상,135000.0,210.0,555040,전남 여수시 선원동,1105,전라남도 여수시
2018-08-16,양파,특,926500.0,2180.0,718000,경상북도 칠곡군,1151,경상북도 칠곡군
2019-01-21,양파,특,260000.0,1200.0,534729,전남 무안군 청계면 도림리 목포대학교 ,1097,전라남도 무안군
2024-08-28,양파,특,13188000.0,11200.0,343000,충청남도 당진시,1031,충청남도 당진시
2020-03-26,양파,특,1498700.0,2256.0,520833,전남 나주시 산포면 산제리,1089,전라남도 나주시
2020-01-28,양파,특,133000.0,140.0,902000,부산광역시 ,1120,부산광역시
2021-04-28,양파,특,31483000.0,49200.0,534000,전라남도 무안군,1097,전라남도 무안군
2023-02-04,양파,특,731500.0,570.0,730010,경북 구미시 원평동,1153,경상북도 구미시
2019-07-19,양파,특,897500.0,2000.0,730000,경상북도 구미시,1153,경상북도 구미시
2018-06-19,양파,상,926000.0,5678.5,635800,경남 창녕군 창녕읍,1126,경상남도 창녕군
2021-05-11,양파,상,1470000.0,1400.0,635000,경상남도 창녕군,1126,경상남도 창녕군
2018-07-03,양파,상,1325100.0,2100.0,456000,경기도 안성시,1067,경기도 안성시
2018-12-07,양파,특,1700000.0,2000.0,356844,충남 서산시 음암면 성암리,1035,충청남도 서산시
2020-07-25,양파,상,367500.0,500.0,356980,충남 서산시 팔봉면,1035,충청남도 서산시
2021-04-27,양파,상,5250000.0,7350.0,769700,경북 의성군 의성읍  의성군청 ,1165,경상북도 의성군
2019-05-31,양파,보통,92700.0,180.0,719000,경상북도 성주군,1152,경상북도 성주군
2022-01-24,양파,하,2640000.0,5625.0,534000,전라남도 무안군,1097,전라남도 무안군
2024-01-15,양파,특,13331200.0,12480.0,525000,전라남도 함평군,1090,전라남도 함평군
2022-06-18,양파,하,695500.0,975.0,565000,전라북도 완주군,1107,전라북도 완주군
2019-05-25,양파,특,6769000.0,14080.0,534870,전남 무안군 해제면,1097,전라남도 무안군
2024-01-31,양파,특,31428900.0,30285.0,534000,전라남도 무안군,1097,전라남도 무안군
2021-04-15,양파,상,647100.0,1732.0,548000,전라남도 고흥군,1104,전라남도 고흥군
2023-10-20,양파,특,580000.0,1000.0,730000,경상북도 구미시,1153,경상북도 구미시
2020-08-26,양파,특,270000.0,200.0,534000,전라남도 무안군,1097,전라남도 무안군
2022-08-27,양파,특,3029500.0,2988.0,535000,전라남도 신안군,1096,전라남도 신안군
2018-06-11,양파,특,56000.0,100.0,340860,충남 예산군 신암면,1030,충청남도 예산군
2020-09-22,양파,특,2924000.0,3400.0,534000,전라남도 무안군,1097,전라남도 무안군
2021-04-12,양파,상,30000.0,60.0,556820,전남 여수시 화양면,1105,전라남도 여수시
2018-02-22,양파,특,9486000.0,11220.0,534811,전남 무안군 몽탄면 구산리,1097,전라남도 무안군
2018-08-23,양파,특,430500.0,820.0,635700,경남 창녕군 창녕읍  창녕군청 ,1126,경상남도 창녕군
2023-02-15,양파,상,2520000.0,2000.0,641921,경남 창원시 대산면 가술리,1124,경상남도 창원시
2023-05-29,양파,상,1914000.0,1696.5,717000,경상북도 고령군,1150,경상북도 고령군
2019-11-23,양파,특,352000.0,960.0,534000,전라남도 무안군,1097,전라남도 무안군
2024-06-12,양파,특,10702500.0,10695.0,570930,전북 익산시 여산면,1111,전라북도 익산시
2022-07-28,양파,특,2150000.0,1720.0,635000,경상남도 창녕군,1126,경상남도 창녕군
2021-05-28,양파,특,1995000.0,4500.0,530600,전남 목포시 목포우체국사서함,1095,전라남도 목포시
2021-06-25,양파,특,1926000.0,3600.0,717000,경상북도 고령군,1150,경상북도 고령군
2018-12-05,양파,특,1319500.0,1950.0,476000,경기도 양평군,1074,경기도 양평군
2020-11-06,양파,상,2520000.0,2000.0,678000,경상남도 합천군,1140,경상남도 합천군
2020-06-23,양파,특,8085000.0,19080.0,525830,전남 함평군 대동면,1090,전라남도 함평군
2022-06-09,양파,특,16658000.0,15980.0,529000,전라남도 장흥군,1094,전라남도 장흥군
2021-12-30,양파,특,2120000.0,2400.0,717000,경상북도 고령군,1150,경상북도 고령군
2023-08-24,양파,특,1575000.0,1125.0,534000,전라남도 무안군,1097,전라남도 무안군
2018-05-30,양파,특,3014000.0,5617.0,548800,전남 고흥군 고흥읍,1104,전라남도 고흥군
2018-06-25,양파,특,10964400.0,27720.0,678000,경상남도 합천군,1140,경상남도 합천군
2021-07-29,양파,특,1212000.0,2020.0,716000,경상북도 군위군,1149,경상북도 군위군
2021-06-10,양파,상,483000.0,920.0,471080,경기 구리시 갈매동,1072,경기도 구리시
2022-10-17,양파,특,3487500.0,2250.0,745600,경북 문경시 문경우체국사서함,1156,경상북도 문경시
2019-06-28,양파,특,546000.0,1365.0,350900,충남 홍성군 광천읍,1033,충청남도 홍성군
2022-07-15,양파,상,936000.0,960.0,520810,전남 나주시 노안면,1089,전라남도 나주시
2024-09-05,양파,특,56000.0,240.0,901000,서울특별시 ,1000,서울특별시
2024-02-03,양파,특,3421800.0,3036.0,534000,전라남도 무안군,1097,전라남도 무안군
2021-12-25,양파,특,822000.0,1200.0,579000,전라북도 부안군,1114,전라북도 부안군
2021-04-07,양파,상,3800000.0,3040.0,668800,경남 남해군 남해읍,1137,경상남도 남해군
2018-05-08,양파,상,290400.0,462.0,690050,제주 제주시 건입동,1142,제주특별자치도 제주시
2019-06-27,양파,하,19800.0,45.0,534841,전남 무안군 현경면 가입리,1097,전라남도 무안군
2023-07-22,양파,특,600000.0,300.0,350000,충청남도 홍성군,1033,충청남도 홍성군
2018-09-03,양파,특,147000.0,399.0,702825,대구 북구 매천동1∼594,1146,대구광역시
2025-02-15,양파,특,441000.0,210.0,769800,경북 의성군 의성읍,1165,경상북도 의성군
2023-07-03,양파,특,1142500.0,915.0,330280,충남 천안시 신당동,1026,충청남도 천안시
2019-03-15,양파,상,227500.0,364.0,548920,전남 고흥군 도덕면,1104,전라남도 고흥군
2020-07-06,양파,특,252300.0,580.0,637000,경상남도 함안군,1128,경상남도 함안군
2020-05-28,양파,특,23766.0,30.0,471080,경기 구리시 갈매동,1072,경기도 구리시
2018-03-09,양파,하,45000.0,300.0,636964,경남 의령군 부림면 신반리,1127,경상남도 의령군
2024-06-22,양파,상,176000.0,320.0,513900,전남 영광군 백수읍,1084,전라남도 영광군
2024-03-04,양파,특,1197900.0,1080.0,680010,울산 남구 신정동,1141,울산광역시
2020-10-28,양파,특,1071000.0,1020.0,534000,전라남도 무안군,1097,전라남도 무안군
2018-04-17,양파,특,10063000.0,14520.0,690000,제주도 제주시,1142,제주특별자치도 제주시
2022-08-02,양파,특,270000.0,150.0,534000,전라남도 무안군,1097,전라남도 무안군
2018-10-05,양파,상,364000.0,1400.0,742600,경북 상주시 상주우체국사서함,1155,경상북도 상주시
2023-04-24,양파,상,2730000.0,3640.0,548930,전남 고흥군 금산면,1104,전라남도 고흥군
2019-06-12,양파,보통,4400.0,20.0,730360,경북 구미시 진평동,1153,경상북도 구미시
2019-02-21,양파,특,920000.0,4000.0,717000,경상북도 고령군,1150,경상북도 고령군
2019-04-17,양파,특,5312500.0,5950.0,612810,부산 해운대구 반여1동1409∼1411,1120,부산광역시
2021-11-03,양파,보통,37600.0,80.0,714000,경상북도 청도군,1148,경상북도 청도군
2019-05-22,양파,하,390000.0,450.0,635000,경상남도 창녕군,1126,경상남도 창녕군
2022-12-08,양파,특,3430000.0,3150.0,579000,전라북도 부안군,1114,전라북도 부안군
2018-12-26,양파,특,80000.0,150.0,565701,전북 완주군 삼례읍  우석대학교 ,1107,전라북도 완주군
2022-05-12,양파,상,2175600.0,3920.0,902000,부산광역시 ,1120,부산광역시
2022-10-21,양파,하,6300000.0,4500.0,534000,전라남도 무안군,1097,전라남도 무안군
2020-11-05,양파,특,5296000.0,4000.0,717000,경상북도 고령군,1150,경상북도 고령군
2019-12-16,양파,특,1394000.0,2040.0,525000,전라남도 함평군,1090,전라남도 함평군
2020-08-24,양파,하,4387950.0,4044.0,534000,전라남도 무안군,1097,전라남도 무안군
2023-10-27,양파,하,1792000.0,1600.0,717000,경상북도 고령군,1150,경상북도 고령군
2020-08-29,양파,특,30240000.0,32000.0,676000,경상남도 함양군,1139,경상남도 함양군
2021-11-26,양파,특,2540000.0,4000.0,635000,경상남도 창녕군,1126,경상남도 창녕군
2022-11-15,양파,특,698000.0,320.0,641111,경남 창원시 가음동,1124,경상남도 창원시
2022-05-25,양파,특,4200000.0,6300.0,745850,경북 문경시 영순면,1156,경상북도 문경시
2023-06-28,양파,특,8295000.0,11060.0,635000,경상남도 창녕군,1126,경상남도 창녕군
2020-02-01,양파,특,2941000.0,3460.0,635000,경상남도 창녕군,1126,경상남도 창녕군
2024-06-07,양파,보통,40000.0,96.0,534000,전라남도 무안군,1097,전라남도 무안군
2023-07-10,양파,특,13440000.0,9600.0,534000,전라남도 무안군,1097,전라남도 무안군
2019-12-03,양파,특,1524000.0,1800.0,769970,경북 의성군 다인면,1165,경상북도 의성군
2021-02-25,양파,상,7200000.0,4000.0,548701,전남 고흥군 도양읍  주공아파트 ,1104,전라남도 고흥군
2023-02-14,양파,하,8167500.0,6750.0,534000,전라남도 무안군,1097,전라남도 무안군
2023-05-04,양파,상,3349600.0,3128.4,600010,부산 중구 중앙동,1120,부산광역시
2018-03-24,양파,특,3000000.0,10000.0,716822,경북 군위군 효령면 고곡리,1149,경상북도 군위군
2023-06-27,양파,하,214200.0,340.0,757800,경북 예천군 예천읍,1159,경상북도 예천군
2018-07-03,양파,보통,46500.0,620.0,356890,충남 서산시 부석면,1035,충청남도 서산시
2024-09-03,양파,하,450000.0,1125.0,534000,전라남도 무안군,1097,전라남도 무안군
2024-06-26,양파,특,60000.0,80.0,320930,충남 논산시 상월면,1022,충청남도 논산시
2019-01-15,양파,특,2565000.0,6480.0,585000,전라북도 고창군,1115,전라북도 고창군
2020-01-02,양파,특,337500.0,540.0,660600,경남 진주시 진주우체국사서함,1133,경상남도 진주시
2020-05-25,양파,특,770000.0,1400.0,536860,전남 해남군 황산면,1098,전라남도 해남군
2018-07-21,양파,하,250000.0,1500.0,745000,경상북도 문경시,1156,경상북도 문경시
2019-01-22,양파,특,8260000.0,14700.0,676000,경상남도 함양군,1139,경상남도 함양군
2019-10-30,양파,특,4820800.0,10375.2,678000,경상남도 합천군,1140,경상남도 합천군
2019-03-23,양파,특,263500.0,465.0,635000,경상남도 창녕군,1126,경상남도 창녕군
2024-06-15,양파,보통,1215000.0,2250.0,534000,전라남도 무안군,1097,전라남도 무안군
2018-11-26,양파,하,490000.0,2100.0,970000,경상남도 ,1178,경상남도 
2023-03-18,양파,특,378000.0,420.0,550600,전남 여수시 여수우체국사서함,1105,전라남도 여수시
2020-07-25,양파,하,3532000.0,4000.0,717000,경상북도 고령군,1150,경상북도 고령군
2022-03-08,양파,특,1020000.0,1275.0,565000,전라북도 완주군,1107,전라북도 완주군
2023-07-13,양파,상,66000.0,100.0,730010,경북 구미시 원평동,1153,경상북도 구미시
2021-07-09,양파,상,792000.0,1760.0,627000,경상남도 밀양시,1123,경상남도 밀양시
2022-06-18,양파,특,7117500.0,4875.0,676804,경남 함양군 함양읍 백천리,1139,경상남도 함양군
2021-08-13,양파,특,6570.0,5.0,200140,강원 춘천시 사농동,1001,강원도 춘천시
2019-09-30,양파,특,4394000.0,10725.0,750000,경상북도 영주시,1157,경상북도 영주시
2018-11-19,양파,특,257250.0,400.0,138701,서울 송파구 가락1동  가락농수산물시장 ,1000,서울특별시
2023-04-01,양파,보통,20100000.0,20250.0,548000,전라남도 고흥군,1104,전라남도 고흥군
2020-10-08,양파,상,248600.0,220.0,520810,전남 나주시 노안면,1089,전라남도 나주시
2020-03-31,양파,상,39000.0,60.0,565907,전북 완주군 봉동읍 장기리,1107,전라북도 완주군
2020-06-01,양파,상,20800.0,40.0,730370,경북 구미시 거의동,1153,경상북도 구미시
2020-04-18,양파,보통,1105000.0,1020.0,513000,전라남도 영광군,1084,전라남도 영광군
2022-06-27,양파,상,456000.0,960.0,635000,경상남도 창녕군,1126,경상남도 창녕군
2024-07-04,양파,보통,695500.0,975.0,565907,전북 완주군 봉동읍 장기리,1107,전라북도 완주군
2020-11-24,양파,상,13680000.0,12000.0,769000,경상북도 의성군,1165,경상북도 의성군
2023-07-05,양파,특,202000.0,150.0,200140,강원 춘천시 사농동,1001,강원도 춘천시
2020-06-04,양파,특,3285300.0,4248.0,441833,경기 수원시 권선구 권선동1229∼1234,1062,경기도 수원시
2018-07-17,양파,특,2994900.0,6280.0,356980,충남 서산시 팔봉면,1035,충청남도 서산시
2018-11-08,양파,특,2981500.0,3060.0,525000,전라남도 함평군,1090,전라남도 함평군
2020-11-25,양파,특,1330000.0,3150.0,534000,전라남도 무안군,1097,전라남도 무안군
2023-12-09,양파,특,8865500.0,7665.0,770000,경상북도 영천시,1166,경상북도 영천시
2020-04-20,양파,보통,1485000.0,1320.0,513000,전라남도 영광군,1084,전라남도 영광군
2019-06-17,양파,특,1134000.0,5400.0,718910,경북 칠곡군 가산면,1151,경상북도 칠곡군
2020-12-02,양파,특,5000.0,10.0,565907,전북 완주군 봉동읍 장기리,1107,전라북도 완주군
2024-01-03,양파,특,13920000.0,15600.0,676000,경상남도 함양군,1139,경상남도 함양군
2020-06-12,양파,특,13000.0,40.0,570600,전북 익산시 익산우체국사서함,1111,전라북도 익산시
2019-09-04,양파,특,996670.0,2016.0,680010,울산 남구 신정동,1141,울산광역시
2018-10-11,양파,특,16000.0,40.0,565900,전북 완주군 봉동읍,1107,전라북도 완주군
2020-01-15,양파,상,300000.0,340.0,570600,전북 익산시 익산우체국사서함,1111,전라북도 익산시
2023-06-12,양파,특,10100.0,5.0,200140,강원 춘천시 사농동,1001,강원도 춘천시
2022-04-28,양파,상,105000.0,100.0,730850,경북 구미시 산동면,1153,경상북도 구미시
2020-06-22,양파,보통,591500.0,1380.0,570130,전북 익산시 목천동,1111,전라북도 익산시
2019-09-25,양파,하,2535400.0,5568.0,471080,경기 구리시 갈매동,1072,경기도 구리시
2018-05-14,양파,보통,162000.0,400.0,730820,경북 구미시 무을면,1153,경상북도 구미시
2022-06-09,양파,하,13313800.0,13890.0,534000,전라남도 무안군,1097,전라남도 무안군
2019-04-13,양파,상,9000000.0,8220.0,534729,전남 무안군 청계면 도림리 목포대학교 ,1097,전라남도 무안군
2019-06-11,양파,특,426000.0,1420.0,950000,전라남도 ,1176,전라남도 
2019-04-12,양파,특,955500.0,780.0,903000,대구광역시 ,1146,대구광역시
2018-12-12,양파,하,15110400.0,36264.0,525000,전라남도 함평군,1090,전라남도 함평군
2019-03-22,양파,상,536980.0,660.0,500010,광주 북구 임동,1083,광주광역시
2019-09-27,양파,특,45000.0,150.0,660600,경남 진주시 진주우체국사서함,1133,경상남도 진주시
2024-04-29,양파,상,8987500.0,6493.5,717000,경상북도 고령군,1150,경상북도 고령군
2022-05-28,양파,보통,512000.0,768.0,534000,전라남도 무안군,1097,전라남도 무안군
2018-08-04,양파,상,2006000.0,3315.0,678800,경남 합천군 합천읍,1140,경상남도 합천군
2020-11-20,양파,하,4080000.0,3060.0,534000,전라남도 무안군,1097,전라남도 무안군
2018-07-02,양파,특,55000.0,100.0,590951,전북 남원시 금지면 귀석리,1117,전라북도 남원시
2022-05-02,양파,특,1716000.0,2470.0,527800,전남 강진군 강진읍,1092,전라남도 강진군
2024-06-26,양파,상,66000.0,110.0,525000,전라남도 함평군,1090,전라남도 함평군
2023-06-09,양파,특,2925000.0,3900.0,717000,경상북도 고령군,1150,경상북도 고령군
2023-12-09,양파,상,615000.0,750.0,561302,전북 전주시 덕진구 송천동2가,1106,전라북도 전주시
2022-12-07,양파,특,3272500.0,2040.0,357000,충청남도 태안군,1036,충청남도 태안군
2020-05-25,양파,특,163200.0,272.0,546000,전라남도 보성군,1103,전라남도 보성군
2023-09-11,양파,특,169000.0,200.0,740951,경북 김천시 대덕면 가례리,1154,경상북도 김천시
2021-12-08,양파,특,10000000.0,20000.0,330600,충남 천안시 동남구 천안우체국사서함,1026,충청남도 천안시
2024-04-10,양파,보통,1727000.0,2685.0,548931,전남 고흥군 금산면 대흥리,1104,전라남도 고흥군
2023-06-15,양파,특,13704000.0,13600.0,717000,경상북도 고령군,1150,경상북도 고령군
2019-01-03,양파,상,5846600.0,14260.0,635800,경남 창녕군 창녕읍,1126,경상남도 창녕군
2020-12-15,양파,특,4920000.0,4800.0,770000,경상북도 영천시,1166,경상북도 영천시
2023-06-13,양파,상,4111200.0,5340.0,757000,경상북도 예천군,1159,경상북도 예천군
2023-12-01,양파,상,4978000.0,5240.0,678805,경남 합천군 합천읍 합천리  781∼850,1140,경상남도 합천군
2019-09-03,양파,상,1267500.0,2925.0,579000,전라북도 부안군,1114,전라북도 부안군
2020-01-14,양파,보통,578600.0,690.0,770000,경상북도 영천시,1166,경상북도 영천시
2021-08-06,양파,특,11440000.0,16000.0,612810,부산 해운대구 반여1동1409∼1411,1120,부산광역시
2022-12-12,양파,특,7525000.0,5250.0,678700,경남 합천군 합천읍 합천리 합천군청 ,1140,경상남도 합천군
2022-05-09,양파,하,2512500.0,5625.0,534000,전라남도 무안군,1097,전라남도 무안군
2023-06-28,양파,특,2677000.0,3732.0,534000,전라남도 무안군,1097,전라남도 무안군
2024-11-05,양파,특,19321900.0,18213.0,678000,경상남도 합천군,1140,경상남도 합천군
2021-07-26,양파,특,153000.0,340.0,314600,충남 공주시 공주우체국사서함,1021,충청남도 공주시
2019-02-26,양파,특,1896000.0,9480.0,503839,광주 남구 주월1동1180∼1190,1083,광주광역시
2019-01-10,양파,보통,3400000.0,10000.0,635000,경상남도 창녕군,1126,경상남도 창녕군
2023-05-08,양파,특,30000.0,20.0,901000,서울특별시 ,1000,서울특별시
2021-12-03,양파,하,11700.0,15.0,534841,전남 무안군 현경면 가입리,1097,전라남도 무안군
2021-04-03,양파,특,5948400.0,4680.0,525000,전라남도 함평군,1090,전라남도 함평군
2018-06-14,양파,특,278300.0,460.0,570130,전북 익산시 목천동,1111,전라북도 익산시
2024-09-10,양파,하,6630000.0,8160.0,526000,전라남도 영암군,1091,전라남도 영암군
2024-06-18,양파,상,162000.0,540.0,636911,경남 의령군 용덕면 가락리,1127,경상남도 의령군
2023-07-13,양파,상,4409700.0,5980.0,635800,경남 창녕군 창녕읍,1126,경상남도 창녕군
2018-12-10,양파,특,810000.0,3240.0,534800,전남 무안군 무안읍,1097,전라남도 무안군
2021-12-10,양파,상,585000.0,900.0,336600,충남 아산시 아산우체국사서함,1027,충청남도 아산시
2022-02-25,양파,특,210000.0,1050.0,456931,경기 안성시 양성면 구장리,1067,경기도 안성시
2019-03-20,양파,상,93300.0,105.0,500010,광주 북구 임동,1083,광주광역시
2024-05-17,양파,특,48480.0,28.0,200140,강원 춘천시 사농동,1001,강원도 춘천시
2019-09-24,양파,보통,1365000.0,3150.0,970000,경상남도 ,1178,경상남도 
2023-07-25,양파,하,595000.0,1020.0,565000,전라북도 완주군,1107,전라북도 완주군
2018-05-12,양파,하,3680400.0,6705.0,471080,경기 구리시 갈매동,1072,경기도 구리시
2018-06-07,양파,상,93500.0,220.0,711711,대구 달성군 논공읍  대동공업 ,1146,대구광역시
2024-08-12,양파,특,2860000.0,2600.0,635812,경남 창녕군 유어면 광산리,1126,경상남도 창녕군
2025-02-04,양파,특,21000.0,10.0,716000,경상북도 군위군,1149,경상북도 군위군
2021-08-27,양파,하,539500.0,975.0,565000,전라북도 완주군,1107,전라북도 완주군
2025-01-20,양파,특,4320000.0,2700.0,800000,중국,1170,수입산
2019-09-30,양파,특,1843000.0,3880.0,716800,경북 군위군 군위읍,1149,경상북도 군위군
2023-12-04,양파,특,2880000.0,2250.0,534000,전라남도 무안군,1097,전라남도 무안군
2019-05-21,양파,보통,1207500.0,2415.0,356844,충남 서산시 음암면 성암리,1035,충청남도 서산시
2022-06-18,양파,특,2701500.0,2565.0,305325,대전 유성구 노은동,1019,대전광역시
2019-02-22,양파,특,5110000.0,5880.0,525000,전라남도 함평군,1090,전라남도 함평군
2023-05-10,양파,특,34864000.0,21120.0,525000,전라남도 함평군,1090,전라남도 함평군
2022-05-09,양파,보통,585000.0,1773.0,717000,경상북도 고령군,1150,경상북도 고령군
2018-11-12,양파,특,6930000.0,12600.0,535800,전남 신안군 지도읍,1096,전라남도 신안군
2022-06-03,양파,보통,13554000.0,16020.0,678000,경상남도 합천군,1140,경상남도 합천군
2023-06-03,양파,특,30300.0,10.0,200140,강원 춘천시 사농동,1001,강원도 춘천시
2023-07-04,양파,특,42062900.0,33735.0,356000,충청남도 서산시,1035,충청남도 서산시
2023-07-07,양파,특,1042200.0,1080.0,627894,경남 밀양시 하남읍 수산리  447∼1132,1123,경상남도 밀양시
2020-06-04,양파,특,2556600.0,4240.0,534000,전라남도 무안군,1097,전라남도 무안군
2024-01-31,양파,특,288000.0,160.0,630000,경상남도 창원시 마산회원구,1124,경상남도 창원시
2018-03-21,양파,보통,4200000.0,4500.0,800000,수입산,1170,수입산
2019-10-01,양파,특,2873000.0,5850.0,534841,전남 무안군 현경면 가입리,1097,전라남도 무안군
2023-05-16,양파,하,17180500.0,18120.0,534000,전라남도 무안군,1097,전라남도 무안군
2021-09-29,양파,특,18000.0,40.0,356980,충남 서산시 팔봉면,1035,충청남도 서산시
2024-06-19,양파,특,645000.0,2250.0,529000,전라남도 장흥군,1094,전라남도 장흥군
2019-11-27,양파,하,5015000.0,8160.0,526000,전라남도 영암군,1091,전라남도 영암군
2018-06-25,양파,특,5600000.0,16000.0,970000,경상남도 ,1178,경상남도 
2024-04-08,양파,보통,1017900.0,2281.5,534000,전라남도 무안군,1097,전라남도 무안군
2020-04-25,양파,보통,5451000.0,5925.0,800000,중국,1170,수입산
2024-06-07,양파,특,2295000.0,3060.0,711890,대구 달성군 구지면,1146,대구광역시
2022-11-08,양파,하,56800.0,80.0,730800,경북 구미시 선산읍,1153,경상북도 구미시
2021-10-27,양파,특,16615500.0,17400.0,534000,전라남도 무안군,1097,전라남도 무안군
2023-01-19,양파,보통,4739150.0,3840.0,525000,전라남도 함평군,1090,전라남도 함평군
2024-06-17,양파,특,1137000.0,2040.0,906000,광주광역시 ,1083,광주광역시
2020-08-05,양파,상,2242800.0,3524.4,717000,경상북도 고령군,1150,경상북도 고령군
2018-01-23,양파,특,810000.0,900.0,565863,전북 완주군 고산면 성재리,1107,전라북도 완주군
2021-01-06,양파,상,1287000.0,891.0,718000,경상북도 칠곡군,1151,경상북도 칠곡군
2018-07-25,양파,상,403000.0,1240.0,635000,경상남도 창녕군,1126,경상남도 창녕군
2018-03-30,양파,상,408800.0,1752.0,641465,경남 창원시 팔용동,1124,경상남도 창원시
2018-05-16,양파,특,1915800.0,3090.0,471080,경기 구리시 갈매동,1072,경기도 구리시
2020-06-17,양파,상,16000.0,40.0,730811,경북 구미시 고아읍 관심리,1153,경상북도 구미시
2024-05-02,양파,특,600000.0,300.0,565863,전북 완주군 고산면 성재리,1107,전라북도 완주군
2019-08-24,양파,특,913500.0,2420.0,635800,경남 창녕군 창녕읍,1126,경상남도 창녕군
2019-04-12,양파,특,42600.0,40.0,660600,경남 진주시 진주우체국사서함,1133,경상남도 진주시
2023-10-10,양파,하,7385200.0,9768.0,525000,전라남도 함평군,1090,전라남도 함평군
2023-01-19,양파,하,1612500.0,1125.0,534000,전라남도 무안군,1097,전라남도 무안군
2024-08-20,양파,보통,1700000.0,2040.0,565000,전라북도 완주군,1107,전라북도 완주군
2024-10-22,양파,보통,329900.0,540.0,770600,경북 영천시 영천우체국사서함,1166,경상북도 영천시
2019-06-25,양파,보통,69000.0,600.0,689893,울산 울주군 온산읍 덕신리  1∼700,1141,울산광역시
2024-02-05,양파,보통,102500.0,100.0,515751,전남 장성군 삼계면  상무아파트 ,1085,전라남도 장성군
2022-05-23,양파,보통,15000.0,20.0,637920,경남 함안군 칠원면,1128,경상남도 함안군
2023-06-24,양파,특,13828500.0,15840.0,534000,전라남도 무안군,1097,전라남도 무안군
2022-04-28,양파,보통,78000.0,195.0,690600,제주 제주시 제주우체국사서함,1142,제주특별자치도 제주시
2020-08-03,양파,상,50000.0,30.0,138000,서울특별시 송파구,1000,서울특별시
2019-02-21,양파,특,1935000.0,5400.0,770000,경상북도 영천시,1166,경상북도 영천시
2019-04-16,양파,특,5864000.0,12650.0,904000,대전광역시 ,1019,대전광역시
2018-04-09,양파,상,919000.0,4030.0,502153,광주 서구 매월동,1083,광주광역시
2020-04-15,양파,상,4569900.0,5295.0,695800,제주 북제주군 구좌읍,1143,제주특별자치도 북제주군
2018-09-27,양파,특,80000.0,50.0,138161,서울 송파구 가락1동,1000,서울특별시
2023-06-23,양파,보통,300000.0,1000.0,678810,경남 합천군 율곡면,1140,경상남도 합천군
2018-09-11,양파,특,830000.0,900.0,565920,전북 완주군 경천면,1107,전라북도 완주군
2020-04-27,양파,상,3039000.0,3178.5,641000,경상남도 창원시 의창(성산)구,1124,경상남도 창원시
2021-10-28,양파,하,44000.0,80.0,645000,경상남도 진해시,1130,경상남도 진해시
2021-07-12,양파,상,3061500.0,4875.0,770000,경상북도 영천시,1166,경상북도 영천시
2023-08-21,양파,특,312800.0,340.0,621150,경남 김해시 화목동,1121,경상남도 김해시
2021-03-29,양파,보통,110000.0,220.0,534851,전남 무안군 망운면 목동리,1097,전라남도 무안군
2019-07-11,양파,특,48400.0,220.0,621150,경남 김해시 화목동,1121,경상남도 김해시
2022-07-18,양파,특,390000.0,450.0,534000,전라남도 무안군,1097,전라남도 무안군
2023-11-03,양파,보통,190000.0,100.0,637708,경남 함안군 칠원면 오곡리 광려천메트로자이 101∼122동,1128,경상남도 함안군
2024-12-02,양파,보통,2516000.0,2040.0,525000,전라남도 함평군,1090,전라남도 함평군
2020-12-08,양파,상,1400000.0,1050.0,534841,전남 무안군 현경면 가입리,1097,전라남도 무안군
2022-04-09,양파,특,240000.0,900.0,740600,경북 김천시 김천우체국사서함,1154,경상북도 김천시
2022-04-22,양파,상,2958600.0,5000.0,678807,경남 합천군 합천읍 합천리  665∼780,1140,경상남도 합천군
2025-03-04,양파,특,1546533.0,810.0,461000,경기도 성남시,1060,경기도 성남시
2023-07-21,양파,특,10748000.0,13656.0,534000,전라남도 무안군,1097,전라남도 무안군
2019-08-13,양파,보통,440600.0,1400.0,320942,충남 논산시 성동면 삼산리,1022,충청남도 논산시
2019-07-25,양파,특,707000.0,2020.0,907000,울산광역시 ,1141,울산광역시
2019-01-31,양파,특,1080000.0,2808.0,717000,경상북도 고령군,1150,경상북도 고령군
2021-04-06,양파,상,6480000.0,5400.0,800000,중국,1170,수입산
2020-05-08,양파,상,360000.0,200.0,210010,강원 강릉시 홍제동,1004,강원도 강릉시
2020-09-05,양파,특,15000.0,60.0,305325,대전 유성구 노은동,1019,대전광역시
2018-06-04,양파,특,1052600.0,3860.0,534860,전남 무안군 운남면,1097,전라남도 무안군
2023-06-06,양파,특,340000.0,310.0,636000,경상남도 의령군,1127,경상남도 의령군
2024-06-04,양파,하,523600.0,2244.0,534000,전라남도 무안군,1097,전라남도 무안군
2022-07-07,양파,상,220000.0,200.0,356980,충남 서산시 팔봉면,1035,충청남도 서산시
2020-12-30,양파,특,1100000.0,825.0,565907,전북 완주군 봉동읍 장기리,1107,전라북도 완주군
2019-03-12,양파,상,250000.0,200.0,800000,중국,1170,수입산
2023-06-05,양파,특,16687500.0,13500.0,534000,전라남도 무안군,1097,전라남도 무안군
2022-03-30,양파,특,299700.0,3000.0,718813,경북 칠곡군 약목면 교리,1151,경상북도 칠곡군
2021-12-29,양파,특,663000.0,1020.0,901000,서울특별시 ,1000,서울특별시
2019-03-04,양파,하,8362700.0,16836.0,535000,전라남도 신안군,1096,전라남도 신안군
2018-12-21,양파,특,3029000.0,4875.0,565000,전라북도 완주군,1107,전라북도 완주군
2018-09-27,양파,특,17056700.0,32544.0,534000,전라남도 무안군,1097,전라남도 무안군
2019-06-12,양파,하,9000.0,45.0,534000,전라남도 무안군,1097,전라남도 무안군
2020-01-15,양파,특,2430000.0,1980.0,570130,전북 익산시 목천동,1111,전라북도 익산시
2019-04-03,양파,보통,21000.0,30.0,678811,경남 합천군 율곡면 갑산리,1140,경상남도 합천군
2022-04-11,양파,특,240000.0,4000.0,770810,경북 영천시 신녕면,1166,경상북도 영천시
2023-10-23,양파,보통,3539000.0,3200.0,600010,부산 중구 중앙동,1120,부산광역시
2025-03-01,양파,특,185000.0,150.0,800000,중국,1170,수입산
2018-11-27,양파,상,600000.0,2000.0,520930,전남 나주시 다시면,1089,전라남도 나주시
2019-01-02,양파,상,634000.0,800.0,500010,광주 북구 임동,1083,광주광역시
2021-08-13,양파,특,210000.0,420.0,621150,경남 김해시 화목동,1121,경상남도 김해시
2019-01-30,양파,특,204000.0,1020.0,534000,전라남도 무안군,1097,전라남도 무안군
2025-01-14,양파,특,324000.0,180.0,330600,충남 천안시 동남구 천안우체국사서함,1026,충청남도 천안시
2021-09-08,양파,특,7143600.0,7695.0,525000,전라남도 함평군,1090,전라남도 함평군
2022-11-09,양파,특,2640000.0,3000.0,800000,중국,1170,수입산
2020-04-21,양파,하,549400.0,1640.0,513000,전라남도 영광군,1084,전라남도 영광군
2019-05-15,양파,특,3965400.0,8812.0,500120,광주 북구 각화동,1083,광주광역시
2023-09-07,양파,특,24500.0,15.0,138161,서울 송파구 가락1동,1000,서울특별시
2019-07-06,양파,상,1405900.0,3640.0,902000,부산광역시 ,1120,부산광역시
2022-08-02,양파,특,12255000.0,9000.0,585000,전라북도 고창군,1115,전라북도 고창군
2018-01-20,양파,특,4621500.0,4875.0,770000,경상북도 영천시,1166,경상북도 영천시
2020-10-06,양파,보통,336000.0,600.0,343000,충청남도 당진시,1031,충청남도 당진시
2019-12-14,양파,하,37500.0,45.0,534841,전남 무안군 현경면 가입리,1097,전라남도 무안군
2019-06-14,양파,특,500000.0,2000.0,635901,경남 창녕군 남지읍 고곡리,1126,경상남도 창녕군
2019-05-20,양파,특,5602500.0,14625.0,534841,전남 무안군 현경면 가입리,1097,전라남도 무안군
2021-11-02,양파,하,1512000.0,1620.0,534841,전남 무안군 현경면 가입리,1097,전라남도 무안군
2022-07-21,양파,상,63600.0,72.0,350000,충청남도 홍성군,1033,충청남도 홍성군
2021-04-28,양파,하,617500.0,1140.0,534000,전라남도 무안군,1097,전라남도 무안군
2018-04-28,양파,특,2654000.0,3660.0,540850,전남 순천시 해룡면,1100,전라남도 순천시
2020-02-07,양파,특,130000.0,100.0,482000,경기도 양주시,1077,경기도 양주시
2024-01-09,양파,특,60600.0,30.0,200140,강원 춘천시 사농동,1001,강원도 춘천시
2025-04-25,양파,보통,2992200.0,3705.0,711000,대구광역시 달성군,1146,대구광역시
2024-07-25,양파,특,360000.0,200.0,350000,충청남도 홍성군,1033,충청남도 홍성군
2020-04-21,양파,상,200000.0,500.0,520810,전남 나주시 노안면,1089,전라남도 나주시
2023-05-23,양파,상,508000.0,300.0,390160,충북 제천시 강제동,1047,충청북도 제천시
2021-05-17,양파,상,2101000.0,3820.0,529000,전라남도 장흥군,1094,전라남도 장흥군
2020-05-15,양파,하,2525600.0,1968.0,534000,전라남도 무안군,1097,전라남도 무안군
2020-06-24,양파,보통,1651800.0,4220.0,320000,충청남도 논산시,1022,충청남도 논산시
2022-06-21,양파,특,11184500.0,11380.0,635900,경남 창녕군 남지읍,1126,경상남도 창녕군
2019-04-11,양파,하,512500.0,615.0,695000,제주도 제주시,1142,제주특별자치도 제주시
2019-04-04,양파,특,418200.0,492.0,526000,전라남도 영암군,1091,전라남도 영암군
2021-07-12,양파,보통,1650000.0,3500.0,343000,충청남도 당진시,1031,충청남도 당진시
2021-07-07,양파,특,8272500.0,11250.0,579000,전라북도 부안군,1114,전라북도 부안군
2024-08-14,양파,특,2054400.0,1690.0,717000,경상북도 고령군,1150,경상북도 고령군
2019-05-23,양파,특,65000.0,120.0,138000,서울특별시 송파구,1000,서울특별시
2019-07-16,양파,특,2373800.0,5976.0,535000,전라남도 신안군,1096,전라남도 신안군
2023-06-19,양파,보통,2133500.0,3060.0,525000,전라남도 함평군,1090,전라남도 함평군
2022-08-15,양파,특,6015000.0,4300.0,635000,경상남도 창녕군,1126,경상남도 창녕군
2021-04-20,양파,하,201600.0,480.0,676813,경남 함양군 수동면 화산리,1139,경상남도 함양군
2022-05-14,양파,특,1228200.0,2580.0,520833,전남 나주시 산포면 산제리,1089,전라남도 나주시
2022-10-01,양파,상,22000.0,27.5,390160,충북 제천시 강제동,1047,충청북도 제천시
2019-02-09,양파,하,2225200.0,5400.0,471080,경기 구리시 갈매동,1072,경기도 구리시
2023-07-26,양파,상,2240000.0,2100.0,536000,전라남도 해남군,1098,전라남도 해남군
2024-07-01,양파,보통,300000.0,1200.0,702825,대구 북구 매천동1∼594,1146,대구광역시
2022-08-10,양파,특,10200000.0,8800.0,635000,경상남도 창녕군,1126,경상남도 창녕군
2020-07-17,양파,특,1830000.0,2250.0,525822,전남 함평군 엄다면 성천리,1090,전라남도 함평군
2020-06-24,양파,상,294000.0,525.0,350840,충남 홍성군 구항면,1033,충청남도 홍성군
2023-07-27,양파,특,2410800.0,2952.0,757000,경상북도 예천군,1159,경상북도 예천군
2019-02-08,양파,특,27777800.0,43485.0,525000,전라남도 함평군,1090,전라남도 함평군
2021-11-23,양파,보통,12000.0,80.0,716000,경상북도 군위군,1149,경상북도 군위군
2021-06-19,양파,특,34500.0,60.0,519753,전남 화순군 화순읍  부영아파트 201∼205동,1088,전라남도 화순군
2024-06-13,양파,보통,562200.0,1080.0,760810,경북 안동시 풍천면,1160,경상북도 안동시
2021-04-30,양파,하,472500.0,1125.0,690000,제주도 제주시,1142,제주특별자치도 제주시
2019-04-27,양파,특,92000.0,460.0,570600,전북 익산시 익산우체국사서함,1111,전라북도 익산시
2018-06-05,양파,보통,1627100.0,4605.0,471080,경기 구리시 갈매동,1072,경기도 구리시
2020-05-26,양파,상,87500.0,133.0,630000,경상남도 창원시 마산회원구,1124,경상남도 창원시
2020-05-20,양파,특,403000.0,620.0,534729,전남 무안군 청계면 도림리 목포대학교 ,1097,전라남도 무안군
2018-09-19,양파,특,6006000.0,9750.0,527000,전라남도 강진군,1092,전라남도 강진군
2021-05-29,양파,상,18000.0,36.0,561302,전북 전주시 덕진구 송천동2가,1106,전라북도 전주시
2018-06-16,양파,상,72000.0,228.0,556810,전남 여수시 소라면,1105,전라남도 여수시
2018-04-24,양파,보통,562500.0,1125.0,697000,제주도 서귀포시,1144,제주특별자치도 서귀포시
2024-12-16,양파,보통,13848000.0,12160.0,635000,경상남도 창녕군,1126,경상남도 창녕군
2018-06-16,양파,하,682500.0,1300.0,678970,경남 합천군 가회면,1140,경상남도 합천군
2021-08-23,양파,특,742600.0,987.0,636911,경남 의령군 용덕면 가락리,1127,경상남도 의령군
2020-01-18,양파,특,291600.0,459.0,561302,전북 전주시 덕진구 송천동2가,1106,전라북도 전주시
2025-05-20,양파,특,580000.0,1000.0,717000,경상북도 고령군,1150,경상북도 고령군
2021-01-20,양파,특,73060200.0,46890.0,534000,전라남도 무안군,1097,전라남도 무안군
2024-08-24,양파,특,600000.0,600.0,565805,전북 완주군 삼례읍 어전리,1107,전라북도 완주군
2018-05-03,양파,특,9682400.0,12480.0,548800,전남 고흥군 고흥읍,1104,전라남도 고흥군
2019-02-16,양파,특,550000.0,750.0,676000,경상남도 함양군,1139,경상남도 함양군
2023-07-06,양파,특,1737700.0,1580.0,742150,경북 상주시 양촌동,1155,경상북도 상주시
2018-12-04,양파,하,3405500.0,8400.0,717000,경상북도 고령군,1150,경상북도 고령군
2022-09-01,양파,특,1613980.0,500.0,200140,강원 춘천시 사농동,1001,강원도 춘천시
2019-09-16,양파,특,1287000.0,1980.0,561302,전북 전주시 덕진구 송천동2가,1106,전라북도 전주시
2019-11-20,양파,특,1483000.0,3000.0,579806,전북 부안군 부안읍 서외4리,1114,전라북도 부안군
2021-12-08,양파,특,268800.0,240.0,621150,경남 김해시 화목동,1121,경상남도 김해시
2019-02-18,양파,특,4207000.0,5250.0,740000,경상북도 김천시,1154,경상북도 김천시
2022-10-18,양파,특,50500.0,30.0,200140,강원 춘천시 사농동,1001,강원도 춘천시
2023-08-09,양파,특,2435400.0,1980.0,711845,대구 달성군 옥포면 본리리,1146,대구광역시
2019-11-21,양파,특,272500.0,450.0,534000,전라남도 무안군,1097,전라남도 무안군
2024-05-24,양파,상,78000.0,105.0,636000,경상남도 의령군,1127,경상남도 의령군
2022-01-22,양파,특,510000.0,1500.0,456840,경기 안성시 미양면,1067,경기도 안성시
2024-02-01,양파,하,12061500.0,15300.0,534000,전라남도 무안군,1097,전라남도 무안군
2024-04-03,양파,상,12408000.0,10500.0,548800,전남 고흥군 고흥읍,1104,전라남도 고흥군
2024-06-19,양파,하,114000.0,760.0,760810,경북 안동시 풍천면,1160,경상북도 안동시
2024-05-11,양파,상,1500700.0,1177.6,548800,전남 고흥군 고흥읍,1104,전라남도 고흥군
2025-03-13,양파,상,1045000.0,550.0,770600,경북 영천시 영천우체국사서함,1166,경상북도 영천시
2023-10-19,양파,특,420000.0,1050.0,621150,경남 김해시 화목동,1121,경상남도 김해시
2018-05-14,양파,하,714000.0,2040.0,548000,전라남도 고흥군,1104,전라남도 고흥군
2019-10-12,양파,보통,1182300.0,3200.0,618807,부산 강서구 대저2동1001∼2507,1120,부산광역시
2024-04-05,양파,특,15046000.0,8540.0,534729,전남 무안군 청계면 도림리 목포대학교 ,1097,전라남도 무안군
2023-01-05,양파,특,9993600.0,7560.0,770000,경상북도 영천시,1166,경상북도 영천시
2023-08-09,양파,보통,15000.0,21.0,635891,경남 창녕군 부곡면 거문리,1126,경상남도 창녕군
2019-01-28,양파,보통,91800.0,162.0,714000,경상북도 청도군,1148,경상북도 청도군
2023-05-03,양파,보통,504290.0,520.0,906000,광주광역시 ,1083,광주광역시
2023-11-24,양파,상,2100000.0,1950.0,770000,경상북도 영천시,1166,경상북도 영천시
2021-12-23,양파,특,702000.0,1080.0,534000,전라남도 무안군,1097,전라남도 무안군
2023-06-27,양파,특,88900.0,70.0,350000,충청남도 홍성군,1033,충청남도 홍성군
2024-10-01,양파,특,16314300.0,16633.5,635000,경상남도 창녕군,1126,경상남도 창녕군
2024-06-10,양파,상,431600.0,810.0,565003,전북 완주군 봉동읍  전주우편집중국 ,1107,전라북도 완주군
2023-03-14,양파,특,340200.0,540.0,360070,충북 청주시 상당구 금천동,1037,충청북도 청주시
2025-05-31,양파,보통,30000.0,40.0,636912,경남 의령군 용덕면 소상리,1127,경상남도 의령군
2025-03-12,양파,하,12146500.0,9180.0,770000,경상북도 영천시,1166,경상북도 영천시
2023-03-13,양파,특,243000.0,90.0,800000,중국,1170,수입산
2018-05-12,양파,상,2122600.0,4640.0,617030,부산 사상구 엄궁동,1120,부산광역시
2020-04-30,양파,보통,1695000.0,1764.0,690000,제주도 제주시,1142,제주특별자치도 제주시
2020-11-02,양파,하,19323300.0,13752.0,525000,전라남도 함평군,1090,전라남도 함평군
2023-06-13,양파,특,156000.0,200.0,314830,충남 공주시 계룡면,1021,충청남도 공주시
2022-09-24,양파,특,1832600.0,1470.0,320600,충남 논산시 논산우체국사서함,1022,충청남도 논산시
2022-09-30,양파,하,2312000.0,2040.0,536000,전라남도 해남군,1098,전라남도 해남군
2022-10-27,양파,특,574000.0,320.0,330600,충남 천안시 동남구 천안우체국사서함,1026,충청남도 천안시
2019-08-13,양파,특,420000.0,1125.0,534000,전라남도 무안군,1097,전라남도 무안군
2020-11-16,양파,특,17512500.0,18000.0,690000,제주도 제주시,1142,제주특별자치도 제주시
2022-05-17,양파,특,1820000.0,2600.0,730040,경북 구미시 형곡동,1153,경상북도 구미시
2018-03-07,양파,특,680000.0,800.0,627890,경남 밀양시 하남읍,1123,경상남도 밀양시
2021-08-31,양파,상,462000.0,660.0,502153,광주 서구 매월동,1083,광주광역시
2023-06-30,양파,하,5061600.0,5328.0,525000,전라남도 함평군,1090,전라남도 함평군
2021-02-03,양파,특,3352000.0,1920.0,740000,경상북도 김천시,1154,경상북도 김천시
2018-06-04,양파,특,6960500.0,23976.0,534000,전라남도 무안군,1097,전라남도 무안군
2023-10-12,양파,특,9870000.0,7875.0,712840,경북 경산시 와촌면,1147,경상북도 경산시
2023-05-25,양파,특,6500600.0,5780.0,534814,전남 무안군 몽탄면 당호리,1097,전라남도 무안군
2023-06-30,양파,특,412500.0,500.0,702270,대구 북구 매천동,1146,대구광역시
2018-03-24,양파,특,788700.0,765.0,515000,전라남도 장성군,1085,전라남도 장성군
2025-03-18,양파,특,7962500.0,6825.0,800000,중국,1170,수입산
2023-02-21,양파,특,5460000.0,3900.0,534000,전라남도 무안군,1097,전라남도 무안군
2020-06-26,양파,특,360400.0,680.0,678000,경상남도 합천군,1140,경상남도 합천군
2023-07-04,양파,보통,102000.0,400.0,730811,경북 구미시 고아읍 관심리,1153,경상북도 구미시
2018-03-01,양파,특,1008000.0,1120.0,471080,경기 구리시 갈매동,1072,경기도 구리시
2024-07-18,양파,특,4814000.0,4980.0,525000,전라남도 함평군,1090,전라남도 함평군
2022-03-28,양파,보통,1527500.0,9750.0,750000,경상북도 영주시,1157,경상북도 영주시
2024-02-06,양파,특,2880000.0,1800.0,745850,경북 문경시 영순면,1156,경상북도 문경시
2019-07-09,양파,상,1981800.0,7580.0,570130,전북 익산시 목천동,1111,전라북도 익산시
2023-01-25,양파,보통,3995000.0,3060.0,534000,전라남도 무안군,1097,전라남도 무안군
2024-06-15,양파,상,80000.0,100.0,590951,전북 남원시 금지면 귀석리,1117,전라북도 남원시
2020-05-13,양파,보통,233800.0,280.0,901000,서울특별시 ,1000,서울특별시
2021-12-16,양파,특,5400000.0,6750.0,534000,전라남도 무안군,1097,전라남도 무안군
2025-01-15,양파,하,950000.0,1000.0,678700,경남 합천군 합천읍 합천리 합천군청 ,1140,경상남도 합천군
2025-02-19,양파,특,220500.0,105.0,716000,경상북도 군위군,1149,경상북도 군위군
2019-11-20,양파,특,556800.0,960.0,525000,전라남도 함평군,1090,전라남도 함평군
2020-04-20,양파,특,7198800.0,7350.0,690811,제주 제주시 삼도1동498∼502,1142,제주특별자치도 제주시
2019-04-08,양파,하,190000.0,285.0,534870,전남 무안군 해제면,1097,전라남도 무안군
2024-04-29,양파,특,1507500.0,1125.0,680010,울산 남구 신정동,1141,울산광역시
2020-02-14,양파,하,2400000.0,3000.0,361300,충북 청주시 흥덕구 봉명동,1037,충청북도 청주시
2021-01-23,양파,특,1632000.0,1020.0,534000,전라남도 무안군,1097,전라남도 무안군
2018-07-14,양파,하,848000.0,1920.0,534841,전남 무안군 현경면 가입리,1097,전라남도 무안군
2022-04-27,양파,하,782000.0,2040.0,548000,전라남도 고흥군,1104,전라남도 고흥군
2019-06-18,양파,상,2076900.0,9680.0,561302,전북 전주시 덕진구 송천동2가,1106,전라북도 전주시
2019-04-05,양파,하,63000.0,420.0,525000,전라남도 함평군,1090,전라남도 함평군
2019-06-06,양파,특,662700.0,1880.0,561821,전북 전주시 덕진구 송천동2가401∼599,1106,전라북도 전주시
2024-04-08,양파,상,570000.0,760.0,555090,전남 여수시 여천동,1105,전라남도 여수시
2022-12-08,양파,특,13357800.0,9840.0,676000,경상남도 함양군,1139,경상남도 함양군
2022-01-21,양파,특,6090300.0,13635.0,750000,경상북도 영주시,1157,경상북도 영주시
2023-05-15,양파,특,1320000.0,1320.0,617030,부산 사상구 엄궁동,1120,부산광역시
2023-06-16,양파,상,6380000.0,14360.0,627110,경남 밀양시 가곡동,1123,경상남도 밀양시
2024-11-22,양파,특,5197500.0,4500.0,525000,전라남도 함평군,1090,전라남도 함평군
2018-09-03,양파,특,60000.0,300.0,570600,전북 익산시 익산우체국사서함,1111,전라북도 익산시
2025-05-15,양파,보통,643000.0,860.0,656830,경남 거제시 장목면,1132,경상남도 거제시
2022-05-31,양파,특,5075950.0,10512.0,534000,전라남도 무안군,1097,전라남도 무안군
2025-04-08,양파,특,1634000.0,930.0,769800,경북 의성군 의성읍,1165,경상북도 의성군
2021-07-22,양파,보통,11500.0,20.0,717000,경상북도 고령군,1150,경상북도 고령군
2023-06-29,양파,상,70000.0,100.0,323000,충청남도 부여군,1024,충청남도 부여군
2019-03-07,양파,상,224000.0,800.0,635000,경상남도 창녕군,1126,경상남도 창녕군
2025-04-21,양파,상,5472000.0,4320.0,690600,제주 제주시 제주우체국사서함,1142,제주특별자치도 제주시
2018-05-16,양파,특,382000.0,400.0,361300,충북 청주시 흥덕구 봉명동,1037,충청북도 청주시
2020-02-06,양파,특,150000.0,150.0,456000,경기도 안성시,1067,경기도 안성시
2023-08-18,양파,특,4000000.0,4000.0,730040,경북 구미시 형곡동,1153,경상북도 구미시
2019-03-29,양파,하,348600.0,996.0,535000,전라남도 신안군,1096,전라남도 신안군
2024-11-27,양파,특,29090.0,16.0,200140,강원 춘천시 사농동,1001,강원도 춘천시
2019-05-20,양파,특,2354000.0,4237.2,635000,경상남도 창녕군,1126,경상남도 창녕군
2024-04-01,양파,보통,4974300.0,3015.0,990000,제주도 ,1180,제주도 
2022-03-22,양파,보통,715000.0,1950.0,770600,경북 영천시 영천우체국사서함,1166,경상북도 영천시
2024-06-24,양파,특,1072000.0,1340.0,676806,경남 함양군 함양읍 운림리,1139,경상남도 함양군
2024-03-20,양파,특,6972000.0,4032.0,525000,전라남도 함평군,1090,전라남도 함평군
2024-04-04,양파,특,13425000.0,7875.0,585000,전라북도 고창군,1115,전라북도 고창군
2024-06-11,양파,상,110000.0,200.0,757850,경북 예천군 지보면,1159,경상북도 예천군
2024-04-05,양파,특,38964000.0,23400.0,800000,중국,1170,수입산
2021-04-22,양파,보통,525000.0,840.0,565907,전북 완주군 봉동읍 장기리,1107,전라북도 완주군
2018-11-05,양파,특,36000.0,120.0,320853,충남 논산시 양촌면 도평리,1022,충청남도 논산시
2018-08-11,양파,하,992200.0,2952.0,570000,전라북도 익산시,1111,전라북도 익산시
2023-02-16,양파,특,1467200.0,1120.0,678810,경남 합천군 율곡면,1140,경상남도 합천군
2021-11-29,양파,특,1075250.0,1020.0,534000,전라남도 무안군,1097,전라남도 무안군
2022-06-29,양파,특,38822250.0,42468.0,534000,전라남도 무안군,1097,전라남도 무안군
2018-12-15,양파,특,6501600.0,8640.0,530000,전라남도 목포시,1095,전라남도 목포시
2019-11-07,양파,상,396900.0,955.5,711000,대구광역시 달성군,1146,대구광역시
2023-12-18,양파,보통,4046000.0,8160.0,536000,전라남도 해남군,1098,전라남도 해남군
2024-11-27,양파,보통,1058000.0,1794.0,730000,경상북도 구미시,1153,경상북도 구미시
2023-04-20,양파,특,5167500.0,6750.0,690000,제주도 제주시,1142,제주특별자치도 제주시
2022-02-14,양파,특,3883000.0,13767.0,635000,경상남도 창녕군,1126,경상남도 창녕군
2024-05-20,양파,특,2373000.0,2820.0,636810,경남 의령군 화정면,1127,경상남도 의령군
2018-01-03,양파,특,12175000.0,12000.0,800000,중국,1170,수입산
2023-09-13,양파,특,480000.0,300.0,525800,전남 함평군 함평읍,1090,전라남도 함평군
2022-08-26,양파,특,1578000.0,1200.0,565000,전라북도 완주군,1107,전라북도 완주군
2022-08-25,양파,특,80000.0,120.0,534729,전남 무안군 청계면 도림리 목포대학교 ,1097,전라남도 무안군
2023-08-25,양파,특,4348400.0,4161.5,678000,경상남도 합천군,1140,경상남도 합천군
2024-04-19,양파,보통,105000.0,140.0,534701,전남 무안군 무안읍 성남리 초당대학교 ,1097,전라남도 무안군
2021-04-12,양파,특,5149600.0,6280.0,548930,전남 고흥군 금산면,1104,전라남도 고흥군
2022-04-02,양파,특,2400000.0,3600.0,534000,전라남도 무안군,1097,전라남도 무안군
2019-08-30,양파,특,222600.0,315.0,769800,경북 의성군 의성읍,1165,경상북도 의성군
2022-05-21,양파,특,1821600.0,3240.0,534000,전라남도 무안군,1097,전라남도 무안군
2021-11-25,양파,특,30000.0,40.0,529804,전남 장흥군 장흥읍 교촌리,1094,전라남도 장흥군
2023-05-17,양파,상,1567000.0,2020.0,635000,경상남도 창녕군,1126,경상남도 창녕군
2019-08-03,양파,특,32000.0,320.0,576910,전북 김제시 백구면,1113,전라북도 김제시
2019-01-04,양파,특,1206000.0,4320.0,534000,전라남도 무안군,1097,전라남도 무안군
2018-04-17,양파,특,918000.0,2160.0,556825,전남 여수시 화양면 이목리,1105,전라남도 여수시
2021-04-08,양파,특,7514000.0,6120.0,525000,전라남도 함평군,1090,전라남도 함평군
2023-11-01,양파,특,6142500.0,6825.0,800000,중국,1170,수입산
2021-12-29,양파,특,873000.0,675.0,769800,경북 의성군 의성읍,1165,경상북도 의성군
2020-12-21,양파,상,8464000.0,7360.0,769000,경상북도 의성군,1165,경상북도 의성군
2019-06-03,양파,상,88400.0,208.0,579856,전북 부안군 변산면 중산리,1114,전라북도 부안군
2020-06-17,양파,특,131600.0,210.0,534000,전라남도 무안군,1097,전라남도 무안군
2020-09-02,양파,특,7500000.0,7875.0,534811,전남 무안군 몽탄면 구산리,1097,전라남도 무안군
2024-05-22,양파,특,256000.0,240.0,548840,전남 고흥군 남양면,1104,전라남도 고흥군
2025-05-21,양파,상,420500.0,660.0,548000,전라남도 고흥군,1104,전라남도 고흥군
2021-07-10,양파,특,539500.0,975.0,565000,전라북도 완주군,1107,전라북도 완주군
2025-05-01,양파,특,787500.0,1125.0,579000,전라북도 부안군,1114,전라북도 부안군
2018-02-02,양파,특,7440000.0,7660.0,534729,전남 무안군 청계면 도림리 목포대학교 ,1097,전라남도 무안군
2020-04-09,양파,특,7735000.0,7350.0,740000,경상북도 김천시,1154,경상북도 김천시
2023-10-05,양파,특,22050.0,10.0,138701,서울 송파구 가락1동  가락농수산물시장 ,1000,서울특별시
2018-06-23,양파,특,10901200.0,22880.0,590951,전북 남원시 금지면 귀석리,1117,전라북도 남원시
2024-05-27,양파,특,24267800.0,20611.5,621000,경상남도 김해시,1121,경상남도 김해시
2022-06-15,양파,보통,538700.0,1335.0,330280,충남 천안시 신당동,1026,충청남도 천안시
2024-12-06,양파,특,3600000.0,3375.0,534000,전라남도 무안군,1097,전라남도 무안군
2018-03-03,양파,특,337500.0,450.0,565000,전라북도 완주군,1107,전라북도 완주군
2023-11-03,양파,상,13900.0,20.0,760600,경북 안동시 안동우체국사서함,1160,경상북도 안동시
2025-05-19,양파,하,5584500.0,7140.0,525000,전라남도 함평군,1090,전라남도 함평군
2019-12-14,양파,특,849600.0,1080.0,138000,서울특별시 송파구,1000,서울특별시
2020-05-25,양파,상,2870400.0,4160.0,636000,경상남도 의령군,1127,경상남도 의령군
2024-02-03,양파,하,4269600.0,4320.0,579000,전라북도 부안군,1114,전라북도 부안군
2022-08-10,양파,특,182000.0,140.0,529870,전남 장흥군 관산읍,1094,전라남도 장흥군
2019-12-10,양파,하,3374000.0,4200.0,670910,경남 거창군 가조면,1138,경상남도 거창군
2023-09-21,양파,특,1297920.0,960.0,680010,울산 남구 신정동,1141,울산광역시
2019-11-08,양파,특,1258000.0,3060.0,534870,전남 무안군 해제면,1097,전라남도 무안군
2019-05-04,양파,보통,10010000.0,14700.0,769800,경북 의성군 의성읍,1165,경상북도 의성군
2021-07-19,양파,보통,6240000.0,10725.0,901000,서울특별시 ,1000,서울특별시
2021-09-10,양파,특,20139000.0,22080.0,635800,경남 창녕군 창녕읍,1126,경상남도 창녕군
2024-03-28,양파,보통,237000.0,450.0,637000,경상남도 함안군,1128,경상남도 함안군
2021-06-29,양파,특,3050000.0,3050.0,482000,경기도 양주시,1077,경기도 양주시
2022-10-19,양파,특,60601250.0,43230.0,534000,전라남도 무안군,1097,전라남도 무안군
2024-04-10,양파,특,3990000.0,2100.0,745000,경상북도 문경시,1156,경상북도 문경시
2021-03-22,양파,보통,96200.0,296.0,550130,전남 여수시 서교동,1105,전라남도 여수시
2024-11-09,양파,특,19027500.0,16875.0,534000,전라남도 무안군,1097,전라남도 무안군
2020-03-13,양파,특,153300.0,210.0,561302,전북 전주시 덕진구 송천동2가,1106,전라북도 전주시
2018-11-10,양파,특,210800.0,340.0,621150,경남 김해시 화목동,1121,경상남도 김해시
2021-05-21,양파,특,1822500.0,3375.0,565907,전북 완주군 봉동읍 장기리,1107,전라북도 완주군
2021-04-28,양파,상,127000.0,105.0,500010,광주 북구 임동,1083,광주광역시
2020-04-30,양파,보통,179600.0,376.0,529875,전남 장흥군 관산읍 옥당리,1094,전라남도 장흥군
2018-03-28,양파,보통,70200.0,156.0,536000,전라남도 해남군,1098,전라남도 해남군
2021-08-30,양파,상,222000.0,225.0,390160,충북 제천시 강제동,1047,충청북도 제천시
2022-11-24,양파,특,35475000.0,27000.0,676000,경상남도 함양군,1139,경상남도 함양군
2018-05-14,양파,상,323300.0,940.0,660010,경남 진주시 중안동,1133,경상남도 진주시
2024-08-17,양파,특,807500.0,1020.0,535000,전라남도 신안군,1096,전라남도 신안군
2019-04-13,양파,하,793600.0,960.0,690600,제주 제주시 제주우체국사서함,1142,제주특별자치도 제주시
2022-12-24,양파,특,2792000.0,2400.0,621150,경남 김해시 화목동,1121,경상남도 김해시
2022-02-15,양파,특,1776000.0,7200.0,635000,경상남도 창녕군,1126,경상남도 창녕군
2022-02-26,양파,보통,741000.0,1950.0,770000,경상북도 영천시,1166,경상북도 영천시
2025-02-20,양파,상,1350000.0,1000.0,635812,경남 창녕군 유어면 광산리,1126,경상남도 창녕군
2020-05-09,양파,특,900000.0,1125.0,910000,경기도 ,1172,경기도 
2021-06-10,양파,상,58500.0,130.0,343862,충남 당진시 정미면 대조리,1031,충청남도 당진시
2020-05-06,양파,보통,3563100.0,3980.0,548000,전라남도 고흥군,1104,전라남도 고흥군
2023-01-16,양파,하,2265000.0,2250.0,534000,전라남도 무안군,1097,전라남도 무안군
2019-05-11,양파,상,3816500.0,6000.0,550000,전라남도 여수시,1105,전라남도 여수시
2022-08-23,양파,상,4000000.0,4000.0,635000,경상남도 창녕군,1126,경상남도 창녕군
2018-05-17,양파,상,4813600.0,9060.0,157740,서울 강서구 외발산동  강서농산물시장 ,1000,서울특별시
2019-07-18,양파,특,320250.0,750.0,138701,서울 송파구 가락1동  가락농수산물시장 ,1000,서울특별시
2018-05-28,양파,특,1031400.0,2460.0,548000,전라남도 고흥군,1104,전라남도 고흥군
2020-04-22,양파,특,10360000.0,10500.0,525800,전남 함평군 함평읍,1090,전라남도 함평군
2018-09-11,양파,특,978500.0,1900.0,636931,경남 의령군 유곡면 당동리,1127,경상남도 의령군
2024-02-05,양파,특,14772000.0,12600.0,800000,중국,1170,수입산
2024-12-05,양파,특,2538000.0,2055.0,565907,전북 완주군 봉동읍 장기리,1107,전라북도 완주군
2023-06-06,양파,특,238000.0,340.0,556890,전남 여수시 율촌면,1105,전라남도 여수시
2024-04-22,양파,상,80000.0,80.0,711000,대구광역시 달성군,1146,대구광역시
2023-05-12,양파,특,9600000.0,9000.0,534000,전라남도 무안군,1097,전라남도 무안군
2023-05-02,양파,보통,3544500.0,4080.0,548000,전라남도 고흥군,1104,전라남도 고흥군
2021-07-16,양파,특,501400.0,690.0,565003,전북 완주군 봉동읍  전주우편집중국 ,1107,전라북도 완주군
2023-12-04,양파,특,16160.0,8.0,200140,강원 춘천시 사농동,1001,강원도 춘천시
2019-02-23,양파,특,6790000.0,14000.0,676830,경남 함양군 서하면,1139,경상남도 함양군
2022-09-01,양파,특,132000.0,165.0,369851,충북 음성군 감곡면 단평리,1042,충청북도 음성군
2020-01-22,양파,특,8898750.0,10125.0,579000,전라북도 부안군,1114,전라북도 부안군
2025-04-07,양파,보통,1086000.0,1200.0,636982,경남 의령군 지정면 득소리,1127,경상남도 의령군
2021-10-21,양파,특,1020900.0,1245.0,561302,전북 전주시 덕진구 송천동2가,1106,전라북도 전주시
2018-04-30,양파,상,409200.0,1240.0,697000,제주도 서귀포시,1144,제주특별자치도 서귀포시
2020-07-06,양파,상,92400.0,134.4,760010,경북 안동시 용상동,1160,경상북도 안동시
2024-05-22,양파,특,24974000.0,30634.5,717000,경상북도 고령군,1150,경상북도 고령군
2023-05-13,양파,보통,11946600.0,12000.0,627000,경상남도 밀양시,1123,경상남도 밀양시
2018-04-02,양파,특,1510500.0,4560.0,635943,경남 창녕군 대합면 모전리,1126,경상남도 창녕군
2021-06-24,양파,상,1044500.0,2080.0,536830,전남 해남군 계곡면,1098,전라남도 해남군
2019-06-01,양파,특,480000.0,800.0,415758,경기 김포시 고촌면 신곡리 길훈아파트 101∼102동,1052,경기도 김포시
2023-08-02,양파,특,10545000.0,9000.0,534000,전라남도 무안군,1097,전라남도 무안군
2024-07-01,양파,보통,31600.0,80.0,757000,경상북도 예천군,1159,경상북도 예천군
2018-03-24,양파,특,1962000.0,2400.0,534000,전라남도 무안군,1097,전라남도 무안군
2021-12-11,양파,특,1625000.0,2000.0,100000,서울특별시 서울 중구,1000,서울특별시
2019-03-15,양파,상,100000.0,400.0,770890,경북 영천시 청통면,1166,경상북도 영천시
2023-07-03,양파,보통,90000.0,500.0,740010,경북 김천시 모암동,1154,경상북도 김천시
2020-10-05,양파,특,130000.0,100.0,403010,인천 부평구 부평동,1049,인천광역시
2019-07-24,양파,특,2433600.0,10800.0,635000,경상남도 창녕군,1126,경상남도 창녕군
2019-09-02,양파,특,5200000.0,13000.0,576000,전라북도 김제시,1113,전라북도 김제시
2018-08-25,양파,특,600000.0,600.0,525800,전남 함평군 함평읍,1090,전라남도 함평군
2020-07-04,양파,특,4083600.0,6474.0,716000,경상북도 군위군,1149,경상북도 군위군
2020-12-29,양파,특,19200000.0,18000.0,800000,중국,1170,수입산
2024-06-05,양파,상,33600.0,40.0,660600,경남 진주시 진주우체국사서함,1133,경상남도 진주시
2020-06-25,양파,특,3220000.0,4200.0,745850,경북 문경시 영순면,1156,경상북도 문경시
2020-06-17,양파,특,3600000.0,5625.0,690000,제주도 제주시,1142,제주특별자치도 제주시
2019-04-02,양파,특,10365000.0,10125.0,697000,제주도 서귀포시,1144,제주특별자치도 서귀포시
2019-02-12,양파,특,4538000.0,11220.0,740000,경상북도 김천시,1154,경상북도 김천시
2020-09-18,양파,특,660000.0,900.0,565907,전북 완주군 봉동읍 장기리,1107,전라북도 완주군
2019-02-26,양파,특,3034500.0,7140.0,621000,경상남도 김해시,1121,경상남도 김해시
2018-11-05,양파,보통,6000.0,60.0,769970,경북 의성군 다인면,1165,경상북도 의성군
2018-05-12,양파,특,6505000.0,9600.0,525800,전남 함평군 함평읍,1090,전라남도 함평군
2022-06-09,양파,보통,108000.0,180.0,757880,경북 예천군 호명면,1159,경상북도 예천군
2022-06-21,양파,특,16390000.0,15225.0,903000,대구광역시 ,1146,대구광역시
2018-08-25,양파,보통,180000.0,500.0,502153,광주 서구 매월동,1083,광주광역시
2020-08-28,양파,보통,70000.0,120.0,320000,충청남도 논산시,1022,충청남도 논산시
2022-12-26,양파,특,5096000.0,3920.0,636810,경남 의령군 화정면,1127,경상남도 의령군
2019-05-07,양파,상,1381800.0,2372.0,580010,전북 정읍시 수성동,1116,전라북도 정읍시
2019-01-18,양파,특,900000.0,1900.0,635943,경남 창녕군 대합면 모전리,1126,경상남도 창녕군
2024-12-10,양파,보통,6630000.0,8160.0,536000,전라남도 해남군,1098,전라남도 해남군
2018-04-14,양파,특,3510000.0,5400.0,585000,전라북도 고창군,1115,전라북도 고창군
2018-07-06,양파,특,908600.0,915.0,534000,전라남도 무안군,1097,전라남도 무안군
2023-08-24,양파,보통,1040000.0,650.0,711000,대구광역시 달성군,1146,대구광역시
2023-11-08,양파,하,24000.0,30.0,526000,전라남도 영암군,1091,전라남도 영암군
2022-11-09,양파,특,10000.0,4.0,769810,경북 의성군 사곡면,1165,경상북도 의성군
2019-05-18,양파,보통,117000.0,520.0,617827,부산 사상구 삼락동411∼500,1120,부산광역시
2018-07-04,양파,하,1156000.0,1360.0,711000,대구광역시 달성군,1146,대구광역시
2021-01-27,양파,특,99000.0,45.0,630000,경상남도 창원시 마산회원구,1124,경상남도 창원시
2018-06-29,양파,특,4844000.0,16800.0,529900,전남 장흥군 대덕읍,1094,전라남도 장흥군
2018-03-22,양파,특,5031000.0,5850.0,534841,전남 무안군 현경면 가입리,1097,전라남도 무안군
2020-06-30,양파,특,3960000.0,7200.0,548820,전남 고흥군 영남면,1104,전라남도 고흥군
2020-11-30,양파,특,22275000.0,20250.0,525000,전라남도 함평군,1090,전라남도 함평군
2022-01-13,양파,특,2784000.0,4000.0,717000,경상북도 고령군,1150,경상북도 고령군
2020-08-27,양파,상,2500.0,5.0,390160,충북 제천시 강제동,1047,충청북도 제천시
2022-06-28,양파,특,36000.0,40.0,529804,전남 장흥군 장흥읍 교촌리,1094,전라남도 장흥군
2024-05-24,양파,하,1665000.0,4500.0,534000,전라남도 무안군,1097,전라남도 무안군
2020-03-12,양파,상,3517900.0,2540.0,678000,경상남도 합천군,1140,경상남도 합천군
2022-01-29,양파,상,525200.0,1590.0,330080,충남 천안시 동남구 구룡동,1026,충청남도 천안시
2020-07-20,양파,상,5215000.0,6300.0,745000,경상북도 문경시,1156,경상북도 문경시
2020-10-27,양파,특,8000000.0,8000.0,525805,전남 함평군 함평읍 만흥리,1090,전라남도 함평군
2018-01-24,양파,특,824000.0,1120.0,525805,전남 함평군 함평읍 만흥리,1090,전라남도 함평군
2021-09-10,양파,특,9182100.0,12434.4,678000,경상남도 합천군,1140,경상남도 합천군
2025-04-16,양파,특,3510000.0,1550.0,525800,전남 함평군 함평읍,1090,전라남도 함평군
2020-07-21,양파,특,10652000.0,12800.0,717000,경상북도 고령군,1150,경상북도 고령군
2020-11-10,양파,특,5166000.0,2520.0,534000,전라남도 무안군,1097,전라남도 무안군
2020-03-30,양파,상,189000.0,140.0,471080,경기 구리시 갈매동,1072,경기도 구리시
2019-05-07,양파,보통,18000.0,48.0,656000,경상남도 거제시,1132,경상남도 거제시
2021-03-30,양파,특,876000.0,1095.0,529800,전남 장흥군 장흥읍,1094,전라남도 장흥군
2019-04-11,양파,특,4803000.0,4830.0,690000,제주도 제주시,1142,제주특별자치도 제주시
2022-05-06,양파,특,570000.0,1125.0,534000,전라남도 무안군,1097,전라남도 무안군
2019-03-30,양파,특,9537500.0,11000.0,770000,경상북도 영천시,1166,경상북도 영천시
2021-06-14,양파,특,2281500.0,3900.0,717000,경상북도 고령군,1150,경상북도 고령군
2019-09-23,양파,특,8302500.0,15750.0,525840,전남 함평군 손불면,1090,전라남도 함평군
2024-07-04,양파,특,240000.0,800.0,621150,경남 김해시 화목동,1121,경상남도 김해시
2022-05-25,양파,보통,473700.0,2280.0,534804,전남 무안군 무안읍 성동리,1097,전라남도 무안군
2024-10-02,양파,보통,1008000.0,900.0,800000,중국,1170,수입산
2021-02-18,양파,특,18496000.0,10880.0,769000,경상북도 의성군,1165,경상북도 의성군
2018-08-29,양파,특,2046000.0,2880.0,525830,전남 함평군 대동면,1090,전라남도 함평군
2019-06-15,양파,특,738400.0,2840.0,627000,경상남도 밀양시,1123,경상남도 밀양시
2023-12-14,양파,특,1035000.0,550.0,534000,전라남도 무안군,1097,전라남도 무안군
2019-07-29,양파,특,3030.0,3.0,200140,강원 춘천시 사농동,1001,강원도 춘천시
2019-11-04,양파,특,1040000.0,1950.0,456000,경기도 안성시,1067,경기도 안성시
2019-12-26,양파,특,4494000.0,6300.0,678810,경남 합천군 율곡면,1140,경상남도 합천군
2022-03-04,양파,특,450000.0,1000.0,637000,경상남도 함안군,1128,경상남도 함안군
2019-05-07,양파,특,7904400.0,11040.0,627000,경상남도 밀양시,1123,경상남도 밀양시
2024-11-16,양파,상,74000.0,40.0,500010,광주 북구 임동,1083,광주광역시
2023-08-04,양파,보통,18000.0,240.0,635860,경남 창녕군 영산면,1126,경상남도 창녕군
2024-11-06,양파,특,3962500.0,6025.5,676000,경상남도 함양군,1139,경상남도 함양군
2020-01-20,양파,하,2805000.0,3060.0,503000,광주광역시 광주 남구,1083,광주광역시
2024-10-08,양파,특,9600000.0,7600.0,604081,부산 사하구 괴정1동,1120,부산광역시
2022-05-04,양파,특,5265000.0,6500.0,627600,경남 밀양시 밀양우체국사서함,1123,경상남도 밀양시
2022-01-20,양파,특,42657050.0,91530.0,525000,전라남도 함평군,1090,전라남도 함평군
2019-05-11,양파,보통,539400.0,1035.0,695835,제주 북제주군 한림읍 한림2리,1143,제주특별자치도 북제주군
2022-09-03,양파,보통,216000.0,1080.0,678850,경남 합천군 청덕면,1140,경상남도 합천군
2024-09-20,양파,보통,4940000.0,3900.0,635000,경상남도 창녕군,1126,경상남도 창녕군
2020-01-03,양파,보통,4800000.0,6400.0,618807,부산 강서구 대저2동1001∼2507,1120,부산광역시
2018-07-13,양파,상,2120000.0,4400.0,540850,전남 순천시 해룡면,1100,전라남도 순천시
2023-11-16,양파,상,480000.0,468.0,635000,경상남도 창녕군,1126,경상남도 창녕군
2024-09-10,양파,특,140400.0,810.0,570130,전북 익산시 목천동,1111,전라북도 익산시
2018-04-10,양파,특,1309000.0,1540.0,534701,전남 무안군 무안읍 성남리 초당대학교 ,1097,전라남도 무안군
2023-12-26,양파,특,2314000.0,1950.0,565907,전북 완주군 봉동읍 장기리,1107,전라북도 완주군
2020-02-21,양파,특,13640000.0,12400.0,678700,경남 합천군 합천읍 합천리 합천군청 ,1140,경상남도 합천군
2024-04-18,양파,하,473000.0,645.0,690000,제주도 제주시,1142,제주특별자치도 제주시
2021-04-06,양파,보통,3513200.0,2800.0,636000,경상남도 의령군,1127,경상남도 의령군
2022-06-14,양파,특,1692000.0,3600.0,320600,충남 논산시 논산우체국사서함,1022,충청남도 논산시
2019-11-26,양파,특,2580000.0,4500.0,525000,전라남도 함평군,1090,전라남도 함평군
2018-03-15,양파,특,12317500.0,15510.0,525000,전라남도 함평군,1090,전라남도 함평군
2021-06-19,양파,상,283400.0,520.0,570600,전북 익산시 익산우체국사서함,1111,전라북도 익산시
2025-04-17,양파,보통,30619900.0,20360.0,637000,경상남도 함안군,1128,경상남도 함안군
2022-12-08,양파,특,1314000.0,1460.0,770600,경북 영천시 영천우체국사서함,1166,경상북도 영천시
2023-11-02,양파,특,13450500.0,11025.0,678700,경남 합천군 합천읍 합천리 합천군청 ,1140,경상남도 합천군
2019-04-17,양파,특,1335000.0,1602.0,548903,전남 고흥군 도양읍 봉암리,1104,전라남도 고흥군
2018-09-11,양파,상,227214.0,600.0,390160,충북 제천시 강제동,1047,충청북도 제천시
2023-08-11,양파,특,11730500.0,12300.0,534000,전라남도 무안군,1097,전라남도 무안군
2021-04-24,양파,보통,8906000.0,15105.0,529000,전라남도 장흥군,1094,전라남도 장흥군
2020-04-20,양파,상,2640400.0,2813.0,990000,제주도 ,1180,제주도 
2019-07-20,양파,특,396000.0,1440.0,534804,전남 무안군 무안읍 성동리,1097,전라남도 무안군
2018-05-23,양파,특,6597000.0,14660.0,635000,경상남도 창녕군,1126,경상남도 창녕군
2021-04-14,양파,보통,110000.0,220.0,506829,광주 광산구 유계동501∼1060,1083,광주광역시
2022-03-10,양파,특,8752500.0,30375.0,535000,전라남도 신안군,1096,전라남도 신안군
2021-05-06,양파,특,665000.0,1050.0,570600,전북 익산시 익산우체국사서함,1111,전라북도 익산시
2021-05-31,양파,하,374400.0,1440.0,534830,전남 무안군 청계면,1097,전라남도 무안군
2024-06-18,양파,특,413300.0,420.0,627894,경남 밀양시 하남읍 수산리  447∼1132,1123,경상남도 밀양시
2022-04-12,양파,특,974000.0,1320.0,500801,광주 북구 각화동380∼800,1083,광주광역시
2020-05-15,양파,상,3546000.0,2955.0,520000,전라남도 나주시,1089,전라남도 나주시
2018-02-02,양파,상,297000.0,440.0,520600,전남 나주시 나주우체국사서함,1089,전라남도 나주시
2024-04-09,양파,상,896600.0,1664.0,556820,전남 여수시 화양면,1105,전라남도 여수시
2025-04-16,양파,특,2257500.0,2100.0,550600,전남 여수시 여수우체국사서함,1105,전라남도 여수시
2023-06-05,양파,특,945200.0,690.0,350900,충남 홍성군 광천읍,1033,충청남도 홍성군
2023-10-28,양파,상,44000.0,60.0,660600,경남 진주시 진주우체국사서함,1133,경상남도 진주시
2018-04-03,양파,상,80000.0,50.0,745000,경상북도 문경시,1156,경상북도 문경시
2025-03-15,양파,보통,1218000.0,1260.0,535000,전라남도 신안군,1096,전라남도 신안군
2024-11-13,양파,보통,6210000.0,6000.0,635900,경남 창녕군 남지읍,1126,경상남도 창녕군
2019-05-09,양파,보통,86400.0,180.0,515880,전남 장성군 삼서면,1085,전라남도 장성군
2025-05-16,양파,특,1872000.0,2080.0,635820,경남 창녕군 대지면,1126,경상남도 창녕군
2020-05-06,양파,보통,220000.0,800.0,637000,경상남도 함안군,1128,경상남도 함안군
2021-07-20,양파,특,440000.0,880.0,534841,전남 무안군 현경면 가입리,1097,전라남도 무안군
2019-07-08,양파,상,285200.0,920.0,767800,경북 울진군 울진읍,1164,경상북도 울진군
2021-06-05,양파,보통,6000.0,20.0,711000,대구광역시 달성군,1146,대구광역시
2018-10-11,양파,보통,110000.0,400.0,506500,광주 광산구 옥동,1083,광주광역시
2019-04-27,양파,보통,772500.0,1125.0,690000,제주도 제주시,1142,제주특별자치도 제주시
2018-02-09,양파,보통,672000.0,1120.0,635943,경남 창녕군 대합면 모전리,1126,경상남도 창녕군
2020-04-20,양파,보통,9371100.0,8388.0,534000,전라남도 무안군,1097,전라남도 무안군
2021-02-16,양파,특,46248400.0,31020.0,800000,중국,1170,수입산
2022-07-05,양파,특,960000.0,1200.0,525805,전남 함평군 함평읍 만흥리,1090,전라남도 함평군
2020-03-21,양파,특,1062500.0,1020.0,534811,전남 무안군 몽탄면 구산리,1097,전라남도 무안군
2022-01-26,양파,특,1904000.0,4200.0,570130,전북 익산시 목천동,1111,전라북도 익산시
2018-06-07,양파,상,168000.0,1680.0,717703,경북 고령군 고령읍 지산리 고령군청 ,1150,경상북도 고령군
2022-01-22,양파,특,26678904.0,20023.2,525000,전라남도 함평군,1090,전라남도 함평군
2019-03-04,양파,특,1320000.0,2250.0,570130,전북 익산시 목천동,1111,전라북도 익산시
2025-05-14,양파,보통,1685000.0,2775.0,550000,전라남도 여수시,1105,전라남도 여수시
2020-08-26,양파,하,3052500.0,3375.0,534000,전라남도 무안군,1097,전라남도 무안군
2022-09-19,양파,특,16155000.0,11250.0,445000,경기도 화성시,1063,경기도 화성시
2022-06-09,양파,특,50000.0,60.0,534000,전라남도 무안군,1097,전라남도 무안군
2023-10-11,양파,보통,9894400.0,7860.0,678000,경상남도 합천군,1140,경상남도 합천군
2023-10-30,양파,보통,3748500.0,5100.0,678000,경상남도 합천군,1140,경상남도 합천군
2024-01-26,양파,특,800000.0,1000.0,641111,경남 창원시 가음동,1124,경상남도 창원시
2021-09-15,양파,특,845000.0,650.0,456000,경기도 안성시,1067,경기도 안성시
2024-09-20,양파,하,42093000.0,40500.0,676000,경상남도 함양군,1139,경상남도 함양군
2018-07-18,양파,보통,273300.0,1420.0,760840,경북 안동시 길안면,1160,경상북도 안동시
2024-12-05,양파,보통,6779500.0,8124.0,534000,전라남도 무안군,1097,전라남도 무안군
2020-08-10,양파,특,6163300.0,6465.0,770850,경북 영천시 화산면,1166,경상북도 영천시
2022-04-26,양파,특,70000.0,70.0,630000,경상남도 창원시 마산회원구,1124,경상남도 창원시
2021-05-11,양파,특,3220500.0,5700.0,635700,경남 창녕군 창녕읍  창녕군청 ,1126,경상남도 창녕군
2018-11-30,양파,보통,690000.0,750.0,573350,전북 군산시 나운동,1112,전라북도 군산시
2024-07-18,양파,보통,340000.0,400.0,515804,전남 장성군 장성읍 성산리,1085,전라남도 장성군
2020-08-17,양파,보통,28400.0,36.0,561302,전북 전주시 덕진구 송천동2가,1106,전라북도 전주시
2023-04-27,양파,특,48000.0,45.0,660930,경남 진주시 집현면,1133,경상남도 진주시
2021-02-23,양파,특,16242500.0,8900.0,636000,경상남도 의령군,1127,경상남도 의령군
2018-05-24,양파,하,2961000.0,5250.0,356844,충남 서산시 음암면 성암리,1035,충청남도 서산시
2021-06-09,양파,특,356900.0,709.5,561302,전북 전주시 덕진구 송천동2가,1106,전라북도 전주시
2021-10-06,양파,특,760000.0,800.0,618807,부산 강서구 대저2동1001∼2507,1120,부산광역시
2024-06-12,양파,보통,1300000.0,2000.0,716000,경상북도 군위군,1149,경상북도 군위군
2021-05-24,양파,특,4363000.0,8500.0,635000,경상남도 창녕군,1126,경상남도 창녕군
2023-12-16,양파,특,984000.0,615.0,525800,전남 함평군 함평읍,1090,전라남도 함평군
2022-01-26,양파,특,6936500.0,15852.0,534000,전라남도 무안군,1097,전라남도 무안군
2021-05-15,양파,특,244000.0,190.0,570130,전북 익산시 목천동,1111,전라북도 익산시
2024-04-11,양파,하,1397200.0,1230.0,534000,전라남도 무안군,1097,전라남도 무안군
2024-12-09,양파,특,12222000.0,10500.0,534841,전남 무안군 현경면 가입리,1097,전라남도 무안군
2018-03-01,양파,특,7948800.0,8640.0,535000,전라남도 신안군,1096,전라남도 신안군
2023-05-02,양파,특,2130000.0,2250.0,534000,전라남도 무안군,1097,전라남도 무안군
2018-05-16,양파,하,84000.0,240.0,717000,경상북도 고령군,1150,경상북도 고령군
2022-09-17,양파,특,1115000.0,1000.0,534000,전라남도 무안군,1097,전라남도 무안군
2024-06-19,양파,특,10025200.0,14000.0,534000,전라남도 무안군,1097,전라남도 무안군
2020-12-03,양파,하,9732500.0,7140.0,534000,전라남도 무안군,1097,전라남도 무안군
2022-07-18,양파,상,60000.0,80.0,903000,대구광역시 ,1146,대구광역시
2018-09-27,양파,특,3620000.0,5600.0,534729,전남 무안군 청계면 도림리 목포대학교 ,1097,전라남도 무안군
2018-06-25,양파,하,746400.0,1960.0,630850,경남 마산시 내서읍,1125,경상남도 마산시
2022-07-09,양파,보통,191200.0,160.0,760880,경북 안동시 일직면,1160,경상북도 안동시
2023-06-29,양파,상,208000.0,240.0,356000,충청남도 서산시,1035,충청남도 서산시
2020-01-14,양파,상,195000.0,150.0,745000,경상북도 문경시,1156,경상북도 문경시
2023-04-10,양파,특,2480400.0,5484.0,534000,전라남도 무안군,1097,전라남도 무안군
2020-11-17,양파,특,4420000.0,2600.0,456000,경기도 안성시,1067,경기도 안성시
2023-11-18,양파,특,2415000.0,2250.0,534000,전라남도 무안군,1097,전라남도 무안군
2020-12-25,양파,특,2280000.0,1600.0,618140,부산 강서구 대저동,1120,부산광역시
2023-01-11,양파,특,6972000.0,5250.0,740000,경상북도 김천시,1154,경상북도 김천시
2025-03-08,양파,보통,1350000.0,1000.0,635000,경상남도 창녕군,1126,경상남도 창녕군
2019-07-06,양파,특,248800.0,790.0,770040,경북 영천시 과전동,1166,경상북도 영천시
2021-08-02,양파,특,648000.0,1185.0,750000,경상북도 영주시,1157,경상북도 영주시
2022-08-12,양파,보통,2220000.0,2250.0,536000,전라남도 해남군,1098,전라남도 해남군
2024-02-26,양파,하,1813500.0,2925.0,740000,경상북도 김천시,1154,경상북도 김천시
2020-09-12,양파,특,1020000.0,720.0,525800,전남 함평군 함평읍,1090,전라남도 함평군
2019-05-02,양파,특,635500.0,820.0,540850,전남 순천시 해룡면,1100,전라남도 순천시
2018-12-20,양파,상,1098800.0,3280.0,676000,경상남도 함양군,1139,경상남도 함양군
2019-05-07,양파,보통,516600.0,840.0,534000,전라남도 무안군,1097,전라남도 무안군
2019-04-29,양파,특,8287500.0,12375.0,695835,제주 북제주군 한림읍 한림2리,1143,제주특별자치도 북제주군
2024-09-25,양파,보통,55920.0,40.0,906000,광주광역시 ,1083,광주광역시
2018-06-29,양파,특,1904000.0,6300.0,676000,경상남도 함양군,1139,경상남도 함양군
2024-08-30,양파,특,4581500.0,5100.0,534000,전라남도 무안군,1097,전라남도 무안군
2025-04-09,양파,보통,141750.0,50.0,901000,서울특별시 ,1000,서울특별시
2024-10-25,양파,특,44358250.0,40725.0,800000,중국,1170,수입산
2024-07-26,양파,특,1368000.0,3334.5,717000,경상북도 고령군,1150,경상북도 고령군
2021-07-06,양파,보통,1527200.0,3320.0,635812,경남 창녕군 유어면 광산리,1126,경상남도 창녕군
2018-11-15,양파,특,550000.0,500.0,800000,중국,1170,수입산
2021-10-20,양파,상,1100000.0,1500.0,565907,전북 완주군 봉동읍 장기리,1107,전라북도 완주군
2020-05-15,양파,특,5841000.0,10620.0,529000,전라남도 장흥군,1094,전라남도 장흥군
2021-12-07,양파,특,130000.0,150.0,750010,경북 영주시 영주동,1157,경상북도 영주시
2018-05-21,양파,하,94500.0,900.0,534000,전라남도 무안군,1097,전라남도 무안군
2019-05-13,양파,하,1066000.0,1968.0,548000,전라남도 고흥군,1104,전라남도 고흥군
2019-02-13,양파,하,221000.0,2040.0,525000,전라남도 함평군,1090,전라남도 함평군
2019-11-09,양파,하,459000.0,1020.0,535000,전라남도 신안군,1096,전라남도 신안군
2018-11-05,양파,특,2400000.0,3000.0,545850,전남 광양시 진월면,1102,전라남도 광양시
2018-06-20,양파,상,63800.0,143.0,350900,충남 홍성군 광천읍,1033,충청남도 홍성군
2022-08-01,양파,특,960000.0,1200.0,621150,경남 김해시 화목동,1121,경상남도 김해시
2024-09-24,양파,상,86700.0,225.0,450120,경기 평택시 군문동,1066,경기도 평택시
2019-07-02,양파,하,400000.0,750.0,579000,전라북도 부안군,1114,전라북도 부안군
2018-05-16,양파,하,3025100.0,6100.0,525000,전라남도 함평군,1090,전라남도 함평군
2021-12-13,양파,보통,825000.0,750.0,636000,경상남도 의령군,1127,경상남도 의령군
2024-08-02,양파,특,7308000.0,8400.0,536000,전라남도 해남군,1098,전라남도 해남군
2021-06-23,양파,특,162400.0,280.0,745600,경북 문경시 문경우체국사서함,1156,경상북도 문경시
2019-04-12,양파,보통,58500.0,156.0,529800,전남 장흥군 장흥읍,1094,전라남도 장흥군
2024-02-01,양파,특,18000.0,30.0,621150,경남 김해시 화목동,1121,경상남도 김해시
2018-09-29,양파,특,110000.0,80.0,570130,전북 익산시 목천동,1111,전라북도 익산시
2023-10-11,양파,상,1500000.0,1800.0,800000,중국,1170,수입산
2024-08-22,양파,보통,2550000.0,3060.0,678800,경남 합천군 합천읍,1140,경상남도 합천군
2019-05-02,양파,특,14000.0,40.0,565907,전북 완주군 봉동읍 장기리,1107,전라북도 완주군
2022-12-20,양파,상,419400.0,324.0,561302,전북 전주시 덕진구 송천동2가,1106,전라북도 전주시
2020-08-17,양파,상,195000.0,150.0,471080,경기 구리시 갈매동,1072,경기도 구리시
2018-06-15,양파,특,61600.0,80.0,730811,경북 구미시 고아읍 관심리,1153,경상북도 구미시
2023-09-05,양파,보통,8328100.0,9276.0,525000,전라남도 함평군,1090,전라남도 함평군
2025-04-14,양파,특,64000.0,160.0,570130,전북 익산시 목천동,1111,전라북도 익산시
2024-04-02,양파,특,3861000.0,2145.0,800000,중국,1170,수입산
2024-05-07,양파,보통,880000.0,1600.0,902000,부산광역시 ,1120,부산광역시
2019-02-20,양파,특,350000.0,600.0,570130,전북 익산시 목천동,1111,전라북도 익산시
2025-04-29,양파,특,23000.0,20.0,534870,전남 무안군 해제면,1097,전라남도 무안군
2018-07-20,양파,상,644000.0,1840.0,645000,경상남도 진해시,1130,경상남도 진해시
2019-12-05,양파,상,1890000.0,2808.0,561302,전북 전주시 덕진구 송천동2가,1106,전라북도 전주시
2025-04-10,양파,보통,2688000.0,2880.0,800000,중국,1170,수입산
2018-10-29,양파,특,60750.0,75.0,200140,강원 춘천시 사농동,1001,강원도 춘천시
2024-04-02,양파,하,115500.0,132.0,534000,전라남도 무안군,1097,전라남도 무안군
2024-06-13,양파,특,850000.0,500.0,487000,경기도 포천시,1081,경기도 포천시
2019-09-28,양파,특,120900.0,260.0,714000,경상북도 청도군,1148,경상북도 청도군
2018-10-16,양파,상,675000.0,750.0,745000,경상북도 문경시,1156,경상북도 문경시
2023-08-31,양파,상,70000.0,140.0,520833,전남 나주시 산포면 산제리,1089,전라남도 나주시
2021-12-06,양파,특,6977600.0,9345.0,676000,경상남도 함양군,1139,경상남도 함양군
2025-05-23,양파,특,90000.0,150.0,534729,전남 무안군 청계면 도림리 목포대학교 ,1097,전라남도 무안군
2018-05-31,양파,특,3266500.0,8360.0,630850,경남 마산시 내서읍,1125,경상남도 마산시
2025-03-18,양파,특,9600000.0,12000.0,534850,전남 무안군 망운면,1097,전라남도 무안군
2020-03-18,양파,특,4267100.0,4932.0,534000,전라남도 무안군,1097,전라남도 무안군
2023-09-27,양파,특,53676699.0,30662.0,534000,전라남도 무안군,1097,전라남도 무안군
2023-03-06,양파,특,12680000.0,14000.0,636000,경상남도 의령군,1127,경상남도 의령군
2022-03-09,양파,하,481000.0,1110.0,534841,전남 무안군 현경면 가입리,1097,전라남도 무안군
2021-02-16,양파,특,11046000.0,6300.0,678700,경남 합천군 합천읍 합천리 합천군청 ,1140,경상남도 합천군
2022-05-23,양파,상,1613500.0,2760.0,656834,경남 거제시 장목면 매동리,1132,경상남도 거제시
2022-08-16,양파,특,3600000.0,2700.0,800000,중국,1170,수입산
2019-01-24,양파,보통,20000.0,20.0,714000,경상북도 청도군,1148,경상북도 청도군
2019-11-26,양파,특,6921600.0,16260.0,770000,경상북도 영천시,1166,경상북도 영천시
2019-07-29,양파,특,195000.0,300.0,456000,경기도 안성시,1067,경기도 안성시
2018-02-20,양파,특,2425000.0,2000.0,534000,전라남도 무안군,1097,전라남도 무안군
2021-05-20,양파,특,5940000.0,11962.5,534000,전라남도 무안군,1097,전라남도 무안군
2020-01-14,양파,특,7387200.0,8640.0,585802,전북 고창군 고창읍 내동리,1115,전라북도 고창군
2022-09-24,양파,특,10220000.0,7350.0,534000,전라남도 무안군,1097,전라남도 무안군
2023-08-14,양파,보통,42000.0,60.0,760880,경북 안동시 일직면,1160,경상북도 안동시
2019-05-30,양파,보통,99000.0,220.0,717820,경북 고령군 우곡면,1150,경상북도 고령군
2019-05-04,양파,특,1495000.0,2600.0,534000,전라남도 무안군,1097,전라남도 무안군
2023-07-22,양파,상,3218400.0,2980.0,678000,경상남도 합천군,1140,경상남도 합천군
2024-05-20,양파,특,975000.0,1125.0,536000,전라남도 해남군,1098,전라남도 해남군
2025-03-21,양파,특,270000.0,90.0,534000,전라남도 무안군,1097,전라남도 무안군
2024-08-06,양파,특,1785000.0,3060.0,534000,전라남도 무안군,1097,전라남도 무안군
2024-07-15,양파,상,767000.0,1180.0,636810,경남 의령군 화정면,1127,경상남도 의령군
2019-03-30,양파,특,5500000.0,10880.0,678000,경상남도 합천군,1140,경상남도 합천군
2019-10-31,양파,특,70000.0,100.0,565863,전북 완주군 고산면 성재리,1107,전라북도 완주군
2021-05-05,양파,특,222000.0,180.0,534729,전남 무안군 청계면 도림리 목포대학교 ,1097,전라남도 무안군
2023-04-26,양파,특,2325000.0,3000.0,500120,광주 북구 각화동,1083,광주광역시
2022-08-01,양파,특,3600000.0,5400.0,579814,전북 부안군 동진면 장등리,1114,전라북도 부안군
2020-08-03,양파,보통,4271250.0,5100.0,534000,전라남도 무안군,1097,전라남도 무안군
2023-06-07,양파,상,65000.0,100.0,717000,경상북도 고령군,1150,경상북도 고령군
2023-06-22,양파,보통,220000.0,120.0,534729,전남 무안군 청계면 도림리 목포대학교 ,1097,전라남도 무안군
2019-10-07,양파,특,4216500.0,9370.0,471080,경기 구리시 갈매동,1072,경기도 구리시
2022-04-29,양파,특,15957600.0,23235.0,690000,제주도 제주시,1142,제주특별자치도 제주시
2022-08-24,양파,특,1350000.0,1125.0,548931,전남 고흥군 금산면 대흥리,1104,전라남도 고흥군
2019-06-19,양파,특,7732602.0,3291.0,901000,서울특별시 ,1000,서울특별시
2020-06-06,양파,특,381600.0,720.0,305325,대전 유성구 노은동,1019,대전광역시
2025-05-09,양파,상,133150.0,50.0,135241,서울 강남구 개포1동,1000,서울특별시
2020-01-14,양파,특,3061800.0,3685.5,635000,경상남도 창녕군,1126,경상남도 창녕군
2021-04-07,양파,특,6665400.0,4500.0,534000,전라남도 무안군,1097,전라남도 무안군
2022-01-06,양파,특,482400.0,1110.0,534000,전라남도 무안군,1097,전라남도 무안군
2018-02-27,양파,상,520000.0,800.0,336911,충남 아산시 도고면 금산리,1027,충청남도 아산시
2024-05-03,양파,특,2077800.0,2545.0,525000,전라남도 함평군,1090,전라남도 함평군
2020-05-22,양파,특,2528900.0,4180.0,678820,경남 합천군 초계면,1140,경상남도 합천군
2019-09-02,양파,하,459000.0,1020.0,525000,전라남도 함평군,1090,전라남도 함평군
2021-08-16,양파,상,357000.0,840.0,630850,경남 마산시 내서읍,1125,경상남도 마산시
2019-04-11,양파,특,315000.0,3000.0,906000,광주광역시 ,1083,광주광역시
2023-03-29,양파,상,225000.0,125.0,534729,전남 무안군 청계면 도림리 목포대학교 ,1097,전라남도 무안군
2020-04-23,양파,특,600000.0,400.0,482000,경기도 양주시,1077,경기도 양주시
2019-03-22,양파,특,1020000.0,2000.0,500070,광주 북구 용봉동,1083,광주광역시
2023-11-03,양파,보통,10751300.0,15336.0,525000,전라남도 함평군,1090,전라남도 함평군
2018-10-24,양파,특,2405500.0,6120.0,585000,전라북도 고창군,1115,전라북도 고창군
2024-04-29,양파,특,5700000.0,4500.0,534000,전라남도 무안군,1097,전라남도 무안군
2018-06-22,양파,상,1361600.0,2200.0,617030,부산 사상구 엄궁동,1120,부산광역시
2019-10-21,양파,특,2025400.0,3936.0,535000,전라남도 신안군,1096,전라남도 신안군
2020-04-28,양파,보통,1600000.0,2000.0,769800,경북 의성군 의성읍,1165,경상북도 의성군
2021-03-23,양파,상,2700000.0,1440.0,678000,경상남도 합천군,1140,경상남도 합천군
2019-12-19,양파,특,650000.0,600.0,565000,전라북도 완주군,1107,전라북도 완주군
2020-05-18,양파,특,1374000.0,900.0,769800,경북 의성군 의성읍,1165,경상북도 의성군
2020-07-23,양파,특,1504700.0,1940.0,525000,전라남도 함평군,1090,전라남도 함평군
2021-03-24,양파,특,312000.0,288.0,597000,전라북도 장수군,1119,전라북도 장수군
2023-10-28,양파,특,15988000.0,13650.0,534000,전라남도 무안군,1097,전라남도 무안군
2020-06-19,양파,특,1897500.0,3375.0,690000,제주도 제주시,1142,제주특별자치도 제주시
2019-07-10,양파,하,241500.0,2100.0,635942,경남 창녕군 대합면 내울리,1126,경상남도 창녕군
2020-06-29,양파,상,326600.0,460.0,520810,전남 나주시 노안면,1089,전라남도 나주시
2020-06-23,양파,보통,2018500.0,4220.0,536000,전라남도 해남군,1098,전라남도 해남군
2023-03-20,양파,특,3600000.0,3375.0,990000,제주도 ,1180,제주도 
2023-04-17,양파,하,1425000.0,2250.0,548000,전라남도 고흥군,1104,전라남도 고흥군
2024-12-06,양파,특,7446000.0,6300.0,320600,충남 논산시 논산우체국사서함,1022,충청남도 논산시
2021-11-15,양파,특,12523000.0,13650.0,770000,경상북도 영천시,1166,경상북도 영천시
2024-10-14,양파,특,1387500.0,1125.0,678800,경남 합천군 합천읍,1140,경상남도 합천군
2023-07-14,양파,보통,1085000.0,1400.0,636000,경상남도 의령군,1127,경상남도 의령군
2020-06-25,양파,특,18180.0,20.0,200140,강원 춘천시 사농동,1001,강원도 춘천시
2023-08-12,양파,특,2484000.0,2700.0,901000,서울특별시 ,1000,서울특별시
2024-01-10,양파,특,7717500.0,6750.0,711834,대구 달성군 화원읍 천내리  1∼249,1146,대구광역시
2019-11-04,양파,특,110000.0,80.0,570130,전북 익산시 목천동,1111,전라북도 익산시
2022-12-30,양파,특,5850000.0,6000.0,800000,중국,1170,수입산
2025-01-14,양파,특,16289000.0,11550.0,579000,전라북도 부안군,1114,전라북도 부안군
2023-01-09,양파,상,53200.0,70.0,561302,전북 전주시 덕진구 송천동2가,1106,전라북도 전주시
2022-05-04,양파,특,103500.0,135.0,540852,전남 순천시 해룡면 농주리,1100,전라남도 순천시
2018-08-20,양파,상,2000000.0,2000.0,800000,중국,1170,수입산
2018-09-07,양파,특,368000.0,400.0,621150,경남 김해시 화목동,1121,경상남도 김해시
2025-04-01,양파,특,36006000.0,30750.0,800000,중국,1170,수입산
2020-03-03,양파,보통,10000.0,100.0,676810,경남 함양군 수동면,1139,경상남도 함양군
2020-07-03,양파,특,3017500.0,6040.0,525805,전남 함평군 함평읍 만흥리,1090,전라남도 함평군
2019-05-03,양파,특,1630000.0,3178.5,529000,전라남도 장흥군,1094,전라남도 장흥군
2019-06-13,양파,특,13611400.0,49960.0,635000,경상남도 창녕군,1126,경상남도 창녕군
2019-06-15,양파,상,198000.0,836.0,520840,전남 나주시 남평읍,1089,전라남도 나주시
2019-11-21,양파,특,2481400.0,4164.0,716000,경상북도 군위군,1149,경상북도 군위군
2018-05-19,양파,하,21420500.0,40536.0,534000,전라남도 무안군,1097,전라남도 무안군
2023-01-10,양파,하,4575600.0,3936.0,579000,전라북도 부안군,1114,전라북도 부안군
2022-07-02,양파,특,688000.0,600.0,363793,충북 청원군 내수읍  청주국제공항 ,1038,충청북도 청원군
2019-02-28,양파,특,1275000.0,3000.0,695800,제주 북제주군 구좌읍,1143,제주특별자치도 북제주군
2020-11-26,양파,특,7290500.0,6300.0,666000,경상남도 산청군,1135,경상남도 산청군
2023-06-13,양파,상,663000.0,1020.0,529000,전라남도 장흥군,1094,전라남도 장흥군
2024-04-26,양파,보통,3378800.0,4880.0,534814,전남 무안군 몽탄면 당호리,1097,전라남도 무안군
2020-08-03,양파,상,1283100.0,1700.0,678000,경상남도 합천군,1140,경상남도 합천군
2022-06-21,양파,특,795000.0,750.0,320800,충남 논산시 대교동1∼210,1022,충청남도 논산시
2022-04-07,양파,특,72500.0,75.0,630000,경상남도 창원시 마산회원구,1124,경상남도 창원시
2021-07-17,양파,특,20000.0,40.0,515810,전남 장성군 황룡면,1085,전라남도 장성군
2018-03-20,양파,특,56000.0,336.0,525000,전라남도 함평군,1090,전라남도 함평군
2020-06-22,양파,특,56000.0,100.0,356000,충청남도 서산시,1035,충청남도 서산시
2020-04-24,양파,보통,46800.0,24.0,100000,서울특별시 서울 중구,1000,서울특별시
2024-07-04,양파,특,126000.0,180.0,641600,경남 창원시 창원우체국사서함,1124,경상남도 창원시
2020-05-29,양파,보통,1067200.0,1600.0,635000,경상남도 창녕군,1126,경상남도 창녕군
2019-05-25,양파,특,171000.0,304.0,561302,전북 전주시 덕진구 송천동2가,1106,전라북도 전주시
2020-06-10,양파,하,734500.0,1560.0,666000,경상남도 산청군,1135,경상남도 산청군
2021-06-01,양파,특,900000.0,750.0,534000,전라남도 무안군,1097,전라남도 무안군
2020-03-19,양파,특,16189900.0,18276.0,534000,전라남도 무안군,1097,전라남도 무안군
2021-07-01,양파,상,5160000.0,9000.0,534000,전라남도 무안군,1097,전라남도 무안군
2023-06-13,양파,특,12479000.0,21996.0,534000,전라남도 무안군,1097,전라남도 무안군
2025-05-19,양파,상,666400.0,710.5,534000,전라남도 무안군,1097,전라남도 무안군
2020-09-26,양파,특,15382500.0,15750.0,503311,광주 남구 주월1동,1083,광주광역시
2020-04-22,양파,특,12358000.0,13026.0,548000,전라남도 고흥군,1104,전라남도 고흥군
2024-04-15,양파,특,12235750.0,10200.0,548000,전라남도 고흥군,1104,전라남도 고흥군
2019-08-20,양파,상,169223.0,162.0,902000,부산광역시 ,1120,부산광역시
2020-12-11,양파,특,805200.0,792.0,678801,경남 합천군 합천읍 합천리,1140,경상남도 합천군
2024-09-05,양파,상,9000.0,19.5,730000,경상북도 구미시,1153,경상북도 구미시
2024-01-30,양파,특,2445000.0,2925.0,770000,경상북도 영천시,1166,경상북도 영천시
2022-01-08,양파,특,709800.0,760.5,716000,경상북도 군위군,1149,경상북도 군위군
2024-08-29,양파,하,11000000.0,10000.0,711000,대구광역시 달성군,1146,대구광역시
2024-11-15,양파,특,4050000.0,3375.0,678000,경상남도 합천군,1140,경상남도 합천군
2018-11-27,양파,특,792800.0,1605.0,534000,전라남도 무안군,1097,전라남도 무안군
2024-03-06,양파,특,16160.0,8.0,200140,강원 춘천시 사농동,1001,강원도 춘천시
2025-05-14,양파,특,12477000.0,20295.0,534729,전남 무안군 청계면 도림리 목포대학교 ,1097,전라남도 무안군
2021-06-09,양파,특,375000.0,500.0,320800,충남 논산시 대교동1∼210,1022,충청남도 논산시
2019-02-02,양파,특,100000.0,1000.0,579000,전라북도 부안군,1114,전라북도 부안군
2019-11-08,양파,특,1840000.0,4000.0,770000,경상북도 영천시,1166,경상북도 영천시
2022-07-26,양파,보통,1767000.0,1780.0,570000,전라북도 익산시,1111,전라북도 익산시
2021-04-29,양파,상,770000.0,1100.0,970000,경상남도 ,1178,경상남도 
2020-05-28,양파,상,771900.0,1860.0,635812,경남 창녕군 유어면 광산리,1126,경상남도 창녕군
2022-09-01,양파,특,1040000.0,960.0,534842,전남 무안군 현경면 동산리,1097,전라남도 무안군
2019-09-09,양파,특,3584000.0,7350.0,676891,경남 함양군 유림면 국계리,1139,경상남도 함양군
2023-08-22,양파,보통,23100.0,45.0,360070,충북 청주시 상당구 금천동,1037,충청북도 청주시
2022-06-20,양파,상,1627400.0,1580.0,627906,경남 밀양시 삼랑진읍 숭진리,1123,경상남도 밀양시
2022-04-01,양파,상,598000.0,920.0,530340,전남 목포시 대성동,1095,전라남도 목포시
2024-03-25,양파,보통,80000.0,80.0,635820,경남 창녕군 대지면,1126,경상남도 창녕군
2019-11-30,양파,특,518500.0,1220.0,534000,전라남도 무안군,1097,전라남도 무안군
2022-12-31,양파,보통,1800000.0,1000.0,770000,경상북도 영천시,1166,경상북도 영천시
2018-11-16,양파,특,12200.0,10.0,200140,강원 춘천시 사농동,1001,강원도 춘천시
2024-04-04,양파,특,940000.0,705.0,637830,경남 함안군 법수면,1128,경상남도 함안군
2024-01-17,양파,하,3383000.0,5100.0,526000,전라남도 영암군,1091,전라남도 영암군
2023-06-30,양파,특,27774000.0,25200.0,800000,중국,1170,수입산
2024-09-06,양파,특,7735000.0,8160.0,534870,전남 무안군 해제면,1097,전라남도 무안군
2019-05-24,양파,보통,504500.0,740.0,529000,전라남도 장흥군,1094,전라남도 장흥군
2022-04-18,양파,특,3170000.0,5250.0,697600,제주 서귀포시 서귀포우체국사서함,1144,제주특별자치도 서귀포시
2024-11-14,양파,특,4925000.0,4000.0,635800,경남 창녕군 창녕읍,1126,경상남도 창녕군
2018-06-25,양파,보통,3534500.0,8660.0,130842,서울 동대문구 장안1동369∼398,1000,서울특별시
2022-01-25,양파,특,4081000.0,8400.0,678700,경남 합천군 합천읍 합천리 합천군청 ,1140,경상남도 합천군
2024-07-16,양파,특,30000.0,45.0,570130,전북 익산시 목천동,1111,전라북도 익산시
2023-06-30,양파,특,810000.0,1000.0,546000,전라남도 보성군,1103,전라남도 보성군
2022-03-16,양파,특,765000.0,2040.0,525000,전라남도 함평군,1090,전라남도 함평군
2022-01-13,양파,특,510000.0,1020.0,534000,전라남도 무안군,1097,전라남도 무안군
2024-11-07,양파,상,630000.0,600.0,635800,경남 창녕군 창녕읍,1126,경상남도 창녕군
2020-05-21,양파,보통,286000.0,320.0,711890,대구 달성군 구지면,1146,대구광역시
2025-05-16,양파,특,2753000.0,3180.0,717000,경상북도 고령군,1150,경상북도 고령군
2024-11-25,양파,특,12000000.0,10000.0,678805,경남 합천군 합천읍 합천리  781∼850,1140,경상남도 합천군
2021-08-03,양파,특,1024000.0,960.0,534000,전라남도 무안군,1097,전라남도 무안군
2022-08-11,양파,특,440000.0,300.0,565863,전북 완주군 고산면 성재리,1107,전라북도 완주군
2018-04-11,양파,특,788500.0,1100.0,502153,광주 서구 매월동,1083,광주광역시
2020-06-08,양파,상,2043200.0,4120.0,635000,경상남도 창녕군,1126,경상남도 창녕군
2021-04-27,양파,특,2109700.0,3204.0,529804,전남 장흥군 장흥읍 교촌리,1094,전라남도 장흥군
2020-10-14,양파,특,2055000.0,3375.0,534000,전라남도 무안군,1097,전라남도 무안군
2023-05-27,양파,상,56000.0,80.0,790140,경북 포항시 남구 대도동,1168,경상북도 포항시
2019-06-19,양파,특,2949000.0,6300.0,717000,경상북도 고령군,1150,경상북도 고령군
2019-01-31,양파,특,268000.0,1340.0,906000,광주광역시 ,1083,광주광역시
2024-02-01,양파,특,2591000.0,1000.0,209800,강원 화천군 화천읍,1002,강원도 화천군
2019-07-27,양파,보통,84000.0,140.0,138000,서울특별시 송파구,1000,서울특별시
2018-09-22,양파,상,190000.0,300.0,570130,전북 익산시 목천동,1111,전라북도 익산시
2025-03-20,양파,상,14812500.0,9000.0,676000,경상남도 함양군,1139,경상남도 함양군
2024-05-14,양파,특,2175000.0,1740.0,637000,경상남도 함안군,1128,경상남도 함안군
2020-12-26,양파,특,1450000.0,1200.0,534729,전남 무안군 청계면 도림리 목포대학교 ,1097,전라남도 무안군
2025-04-16,양파,상,1040000.0,600.0,800000,중국,1170,수입산
2019-06-21,양파,특,4240.0,6.0,200140,강원 춘천시 사농동,1001,강원도 춘천시
2024-04-02,양파,하,8229600.0,8640.0,697000,제주도 서귀포시,1144,제주특별자치도 서귀포시
2024-08-30,양파,특,8004000.0,6960.0,536800,전남 해남군 해남읍,1098,전라남도 해남군
2022-09-08,양파,특,6000.0,3.0,534729,전남 무안군 청계면 도림리 목포대학교 ,1097,전라남도 무안군
2018-05-17,양파,특,522000.0,1160.0,660010,경남 진주시 중안동,1133,경상남도 진주시
2019-01-28,양파,상,2640000.0,4500.0,534000,전라남도 무안군,1097,전라남도 무안군
2018-06-02,양파,특,2494400.0,4860.0,535800,전남 신안군 지도읍,1096,전라남도 신안군
2025-04-16,양파,보통,3247500.0,2250.0,690000,제주도 제주시,1142,제주특별자치도 제주시
2024-06-06,양파,하,858000.0,1950.0,666000,경상남도 산청군,1135,경상남도 산청군
2021-01-19,양파,하,17328000.0,9120.0,716000,경상북도 군위군,1149,경상북도 군위군
2018-11-16,양파,특,52000.0,160.0,565907,전북 완주군 봉동읍 장기리,1107,전라북도 완주군
2025-05-15,양파,특,819000.0,975.0,904000,대전광역시 ,1019,대전광역시
2018-11-14,양파,보통,2682000.0,10800.0,534000,전라남도 무안군,1097,전라남도 무안군
2024-11-26,양파,특,27254000.0,24900.0,800000,중국,1170,수입산
2023-05-26,양파,보통,62000.0,80.0,627000,경상남도 밀양시,1123,경상남도 밀양시
2019-07-01,양파,상,1326000.0,3900.0,676804,경남 함양군 함양읍 백천리,1139,경상남도 함양군
2021-07-22,양파,특,858000.0,1188.0,561302,전북 전주시 덕진구 송천동2가,1106,전라북도 전주시
2023-07-26,양파,상,6210000.0,5400.0,800000,중국,1170,수입산
2023-03-04,양파,특,47792500.0,28485.0,800000,중국,1170,수입산
2023-08-02,양파,특,2600000.0,3000.0,800000,수입산,1170,수입산
2024-05-21,양파,특,12493000.0,10725.0,757800,경북 예천군 예천읍,1159,경상북도 예천군
2021-02-06,양파,상,204000.0,120.0,676810,경남 함양군 수동면,1139,경상남도 함양군
2020-01-30,양파,특,480000.0,384.0,570130,전북 익산시 목천동,1111,전라북도 익산시
2018-09-03,양파,특,3900000.0,4500.0,800000,중국,1170,수입산
2025-05-24,양파,특,122400.0,270.0,570600,전북 익산시 익산우체국사서함,1111,전라북도 익산시
2024-12-12,양파,특,1302000.0,1050.0,220100,강원 원주시 단계동,1008,강원도 원주시
2018-04-12,양파,보통,46550.0,532.0,637831,경남 함안군 법수면 강주리,1128,경상남도 함안군
2019-11-26,양파,특,1054000.0,3855.0,519810,전남 화순군 능주면,1088,전라남도 화순군
2022-09-26,양파,특,7393000.0,5055.0,678700,경남 합천군 합천읍 합천리 합천군청 ,1140,경상남도 합천군
2023-05-29,양파,하,20857500.0,20250.0,536000,전라남도 해남군,1098,전라남도 해남군
2018-12-15,양파,특,480000.0,400.0,482000,경기도 양주시,1077,경기도 양주시
2020-04-14,양파,특,713000.0,988.0,525805,전남 함평군 함평읍 만흥리,1090,전라남도 함평군
2023-06-17,양파,상,190400.0,280.0,757810,경북 예천군 보문면,1159,경상북도 예천군
2018-01-09,양파,특,4752000.0,4320.0,585000,전라북도 고창군,1115,전라북도 고창군
2024-04-05,양파,보통,469000.0,660.0,534729,전남 무안군 청계면 도림리 목포대학교 ,1097,전라남도 무안군
2020-05-30,양파,특,467200.0,1160.0,525805,전남 함평군 함평읍 만흥리,1090,전라남도 함평군
2022-01-07,양파,특,4060000.0,6300.0,678700,경남 합천군 합천읍 합천리 합천군청 ,1140,경상남도 합천군
2018-01-22,양파,특,320000.0,250.0,745000,경상북도 문경시,1156,경상북도 문경시
2021-12-29,양파,상,91080.0,180.0,730010,경북 구미시 원평동,1153,경상북도 구미시
2022-05-19,양파,상,108000.0,240.0,515000,전라남도 장성군,1085,전라남도 장성군
2018-11-12,양파,특,960500.0,1020.0,536000,전라남도 해남군,1098,전라남도 해남군
2018-07-11,양파,특,320000.0,300.0,471000,경기도 구리시,1072,경기도 구리시
2023-07-14,양파,특,2820000.0,3000.0,590000,전라북도 남원시,1117,전라북도 남원시
2020-04-09,양파,상,5045000.0,5400.0,990000,제주도 ,1180,제주도 
2022-12-19,양파,특,4560000.0,2400.0,742600,경북 상주시 상주우체국사서함,1155,경상북도 상주시
2021-10-18,양파,특,3920000.0,4200.0,745000,경상북도 문경시,1156,경상북도 문경시
2025-03-10,양파,상,8279000.0,4080.0,711834,대구 달성군 화원읍 천내리  1∼249,1146,대구광역시
2025-05-03,양파,보통,525000.0,1125.0,534000,전라남도 무안군,1097,전라남도 무안군
2018-09-18,양파,특,205000.0,738.0,565003,전북 완주군 봉동읍  전주우편집중국 ,1107,전라북도 완주군
2024-07-13,양파,특,8750000.0,8400.0,745850,경북 문경시 영순면,1156,경상북도 문경시
2020-07-16,양파,특,2497100.0,3012.0,534000,전라남도 무안군,1097,전라남도 무안군
2021-01-15,양파,하,8002800.0,4212.0,676000,경상남도 함양군,1139,경상남도 함양군
2018-03-07,양파,특,36360.0,20.0,200140,강원 춘천시 사농동,1001,강원도 춘천시
2025-01-13,양파,특,3243000.0,2115.0,570130,전북 익산시 목천동,1111,전라북도 익산시
2021-07-01,양파,보통,7189200.0,13545.0,530600,전남 목포시 목포우체국사서함,1095,전라남도 목포시
2023-01-13,양파,하,17492250.0,13440.0,534000,전라남도 무안군,1097,전라남도 무안군
2024-06-14,양파,보통,1877600.0,3200.0,714000,경상북도 청도군,1148,경상북도 청도군
2023-05-11,양파,하,2800.0,16.0,546000,전라남도 보성군,1103,전라남도 보성군
2019-11-11,양파,하,2450500.0,5796.0,525000,전라남도 함평군,1090,전라남도 함평군
2022-04-22,양파,상,1259600.0,2070.0,690600,제주 제주시 제주우체국사서함,1142,제주특별자치도 제주시
2019-06-07,양파,특,28000.0,24.0,138000,서울특별시 송파구,1000,서울특별시
2019-03-04,양파,특,144000.0,300.0,730000,경상북도 구미시,1153,경상북도 구미시
2020-11-21,양파,특,6864000.0,5700.0,635924,경남 창녕군 계성면 명리,1126,경상남도 창녕군
2023-07-14,양파,특,36000.0,40.0,717820,경북 고령군 우곡면,1150,경상북도 고령군
2022-05-10,양파,특,2419200.0,5400.0,990000,제주도 ,1180,제주도 
2023-02-21,양파,특,15090.0,8.3,200140,강원 춘천시 사농동,1001,강원도 춘천시
2023-07-26,양파,특,1575000.0,1125.0,534729,전남 무안군 청계면 도림리 목포대학교 ,1097,전라남도 무안군
2018-12-20,양파,특,3675000.0,5250.0,769970,경북 의성군 다인면,1165,경상북도 의성군
2025-05-05,양파,상,940800.0,840.0,561302,전북 전주시 덕진구 송천동2가,1106,전라북도 전주시
2024-09-23,양파,특,4600000.0,3900.0,711000,대구광역시 달성군,1146,대구광역시
2020-02-26,양파,특,4840750.0,3060.0,585000,전라북도 고창군,1115,전라북도 고창군
2020-09-18,양파,상,800000.0,1000.0,660000,경상남도 진주시,1133,경상남도 진주시
2019-07-19,양파,특,3130000.0,8000.0,730000,경상북도 구미시,1153,경상북도 구미시
2018-06-05,양파,특,1035500.0,2180.0,403103,인천 부평구 부개3동,1049,인천광역시
2025-03-04,양파,특,6457500.0,3855.0,565805,전북 완주군 삼례읍 어전리,1107,전라북도 완주군
2019-03-06,양파,특,5600000.0,11200.0,704060,대구 달서구 두류동,1146,대구광역시
2020-02-08,양파,특,7800000.0,9000.0,525000,전라남도 함평군,1090,전라남도 함평군
2019-06-24,양파,하,1207000.0,3708.0,534000,전라남도 무안군,1097,전라남도 무안군
2019-11-23,양파,특,850000.0,1020.0,565000,전라북도 완주군,1107,전라북도 완주군
2024-11-11,양파,특,646600.0,4460.0,901000,서울특별시 ,1000,서울특별시
2021-11-13,양파,특,2720000.0,3060.0,534000,전라남도 무안군,1097,전라남도 무안군
2018-07-06,양파,특,1738800.0,4536.0,536000,전라남도 해남군,1098,전라남도 해남군
2020-01-31,양파,특,6600000.0,8800.0,678800,경남 합천군 합천읍,1140,경상남도 합천군
2024-04-26,양파,특,7240000.0,7240.0,548000,전라남도 고흥군,1104,전라남도 고흥군
2022-04-06,양파,특,630000.0,1200.0,550150,전남 여수시 광무동,1105,전라남도 여수시
2022-06-14,양파,특,1782000.0,3620.0,513860,전남 영광군 염산면,1084,전라남도 영광군
2020-08-10,양파,특,5174000.0,3980.0,456000,경기도 안성시,1067,경기도 안성시
2022-06-27,양파,특,115200.0,120.0,565000,전라북도 완주군,1107,전라북도 완주군
2024-04-15,양파,보통,524400.0,345.0,570930,전북 익산시 여산면,1111,전라북도 익산시
2023-08-09,양파,특,675000.0,750.0,800000,수입산,1170,수입산
2024-02-03,양파,특,121200.0,60.0,200140,강원 춘천시 사농동,1001,강원도 춘천시
2019-07-11,양파,특,416000.0,1040.0,534000,전라남도 무안군,1097,전라남도 무안군
2018-06-23,양파,상,406000.0,860.0,767800,경북 울진군 울진읍,1164,경상북도 울진군
2022-09-23,양파,보통,13449400.0,15936.0,534000,전라남도 무안군,1097,전라남도 무안군
2023-08-10,양파,특,14140000.0,9450.0,745852,경북 문경시 영순면 김용리,1156,경상북도 문경시
2025-05-05,양파,특,2460000.0,1800.0,800000,대만,1170,수입산
2018-01-26,양파,보통,67200.0,304.0,660360,경남 진주시 초전동,1133,경상남도 진주시
2022-05-07,양파,상,35000.0,56.0,540850,전남 순천시 해룡면,1100,전라남도 순천시
2018-06-16,양파,보통,52500.0,140.0,902000,부산광역시 ,1120,부산광역시
2021-01-27,양파,상,5660.0,4.0,200140,강원 춘천시 사농동,1001,강원도 춘천시
2022-04-21,양파,보통,757300.0,1485.0,699000,제주도 서귀포시,1144,제주특별자치도 서귀포시
2022-04-29,양파,하,900000.0,4500.0,312000,충청남도 금산군,1020,충청남도 금산군
2022-06-28,양파,특,10736000.0,13420.0,617030,부산 사상구 엄궁동,1120,부산광역시
2018-06-22,양파,하,220000.0,200.0,526000,전라남도 영암군,1091,전라남도 영암군
2025-03-26,양파,특,116000.0,80.0,730850,경북 구미시 산동면,1153,경상북도 구미시
2022-09-07,양파,보통,8991800.0,8040.0,534000,전라남도 무안군,1097,전라남도 무안군
2021-01-07,양파,하,13307900.0,7896.0,525000,전라남도 함평군,1090,전라남도 함평군
2019-08-12,양파,특,659400.0,1860.0,525000,전라남도 함평군,1090,전라남도 함평군
2023-06-02,양파,상,2138600.0,1995.0,330280,충남 천안시 신당동,1026,충청남도 천안시
2020-09-23,양파,보통,966000.0,1400.0,520220,전남 나주시 이창동,1089,전라남도 나주시
2023-12-18,양파,하,436600.0,888.0,525000,전라남도 함평군,1090,전라남도 함평군
2024-07-13,양파,상,840000.0,1200.0,678800,경남 합천군 합천읍,1140,경상남도 합천군
2018-06-19,양파,상,782200.0,1680.0,627110,경남 밀양시 가곡동,1123,경상남도 밀양시
2019-02-08,양파,상,15000.0,97.5,717000,경상북도 고령군,1150,경상북도 고령군
2018-05-17,양파,상,340000.0,680.0,534842,전남 무안군 현경면 동산리,1097,전라남도 무안군
2024-12-28,양파,보통,1387500.0,1125.0,565000,전라북도 완주군,1107,전라북도 완주군
2020-02-21,양파,특,13178000.0,11980.0,676820,경남 함양군 안의면,1139,경상남도 함양군
2022-05-06,양파,특,40400.0,30.0,200140,강원 춘천시 사농동,1001,강원도 춘천시
2021-03-15,양파,특,1380000.0,900.0,800000,대만,1170,수입산
2024-05-15,양파,특,1772000.0,3225.0,534000,전라남도 무안군,1097,전라남도 무안군
2025-05-13,양파,상,5145000.0,6750.0,548000,전라남도 고흥군,1104,전라남도 고흥군
2020-04-04,양파,특,350000.0,250.0,561813,전북 전주시 덕진구 서노송동 628 687,1106,전라북도 전주시
2022-04-16,양파,보통,36000.0,180.0,529804,전남 장흥군 장흥읍 교촌리,1094,전라남도 장흥군
2020-06-22,양파,특,2652000.0,5200.0,714000,경상북도 청도군,1148,경상북도 청도군
2020-01-09,양파,하,722500.0,1020.0,525000,전라남도 함평군,1090,전라남도 함평군
2019-12-17,양파,특,330000.0,300.0,482000,경기도 양주시,1077,경기도 양주시
2022-11-15,양파,보통,3724500.0,2925.0,565000,전라북도 완주군,1107,전라북도 완주군
2023-07-10,양파,특,10054600.0,11448.0,534000,전라남도 무안군,1097,전라남도 무안군
2023-06-14,양파,상,138000.0,340.0,637000,경상남도 함안군,1128,경상남도 함안군
2018-07-23,양파,하,60000.0,100.0,630850,경남 마산시 내서읍,1125,경상남도 마산시
2019-11-13,양파,상,840000.0,840.0,660000,경상남도 진주시,1133,경상남도 진주시
2019-08-13,양파,상,2455200.0,4320.0,520810,전남 나주시 노안면,1089,전라남도 나주시
2021-03-19,양파,특,21815600.0,9696.0,534000,전라남도 무안군,1097,전라남도 무안군
2025-04-14,양파,특,60680.0,20.0,138701,서울 송파구 가락1동  가락농수산물시장 ,1000,서울특별시
2023-06-15,양파,특,1700000.0,2040.0,535800,전남 신안군 지도읍,1096,전라남도 신안군
2021-12-30,양파,상,241460.0,460.0,730010,경북 구미시 원평동,1153,경상북도 구미시
2023-07-07,양파,보통,532800.0,888.0,525000,전라남도 함평군,1090,전라남도 함평군
2024-04-19,양파,보통,44000.0,84.0,666000,경상남도 산청군,1135,경상남도 산청군
2024-11-07,양파,특,6474000.0,5976.0,525000,전라남도 함평군,1090,전라남도 함평군
2020-11-11,양파,상,14280000.0,12600.0,800000,수입산,1170,수입산
2019-05-06,양파,하,44000.0,60.0,534841,전남 무안군 현경면 가입리,1097,전라남도 무안군
2019-08-16,양파,특,3315000.0,8840.0,635000,경상남도 창녕군,1126,경상남도 창녕군
2023-08-21,양파,특,2843600.0,2220.0,579000,전라북도 부안군,1114,전라북도 부안군
2019-05-27,양파,특,909500.0,2140.0,635000,경상남도 창녕군,1126,경상남도 창녕군
2023-06-09,양파,특,176000.0,160.0,325920,충남 서천군 문산면,1025,충청남도 서천군
2023-04-11,양파,특,561000.0,1020.0,548000,전라남도 고흥군,1104,전라남도 고흥군
2021-04-02,양파,하,3020300.0,3180.0,690811,제주 제주시 삼도1동498∼502,1142,제주특별자치도 제주시
2023-06-08,양파,상,150000.0,170.0,314835,충남 공주시 계룡면 월암리,1021,충청남도 공주시
2024-07-23,양파,하,1581000.0,2040.0,536000,전라남도 해남군,1098,전라남도 해남군
2023-03-08,양파,특,34824500.0,20163.0,770000,경상북도 영천시,1166,경상북도 영천시
2024-09-27,양파,보통,5232500.0,3900.0,635000,경상남도 창녕군,1126,경상남도 창녕군
2023-07-28,양파,상,16000.0,36.0,561302,전북 전주시 덕진구 송천동2가,1106,전라북도 전주시
2021-11-29,양파,특,1305000.0,1740.0,635000,경상남도 창녕군,1126,경상남도 창녕군
2020-10-30,양파,특,2114000.0,1680.0,456000,경기도 안성시,1067,경기도 안성시
2018-10-24,양파,특,4875000.0,9000.0,525860,전남 함평군 나산면,1090,전라남도 함평군
2019-07-31,양파,상,1095000.0,6280.0,540850,전남 순천시 해룡면,1100,전라남도 순천시
2024-04-20,양파,하,220200.0,507.0,717000,경상북도 고령군,1150,경상북도 고령군
2019-06-05,양파,특,12000.0,12.0,570600,전북 익산시 익산우체국사서함,1111,전라북도 익산시
2021-01-04,양파,특,1040000.0,800.0,465000,경기도 하남시,1069,경기도 하남시
2019-03-27,양파,특,2912000.0,3900.0,534841,전남 무안군 현경면 가입리,1097,전라남도 무안군
2023-12-13,양파,특,12305000.0,16000.0,676701,경남 함양군 함양읍  함양군청 ,1139,경상남도 함양군
2022-06-16,양파,상,280000.0,400.0,678000,경상남도 합천군,1140,경상남도 합천군
2024-04-29,양파,하,24000.0,120.0,534000,전라남도 무안군,1097,전라남도 무안군
2021-01-11,양파,상,2236500.0,1260.0,635000,경상남도 창녕군,1126,경상남도 창녕군
2023-12-27,양파,보통,992500.0,750.0,711000,대구광역시 달성군,1146,대구광역시
2021-08-27,양파,하,762200.0,888.0,525000,전라남도 함평군,1090,전라남도 함평군
2020-10-30,양파,특,1379000.0,1050.0,579000,전라북도 부안군,1114,전라북도 부안군
2023-10-06,양파,상,50000.0,25.0,534729,전남 무안군 청계면 도림리 목포대학교 ,1097,전라남도 무안군
2023-06-07,양파,특,551000.0,580.0,678961,경남 합천군 삼가면 금리,1140,경상남도 합천군
2019-10-21,양파,특,55000.0,75.0,630000,경상남도 창원시 마산회원구,1124,경상남도 창원시
2019-08-27,양파,특,3664000.0,8000.0,678810,경남 합천군 율곡면,1140,경상남도 합천군
2020-05-29,양파,특,871500.0,1660.0,645000,경상남도 진해시,1130,경상남도 진해시
2022-08-30,양파,상,15571500.0,12360.0,534800,전남 무안군 무안읍,1097,전라남도 무안군
2023-05-13,양파,특,640000.0,300.0,766000,경상북도 영덕군,1163,경상북도 영덕군
2024-08-26,양파,상,1400000.0,2000.0,906000,광주광역시 ,1083,광주광역시
2025-04-09,양파,하,4471000.0,4080.0,548000,전라남도 고흥군,1104,전라남도 고흥군
2021-04-19,양파,보통,368500.0,1340.0,719000,경상북도 성주군,1152,경상북도 성주군
2022-06-13,양파,상,455000.0,525.0,356600,충남 서산시 서산우체국사서함,1035,충청남도 서산시
2022-05-19,양파,특,371600.0,560.0,760810,경북 안동시 풍천면,1160,경상북도 안동시
2019-07-30,양파,상,3528000.0,7350.0,745000,경상북도 문경시,1156,경상북도 문경시
2019-06-22,양파,특,156800.0,560.0,612810,부산 해운대구 반여1동1409∼1411,1120,부산광역시
2025-01-11,양파,특,444000.0,400.0,621150,경남 김해시 화목동,1121,경상남도 김해시
2024-09-09,양파,상,1020000.0,600.0,711000,대구광역시 달성군,1146,대구광역시
2022-06-21,양파,특,190000.0,380.0,376000,충청북도 보은군,1045,충청북도 보은군
2018-08-09,양파,특,10150000.0,14000.0,678820,경남 합천군 초계면,1140,경상남도 합천군
2024-05-15,양파,특,1125000.0,1000.0,536000,전라남도 해남군,1098,전라남도 해남군
2023-05-15,양파,특,1848000.0,1760.0,635700,경남 창녕군 창녕읍  창녕군청 ,1126,경상남도 창녕군
2019-05-03,양파,보통,3844500.0,5940.0,534000,전라남도 무안군,1097,전라남도 무안군
2024-07-04,양파,특,448800.0,360.0,356000,충청남도 서산시,1035,충청남도 서산시
2022-11-18,양파,상,550000.0,500.0,635000,경상남도 창녕군,1126,경상남도 창녕군
2024-01-22,양파,특,5850000.0,6750.0,534840,전남 무안군 현경면,1097,전라남도 무안군
2021-09-13,양파,보통,39450.0,300.0,906000,광주광역시 ,1083,광주광역시
2023-03-22,양파,특,2050000.0,2000.0,635000,경상남도 창녕군,1126,경상남도 창녕군
2020-04-20,양파,하,122400.0,336.6,637000,경상남도 함안군,1128,경상남도 함안군
2020-02-10,양파,보통,4934500.0,7392.0,535000,전라남도 신안군,1096,전라남도 신안군
2024-06-25,양파,특,11940000.0,14625.0,536000,전라남도 해남군,1098,전라남도 해남군
2020-10-08,양파,특,1908000.0,2260.0,635807,경남 창녕군 창녕읍 술정리,1126,경상남도 창녕군
2024-02-15,양파,특,1560000.0,1440.0,360070,충북 청주시 상당구 금천동,1037,충청북도 청주시
2018-07-04,양파,특,105000.0,300.0,561090,전북 전주시 덕진구 서노송동,1106,전라북도 전주시
2025-01-13,양파,보통,2415000.0,1600.0,600010,부산 중구 중앙동,1120,부산광역시
2018-06-27,양파,상,30000.0,100.0,666910,경남 산청군 생초면,1135,경상남도 산청군
2021-03-22,양파,하,17745000.0,12000.0,800000,태국,1170,수입산
2019-01-16,양파,특,925800.0,1880.0,902000,부산광역시 ,1120,부산광역시
2024-12-03,양파,특,1387500.0,1125.0,356844,충남 서산시 음암면 성암리,1035,충청남도 서산시
2025-03-03,양파,하,1050000.0,1000.0,906000,광주광역시 ,1083,광주광역시
2022-09-02,양파,특,882000.0,945.0,534000,전라남도 무안군,1097,전라남도 무안군
2025-05-22,양파,특,2703000.0,5080.0,525805,전남 함평군 함평읍 만흥리,1090,전라남도 함평군
2024-05-11,양파,보통,119200.0,400.0,534814,전남 무안군 몽탄면 당호리,1097,전라남도 무안군
2024-07-17,양파,하,6790000.0,6300.0,745600,경북 문경시 문경우체국사서함,1156,경상북도 문경시
2019-10-05,양파,특,1820000.0,4000.0,717000,경상북도 고령군,1150,경상북도 고령군
2024-09-04,양파,하,1147500.0,1020.0,534000,전라남도 무안군,1097,전라남도 무안군
2021-04-17,양파,보통,6144600.0,11040.0,548000,전라남도 고흥군,1104,전라남도 고흥군
2022-04-08,양파,특,3152000.0,5220.0,697600,제주 서귀포시 서귀포우체국사서함,1144,제주특별자치도 서귀포시
2019-06-11,양파,보통,8000.0,40.0,740920,경북 김천시 구성면,1154,경상북도 김천시
2023-12-25,양파,특,1203000.0,1480.0,636000,경상남도 의령군,1127,경상남도 의령군
2022-04-07,양파,특,7807500.0,24750.0,534000,전라남도 무안군,1097,전라남도 무안군
2023-06-13,양파,상,16000.0,21.0,636000,경상남도 의령군,1127,경상남도 의령군
2024-04-09,양파,보통,157500.0,180.0,525860,전남 함평군 나산면,1090,전라남도 함평군
2018-06-28,양파,특,800000.0,1500.0,750000,경상북도 영주시,1157,경상북도 영주시
2018-03-07,양파,상,270000.0,400.0,630010,경남 마산시 석전2동  마산우체국 ,1125,경상남도 마산시
2019-12-10,양파,보통,756000.0,1008.0,570130,전북 익산시 목천동,1111,전라북도 익산시
2022-10-05,양파,특,900000.0,1125.0,445000,경기도 화성시,1063,경기도 화성시
2019-08-02,양파,특,2770000.0,8000.0,534000,전라남도 무안군,1097,전라남도 무안군
2019-03-08,양파,상,362400.0,600.0,902000,부산광역시 ,1120,부산광역시
2020-11-10,양파,보통,486000.0,300.0,717000,경상북도 고령군,1150,경상북도 고령군
2024-07-05,양파,상,111800.0,260.0,635000,경상남도 창녕군,1126,경상남도 창녕군
2025-02-10,양파,보통,8962500.0,6750.0,525000,전라남도 함평군,1090,전라남도 함평군
2020-03-13,양파,하,2392500.0,1740.0,503000,광주광역시 광주 남구,1083,광주광역시
2025-03-27,양파,하,1072000.0,1306.5,637000,경상남도 함안군,1128,경상남도 함안군
2019-12-24,양파,특,675000.0,594.0,565000,전라북도 완주군,1107,전라북도 완주군
2020-08-29,양파,특,2808000.0,2925.0,678000,경상남도 합천군,1140,경상남도 합천군
2021-09-03,양파,특,3200000.0,4000.0,717000,경상북도 고령군,1150,경상북도 고령군
2020-12-10,양파,특,17425000.0,17000.0,635000,경상남도 창녕군,1126,경상남도 창녕군
2021-04-21,양파,상,76040.0,32.0,500010,광주 북구 임동,1083,광주광역시
2023-10-27,양파,상,3356000.0,4900.0,635800,경남 창녕군 창녕읍,1126,경상남도 창녕군
2023-09-26,양파,특,14593400.0,14640.0,536000,전라남도 해남군,1098,전라남도 해남군
2019-10-01,양파,특,784000.0,2400.0,305325,대전 유성구 노은동,1019,대전광역시
2019-04-15,양파,특,2505000.0,2505.0,690600,제주 제주시 제주우체국사서함,1142,제주특별자치도 제주시
2020-11-06,양파,특,6685000.0,5250.0,745000,경상북도 문경시,1156,경상북도 문경시
2022-04-11,양파,특,396000.0,1080.0,690000,제주도 제주시,1142,제주특별자치도 제주시
2019-07-02,양파,특,175000.0,250.0,565863,전북 완주군 고산면 성재리,1107,전라북도 완주군
2025-02-26,양파,특,2660000.0,1200.0,902000,부산광역시 ,1120,부산광역시
2021-08-13,양파,특,3367500.0,3375.0,525000,전라남도 함평군,1090,전라남도 함평군
2018-08-14,양파,특,3862200.0,6888.0,535000,전라남도 신안군,1096,전라남도 신안군
2024-08-06,양파,특,96500.0,100.0,676841,경남 함양군 서상면 금당리,1139,경상남도 함양군
2019-10-28,양파,특,1736800.0,3200.0,534000,전라남도 무안군,1097,전라남도 무안군
2020-11-06,양파,특,17757000.0,15800.0,676832,경남 함양군 서하면 송계리,1139,경상남도 함양군
2018-11-12,양파,특,2065500.0,4040.0,630850,경남 마산시 내서읍,1125,경상남도 마산시
2021-01-14,양파,상,69000.0,30.0,138000,서울특별시 송파구,1000,서울특별시
2024-11-22,양파,특,1292000.0,760.0,618804,부산 강서구 대저2동3407∼3827,1120,부산광역시
2024-04-30,양파,하,730400.0,996.0,548000,전라남도 고흥군,1104,전라남도 고흥군
2024-06-26,양파,상,77500.0,100.0,641600,경남 창원시 창원우체국사서함,1124,경상남도 창원시
2019-05-20,양파,상,60000.0,120.0,580090,전북 정읍시 농소동,1116,전라북도 정읍시
2018-04-11,양파,특,2607600.0,3074.0,990000,제주도 ,1180,제주도 
2025-03-13,양파,특,17760000.0,15360.0,800000,중국,1170,수입산
2020-11-03,양파,특,165000.0,150.0,403010,인천 부평구 부평동,1049,인천광역시
2021-06-11,양파,특,1250000.0,2437.5,711000,대구광역시 달성군,1146,대구광역시
2025-04-16,양파,하,2779500.0,3060.0,548000,전라남도 고흥군,1104,전라남도 고흥군
2020-12-08,양파,특,13065000.0,10725.0,565000,전라북도 완주군,1107,전라북도 완주군
2018-07-11,양파,특,180000.0,1000.0,678820,경남 합천군 초계면,1140,경상남도 합천군
2022-06-10,양파,하,1252500.0,1125.0,548000,전라남도 고흥군,1104,전라남도 고흥군
2023-09-08,양파,특,16130000.0,13806.0,536000,전라남도 해남군,1098,전라남도 해남군
2019-03-12,양파,특,30000.0,10.0,429600,경기 시흥시 시흥우체국사서함,1057,경기도 시흥시
2024-07-03,양파,특,2700000.0,2400.0,717000,경상북도 고령군,1150,경상북도 고령군
2018-05-29,양파,특,54120.0,20.0,471080,경기 구리시 갈매동,1072,경기도 구리시
2024-11-07,양파,특,990000.0,660.0,570130,전북 익산시 목천동,1111,전라북도 익산시
2019-05-06,양파,보통,3241000.0,5250.0,769800,경북 의성군 의성읍,1165,경상북도 의성군
2024-08-24,양파,하,4275000.0,3375.0,530000,전라남도 목포시,1095,전라남도 목포시
2021-10-18,양파,상,30000.0,60.0,561302,전북 전주시 덕진구 송천동2가,1106,전라북도 전주시
2024-01-23,양파,특,990000.0,900.0,769971,경북 의성군 다인면 가원리,1165,경상북도 의성군
2022-01-03,양파,특,169000.0,260.0,579852,전북 부안군 변산면 대항리,1114,전라북도 부안군
2018-02-13,양파,특,4800000.0,6000.0,800000,중국,1170,수입산
2022-07-19,양파,특,703000.0,760.0,635000,경상남도 창녕군,1126,경상남도 창녕군
2020-07-25,양파,특,2198000.0,3360.0,750000,경상북도 영주시,1157,경상북도 영주시
2018-07-13,양파,특,18180.0,24.0,200140,강원 춘천시 사농동,1001,강원도 춘천시
2018-07-10,양파,특,510000.0,500.0,456000,경기도 안성시,1067,경기도 안성시
2019-06-29,양파,특,7700000.0,16800.0,525800,전남 함평군 함평읍,1090,전라남도 함평군
2024-07-29,양파,특,171000.0,180.0,565860,전북 완주군 고산면,1107,전라북도 완주군
2024-04-27,양파,상,17377500.0,13500.0,548000,전라남도 고흥군,1104,전라남도 고흥군
2022-01-13,양파,보통,3863900.0,7440.0,525000,전라남도 함평군,1090,전라남도 함평군
2022-09-02,양파,상,168000.0,80.0,357900,충남 태안군 태안읍,1036,충청남도 태안군
2020-08-28,양파,특,2925000.0,3375.0,770000,경상북도 영천시,1166,경상북도 영천시
2023-02-24,양파,특,11192400.0,7596.0,770000,경상북도 영천시,1166,경상북도 영천시
2020-07-30,양파,특,3598000.0,3000.0,525000,전라남도 함평군,1090,전라남도 함평군
2022-03-01,양파,특,80000.0,80.0,570030,전북 익산시 갈산동,1111,전라북도 익산시
2018-05-04,양파,보통,17500.0,21.0,645270,경남 진해시 경화동,1130,경상남도 진해시
2022-07-20,양파,하,710400.0,1110.0,534841,전남 무안군 현경면 가입리,1097,전라남도 무안군
2021-11-02,양파,특,1984000.0,2560.0,635000,경상남도 창녕군,1126,경상남도 창녕군
2018-08-22,양파,하,1636000.0,5280.0,534840,전남 무안군 현경면,1097,전라남도 무안군
2023-04-13,양파,특,9700.0,4.0,200140,강원 춘천시 사농동,1001,강원도 춘천시
2021-04-12,양파,특,5931200.0,9000.0,534000,전라남도 무안군,1097,전라남도 무안군
2025-01-21,양파,특,2040000.0,1200.0,618000,부산광역시 부산 강서구,1120,부산광역시
2019-10-11,양파,상,1504000.0,4000.0,902000,부산광역시 ,1120,부산광역시
2023-11-20,양파,하,11381500.0,14280.0,506000,광주광역시 광산구,1083,광주광역시
2023-11-06,양파,보통,2360000.0,2400.0,600010,부산 중구 중앙동,1120,부산광역시
2019-08-28,양파,특,2478600.0,7344.0,565000,전라북도 완주군,1107,전라북도 완주군
2020-02-03,양파,상,18500.0,100.0,730010,경북 구미시 원평동,1153,경상북도 구미시
2020-01-30,양파,하,9120000.0,11250.0,471080,경기 구리시 갈매동,1072,경기도 구리시
2019-06-07,양파,특,3931100.0,12780.0,534729,전남 무안군 청계면 도림리 목포대학교 ,1097,전라남도 무안군
2019-12-05,양파,특,5880000.0,7200.0,717000,경상북도 고령군,1150,경상북도 고령군
2024-03-05,양파,특,344000.0,400.0,730010,경북 구미시 원평동,1153,경상북도 구미시
2021-03-31,양파,특,14700000.0,12600.0,800000,중국,1170,수입산
2024-01-04,양파,특,11617500.0,10125.0,535000,전라남도 신안군,1096,전라남도 신안군
2018-08-16,양파,특,59500.0,1140.0,500120,광주 북구 각화동,1083,광주광역시
2018-11-21,양파,특,421600.0,1240.0,717000,경상북도 고령군,1150,경상북도 고령군
2021-12-23,양파,보통,12000.0,20.0,730800,경북 구미시 선산읍,1153,경상북도 구미시
2024-06-04,양파,특,11325000.0,16875.0,960000,전라북도 ,1177,전라북도 
2024-01-16,양파,특,821100.0,765.0,456840,경기 안성시 미양면,1067,경기도 안성시
2020-11-05,양파,상,5262500.0,6000.0,635000,경상남도 창녕군,1126,경상남도 창녕군
2024-09-21,양파,하,1950000.0,2250.0,536000,전라남도 해남군,1098,전라남도 해남군
2020-11-18,양파,특,13650000.0,13000.0,636000,경상남도 의령군,1127,경상남도 의령군
2018-05-04,양파,특,982600.0,1340.0,516832,전남 곡성군 죽곡면 동계리,1086,전라남도 곡성군
2021-05-31,양파,하,32000.0,60.0,576960,전북 김제시 금산면,1113,전라북도 김제시
2023-07-14,양파,특,1830000.0,2515.5,716000,경상북도 군위군,1149,경상북도 군위군
2023-10-30,양파,특,2860000.0,2860.0,717000,경상북도 고령군,1150,경상북도 고령군
2018-02-28,양파,특,100000.0,80.0,471600,경기 구리시 구리우체국사서함,1072,경기도 구리시
2019-03-01,양파,특,385000.0,2000.0,534000,전라남도 무안군,1097,전라남도 무안군
2024-03-02,양파,특,2847500.0,3060.0,525800,전남 함평군 함평읍,1090,전라남도 함평군
2018-08-30,양파,특,80000.0,160.0,579000,전라북도 부안군,1114,전라북도 부안군
2019-06-06,양파,보통,783300.0,1260.0,980000,경상북도 ,1179,경상북도 
2021-10-18,양파,상,515000.0,750.0,716852,경북 군위군 산성면 운산리,1149,경상북도 군위군
2020-05-12,양파,특,1650000.0,2250.0,678700,경남 합천군 합천읍 합천리 합천군청 ,1140,경상남도 합천군
2018-11-16,양파,상,1282500.0,2850.0,635800,경남 창녕군 창녕읍,1126,경상남도 창녕군
2019-05-02,양파,하,808500.0,1155.0,548000,전라남도 고흥군,1104,전라남도 고흥군
2025-04-10,양파,보통,1162500.0,1125.0,690600,제주 제주시 제주우체국사서함,1142,제주특별자치도 제주시
2018-06-05,양파,특,60000.0,120.0,702270,대구 북구 매천동,1146,대구광역시
2024-10-08,양파,상,1020000.0,600.0,711000,대구광역시 달성군,1146,대구광역시
2018-04-14,양파,특,2024000.0,2640.0,690600,제주 제주시 제주우체국사서함,1142,제주특별자치도 제주시
2023-03-31,양파,특,789000.0,1012.0,556823,전남 여수시 화양면 안포리,1105,전라남도 여수시
2018-06-25,양파,특,112200.0,340.0,356000,충청남도 서산시,1035,충청남도 서산시
2018-08-18,양파,상,45210.0,112.2,676800,경남 함양군 함양읍,1139,경상남도 함양군
2021-04-19,양파,보통,3860100.0,8730.0,550000,전라남도 여수시,1105,전라남도 여수시
2018-11-23,양파,특,6844500.0,8775.0,565000,전라북도 완주군,1107,전라북도 완주군
2019-09-28,양파,하,1105000.0,3060.0,525000,전라남도 함평군,1090,전라남도 함평군
2019-08-30,양파,상,360000.0,1000.0,714800,경북 청도군 청도읍,1148,경상북도 청도군
2025-04-09,양파,특,9576000.0,7560.0,699800,제주 남제주군 남원읍,1145,제주특별자치도 남제주군
2022-05-20,양파,특,1224000.0,2160.0,138701,서울 송파구 가락1동  가락농수산물시장 ,1000,서울특별시
2019-10-08,양파,특,1476000.0,3200.0,717000,경상북도 고령군,1150,경상북도 고령군
2024-04-06,양파,특,696000.0,480.0,502153,광주 서구 매월동,1083,광주광역시
2024-02-17,양파,특,1932000.0,1680.0,530600,전남 목포시 목포우체국사서함,1095,전라남도 목포시
2022-09-07,양파,특,250000.0,800.0,901000,서울특별시 ,1000,서울특별시
2020-01-14,양파,상,220000.0,150.0,745000,경상북도 문경시,1156,경상북도 문경시
2024-04-03,양파,보통,623000.0,540.0,534729,전남 무안군 청계면 도림리 목포대학교 ,1097,전라남도 무안군
2019-04-27,양파,특,251100.0,324.0,565864,전북 완주군 고산면 읍내리,1107,전라북도 완주군
2022-07-21,양파,하,1762500.0,1125.0,534000,전라남도 무안군,1097,전라남도 무안군
2020-01-30,양파,특,3955400.0,4640.0,534000,전라남도 무안군,1097,전라남도 무안군
2025-05-12,양파,특,278400.0,288.0,534000,전라남도 무안군,1097,전라남도 무안군
2018-07-16,양파,특,2100000.0,4200.0,678800,경남 합천군 합천읍,1140,경상남도 합천군
2023-06-08,양파,특,11369300.0,18588.0,534000,전라남도 무안군,1097,전라남도 무안군
2021-04-20,양파,보통,26000.0,247.0,656834,경남 거제시 장목면 매동리,1132,경상남도 거제시
2024-03-02,양파,특,460000.0,300.0,534000,전라남도 무안군,1097,전라남도 무안군
2018-01-18,양파,특,6510000.0,6300.0,800000,중국,1170,수입산
2019-06-24,양파,특,2900000.0,10000.0,627000,경상남도 밀양시,1123,경상남도 밀양시
2022-02-15,양파,특,222000.0,1110.0,356000,충청남도 서산시,1035,충청남도 서산시
2019-08-26,양파,특,574000.0,1050.0,676800,경남 함양군 함양읍,1139,경상남도 함양군
2023-05-18,양파,상,11954000.0,14940.0,627110,경남 밀양시 가곡동,1123,경상남도 밀양시
2018-02-06,양파,특,629000.0,2040.0,770000,경상북도 영천시,1166,경상북도 영천시
2024-11-25,양파,특,340000.0,1020.0,534000,전라남도 무안군,1097,전라남도 무안군
2020-02-14,양파,특,2175000.0,2250.0,535000,전라남도 신안군,1096,전라남도 신안군
2019-05-21,양파,상,70000.0,140.0,548850,전남 고흥군 동강면,1104,전라남도 고흥군
2021-06-26,양파,상,1019000.0,1400.0,769800,경북 의성군 의성읍,1165,경상북도 의성군
2024-06-18,양파,특,823600.0,1384.5,718800,경북 칠곡군 왜관읍,1151,경상북도 칠곡군
2023-11-03,양파,특,13725000.0,11250.0,597000,전라북도 장수군,1119,전라북도 장수군
2022-08-30,양파,특,800000.0,800.0,621150,경남 김해시 화목동,1121,경상남도 김해시
2019-01-08,양파,특,1904000.0,2400.0,618000,부산광역시 부산 강서구,1120,부산광역시
2022-09-13,양파,특,7500000.0,6000.0,730040,경북 구미시 형곡동,1153,경상북도 구미시
2022-08-19,양파,특,1147500.0,1020.0,678800,경남 합천군 합천읍,1140,경상남도 합천군
2023-10-27,양파,보통,308000.0,220.0,356010,충남 서산시 동문동,1035,충청남도 서산시
2019-08-30,양파,특,40400.0,40.0,200140,강원 춘천시 사농동,1001,강원도 춘천시
2020-03-26,양파,특,582500.0,500.0,534000,전라남도 무안군,1097,전라남도 무안군
2020-07-16,양파,보통,293800.0,520.0,769980,경북 의성군 안사면,1165,경상북도 의성군
2021-06-05,양파,특,5272500.0,9000.0,714000,경상북도 청도군,1148,경상북도 청도군
2019-05-04,양파,보통,10500.0,60.0,660600,경남 진주시 진주우체국사서함,1133,경상남도 진주시
2021-01-14,양파,하,1944000.0,1080.0,138701,서울 송파구 가락1동  가락농수산물시장 ,1000,서울특별시
2019-03-28,양파,특,597600.0,1080.0,525000,전라남도 함평군,1090,전라남도 함평군
2023-12-23,양파,특,247000.0,130.0,350000,충청남도 홍성군,1033,충청남도 홍성군
2019-07-16,양파,특,37300.0,60.0,138701,서울 송파구 가락1동  가락농수산물시장 ,1000,서울특별시
2018-05-04,양파,특,1494600.0,1770.0,697320,제주 서귀포시 대포동,1144,제주특별자치도 서귀포시
2021-04-08,양파,특,3669300.0,3020.0,550000,전라남도 여수시,1105,전라남도 여수시
2018-05-01,양파,특,162000.0,380.0,580090,전북 정읍시 농소동,1116,전라북도 정읍시
2022-04-26,양파,하,712500.0,1125.0,690710,제주 제주시 삼도1동  농협중앙회제주지역본부 ,1142,제주특별자치도 제주시
2023-04-04,양파,특,2990000.0,1300.0,464000,경기도 광주시,1068,경기도 광주시
2018-04-24,양파,하,171600.0,330.0,695835,제주 북제주군 한림읍 한림2리,1143,제주특별자치도 북제주군
2023-08-18,양파,특,26000.0,40.0,676810,경남 함양군 수동면,1139,경상남도 함양군
2019-08-07,양파,특,24240.0,30.0,200140,강원 춘천시 사농동,1001,강원도 춘천시
2025-01-02,양파,상,105800.0,60.0,500010,광주 북구 임동,1083,광주광역시
2019-09-18,양파,특,3684800.0,7840.0,718000,경상북도 칠곡군,1151,경상북도 칠곡군
2020-07-15,양파,특,7020000.0,11700.0,534000,전라남도 무안군,1097,전라남도 무안군
2023-04-11,양파,특,17250000.0,11250.0,550000,전라남도 여수시,1105,전라남도 여수시
2023-12-07,양파,보통,5535000.0,4500.0,676000,경상남도 함양군,1139,경상남도 함양군
2019-09-24,양파,하,70000.0,100.0,526000,전라남도 영암군,1091,전라남도 영암군
2024-07-30,양파,보통,4676000.0,4200.0,534000,전라남도 무안군,1097,전라남도 무안군
2019-01-15,양파,상,738000.0,1800.0,678000,경상남도 합천군,1140,경상남도 합천군
2022-01-12,양파,하,3553000.0,7140.0,535000,전라남도 신안군,1096,전라남도 신안군
2023-06-07,양파,보통,300800.0,320.0,760802,경북 안동시 풍산읍 괴정리,1160,경상북도 안동시
2021-08-21,양파,특,19700.0,15.0,200140,강원 춘천시 사농동,1001,강원도 춘천시
2019-01-11,양파,특,183000.0,300.0,730811,경북 구미시 고아읍 관심리,1153,경상북도 구미시
2025-05-19,양파,특,931200.0,1326.0,635000,경상남도 창녕군,1126,경상남도 창녕군
2019-03-12,양파,특,585000.0,1000.0,770000,경상북도 영천시,1166,경상북도 영천시
2022-07-21,양파,특,2995000.0,2250.0,534800,전남 무안군 무안읍,1097,전라남도 무안군
2024-08-05,양파,특,279000.0,360.0,740000,경상북도 김천시,1154,경상북도 김천시
2022-02-25,양파,특,3380000.0,10400.0,903000,대구광역시 ,1146,대구광역시
2022-08-12,양파,보통,142000.0,200.0,716000,경상북도 군위군,1149,경상북도 군위군
2021-04-19,양파,상,182000.0,560.0,641465,경남 창원시 팔용동,1124,경상남도 창원시
2019-05-04,양파,보통,76800.0,96.0,730040,경북 구미시 형곡동,1153,경상북도 구미시
2024-08-10,양파,특,8235000.0,6750.0,534000,전라남도 무안군,1097,전라남도 무안군
2018-07-14,양파,상,1665000.0,3885.0,635800,경남 창녕군 창녕읍,1126,경상남도 창녕군
2024-09-10,양파,특,1997600.0,1716.0,770000,경상북도 영천시,1166,경상북도 영천시
2018-07-05,양파,특,4980000.0,8400.0,676800,경남 함양군 함양읍,1139,경상남도 함양군
2020-04-02,양파,특,5131000.0,5250.0,745852,경북 문경시 영순면 김용리,1156,경상북도 문경시
2023-04-13,양파,특,11340000.0,7897.5,550000,전라남도 여수시,1105,전라남도 여수시
2021-06-03,양파,특,268800.0,420.0,570600,전북 익산시 익산우체국사서함,1111,전라북도 익산시
2019-03-16,양파,보통,81900.0,260.0,769000,경상북도 의성군,1165,경상북도 의성군
2020-05-22,양파,특,15000.0,20.0,645000,경상남도 진해시,1130,경상남도 진해시
2021-10-14,양파,특,936000.0,1200.0,548810,전남 고흥군 점암면,1104,전라남도 고흥군
2020-10-20,양파,특,4000000.0,4000.0,535807,전남 신안군 지도읍 자동리,1096,전라남도 신안군
2024-06-13,양파,하,1008000.0,1600.0,902000,부산광역시 ,1120,부산광역시
2019-06-15,양파,특,51000.0,340.0,570130,전북 익산시 목천동,1111,전라북도 익산시
2020-08-26,양파,특,12660000.0,14625.0,503000,광주광역시 광주 남구,1083,광주광역시
2022-02-07,양파,상,10000.0,20.0,520833,전남 나주시 산포면 산제리,1089,전라남도 나주시
2020-09-05,양파,상,2760000.0,2400.0,770000,경상북도 영천시,1166,경상북도 영천시
2024-06-17,양파,상,1540000.0,1780.0,742000,경상북도 상주시,1155,경상북도 상주시
2020-12-04,양파,특,4488000.0,4000.0,717000,경상북도 고령군,1150,경상북도 고령군
2022-03-26,양파,상,73600.0,320.0,573600,전북 군산시 군산우체국사서함,1112,전라북도 군산시
2021-05-18,양파,상,900000.0,2000.0,641111,경남 창원시 가음동,1124,경상남도 창원시
2021-07-17,양파,특,1200000.0,1600.0,618804,부산 강서구 대저2동3407∼3827,1120,부산광역시
2022-09-23,양파,하,1028600.0,888.0,525000,전라남도 함평군,1090,전라남도 함평군
2021-04-01,양파,특,5831600.0,4530.0,695901,제주 제주시 애월읍 고내리,1142,제주특별자치도 제주시
2018-06-25,양파,상,3668600.0,13981.5,717000,경상북도 고령군,1150,경상북도 고령군
2025-03-15,양파,특,920000.0,400.0,618140,부산 강서구 대저동,1120,부산광역시
2022-04-07,양파,특,623200.0,820.0,676000,경상남도 함양군,1139,경상남도 함양군
2019-03-11,양파,특,3900000.0,6000.0,525000,전라남도 함평군,1090,전라남도 함평군
2022-08-13,양파,특,12000000.0,8000.0,770600,경북 영천시 영천우체국사서함,1166,경상북도 영천시
2023-03-02,양파,특,570900.0,594.0,660003,경남 진주시 금산면  진주우편집중국 ,1133,경상남도 진주시
2023-06-15,양파,특,14038400.0,13120.0,711840,대구 달성군 옥포면,1146,대구광역시
2024-04-23,양파,상,130000.0,100.0,548860,전남 고흥군 대서면,1104,전라남도 고흥군
2020-07-09,양파,특,125000.0,200.0,565900,전북 완주군 봉동읍,1107,전라북도 완주군
2025-05-03,양파,특,5553500.0,7800.0,534000,전라남도 무안군,1097,전라남도 무안군
2019-03-19,양파,상,5017000.0,6920.0,990000,제주도 ,1180,제주도 
2024-08-02,양파,특,144000.0,240.0,565880,전북 완주군 화산면,1107,전라북도 완주군
2023-07-01,양파,특,339600.0,315.0,350000,충청남도 홍성군,1033,충청남도 홍성군
2018-11-12,양파,특,7319200.0,9240.0,769000,경상북도 의성군,1165,경상북도 의성군
2021-04-28,양파,특,7374600.0,9640.0,717000,경상북도 고령군,1150,경상북도 고령군
2022-07-06,양파,특,1747500.0,1125.0,534000,전라남도 무안군,1097,전라남도 무안군
2019-04-25,양파,특,4927500.0,7350.0,695835,제주 북제주군 한림읍 한림2리,1143,제주특별자치도 북제주군
2025-05-03,양파,특,1620000.0,900.0,800000,중국,1170,수입산
2023-02-10,양파,특,4800.0,0.8,500120,광주 북구 각화동,1083,광주광역시
2023-01-27,양파,특,43200000.0,28800.0,534000,전라남도 무안군,1097,전라남도 무안군
2023-05-18,양파,특,5737500.0,5625.0,534841,전남 무안군 현경면 가입리,1097,전라남도 무안군
2023-04-14,양파,특,80600.0,156.0,548000,전라남도 고흥군,1104,전라남도 고흥군
2021-04-22,양파,특,5797000.0,10540.0,548870,전남 고흥군 두원면,1104,전라남도 고흥군
2019-07-01,양파,특,10000.0,10.0,138000,서울특별시 송파구,1000,서울특별시
2024-06-13,양파,특,6500.0,15.5,570130,전북 익산시 목천동,1111,전라북도 익산시
2023-03-17,양파,상,203000.0,551.0,660003,경남 진주시 금산면  진주우편집중국 ,1133,경상남도 진주시
2024-12-27,양파,특,1700000.0,1000.0,482000,경기도 양주시,1077,경기도 양주시
2019-09-20,양파,보통,560000.0,1050.0,745852,경북 문경시 영순면 김용리,1156,경상북도 문경시
2022-04-04,양파,특,4624000.0,6720.0,740000,경상북도 김천시,1154,경상북도 김천시
2018-05-10,양파,상,110000.0,200.0,233000,강원도 정선군,1012,강원도 정선군
2019-07-10,양파,하,207200.0,1120.0,770000,경상북도 영천시,1166,경상북도 영천시
2021-05-04,양파,특,430500.0,700.0,627834,경남 밀양시 산내면 송백리,1123,경상남도 밀양시
2023-08-18,양파,특,2940000.0,3000.0,800000,중국,1170,수입산
2024-01-24,양파,특,6000.0,5.0,641111,경남 창원시 가음동,1124,경상남도 창원시
2020-10-21,양파,특,1400000.0,800.0,525800,전남 함평군 함평읍,1090,전라남도 함평군
2020-11-26,양파,특,5582500.0,5500.0,627000,경상남도 밀양시,1123,경상남도 밀양시
2024-05-08,양파,상,382800.0,580.0,760811,경북 안동시 풍천면 가곡리,1160,경상북도 안동시
2019-02-18,양파,특,3218200.0,5928.0,534000,전라남도 무안군,1097,전라남도 무안군
2024-04-30,양파,상,6588500.0,5733.0,548000,전라남도 고흥군,1104,전라남도 고흥군
2018-04-18,양파,보통,50400.0,140.0,525830,전남 함평군 대동면,1090,전라남도 함평군
2022-11-16,양파,특,2958000.0,1800.0,769800,경북 의성군 의성읍,1165,경상북도 의성군
2019-12-18,양파,특,315000.0,504.0,525000,전라남도 함평군,1090,전라남도 함평군
2019-04-08,양파,특,1080000.0,1000.0,579000,전라북도 부안군,1114,전라북도 부안군
2024-02-21,양파,특,1477500.0,1125.0,534000,전라남도 무안군,1097,전라남도 무안군
2023-07-17,양파,보통,90000.0,45.0,534729,전남 무안군 청계면 도림리 목포대학교 ,1097,전라남도 무안군
2022-10-15,양파,특,18000.0,30.0,565860,전북 완주군 고산면,1107,전라북도 완주군
2024-03-19,양파,특,4620000.0,3360.0,699805,제주 남제주군 남원읍 태흥3리,1145,제주특별자치도 남제주군
2023-01-31,양파,보통,10400000.0,7800.0,678000,경상남도 합천군,1140,경상남도 합천군
2019-04-20,양파,보통,117100.0,316.0,540850,전남 순천시 해룡면,1100,전라남도 순천시
2024-11-12,양파,특,12496000.0,9600.0,343000,충청남도 당진시,1031,충청남도 당진시
2020-02-05,양파,특,13200000.0,15750.0,515000,전라남도 장성군,1085,전라남도 장성군
2018-03-01,양파,특,6944000.0,6720.0,403600,인천 부평구 북인천우체국사서함,1049,인천광역시
2018-07-24,양파,상,966000.0,2760.0,636804,경남 의령군 의령읍 무전리,1127,경상남도 의령군
2022-07-27,양파,특,1918800.0,1968.0,579000,전라북도 부안군,1114,전라북도 부안군
2018-09-11,양파,특,3514000.0,4200.0,770000,경상북도 영천시,1166,경상북도 영천시
2021-05-29,양파,상,378000.0,540.0,534804,전남 무안군 무안읍 성동리,1097,전라남도 무안군
2021-03-05,양파,특,8129800.0,6080.0,717000,경상북도 고령군,1150,경상북도 고령군
2023-11-29,양파,특,210000.0,132.0,570130,전북 익산시 목천동,1111,전라북도 익산시
2024-03-08,양파,특,3032000.0,2840.0,635000,경상남도 창녕군,1126,경상남도 창녕군
2022-12-19,양파,특,2682000.0,1800.0,770040,경북 영천시 과전동,1166,경상북도 영천시
2024-10-18,양파,하,1013900.0,1908.0,525000,전라남도 함평군,1090,전라남도 함평군
2020-08-21,양파,특,1963500.0,2380.0,637923,경남 함안군 칠원면 예곡리,1128,경상남도 함안군
2023-01-12,양파,특,22400000.0,24000.0,902000,부산광역시 ,1120,부산광역시
2018-08-29,양파,특,1120000.0,1200.0,800000,중국,1170,수입산
2023-05-13,양파,상,9742000.0,10380.0,536000,전라남도 해남군,1098,전라남도 해남군
2022-05-24,양파,보통,510100.0,1940.0,534000,전라남도 무안군,1097,전라남도 무안군
2023-05-13,양파,보통,208000.0,253.5,525000,전라남도 함평군,1090,전라남도 함평군
2024-05-14,양파,상,1175000.0,750.0,534729,전남 무안군 청계면 도림리 목포대학교 ,1097,전라남도 무안군
2023-09-08,양파,특,11160500.0,12240.0,534000,전라남도 무안군,1097,전라남도 무안군
2022-06-17,양파,특,36000.0,40.0,516832,전남 곡성군 죽곡면 동계리,1086,전라남도 곡성군
2019-07-26,양파,보통,160000.0,800.0,745000,경상북도 문경시,1156,경상북도 문경시
2020-09-02,양파,특,2015000.0,1950.0,456000,경기도 안성시,1067,경기도 안성시
2024-05-17,양파,특,35259.0,15.0,138701,서울 송파구 가락1동  가락농수산물시장 ,1000,서울특별시
2019-01-26,양파,하,766000.0,4044.0,525000,전라남도 함평군,1090,전라남도 함평군
2018-08-17,양파,특,54000.0,120.0,590860,전북 남원시 아영면,1117,전라북도 남원시
2019-01-18,양파,특,966000.0,1680.0,740000,경상북도 김천시,1154,경상북도 김천시
2018-12-25,양파,특,312000.0,1040.0,585000,전라북도 고창군,1115,전라북도 고창군
2021-06-29,양파,특,10832100.0,24648.0,534000,전라남도 무안군,1097,전라남도 무안군
2024-03-19,양파,보통,1590000.0,1125.0,565000,전라북도 완주군,1107,전라북도 완주군
2019-03-28,양파,특,2295000.0,3620.0,561302,전북 전주시 덕진구 송천동2가,1106,전라북도 전주시
2019-01-04,양파,특,6900000.0,15000.0,471000,경기도 구리시,1072,경기도 구리시
2018-08-31,양파,상,561000.0,1020.0,635000,경상남도 창녕군,1126,경상남도 창녕군
2020-07-23,양파,특,744000.0,1240.0,570600,전북 익산시 익산우체국사서함,1111,전라북도 익산시
2018-05-30,양파,특,1518500.0,4060.0,520833,전남 나주시 산포면 산제리,1089,전라남도 나주시
2021-04-08,양파,상,1582000.0,1440.0,690811,제주 제주시 삼도1동498∼502,1142,제주특별자치도 제주시
2020-10-07,양파,특,2750000.0,2250.0,482840,경기 양주시 광적면,1077,경기도 양주시
2023-03-23,양파,특,4386000.0,4080.0,770000,경상북도 영천시,1166,경상북도 영천시
2020-04-22,양파,특,16000000.0,16000.0,635000,경상남도 창녕군,1126,경상남도 창녕군
2024-10-19,양파,특,32317500.0,27000.0,534000,전라남도 무안군,1097,전라남도 무안군
2024-09-23,양파,상,1500000.0,2000.0,903000,대구광역시 ,1146,대구광역시
2023-04-27,양파,하,5947500.0,7875.0,525000,전라남도 함평군,1090,전라남도 함평군
2018-09-27,양파,특,9761000.0,12555.0,526800,전남 영암군 영암읍,1091,전라남도 영암군
2024-02-19,양파,하,935000.0,1020.0,525000,전라남도 함평군,1090,전라남도 함평군
2019-06-26,양파,상,324500.0,1300.0,306010,대전 대덕구 오정동,1019,대전광역시
2021-09-10,양파,특,1011100.0,1344.0,534000,전라남도 무안군,1097,전라남도 무안군
2022-02-25,양파,특,3648750.0,11250.0,534000,전라남도 무안군,1097,전라남도 무안군
2019-06-13,양파,특,425250.0,900.0,138701,서울 송파구 가락1동  가락농수산물시장 ,1000,서울특별시
2018-05-08,양파,특,344000.0,400.0,618808,부산 강서구 대저2동2508∼3406,1120,부산광역시
2020-11-02,양파,특,800000.0,2000.0,534000,전라남도 무안군,1097,전라남도 무안군
2023-01-10,양파,보통,1102500.0,900.0,905000,인천광역시 ,1049,인천광역시
2023-08-01,양파,특,750000.0,900.0,570130,전북 익산시 목천동,1111,전라북도 익산시
2019-05-02,양파,특,1526400.0,2160.0,548000,전라남도 고흥군,1104,전라남도 고흥군
2022-11-23,양파,특,1332500.0,975.0,565003,전북 완주군 봉동읍  전주우편집중국 ,1107,전라북도 완주군
2020-05-25,양파,특,64000.0,160.0,534000,전라남도 무안군,1097,전라남도 무안군
2021-02-04,양파,특,9604000.0,6300.0,579000,전라북도 부안군,1114,전라북도 부안군
2024-12-04,양파,하,1239200.0,2928.0,525000,전라남도 함평군,1090,전라남도 함평군
2022-03-14,양파,상,302400.0,252.0,534860,전남 무안군 운남면,1097,전라남도 무안군
2018-06-16,양파,특,310000.0,620.0,666810,경남 산청군 차황면,1135,경상남도 산청군
2022-08-29,양파,특,3457800.0,4590.0,597000,전라북도 장수군,1119,전라북도 장수군
2021-03-16,양파,상,8627700.0,4740.0,770000,경상북도 영천시,1166,경상북도 영천시
2022-11-02,양파,특,1025000.0,820.0,534729,전남 무안군 청계면 도림리 목포대학교 ,1097,전라남도 무안군
2023-04-10,양파,상,750200.0,449.5,556810,전남 여수시 소라면,1105,전라남도 여수시
2023-05-30,양파,보통,9542800.0,11000.0,635000,경상남도 창녕군,1126,경상남도 창녕군
2025-01-18,양파,특,7150000.0,5000.0,678810,경남 합천군 율곡면,1140,경상남도 합천군
2019-01-19,양파,특,180000.0,200.0,482000,경기도 양주시,1077,경기도 양주시
2020-03-13,양파,특,78780.0,60.0,200140,강원 춘천시 사농동,1001,강원도 춘천시
2020-08-07,양파,특,136800.0,360.0,570130,전북 익산시 목천동,1111,전라북도 익산시
2022-07-07,양파,특,810000.0,450.0,534000,전라남도 무안군,1097,전라남도 무안군
2019-10-08,양파,상,105000.0,125.0,745000,경상북도 문경시,1156,경상북도 문경시
2020-05-14,양파,특,1316400.0,2464.0,540850,전남 순천시 해룡면,1100,전라남도 순천시
2020-02-04,양파,특,3060000.0,3600.0,678810,경남 합천군 율곡면,1140,경상남도 합천군
2019-08-17,양파,특,1288000.0,5600.0,740600,경북 김천시 김천우체국사서함,1154,경상북도 김천시
2021-11-12,양파,특,5704000.0,7360.0,740000,경상북도 김천시,1154,경상북도 김천시
2019-11-27,양파,상,5110000.0,7350.0,745000,경상북도 문경시,1156,경상북도 문경시
2020-05-05,양파,보통,12000.0,24.0,534000,전라남도 무안군,1097,전라남도 무안군
2018-06-19,양파,특,2088000.0,2880.0,534840,전남 무안군 현경면,1097,전라남도 무안군
2023-06-03,양파,상,4774900.0,4520.0,621873,경남 김해시 한림면 병동리,1121,경상남도 김해시
2024-11-25,양파,하,3306500.0,3060.0,526000,전라남도 영암군,1091,전라남도 영암군
2018-01-23,양파,특,3386000.0,4000.0,525805,전남 함평군 함평읍 만흥리,1090,전라남도 함평군
2020-09-12,양파,상,936000.0,960.0,678800,경남 합천군 합천읍,1140,경상남도 합천군
2021-03-19,양파,하,16489200.0,10170.0,990000,제주도 ,1180,제주도 
2019-11-28,양파,특,1447200.0,2680.0,717000,경상북도 고령군,1150,경상북도 고령군
2018-08-14,양파,특,17600.0,40.0,565905,전북 완주군 봉동읍 율소리,1107,전라북도 완주군
2021-03-18,양파,특,14232000.0,6000.0,717000,경상북도 고령군,1150,경상북도 고령군
2020-12-21,양파,특,21888900.0,20700.0,769000,경상북도 의성군,1165,경상북도 의성군
2025-02-15,양파,특,39247500.0,33225.0,800000,중국,1170,수입산
2024-08-22,양파,특,744000.0,510.0,716000,경상북도 군위군,1149,경상북도 군위군
2021-03-11,양파,특,13140100.0,6975.0,525000,전라남도 함평군,1090,전라남도 함평군
2023-06-23,양파,특,486000.0,1080.0,320600,충남 논산시 논산우체국사서함,1022,충청남도 논산시
2018-02-05,양파,특,8330000.0,7350.0,745000,경상북도 문경시,1156,경상북도 문경시
2018-09-05,양파,보통,9338000.0,11550.0,676800,경남 함양군 함양읍,1139,경상남도 함양군
2019-06-08,양파,특,2286500.0,7140.0,535000,전라남도 신안군,1096,전라남도 신안군
2020-09-22,양파,특,5834500.0,6440.0,502153,광주 서구 매월동,1083,광주광역시
2024-12-07,양파,상,11991000.0,11420.0,636964,경남 의령군 부림면 신반리,1127,경상남도 의령군
2020-04-08,양파,특,8920000.0,10110.0,990000,제주도 ,1180,제주도 
2019-11-18,양파,특,1730.0,0.2,138160,서울 송파구 가락동,1000,서울특별시
2023-04-12,양파,하,100000.0,100.0,637000,경상남도 함안군,1128,경상남도 함안군
2022-03-04,양파,보통,424000.0,1600.0,627880,경남 밀양시 초동면,1123,경상남도 밀양시
2023-09-08,양파,특,10426000.0,8480.0,645000,경상남도 진해시,1130,경상남도 진해시
2020-12-24,양파,특,3150000.0,2700.0,565907,전북 완주군 봉동읍 장기리,1107,전라북도 완주군
2023-10-04,양파,상,4237500.0,3375.0,660000,경상남도 진주시,1133,경상남도 진주시
2025-02-10,양파,특,11682000.0,9900.0,800000,중국,1170,수입산
2020-11-10,양파,특,375000.0,1000.0,534840,전남 무안군 현경면,1097,전라남도 무안군
2022-03-25,양파,특,26790000.0,35720.0,525860,전남 함평군 나산면,1090,전라남도 함평군
2018-05-28,양파,특,1620000.0,2400.0,356844,충남 서산시 음암면 성암리,1035,충청남도 서산시
2018-05-17,양파,특,31250.0,15.0,138701,서울 송파구 가락1동  가락농수산물시장 ,1000,서울특별시
2019-06-29,양파,특,3635500.0,7932.0,678810,경남 합천군 율곡면,1140,경상남도 합천군
2019-08-16,양파,상,6225000.0,15000.0,970000,경상남도 ,1178,경상남도 
2021-08-30,양파,상,285000.0,380.0,907000,울산광역시 ,1141,울산광역시
2021-11-12,양파,보통,2409500.0,2796.0,525000,전라남도 함평군,1090,전라남도 함평군
2022-01-26,양파,하,7630700.0,18936.0,534000,전라남도 무안군,1097,전라남도 무안군
2020-07-15,양파,특,180000.0,360.0,635000,경상남도 창녕군,1126,경상남도 창녕군
2023-05-02,양파,상,3442500.0,3262.5,534000,전라남도 무안군,1097,전라남도 무안군
2021-03-19,양파,상,988800.0,1236.0,534804,전남 무안군 무안읍 성동리,1097,전라남도 무안군
2018-05-04,양파,특,10154000.0,16000.0,906000,광주광역시 ,1083,광주광역시
2022-02-21,양파,상,1000000.0,1000.0,745150,경북 문경시 공평동,1156,경상북도 문경시
2023-01-07,양파,특,828000.0,460.0,565863,전북 완주군 고산면 성재리,1107,전라북도 완주군
2020-11-02,양파,특,1730000.0,2000.0,534804,전남 무안군 무안읍 성동리,1097,전라남도 무안군
2024-07-11,양파,특,64000.0,800.0,901000,서울특별시 ,1000,서울특별시
2023-02-14,양파,특,550000.0,487.5,676000,경상남도 함양군,1139,경상남도 함양군
2024-06-01,양파,특,2389600.0,2320.0,635000,경상남도 창녕군,1126,경상남도 창녕군
2025-02-12,양파,특,2000000.0,1000.0,565907,전북 완주군 봉동읍 장기리,1107,전라북도 완주군
2022-03-03,양파,특,2912000.0,6300.0,534841,전남 무안군 현경면 가입리,1097,전라남도 무안군
2020-09-22,양파,특,270000.0,300.0,535000,전라남도 신안군,1096,전라남도 신안군
2018-04-05,양파,상,1292000.0,2720.0,699832,제주 남제주군 대정읍 일과리,1145,제주특별자치도 남제주군
2023-11-10,양파,특,10044800.0,11352.0,676000,경상남도 함양군,1139,경상남도 함양군
2018-08-13,양파,특,1057500.0,1125.0,515000,전라남도 장성군,1085,전라남도 장성군
2020-05-19,양파,특,22220.0,20.0,200140,강원 춘천시 사농동,1001,강원도 춘천시
2019-12-11,양파,상,22400.0,40.0,565907,전북 완주군 봉동읍 장기리,1107,전라북도 완주군
2022-01-14,양파,보통,1400000.0,2100.0,745852,경북 문경시 영순면 김용리,1156,경상북도 문경시
2019-07-31,양파,특,480000.0,1500.0,314600,충남 공주시 공주우체국사서함,1021,충청남도 공주시
2023-10-16,양파,보통,159000.0,200.0,635812,경남 창녕군 유어면 광산리,1126,경상남도 창녕군
2023-12-11,양파,특,4882500.0,4500.0,536000,전라남도 해남군,1098,전라남도 해남군
2024-01-30,양파,특,7245000.0,6300.0,740000,경상북도 김천시,1154,경상북도 김천시
2020-02-22,양파,특,2680000.0,1800.0,525800,전남 함평군 함평읍,1090,전라남도 함평군
2025-04-01,양파,특,189000.0,1134.0,534810,전남 무안군 몽탄면,1097,전라남도 무안군
2019-06-07,양파,특,879100.0,2300.0,356000,충청남도 서산시,1035,충청남도 서산시
2024-07-05,양파,하,11275750.0,16140.0,534000,전라남도 무안군,1097,전라남도 무안군
2019-05-07,양파,특,1100000.0,750.0,525800,전남 함평군 함평읍,1090,전라남도 함평군
2023-11-13,양파,특,12375000.0,11000.0,612810,부산 해운대구 반여1동1409∼1411,1120,부산광역시
2021-04-12,양파,상,65000.0,100.0,548930,전남 고흥군 금산면,1104,전라남도 고흥군
2025-05-06,양파,보통,620000.0,1000.0,678000,경상남도 합천군,1140,경상남도 합천군
2022-04-22,양파,상,1718400.0,2685.0,503839,광주 남구 주월1동1180∼1190,1083,광주광역시
2024-01-09,양파,특,30000.0,60.0,621150,경남 김해시 화목동,1121,경상남도 김해시
2024-11-13,양파,특,3400000.0,2400.0,800000,중국,1170,수입산
2018-02-19,양파,특,232080.0,1300.0,138701,서울 송파구 가락1동  가락농수산물시장 ,1000,서울특별시
2025-05-28,양파,하,918000.0,2040.0,529000,전라남도 장흥군,1094,전라남도 장흥군
2020-04-13,양파,상,177000.0,236.0,546000,전라남도 보성군,1103,전라남도 보성군
2019-12-23,양파,보통,1486700.0,2016.0,525000,전라남도 함평군,1090,전라남도 함평군
2021-01-11,양파,특,5000000.0,4000.0,635000,경상남도 창녕군,1126,경상남도 창녕군
2022-09-27,양파,하,1770000.0,900.0,526000,전라남도 영암군,1091,전라남도 영암군
2023-09-19,양파,하,2640000.0,2250.0,534000,전라남도 무안군,1097,전라남도 무안군
2022-05-09,양파,특,7602000.0,10860.0,760000,경상북도 안동시,1160,경상북도 안동시
2021-12-30,양파,특,5670000.0,9900.0,980000,경상북도 ,1179,경상북도 
2023-06-15,양파,특,340000.0,200.0,446000,경기도 용인시,1064,경기도 용인시
2018-04-05,양파,상,3670800.0,4176.0,676851,경남 함양군 지곡면 개평리,1139,경상남도 함양군
2024-01-22,양파,상,4312000.0,6300.0,676000,경상남도 함양군,1139,경상남도 함양군
2019-04-20,양파,특,490000.0,735.0,690811,제주 제주시 삼도1동498∼502,1142,제주특별자치도 제주시
2019-01-09,양파,하,13253000.0,19140.0,471080,경기 구리시 갈매동,1072,경기도 구리시
2020-05-28,양파,특,5840100.0,11226.6,536000,전라남도 해남군,1098,전라남도 해남군
2024-06-28,양파,특,10420000.0,14625.0,676000,경상남도 함양군,1139,경상남도 함양군
2023-01-04,양파,특,3225000.0,2250.0,717000,경상북도 고령군,1150,경상북도 고령군
2018-08-15,양파,하,2318400.0,5400.0,535000,전라남도 신안군,1096,전라남도 신안군
2024-07-22,양파,보통,149400.0,360.0,760600,경북 안동시 안동우체국사서함,1160,경상북도 안동시
2018-07-06,양파,보통,64000.0,160.0,350850,충남 홍성군 갈산면,1033,충청남도 홍성군
2019-02-18,양파,특,6562500.0,15000.0,714902,경북 청도군 화양읍 눌미리,1148,경상북도 청도군
2020-06-04,양파,특,1040000.0,1600.0,500120,광주 북구 각화동,1083,광주광역시
2018-12-12,양파,상,324000.0,1620.0,534000,전라남도 무안군,1097,전라남도 무안군
2020-06-23,양파,특,104000.0,360.0,529804,전남 장흥군 장흥읍 교촌리,1094,전라남도 장흥군
2022-05-10,양파,특,4998400.0,10560.0,525000,전라남도 함평군,1090,전라남도 함평군
2021-06-17,양파,특,3746000.0,7560.0,534729,전남 무안군 청계면 도림리 목포대학교 ,1097,전라남도 무안군
2023-12-23,양파,특,625900.0,550.0,534840,전남 무안군 현경면,1097,전라남도 무안군
2023-01-19,양파,특,1260000.0,700.0,525800,전남 함평군 함평읍,1090,전라남도 함평군
2023-06-21,양파,상,168000.0,240.0,540600,전남 순천시 순천우체국사서함,1100,전라남도 순천시
2019-03-09,양파,특,1320000.0,3217.5,770000,경상북도 영천시,1166,경상북도 영천시
2018-06-14,양파,특,1182500.0,2440.0,570600,전북 익산시 익산우체국사서함,1111,전라북도 익산시
2018-04-25,양파,특,810000.0,750.0,567800,전북 진안군 진안읍,1109,전라북도 진안군
2020-06-18,양파,보통,389300.0,620.0,565000,전라북도 완주군,1107,전라북도 완주군
2019-02-21,양파,특,1054500.0,3700.0,714000,경상북도 청도군,1148,경상북도 청도군
2024-01-31,양파,특,4800000.0,3900.0,800000,중국,1170,수입산
2018-02-06,양파,특,5400000.0,3600.0,570130,전북 익산시 목천동,1111,전라북도 익산시
2022-05-21,양파,특,121000.0,110.0,403010,인천 부평구 부평동,1049,인천광역시
2020-01-18,양파,특,60600.0,50.0,200140,강원 춘천시 사농동,1001,강원도 춘천시
2024-01-20,양파,특,10920000.0,12000.0,678000,경상남도 합천군,1140,경상남도 합천군
2021-04-27,양파,특,4609000.0,6940.0,550000,전라남도 여수시,1105,전라남도 여수시
2022-05-30,양파,하,44000.0,880.0,637000,경상남도 함안군,1128,경상남도 함안군
2022-04-15,양파,특,2210000.0,4080.0,534800,전남 무안군 무안읍,1097,전라남도 무안군
2023-10-25,양파,특,46785000.0,40500.0,534000,전라남도 무안군,1097,전라남도 무안군
2019-07-10,양파,특,270000.0,1000.0,730000,경상북도 구미시,1153,경상북도 구미시
2025-05-27,양파,상,105700.0,160.0,660950,경남 진주시 명석면,1133,경상남도 진주시
2022-06-09,양파,상,1098000.0,1189.5,678000,경상남도 합천군,1140,경상남도 합천군
2023-12-09,양파,상,3040000.0,2400.0,800000,중국,1170,수입산
2020-10-16,양파,보통,341000.0,330.0,525000,전라남도 함평군,1090,전라남도 함평군
2023-05-11,양파,특,134902100.0,139620.0,534000,전라남도 무안군,1097,전라남도 무안군
2024-06-27,양파,특,243700.0,510.0,356000,충청남도 서산시,1035,충청남도 서산시
2020-05-07,양파,하,5517200.0,8940.0,534000,전라남도 무안군,1097,전라남도 무안군
2024-06-27,양파,특,9791250.0,10125.0,590000,전라북도 남원시,1117,전라북도 남원시
2021-01-27,양파,특,1645000.0,840.0,456000,경기도 안성시,1067,경기도 안성시
2021-05-13,양파,특,930900.0,1740.0,635880,경남 창녕군 길곡면,1126,경상남도 창녕군
2023-02-14,양파,특,258000.0,132.0,570130,전북 익산시 목천동,1111,전라북도 익산시
2024-06-05,양파,특,3704500.0,9000.0,500120,광주 북구 각화동,1083,광주광역시
2023-07-18,양파,하,2108000.0,2040.0,529000,전라남도 장흥군,1094,전라남도 장흥군
2023-12-07,양파,특,70960600.0,62775.0,800000,중국,1170,수입산
2021-01-20,양파,특,31000.0,24.0,570600,전북 익산시 익산우체국사서함,1111,전라북도 익산시
2024-04-26,양파,특,14427900.0,9126.0,717000,경상북도 고령군,1150,경상북도 고령군
2020-04-04,양파,보통,7669000.0,5670.0,690811,제주 제주시 삼도1동498∼502,1142,제주특별자치도 제주시
2021-08-19,양파,특,8900.0,18.0,730010,경북 구미시 원평동,1153,경상북도 구미시
2021-09-10,양파,상,980000.0,1108.8,769000,경상북도 의성군,1165,경상북도 의성군
2023-04-26,양파,보통,4052400.0,6705.0,690000,제주도 제주시,1142,제주특별자치도 제주시
2022-02-24,양파,하,562400.0,1110.0,534841,전남 무안군 현경면 가입리,1097,전라남도 무안군
2018-08-23,양파,특,145000.0,200.0,621600,경남 김해시 김해우체국사서함,1121,경상남도 김해시
2022-08-03,양파,특,3330000.0,2250.0,525820,전남 함평군 엄다면,1090,전라남도 함평군
2019-07-29,양파,하,765000.0,5100.0,579000,전라북도 부안군,1114,전라북도 부안군
2022-10-03,양파,하,1677600.0,2136.0,525000,전라남도 함평군,1090,전라남도 함평군
2022-07-09,양파,상,2080800.0,2983.5,717000,경상북도 고령군,1150,경상북도 고령군
2023-05-02,양파,하,240000.0,200.0,901000,서울특별시 ,1000,서울특별시
2022-06-27,양파,상,4636000.0,6832.0,536000,전라남도 해남군,1098,전라남도 해남군
2023-02-28,양파,특,2530000.0,1100.0,711000,대구광역시 달성군,1146,대구광역시
2023-07-06,양파,특,2000000.0,1600.0,618142,부산 강서구 대저2동,1120,부산광역시
2018-11-29,양파,특,105600.0,240.0,561821,전북 전주시 덕진구 송천동2가401∼599,1106,전라북도 전주시
2022-10-12,양파,특,3852000.0,2160.0,534000,전라남도 무안군,1097,전라남도 무안군
2018-10-29,양파,보통,1800000.0,3000.0,600000,부산광역시 부산 중구,1120,부산광역시
2019-01-12,양파,보통,822000.0,900.0,573350,전북 군산시 나운동,1112,전라북도 군산시
2020-10-09,양파,특,94000.0,100.0,769800,경북 의성군 의성읍,1165,경상북도 의성군
2020-04-01,양파,보통,11088000.0,10800.0,690000,제주도 제주시,1142,제주특별자치도 제주시
2024-04-11,양파,보통,3000000.0,2250.0,690000,제주도 제주시,1142,제주특별자치도 제주시
2022-08-24,양파,특,1846000.0,1340.0,500100,광주 북구 두암동,1083,광주광역시
2025-01-15,양파,특,510000.0,360.0,356000,충청남도 서산시,1035,충청남도 서산시
2024-07-08,양파,특,1800000.0,2250.0,590600,전북 남원시 남원우체국사서함,1117,전라북도 남원시
2024-07-30,양파,특,2916000.0,3240.0,579000,전라북도 부안군,1114,전라북도 부안군
2019-01-03,양파,상,382500.0,810.0,570600,전북 익산시 익산우체국사서함,1111,전라북도 익산시
2023-05-13,양파,보통,667000.0,940.0,525830,전남 함평군 대동면,1090,전라남도 함평군
2022-02-10,양파,특,7052500.0,13650.0,740600,경북 김천시 김천우체국사서함,1154,경상북도 김천시
2025-04-15,양파,특,360000.0,150.0,769800,경북 의성군 의성읍,1165,경상북도 의성군
2024-12-19,양파,보통,2320000.0,1600.0,600010,부산 중구 중앙동,1120,부산광역시
2022-07-12,양파,특,1504000.0,960.0,636000,경상남도 의령군,1127,경상남도 의령군
2021-05-13,양파,특,665700.0,1268.0,548000,전라남도 고흥군,1104,전라남도 고흥군
2019-08-07,양파,하,493000.0,2040.0,579000,전라북도 부안군,1114,전라북도 부안군
2020-07-01,양파,상,915900.0,2860.0,711000,대구광역시 달성군,1146,대구광역시
2018-05-12,양파,상,791700.0,1820.0,534844,전남 무안군 현경면 외반리,1097,전라남도 무안군
2018-11-01,양파,특,986000.0,3060.0,525000,전라남도 함평군,1090,전라남도 함평군
2025-03-15,양파,특,141400.0,75.0,200140,강원 춘천시 사농동,1001,강원도 춘천시
2021-12-10,양파,특,9880000.0,15840.0,769000,경상북도 의성군,1165,경상북도 의성군
2024-07-01,양파,특,630000.0,450.0,745850,경북 문경시 영순면,1156,경상북도 문경시
2020-04-14,양파,특,4827000.0,5520.0,500801,광주 북구 각화동380∼800,1083,광주광역시
2023-05-08,양파,특,8325400.0,5780.0,711000,대구광역시 달성군,1146,대구광역시
2019-11-25,양파,하,1716100.0,2928.0,534000,전라남도 무안군,1097,전라남도 무안군
2024-08-13,양파,특,2048000.0,2560.0,678000,경상남도 합천군,1140,경상남도 합천군
2021-10-07,양파,보통,87500.0,100.0,635000,경상남도 창녕군,1126,경상남도 창녕군
2024-10-05,양파,상,3720600.0,6318.0,635000,경상남도 창녕군,1126,경상남도 창녕군
2020-11-26,양파,특,415000.0,1000.0,534000,전라남도 무안군,1097,전라남도 무안군
2024-07-12,양파,보통,68000.0,80.0,627000,경상남도 밀양시,1123,경상남도 밀양시
2018-09-18,양파,보통,82000.0,820.0,540820,전남 순천시 황전면,1100,전라남도 순천시
2022-01-13,양파,특,1300000.0,1000.0,906000,광주광역시 ,1083,광주광역시
2018-06-21,양파,하,110000.0,2000.0,520910,전남 나주시 동강면,1089,전라남도 나주시
2020-10-23,양파,특,1100000.0,2000.0,534841,전남 무안군 현경면 가입리,1097,전라남도 무안군
2020-12-28,양파,특,2755600.0,1992.0,534000,전라남도 무안군,1097,전라남도 무안군
2023-12-04,양파,특,56116300.0,49560.0,525000,전라남도 함평군,1090,전라남도 함평군
2019-06-12,양파,특,677600.0,1760.0,534870,전남 무안군 해제면,1097,전라남도 무안군
2025-01-04,양파,특,6393800.0,4530.0,676000,경상남도 함양군,1139,경상남도 함양군
2022-11-04,양파,하,1680000.0,1050.0,745000,경상북도 문경시,1156,경상북도 문경시
2018-05-08,양파,상,312000.0,480.0,515800,전남 장성군 장성읍,1085,전라남도 장성군
2022-09-22,양파,특,1134230.0,370.0,200140,강원 춘천시 사농동,1001,강원도 춘천시
2018-11-08,양파,보통,72000.0,160.0,769000,경상북도 의성군,1165,경상북도 의성군
2023-11-03,양파,특,264000.0,225.0,357000,충청남도 태안군,1036,충청남도 태안군
2020-05-08,양파,상,5596800.0,8480.0,534000,전라남도 무안군,1097,전라남도 무안군
2024-10-21,양파,특,9037000.0,7350.0,745852,경북 문경시 영순면 김용리,1156,경상북도 문경시
2023-07-28,양파,상,614800.0,870.0,356000,충청남도 서산시,1035,충청남도 서산시
2021-03-29,양파,특,420000.0,300.0,561302,전북 전주시 덕진구 송천동2가,1106,전라북도 전주시
2018-07-05,양파,보통,101200.0,880.0,357910,충남 태안군 원북면,1036,충청남도 태안군
2019-07-01,양파,상,798200.0,6140.0,678000,경상남도 합천군,1140,경상남도 합천군
2021-03-30,양파,하,918000.0,810.0,690000,제주도 제주시,1142,제주특별자치도 제주시
2022-08-12,양파,하,195500.0,345.0,456931,경기 안성시 양성면 구장리,1067,경기도 안성시
2020-09-25,양파,특,528000.0,600.0,325920,충남 서천군 문산면,1025,충청남도 서천군
2022-02-08,양파,특,1995000.0,3150.0,745000,경상북도 문경시,1156,경상북도 문경시
2024-06-01,양파,특,98000.0,210.0,570130,전북 익산시 목천동,1111,전라북도 익산시
2023-06-20,양파,특,19623500.0,15600.0,534000,전라남도 무안군,1097,전라남도 무안군
2020-09-02,양파,특,2448000.0,2160.0,712000,경상북도 경산시,1147,경상북도 경산시
2020-04-21,양파,특,492000.0,1300.0,534000,전라남도 무안군,1097,전라남도 무안군
2018-05-10,양파,상,346500.0,800.0,676810,경남 함양군 수동면,1139,경상남도 함양군
2021-07-02,양파,상,42000.0,140.0,666000,경상남도 산청군,1135,경상남도 산청군
2023-06-12,양파,상,2447000.0,4780.0,635000,경상남도 창녕군,1126,경상남도 창녕군
2019-02-16,양파,하,1575000.0,4320.0,471080,경기 구리시 갈매동,1072,경기도 구리시
2018-03-13,양파,보통,4872000.0,9280.0,769800,경북 의성군 의성읍,1165,경상북도 의성군
2020-05-12,양파,상,795600.0,1020.0,678811,경남 합천군 율곡면 갑산리,1140,경상남도 합천군
2020-07-03,양파,보통,399000.0,680.0,590951,전북 남원시 금지면 귀석리,1117,전라북도 남원시
2024-06-04,양파,특,4098750.0,3375.0,745000,경상북도 문경시,1156,경상북도 문경시
2024-03-01,양파,특,295200.0,799.5,678000,경상남도 합천군,1140,경상남도 합천군
2024-03-27,양파,특,3445000.0,2680.0,635000,경상남도 창녕군,1126,경상남도 창녕군
2019-04-22,양파,특,68000.0,272.0,570600,전북 익산시 익산우체국사서함,1111,전라북도 익산시
2020-06-29,양파,보통,170500.0,920.0,717000,경상북도 고령군,1150,경상북도 고령군
2023-01-07,양파,특,17790300.0,14310.0,534000,전라남도 무안군,1097,전라남도 무안군
2018-11-01,양파,특,5275000.0,7000.0,534000,전라남도 무안군,1097,전라남도 무안군
2020-07-18,양파,특,792000.0,600.0,565000,전라북도 완주군,1107,전라북도 완주군
2024-04-19,양파,상,210000.0,200.0,534701,전남 무안군 무안읍 성남리 초당대학교 ,1097,전라남도 무안군
2019-05-01,양파,보통,132000.0,240.0,548000,전라남도 고흥군,1104,전라남도 고흥군
2023-07-03,양파,특,1870500.0,1740.0,635800,경남 창녕군 창녕읍,1126,경상남도 창녕군
2024-04-30,양파,상,225000.0,90.0,356010,충남 서산시 동문동,1035,충청남도 서산시
2018-06-14,양파,특,55500.0,60.0,730860,경북 구미시 도개면,1153,경상북도 구미시
2025-04-03,양파,보통,663000.0,1020.0,548000,전라남도 고흥군,1104,전라남도 고흥군
2018-07-11,양파,특,12000.0,30.0,570600,전북 익산시 익산우체국사서함,1111,전라북도 익산시
2025-05-27,양파,특,1200000.0,2400.0,356980,충남 서산시 팔봉면,1035,충청남도 서산시
2020-01-29,양파,특,1792800.0,1992.0,534000,전라남도 무안군,1097,전라남도 무안군
2022-12-26,양파,하,75000.0,300.0,635000,경상남도 창녕군,1126,경상남도 창녕군
2024-06-05,양파,하,3195000.0,4500.0,525000,전라남도 함평군,1090,전라남도 함평군
2024-11-04,양파,상,96000.0,80.0,730870,경북 구미시 해평면,1153,경상북도 구미시
2025-04-18,양파,특,4725000.0,2700.0,800000,중국,1170,수입산
2021-05-27,양파,하,425000.0,1020.0,525000,전라남도 함평군,1090,전라남도 함평군
2023-06-23,양파,특,128000.0,160.0,745600,경북 문경시 문경우체국사서함,1156,경상북도 문경시
2022-03-26,양파,상,994500.0,2925.0,770600,경북 영천시 영천우체국사서함,1166,경상북도 영천시
2019-06-01,양파,보통,2027250.0,4080.0,535000,전라남도 신안군,1096,전라남도 신안군
2024-01-22,양파,상,1326000.0,1560.0,950000,전라남도 ,1176,전라남도 
2023-08-07,양파,특,35350.0,10.0,200140,강원 춘천시 사농동,1001,강원도 춘천시
2023-07-28,양파,특,180499500.0,146415.0,676000,경상남도 함양군,1139,경상남도 함양군
2022-04-27,양파,상,2233000.0,3045.0,690000,제주도 제주시,1142,제주특별자치도 제주시
2022-05-10,양파,보통,98000.0,400.0,500120,광주 북구 각화동,1083,광주광역시
2018-05-24,양파,특,900000.0,1800.0,635860,경남 창녕군 영산면,1126,경상남도 창녕군
2024-06-14,양파,하,1275000.0,1125.0,534000,전라남도 무안군,1097,전라남도 무안군
2018-06-14,양파,특,22500.0,20.0,570600,전북 익산시 익산우체국사서함,1111,전라북도 익산시
2023-09-06,양파,상,2736000.0,3040.0,678000,경상남도 합천군,1140,경상남도 합천군
2024-02-15,양파,특,33000.0,50.0,730010,경북 구미시 원평동,1153,경상북도 구미시
2019-08-20,양파,상,108000.0,720.0,678850,경남 합천군 청덕면,1140,경상남도 합천군
2021-09-13,양파,특,1984000.0,2480.0,717000,경상북도 고령군,1150,경상북도 고령군
2023-06-19,양파,특,378000.0,360.0,635860,경남 창녕군 영산면,1126,경상남도 창녕군
2023-08-21,양파,특,399000.0,210.0,630000,경상남도 창원시 마산회원구,1124,경상남도 창원시
2019-03-23,양파,특,10000.0,10.0,138000,서울특별시 송파구,1000,서울특별시
2018-05-09,양파,특,1350000.0,1500.0,565907,전북 완주군 봉동읍 장기리,1107,전라북도 완주군
2020-01-22,양파,보통,5559600.0,9040.0,617030,부산 사상구 엄궁동,1120,부산광역시
2018-06-13,양파,상,724000.0,700.0,745000,경상북도 문경시,1156,경상북도 문경시
2020-06-04,양파,특,7217200.0,12850.5,536000,전라남도 해남군,1098,전라남도 해남군
2021-04-14,양파,특,19423900.0,19440.0,579000,전라북도 부안군,1114,전라북도 부안군
2020-04-02,양파,상,182400.0,192.0,580010,전북 정읍시 수성동,1116,전라북도 정읍시
2024-06-05,양파,상,65000.0,75.0,636800,경남 의령군 의령읍,1127,경상남도 의령군
2022-11-21,양파,하,935000.0,1020.0,357000,충청남도 태안군,1036,충청남도 태안군
2018-11-26,양파,특,1772500.0,2584.0,635700,경남 창녕군 창녕읍  창녕군청 ,1126,경상남도 창녕군
2018-05-25,양파,특,1470000.0,2250.0,534000,전라남도 무안군,1097,전라남도 무안군
2019-08-17,양파,특,3991000.0,7800.0,565907,전북 완주군 봉동읍 장기리,1107,전라북도 완주군
2024-04-05,양파,특,180000.0,100.0,565907,전북 완주군 봉동읍 장기리,1107,전라북도 완주군
2023-04-05,양파,보통,484000.0,440.0,534729,전남 무안군 청계면 도림리 목포대학교 ,1097,전라남도 무안군
2025-03-03,양파,보통,8168500.0,4080.0,678000,경상남도 합천군,1140,경상남도 합천군
2022-12-14,양파,특,7475000.0,4875.0,534000,전라남도 무안군,1097,전라남도 무안군
2024-10-05,양파,보통,720000.0,1200.0,906000,광주광역시 ,1083,광주광역시
2022-01-06,양파,특,1667500.0,2900.0,714800,경북 청도군 청도읍,1148,경상북도 청도군
2021-09-18,양파,상,8323700.0,10340.0,471728,경기 구리시 인창동  구리농수산물시장 ,1072,경기도 구리시
2021-06-01,양파,특,2725000.0,5620.0,534814,전남 무안군 몽탄면 당호리,1097,전라남도 무안군
2018-10-20,양파,특,258200.0,190.0,750852,경북 영주시 평은면 강동2리,1157,경상북도 영주시
2020-08-07,양파,특,418000.0,1125.0,534840,전남 무안군 현경면,1097,전라남도 무안군
2018-04-11,양파,특,542500.0,525.0,660390,경남 진주시 하촌동,1133,경상남도 진주시
2021-05-31,양파,특,1312000.0,3280.0,635000,경상남도 창녕군,1126,경상남도 창녕군
2019-03-15,양파,특,368000.0,800.0,902000,부산광역시 ,1120,부산광역시
2021-04-09,양파,특,2925500.0,3224.0,548880,전남 고흥군 포두면,1104,전라남도 고흥군
2018-05-18,양파,상,264600.0,840.0,525842,전남 함평군 손불면 대전리,1090,전라남도 함평군
2019-12-24,양파,특,70000.0,90.0,901000,서울특별시 ,1000,서울특별시
2022-11-12,양파,특,2808000.0,1950.0,565003,전북 완주군 봉동읍  전주우편집중국 ,1107,전라북도 완주군
2022-01-05,양파,특,2481800.0,3765.0,534000,전라남도 무안군,1097,전라남도 무안군
2025-03-24,양파,보통,3400000.0,2040.0,637000,경상남도 함안군,1128,경상남도 함안군
2024-05-06,양파,특,1650000.0,2250.0,529000,전라남도 장흥군,1094,전라남도 장흥군
2022-06-07,양파,특,540200.0,740.0,678000,경상남도 합천군,1140,경상남도 합천군
2024-01-31,양파,특,1159000.0,915.0,800000,중국,1170,수입산
2024-07-25,양파,특,1080000.0,600.0,464000,경기도 광주시,1068,경기도 광주시
2018-04-18,양파,특,455000.0,520.0,570600,전북 익산시 익산우체국사서함,1111,전라북도 익산시
2022-02-10,양파,특,10000.0,10.0,482000,경기도 양주시,1077,경기도 양주시
2024-08-31,양파,특,1860000.0,1800.0,800000,중국,1170,수입산
2022-10-13,양파,특,2482000.0,2040.0,573600,전북 군산시 군산우체국사서함,1112,전라북도 군산시
2024-03-15,양파,특,15182700.0,10455.0,597000,전라북도 장수군,1119,전라북도 장수군
2019-05-16,양파,특,4051400.0,8620.0,627910,경남 밀양시 상남면,1123,경상남도 밀양시
2018-03-26,양파,상,430000.0,400.0,525830,전남 함평군 대동면,1090,전라남도 함평군
2025-03-13,양파,특,190400.0,210.0,740000,경상북도 김천시,1154,경상북도 김천시
2019-04-29,양파,상,378000.0,420.0,500010,광주 북구 임동,1083,광주광역시
2023-08-09,양파,상,34000.0,40.0,343850,충남 당진시 석문면,1031,충청남도 당진시
2020-05-27,양파,특,914100.0,2000.0,534000,전라남도 무안군,1097,전라남도 무안군
2022-12-06,양파,특,3978500.0,2140.0,534000,전라남도 무안군,1097,전라남도 무안군
2024-08-28,양파,특,10000.0,5.5,200140,강원 춘천시 사농동,1001,강원도 춘천시
2024-04-01,양파,보통,245000.0,105.0,534729,전남 무안군 청계면 도림리 목포대학교 ,1097,전라남도 무안군
2022-05-03,양파,특,284800.0,352.0,660600,경남 진주시 진주우체국사서함,1133,경상남도 진주시
2022-06-14,양파,특,434000.0,700.0,740600,경북 김천시 김천우체국사서함,1154,경상북도 김천시
2018-07-04,양파,특,221000.0,340.0,540850,전남 순천시 해룡면,1100,전라남도 순천시
2024-05-02,양파,상,3772000.0,3620.0,534729,전남 무안군 청계면 도림리 목포대학교 ,1097,전라남도 무안군
2021-06-02,양파,특,710100.0,810.0,769800,경북 의성군 의성읍,1165,경상북도 의성군
2021-07-20,양파,보통,1173000.0,2040.0,565000,전라북도 완주군,1107,전라북도 완주군
2020-12-17,양파,특,378000.0,216.0,565000,전라북도 완주군,1107,전라북도 완주군
2021-08-19,양파,특,115037000.0,136575.0,534000,전라남도 무안군,1097,전라남도 무안군
2018-10-17,양파,특,1700000.0,1500.0,525800,전남 함평군 함평읍,1090,전라남도 함평군
2020-04-20,양파,보통,11407200.0,12400.0,548000,전라남도 고흥군,1104,전라남도 고흥군
2020-05-25,양파,보통,1176000.0,2400.0,534843,전남 무안군 현경면 양학리,1097,전라남도 무안군
2023-09-20,양파,보통,1547000.0,2040.0,445920,경기 화성시 향남읍,1063,경기도 화성시
2020-07-09,양파,특,221000.0,340.0,245010,강원 삼척시 남양동,1014,강원도 삼척시
2024-03-23,양파,보통,1120000.0,1600.0,525000,전라남도 함평군,1090,전라남도 함평군
2019-10-04,양파,특,934800.0,1968.0,535000,전라남도 신안군,1096,전라남도 신안군
2020-03-30,양파,보통,3901000.0,1992.0,570000,전라북도 익산시,1111,전라북도 익산시
2022-12-26,양파,특,547200.0,610.0,330280,충남 천안시 신당동,1026,충청남도 천안시
2022-06-18,양파,보통,67200.0,80.0,350000,충청남도 홍성군,1033,충청남도 홍성군
2019-12-11,양파,특,997500.0,2100.0,712600,경북 경산시 경산우체국사서함,1147,경상북도 경산시
2024-05-13,양파,보통,130000.0,75.0,901000,서울특별시 ,1000,서울특별시
2022-03-02,양파,특,102900.0,147.0,561302,전북 전주시 덕진구 송천동2가,1106,전라북도 전주시
2020-04-07,양파,하,114700.0,90.0,990000,제주도 ,1180,제주도 
2025-01-13,양파,하,168000.0,480.0,678000,경상남도 합천군,1140,경상남도 합천군
2022-11-18,양파,보통,480000.0,480.0,635000,경상남도 창녕군,1126,경상남도 창녕군
2018-05-17,양파,특,993000.0,900.0,750010,경북 영주시 영주동,1157,경상북도 영주시
2018-08-30,양파,특,258000.0,450.0,390011,충북 제천시 중앙로1가,1047,충청북도 제천시
2019-05-08,양파,하,3378400.0,4920.0,548000,전라남도 고흥군,1104,전라남도 고흥군
2024-12-16,양파,특,13942500.0,12675.0,678000,경상남도 합천군,1140,경상남도 합천군
2023-06-09,양파,상,456000.0,760.0,513900,전남 영광군 백수읍,1084,전라남도 영광군
2023-04-12,양파,특,250000.0,100.0,565863,전북 완주군 고산면 성재리,1107,전라북도 완주군
2024-05-08,양파,상,1750000.0,1000.0,621600,경남 김해시 김해우체국사서함,1121,경상남도 김해시
2023-03-31,양파,특,1350000.0,1125.0,534729,전남 무안군 청계면 도림리 목포대학교 ,1097,전라남도 무안군
2022-08-02,양파,특,1620000.0,1200.0,534729,전남 무안군 청계면 도림리 목포대학교 ,1097,전라남도 무안군
2021-03-03,양파,특,3060000.0,1800.0,800000,중국,1170,수입산
2019-10-01,양파,상,10500.0,10.0,500010,광주 북구 임동,1083,광주광역시
2019-03-20,양파,보통,9600000.0,16000.0,700000,대구광역시 대구 중구,1146,대구광역시
2021-03-23,양파,특,23445000.0,13500.0,534000,전라남도 무안군,1097,전라남도 무안군
2018-07-25,양파,특,1988000.0,4200.0,676000,경상남도 함양군,1139,경상남도 함양군
2020-09-17,양파,보통,14692000.0,16000.0,636800,경남 의령군 의령읍,1127,경상남도 의령군
2023-10-11,양파,특,863200.0,996.0,535000,전라남도 신안군,1096,전라남도 신안군
2019-10-16,양파,하,52100.0,105.0,534841,전남 무안군 현경면 가입리,1097,전라남도 무안군
2025-05-12,양파,특,144100.0,110.0,717000,경상북도 고령군,1150,경상북도 고령군
2025-04-04,양파,보통,1376000.0,1720.0,636982,경남 의령군 지정면 득소리,1127,경상남도 의령군
2023-03-27,양파,보통,1190000.0,1020.0,699833,제주 남제주군 대정읍 신도리,1145,제주특별자치도 남제주군
2019-09-05,양파,특,1300000.0,3900.0,678000,경상남도 합천군,1140,경상남도 합천군
2022-08-16,양파,보통,1650000.0,1125.0,678000,경상남도 합천군,1140,경상남도 합천군
2022-06-03,양파,특,963500.0,930.6,716000,경상북도 군위군,1149,경상북도 군위군
2023-12-11,양파,상,5610000.0,6120.0,534000,전라남도 무안군,1097,전라남도 무안군
2020-01-20,양파,특,14912000.0,16800.0,525822,전남 함평군 엄다면 성천리,1090,전라남도 함평군
2024-06-15,양파,하,481000.0,888.0,350000,충청남도 홍성군,1033,충청남도 홍성군
2024-05-20,양파,특,486700.0,620.0,513860,전남 영광군 염산면,1084,전라남도 영광군
2019-12-13,양파,하,2421900.0,3105.0,534841,전남 무안군 현경면 가입리,1097,전라남도 무안군
2018-05-24,양파,하,33000.0,220.0,529900,전남 장흥군 대덕읍,1094,전라남도 장흥군
2019-06-01,양파,특,174000.0,360.0,637000,경상남도 함안군,1128,경상남도 함안군
2023-06-19,양파,특,27000.0,60.0,627834,경남 밀양시 산내면 송백리,1123,경상남도 밀양시
2018-10-19,양파,특,4758000.0,6825.0,534811,전남 무안군 몽탄면 구산리,1097,전라남도 무안군
2021-08-04,양파,특,5390000.0,6300.0,745000,경상북도 문경시,1156,경상북도 문경시
2024-06-20,양파,특,1050000.0,1500.0,637830,경남 함안군 법수면,1128,경상남도 함안군
2022-09-14,양파,특,4017000.0,2925.0,770000,경상북도 영천시,1166,경상북도 영천시
2022-11-14,양파,하,24440.0,15.0,471080,경기 구리시 갈매동,1072,경기도 구리시
2020-09-03,양파,특,630000.0,675.0,325920,충남 서천군 문산면,1025,충청남도 서천군
2025-02-06,양파,특,8833500.0,5850.0,565907,전북 완주군 봉동읍 장기리,1107,전라북도 완주군
2019-05-27,양파,보통,6796500.0,13000.0,306010,대전 대덕구 오정동,1019,대전광역시
2020-09-26,양파,특,3134000.0,1870.0,525800,전남 함평군 함평읍,1090,전라남도 함평군
2021-05-19,양파,보통,1181500.0,2040.0,534000,전라남도 무안군,1097,전라남도 무안군
2024-10-15,양파,보통,6930000.0,6600.0,635810,경남 창녕군 유어면,1126,경상남도 창녕군
2025-05-12,양파,상,750000.0,1125.0,534850,전남 무안군 망운면,1097,전라남도 무안군
2020-09-07,양파,특,7826000.0,8775.0,770000,경상북도 영천시,1166,경상북도 영천시
2021-06-24,양파,상,120000.0,600.0,534000,전라남도 무안군,1097,전라남도 무안군
2024-08-08,양파,상,80000.0,100.0,600010,부산 중구 중앙동,1120,부산광역시
2018-10-04,양파,특,291000.0,600.0,764800,경북 영양군 영양읍,1162,경상북도 영양군
2023-02-02,양파,특,9075000.0,8800.0,565907,전북 완주군 봉동읍 장기리,1107,전라북도 완주군
2022-02-09,양파,상,1120000.0,2000.0,635000,경상남도 창녕군,1126,경상남도 창녕군
2023-02-07,양파,특,4410000.0,3150.0,534000,전라남도 무안군,1097,전라남도 무안군
2023-05-20,양파,보통,1285600.0,2880.0,717000,경상북도 고령군,1150,경상북도 고령군
2021-01-16,양파,보통,2880000.0,2400.0,357000,충청남도 태안군,1036,충청남도 태안군
2024-11-27,양파,상,269750.0,200.0,500010,광주 북구 임동,1083,광주광역시
2019-07-10,양파,보통,203000.0,1160.0,714000,경상북도 청도군,1148,경상북도 청도군
2025-01-18,양파,특,1360000.0,1275.0,536840,전남 해남군 마산면,1098,전라남도 해남군
2018-09-03,양파,특,790500.0,1860.0,502151,광주 서구 서창동,1083,광주광역시
2025-05-13,양파,특,13125000.0,15750.0,534000,전라남도 무안군,1097,전라남도 무안군
2019-04-18,양파,하,85000.0,200.0,990000,제주도 ,1180,제주도 
2018-07-23,양파,특,2674000.0,3150.0,745852,경북 문경시 영순면 김용리,1156,경상북도 문경시
2023-04-22,양파,특,6176800.0,8400.0,990000,제주도 ,1180,제주도 
2024-04-25,양파,특,352000.0,220.0,635901,경남 창녕군 남지읍 고곡리,1126,경상남도 창녕군
2022-08-04,양파,특,9000000.0,5000.0,405220,인천 남동구 구월동,1049,인천광역시
2023-05-20,양파,상,1312500.0,1125.0,534841,전남 무안군 현경면 가입리,1097,전라남도 무안군
2019-06-27,양파,특,130800.0,190.0,750010,경북 영주시 영주동,1157,경상북도 영주시
2023-12-29,양파,하,910000.0,650.0,711000,대구광역시 달성군,1146,대구광역시
2019-08-08,양파,상,12000.0,30.0,750010,경북 영주시 영주동,1157,경상북도 영주시
2020-11-17,양파,특,240000.0,227.0,600010,부산 중구 중앙동,1120,부산광역시
2019-05-15,양파,하,510000.0,1125.0,534000,전라남도 무안군,1097,전라남도 무안군
2022-11-05,양파,특,1427200.0,960.0,525000,전라남도 함평군,1090,전라남도 함평군
2019-07-22,양파,특,20200.0,20.0,200140,강원 춘천시 사농동,1001,강원도 춘천시
2019-06-11,양파,상,3627000.0,9960.0,580010,전북 정읍시 수성동,1116,전라북도 정읍시
2024-01-15,양파,특,735000.0,630.0,561821,전북 전주시 덕진구 송천동2가401∼599,1106,전라북도 전주시
2019-06-17,양파,특,3188400.0,17040.0,536000,전라남도 해남군,1098,전라남도 해남군
2019-05-01,양파,보통,760000.0,1140.0,525810,전남 함평군 학교면,1090,전라남도 함평군
2019-07-16,양파,상,157200.0,1539.0,627110,경남 밀양시 가곡동,1123,경상남도 밀양시
2020-05-25,양파,상,1953000.0,4200.0,740000,경상북도 김천시,1154,경상북도 김천시
2024-12-21,양파,특,2314000.0,1300.0,800000,중국,1170,수입산
2023-05-17,양파,특,30300.0,15.0,200140,강원 춘천시 사농동,1001,강원도 춘천시
2020-07-30,양파,특,1760000.0,1600.0,600010,부산 중구 중앙동,1120,부산광역시
2024-03-30,양파,특,8210000.0,5175.0,635000,경상남도 창녕군,1126,경상남도 창녕군
2019-10-22,양파,특,4410000.0,9450.0,210010,강원 강릉시 홍제동,1004,강원도 강릉시
2024-03-15,양파,특,483600.0,1040.0,676000,경상남도 함양군,1139,경상남도 함양군
2023-05-03,양파,특,862500.0,375.0,534000,전라남도 무안군,1097,전라남도 무안군
2023-05-01,양파,특,3326400.0,4032.0,690000,제주도 제주시,1142,제주특별자치도 제주시
2021-05-04,양파,보통,40800.0,204.0,548860,전남 고흥군 대서면,1104,전라남도 고흥군
2019-06-27,양파,특,10000000.0,40000.0,791940,경북 포항시 북구 흥해읍,1168,경상북도 포항시
2024-08-24,양파,상,56000.0,80.0,676841,경남 함양군 서상면 금당리,1139,경상남도 함양군
2023-02-07,양파,상,5740000.0,4200.0,676000,경상남도 함양군,1139,경상남도 함양군
2023-08-26,양파,특,399000.0,210.0,630000,경상남도 창원시 마산회원구,1124,경상남도 창원시
2022-06-09,양파,특,42000.0,20.0,138701,서울 송파구 가락1동  가락농수산물시장 ,1000,서울특별시
2024-06-12,양파,특,77700.0,140.0,950000,전라남도 ,1176,전라남도 
2018-12-21,양파,보통,58500.0,260.0,678000,경상남도 합천군,1140,경상남도 합천군
2024-07-23,양파,특,4545000.0,5625.0,534000,전라남도 무안군,1097,전라남도 무안군
2023-02-03,양파,특,500500.0,1155.0,534000,전라남도 무안군,1097,전라남도 무안군
2024-07-01,양파,하,7330000.0,5053.0,678000,경상남도 합천군,1140,경상남도 합천군
2024-05-29,양파,상,1096500.0,2040.0,503000,광주광역시 광주 남구,1083,광주광역시
2019-04-09,양파,보통,5197000.0,5685.0,690000,제주도 제주시,1142,제주특별자치도 제주시
2025-05-05,양파,상,15613500.0,12060.0,635000,경상남도 창녕군,1126,경상남도 창녕군
2024-10-21,양파,특,3927000.0,4080.0,534000,전라남도 무안군,1097,전라남도 무안군
2022-09-22,양파,특,750000.0,750.0,800000,뉴질랜드,1170,수입산
2019-08-10,양파,특,550000.0,1000.0,506258,광주 광산구 안청동,1083,광주광역시
2021-04-20,양파,하,16138700.0,20988.0,548000,전라남도 고흥군,1104,전라남도 고흥군
2021-08-09,양파,특,684400.0,1180.0,676804,경남 함양군 함양읍 백천리,1139,경상남도 함양군
2019-12-21,양파,하,841500.0,1020.0,585000,전라북도 고창군,1115,전라북도 고창군
2023-06-09,양파,상,3185000.0,5420.0,635000,경상남도 창녕군,1126,경상남도 창녕군
2020-06-04,양파,특,1037800.0,3300.0,536804,전남 해남군 해남읍 기동리,1098,전라남도 해남군
2023-07-10,양파,특,1397500.0,975.0,565907,전북 완주군 봉동읍 장기리,1107,전라북도 완주군
2018-09-13,양파,특,465000.0,620.0,570130,전북 익산시 목천동,1111,전라북도 익산시
2019-12-06,양파,특,7111000.0,8775.0,534000,전라남도 무안군,1097,전라남도 무안군
2019-03-30,양파,상,497400.0,3016.0,548000,전라남도 고흥군,1104,전라남도 고흥군
2020-07-27,양파,특,83500.0,100.0,502151,광주 서구 서창동,1083,광주광역시
2023-08-16,양파,특,9225000.0,6750.0,678700,경남 합천군 합천읍 합천리 합천군청 ,1140,경상남도 합천군
2019-02-13,양파,하,2734000.0,7440.0,534000,전라남도 무안군,1097,전라남도 무안군
2022-11-01,양파,특,78000.0,120.0,380240,충북 충주시 목행동,1046,충청북도 충주시
2019-04-13,양파,보통,121100.0,100.0,580090,전북 정읍시 농소동,1116,전라북도 정읍시
2023-09-11,양파,특,52500.0,60.0,670000,경상남도 거창군,1138,경상남도 거창군
2018-10-15,양파,특,560500.0,860.0,570130,전북 익산시 목천동,1111,전라북도 익산시
2018-04-17,양파,보통,567000.0,945.0,697000,제주도 서귀포시,1144,제주특별자치도 서귀포시
2024-10-05,양파,상,27000.0,30.0,906000,광주광역시 ,1083,광주광역시
2018-11-17,양파,특,205000.0,984.0,525000,전라남도 함평군,1090,전라남도 함평군
2023-08-22,양파,특,2385500.0,2925.0,717000,경상북도 고령군,1150,경상북도 고령군
2024-08-07,양파,특,4225000.0,4050.0,716000,경상북도 군위군,1149,경상북도 군위군
2021-05-06,양파,특,58000.0,50.0,565000,전라북도 완주군,1107,전라북도 완주군
2022-06-14,양파,보통,422400.0,880.0,760600,경북 안동시 안동우체국사서함,1160,경상북도 안동시
2018-09-14,양파,상,1831500.0,3300.0,716820,경북 군위군 효령면,1149,경상북도 군위군
2023-02-07,양파,상,9922500.0,6750.0,534000,전라남도 무안군,1097,전라남도 무안군
2020-02-28,양파,하,15705000.0,9456.0,525000,전라남도 함평군,1090,전라남도 함평군
2022-05-30,양파,특,2613500.0,3560.0,636810,경남 의령군 화정면,1127,경상남도 의령군
2023-06-15,양파,특,1312500.0,1125.0,534000,전라남도 무안군,1097,전라남도 무안군
2020-01-22,양파,특,1020000.0,1360.0,529870,전남 장흥군 관산읍,1094,전라남도 장흥군
2018-07-07,양파,특,3357000.0,3240.0,513000,전라남도 영광군,1084,전라남도 영광군
2023-06-30,양파,상,165000.0,300.0,536810,전남 해남군 삼산면,1098,전라남도 해남군
2021-09-02,양파,특,4160750.0,4080.0,535000,전라남도 신안군,1096,전라남도 신안군
2023-02-20,양파,특,34917798.0,19136.0,534000,전라남도 무안군,1097,전라남도 무안군
2018-03-12,양파,하,2400000.0,8000.0,630850,경남 마산시 내서읍,1125,경상남도 마산시
2018-11-24,양파,특,9000000.0,16000.0,471000,경기도 구리시,1072,경기도 구리시
2025-03-21,양파,특,1782000.0,1485.0,618807,부산 강서구 대저2동1001∼2507,1120,부산광역시
2024-11-25,양파,특,1687500.0,1125.0,525000,전라남도 함평군,1090,전라남도 함평군
2019-03-13,양파,특,16658000.0,20400.0,800000,중국,1170,수입산
2023-06-12,양파,특,6303000.0,5730.0,534000,전라남도 무안군,1097,전라남도 무안군
2018-06-19,양파,상,22500.0,100.0,631861,경남 마산시 완월동1∼200,1125,경상남도 마산시
2020-06-02,양파,보통,1512000.0,2100.0,525000,전라남도 함평군,1090,전라남도 함평군
2018-12-07,양파,특,3008500.0,6200.0,717000,경상북도 고령군,1150,경상북도 고령군
2020-04-08,양파,보통,400000.0,944.0,550600,전남 여수시 여수우체국사서함,1105,전라남도 여수시
2022-10-13,양파,보통,6040000.0,6040.0,714802,경북 청도군 청도읍 고수1리,1148,경상북도 청도군
2018-03-12,양파,보통,47475.0,500.0,138701,서울 송파구 가락1동  가락농수산물시장 ,1000,서울특별시
2019-04-16,양파,특,270000.0,300.0,515880,전남 장성군 삼서면,1085,전라남도 장성군
2024-12-21,양파,특,1274000.0,1050.0,769800,경북 의성군 의성읍,1165,경상북도 의성군
2020-07-27,양파,특,5552200.0,7741.8,678000,경상남도 합천군,1140,경상남도 합천군
2020-11-10,양파,특,94500.0,70.0,570130,전북 익산시 목천동,1111,전라북도 익산시
2019-06-15,양파,특,626400.0,2160.0,306010,대전 대덕구 오정동,1019,대전광역시
2024-08-05,양파,보통,408700.0,1220.0,711845,대구 달성군 옥포면 본리리,1146,대구광역시
2021-10-07,양파,상,317600.0,460.0,561302,전북 전주시 덕진구 송천동2가,1106,전라북도 전주시
2023-10-28,양파,특,840000.0,630.0,769800,경북 의성군 의성읍,1165,경상북도 의성군
2022-12-09,양파,특,1336000.0,800.0,717000,경상북도 고령군,1150,경상북도 고령군
2019-05-02,양파,특,1597900.0,2340.0,548000,전라남도 고흥군,1104,전라남도 고흥군
2019-12-11,양파,특,1215000.0,1500.0,757850,경북 예천군 지보면,1159,경상북도 예천군
2019-02-25,양파,특,385000.0,1155.0,525000,전라남도 함평군,1090,전라남도 함평군
2021-02-02,양파,특,16717500.0,11250.0,565000,전라북도 완주군,1107,전라북도 완주군
2024-02-29,양파,상,3880000.0,4000.0,513807,전남 영광군 영광읍 무령리,1084,전라남도 영광군
2024-06-05,양파,특,28000.0,80.0,501011,광주 동구 충장로1가,1083,광주광역시
2018-05-23,양파,특,1164000.0,2300.0,548850,전남 고흥군 동강면,1104,전라남도 고흥군
2022-04-07,양파,보통,1514500.0,3045.0,697000,제주도 서귀포시,1144,제주특별자치도 서귀포시
2024-06-08,양파,특,271300.0,104.0,650931,경남 통영시 사량면 금평리,1131,경상남도 통영시
2018-05-10,양파,상,695700.0,1180.0,631830,경남 마산시 진전면,1125,경상남도 마산시
2022-07-20,양파,특,430400.0,405.0,536000,전라남도 해남군,1098,전라남도 해남군
2019-05-08,양파,상,2513600.0,3081.0,717000,경상북도 고령군,1150,경상북도 고령군
2023-10-31,양파,특,30000.0,20.0,676000,경상남도 함양군,1139,경상남도 함양군
2024-01-30,양파,특,2445000.0,2250.0,585000,전라북도 고창군,1115,전라북도 고창군
2025-04-23,양파,특,4789000.0,4520.0,534729,전남 무안군 청계면 도림리 목포대학교 ,1097,전라남도 무안군
2021-08-24,양파,특,15500.0,15.0,534729,전남 무안군 청계면 도림리 목포대학교 ,1097,전라남도 무안군
2018-06-01,양파,보통,426000.0,1420.0,534870,전남 무안군 해제면,1097,전라남도 무안군
2018-03-29,양파,하,2184500.0,4080.0,525000,전라남도 함평군,1090,전라남도 함평군
2022-08-13,양파,하,48480.0,30.0,200140,강원 춘천시 사농동,1001,강원도 춘천시
2020-02-10,양파,특,3870400.0,4920.0,525000,전라남도 함평군,1090,전라남도 함평군
2021-10-11,양파,특,17228200.0,21348.0,534000,전라남도 무안군,1097,전라남도 무안군
2019-08-05,양파,상,52500.0,100.0,500010,광주 북구 임동,1083,광주광역시
2023-03-25,양파,특,1266000.0,900.0,740600,경북 김천시 김천우체국사서함,1154,경상북도 김천시
2022-04-19,양파,특,520000.0,2000.0,635000,경상남도 창녕군,1126,경상남도 창녕군
2021-09-11,양파,특,1110000.0,1125.0,525000,전라남도 함평군,1090,전라남도 함평군
2020-03-05,양파,특,5946000.0,5940.0,534729,전남 무안군 청계면 도림리 목포대학교 ,1097,전라남도 무안군
2022-08-15,양파,특,97485000.0,63000.0,534000,전라남도 무안군,1097,전라남도 무안군
2024-04-11,양파,특,6375000.0,5715.0,990000,제주도 ,1180,제주도 
2023-11-13,양파,상,101500.0,140.0,740840,경북 김천시 개령면,1154,경상북도 김천시
2019-07-27,양파,특,759600.0,2880.0,902000,부산광역시 ,1120,부산광역시
2020-09-17,양파,특,3704000.0,3200.0,717000,경상북도 고령군,1150,경상북도 고령군
2024-06-04,양파,상,104000.0,195.0,534729,전남 무안군 청계면 도림리 목포대학교 ,1097,전라남도 무안군
2020-06-29,양파,특,404000.0,800.0,730870,경북 구미시 해평면,1153,경상북도 구미시
2019-05-09,양파,보통,9402600.0,16120.0,534000,전라남도 무안군,1097,전라남도 무안군
2022-02-19,양파,보통,536000.0,960.0,740000,경상북도 김천시,1154,경상북도 김천시
2019-04-01,양파,상,60000.0,185.0,561232,전북 전주시 덕진구 인후동2가,1106,전라북도 전주시
2021-05-14,양파,상,238500.0,1060.0,529900,전남 장흥군 대덕읍,1094,전라남도 장흥군
2020-06-01,양파,특,600000.0,1125.0,534834,전남 무안군 청계면 도림리,1097,전라남도 무안군
2023-09-09,양파,보통,6523750.0,8160.0,536000,전라남도 해남군,1098,전라남도 해남군
2018-12-06,양파,특,330000.0,300.0,800000,중국,1170,수입산
2022-04-15,양파,상,28500.0,76.0,556825,전남 여수시 화양면 이목리,1105,전라남도 여수시
2024-12-04,양파,보통,24000.0,58.5,716000,경상북도 군위군,1149,경상북도 군위군
2018-06-21,양파,특,195000.0,312.0,320933,충남 논산시 상월면 산성리,1022,충청남도 논산시
2018-12-05,양파,상,8824000.0,14400.0,770040,경북 영천시 과전동,1166,경상북도 영천시
2020-02-07,양파,상,780000.0,600.0,660000,경상남도 진주시,1133,경상남도 진주시
2020-05-15,양파,특,4869600.0,10200.0,656000,경상남도 거제시,1132,경상남도 거제시
2019-08-30,양파,하,3195000.0,6750.0,534841,전남 무안군 현경면 가입리,1097,전라남도 무안군
2021-07-09,양파,특,101500.0,140.0,580090,전북 정읍시 농소동,1116,전라북도 정읍시
2025-02-07,양파,보통,378000.0,400.0,635812,경남 창녕군 유어면 광산리,1126,경상남도 창녕군
2020-09-28,양파,보통,3188900.0,3900.0,565000,전라북도 완주군,1107,전라북도 완주군
2021-07-31,양파,특,1020000.0,1700.0,676810,경남 함양군 수동면,1139,경상남도 함양군
2024-03-30,양파,특,11430000.0,6300.0,800000,중국,1170,수입산
2024-02-14,양파,상,10100.0,4.0,200600,강원 춘천시 춘천우체국사서함,1001,강원도 춘천시
2020-08-21,양파,특,31375000.0,35550.0,534000,전라남도 무안군,1097,전라남도 무안군
2022-01-06,양파,보통,1700000.0,2040.0,525000,전라남도 함평군,1090,전라남도 함평군
2018-09-20,양파,특,880000.0,800.0,800000,중국,1170,수입산
2019-11-07,양파,특,960000.0,1600.0,618140,부산 강서구 대저동,1120,부산광역시
2019-09-26,양파,특,6240000.0,16000.0,676000,경상남도 함양군,1139,경상남도 함양군
2019-04-13,양파,특,112200.0,82.5,730010,경북 구미시 원평동,1153,경상북도 구미시
2022-08-08,양파,특,12382500.0,7875.0,585700,전북 고창군 고창읍  고창군청 ,1115,전라북도 고창군
2019-01-17,양파,특,15810000.0,30120.0,706820,대구 수성구 범어2동147∼188,1146,대구광역시
2018-04-16,양파,특,1162000.0,2100.0,695841,제주 북제주군 한경면 고산리,1143,제주특별자치도 북제주군
2023-09-18,양파,특,9100.0,5.0,200140,강원 춘천시 사농동,1001,강원도 춘천시
2018-05-25,양파,상,1279200.0,4118.4,550010,전남 여수시 덕충동,1105,전라남도 여수시
2021-11-01,양파,특,1820000.0,2100.0,676820,경남 함양군 안의면,1139,경상남도 함양군
2025-02-27,양파,보통,4738500.0,2925.0,740000,경상북도 김천시,1154,경상북도 김천시
2024-05-14,양파,하,156000.0,240.0,636980,경남 의령군 지정면,1127,경상남도 의령군
2025-02-19,양파,특,1800000.0,1500.0,800000,중국,1170,수입산
2024-08-10,양파,특,60000.0,200.0,621150,경남 김해시 화목동,1121,경상남도 김해시
2021-01-25,양파,하,518900.0,690.0,676000,경상남도 함양군,1139,경상남도 함양군
2022-09-28,양파,하,867000.0,1020.0,536000,전라남도 해남군,1098,전라남도 해남군
2023-08-08,양파,특,5460.0,3.0,200140,강원 춘천시 사농동,1001,강원도 춘천시
2020-08-11,양파,보통,598000.0,920.0,770000,경상북도 영천시,1166,경상북도 영천시
2024-07-18,양파,보통,149600.0,220.0,660950,경남 진주시 명석면,1133,경상남도 진주시
2019-04-22,양파,상,455000.0,1050.0,769000,경상북도 의성군,1165,경상북도 의성군
2025-04-26,양파,특,52857700.0,41670.0,800000,중국,1170,수입산
2022-05-16,양파,특,938700.0,2580.0,529804,전남 장흥군 장흥읍 교촌리,1094,전라남도 장흥군
2021-05-06,양파,특,77700.0,33.0,200140,강원 춘천시 사농동,1001,강원도 춘천시
2021-01-07,양파,특,7140000.0,5040.0,525000,전라남도 함평군,1090,전라남도 함평군
2025-04-16,양파,특,200000.0,150.0,800000,중국,1170,수입산
2019-09-09,양파,특,2678800.0,5430.0,770600,경북 영천시 영천우체국사서함,1166,경상북도 영천시
2023-01-19,양파,특,66000.0,30.0,330600,충남 천안시 동남구 천안우체국사서함,1026,충청남도 천안시
2019-08-27,양파,하,16500.0,60.0,630850,경남 마산시 내서읍,1125,경상남도 마산시
2025-05-12,양파,특,546000.0,780.0,515000,전라남도 장성군,1085,전라남도 장성군
2019-02-18,양파,특,676500.0,1100.0,635812,경남 창녕군 유어면 광산리,1126,경상남도 창녕군
2021-12-21,양파,특,3238500.0,5100.0,534000,전라남도 무안군,1097,전라남도 무안군
2021-08-16,양파,상,210000.0,420.0,536801,전남 해남군 해남읍 고도리,1098,전라남도 해남군
2023-09-21,양파,특,495000.0,495.0,565882,전북 완주군 화산면 와룡리,1107,전라북도 완주군
2021-09-07,양파,하,4550000.0,7000.0,635000,경상남도 창녕군,1126,경상남도 창녕군
2019-03-09,양파,특,5616500.0,6600.0,534000,전라남도 무안군,1097,전라남도 무안군
2019-07-15,양파,특,9163600.0,20760.0,565000,전라북도 완주군,1107,전라북도 완주군
2023-06-03,양파,보통,336000.0,546.0,534000,전라남도 무안군,1097,전라남도 무안군
2021-10-06,양파,특,16898700.0,20475.0,534000,전라남도 무안군,1097,전라남도 무안군
2021-11-10,양파,특,11685600.0,14120.0,635800,경남 창녕군 창녕읍,1126,경상남도 창녕군
2020-08-19,양파,특,133200.0,144.0,525000,전라남도 함평군,1090,전라남도 함평군
2018-07-19,양파,상,128700.0,780.0,635800,경남 창녕군 창녕읍,1126,경상남도 창녕군
2021-12-10,양파,특,960000.0,800.0,618807,부산 강서구 대저2동1001∼2507,1120,부산광역시
2022-11-10,양파,상,14910.0,12.0,135241,서울 강남구 개포1동,1000,서울특별시
2019-03-07,양파,특,5028100.0,13060.0,666000,경상남도 산청군,1135,경상남도 산청군
2018-01-31,양파,하,850000.0,2040.0,535000,전라남도 신안군,1096,전라남도 신안군
2018-11-12,양파,특,5810400.0,8640.0,742000,경상북도 상주시,1155,경상북도 상주시
2021-10-29,양파,특,4860000.0,5400.0,970000,경상남도 ,1178,경상남도 
2018-03-29,양파,보통,572000.0,1760.0,520930,전남 나주시 다시면,1089,전라남도 나주시
2021-08-02,양파,상,336000.0,840.0,635922,경남 창녕군 계성면 계성리,1126,경상남도 창녕군
2021-01-09,양파,특,3619200.0,2296.8,635000,경상남도 창녕군,1126,경상남도 창녕군
2023-07-28,양파,특,1164800.0,960.0,534000,전라남도 무안군,1097,전라남도 무안군
2019-06-10,양파,특,1641600.0,5020.0,565000,전라북도 완주군,1107,전라북도 완주군
2023-05-02,양파,하,937500.0,1125.0,697000,제주도 서귀포시,1144,제주특별자치도 서귀포시
2020-06-18,양파,특,841500.0,1980.0,903000,대구광역시 ,1146,대구광역시
2022-07-20,양파,특,4275000.0,3375.0,503839,광주 남구 주월1동1180∼1190,1083,광주광역시
2020-10-21,양파,보통,4890000.0,4500.0,534000,전라남도 무안군,1097,전라남도 무안군
2023-03-31,양파,상,1180800.0,926.4,635800,경남 창녕군 창녕읍,1126,경상남도 창녕군
2018-07-07,양파,특,232000.0,290.0,570130,전북 익산시 목천동,1111,전라북도 익산시
2025-01-20,양파,특,4551600.0,3330.0,534000,전라남도 무안군,1097,전라남도 무안군
2018-12-01,양파,상,5000.0,19.5,678000,경상남도 합천군,1140,경상남도 합천군
2023-05-29,양파,특,28464100.0,31896.0,534000,전라남도 무안군,1097,전라남도 무안군
2019-09-09,양파,특,357500.0,550.0,456000,경기도 안성시,1067,경기도 안성시
2021-11-23,양파,특,3180000.0,2800.0,600010,부산 중구 중앙동,1120,부산광역시
2022-03-21,양파,특,630000.0,3000.0,635000,경상남도 창녕군,1126,경상남도 창녕군
2024-11-11,양파,상,420000.0,1000.0,745000,경상북도 문경시,1156,경상북도 문경시
2023-10-10,양파,상,24000.0,20.0,469800,경기 여주군 여주읍,1071,경기도 여주군
2023-09-04,양파,특,1100000.0,1000.0,464000,경기도 광주시,1068,경기도 광주시
2021-06-03,양파,특,320000.0,400.0,766830,경북 영덕군 축산면,1163,경상북도 영덕군
2022-06-07,양파,상,2049300.0,1980.0,666000,경상남도 산청군,1135,경상남도 산청군
2023-06-21,양파,특,3171000.0,3020.0,548000,전라남도 고흥군,1104,전라남도 고흥군
2024-06-19,양파,특,1296000.0,1728.0,637000,경상남도 함안군,1128,경상남도 함안군
2019-05-14,양파,특,1200000.0,2250.0,570130,전북 익산시 목천동,1111,전라북도 익산시
2022-01-24,양파,특,650000.0,1950.0,565907,전북 완주군 봉동읍 장기리,1107,전라북도 완주군
2019-07-17,양파,하,4723200.0,13356.0,525000,전라남도 함평군,1090,전라남도 함평군
2018-06-23,양파,특,1122000.0,1200.0,534843,전남 무안군 현경면 양학리,1097,전라남도 무안군
2024-11-01,양파,특,374400.0,1080.0,579814,전북 부안군 동진면 장등리,1114,전라북도 부안군
2020-10-16,양파,하,6604500.0,6120.0,579000,전라북도 부안군,1114,전라북도 부안군
2018-05-18,양파,상,2142000.0,4760.0,716820,경북 군위군 효령면,1149,경상북도 군위군
2018-11-21,양파,특,1100000.0,1000.0,800000,중국,1170,수입산
2019-10-03,양파,특,2128000.0,4800.0,717000,경상북도 고령군,1150,경상북도 고령군
2024-07-31,양파,보통,2159000.0,5100.0,585000,전라북도 고창군,1115,전라북도 고창군
2021-05-11,양파,특,450000.0,1500.0,901000,서울특별시 ,1000,서울특별시
2019-01-18,양파,특,237500.0,375.0,456745,경기 안성시 미양면 양변리 금화아파트 ,1067,경기도 안성시
2024-09-26,양파,상,4000000.0,4000.0,635000,경상남도 창녕군,1126,경상남도 창녕군
2023-06-17,양파,특,1357800.0,1395.0,565880,전북 완주군 화산면,1107,전라북도 완주군
2024-08-06,양파,특,476000.0,1020.0,534000,전라남도 무안군,1097,전라남도 무안군
2018-02-08,양파,특,12950000.0,14000.0,635000,경상남도 창녕군,1126,경상남도 창녕군
2021-10-16,양파,하,144000.0,240.0,678000,경상남도 합천군,1140,경상남도 합천군
2020-06-05,양파,특,1737000.0,3320.0,711851,대구 달성군 논공읍 금포리,1146,대구광역시
2021-10-04,양파,하,1000000.0,2000.0,678000,경상남도 합천군,1140,경상남도 합천군
2025-02-20,양파,특,480000.0,300.0,769800,경북 의성군 의성읍,1165,경상북도 의성군
2021-06-05,양파,특,112500.0,125.0,565000,전라북도 완주군,1107,전라북도 완주군
2021-09-07,양파,특,5674000.0,7280.0,305325,대전 유성구 노은동,1019,대전광역시
2019-12-26,양파,상,20000.0,40.0,718800,경북 칠곡군 왜관읍,1151,경상북도 칠곡군
2021-01-13,양파,특,500000.0,200.0,525800,전남 함평군 함평읍,1090,전라남도 함평군
2025-03-10,양파,보통,4582500.0,3375.0,535000,전라남도 신안군,1096,전라남도 신안군
2024-07-27,양파,특,3936200.0,4320.0,717000,경상북도 고령군,1150,경상북도 고령군
2023-09-20,양파,하,2647500.0,2250.0,534000,전라남도 무안군,1097,전라남도 무안군
2018-03-29,양파,상,95000.0,380.0,645000,경상남도 진해시,1130,경상남도 진해시
2020-04-29,양파,특,1307200.0,1520.0,678000,경상남도 합천군,1140,경상남도 합천군
2022-06-16,양파,상,4060000.0,2900.0,711000,대구광역시 달성군,1146,대구광역시
2025-03-03,양파,특,5850000.0,4875.0,800000,중국,1170,수입산
2021-07-10,양파,특,1000400.0,915.0,534000,전라남도 무안군,1097,전라남도 무안군
2019-05-08,양파,특,7237500.0,12375.0,930000,충청남도 ,1174,충청남도 
2023-04-14,양파,보통,975000.0,3000.0,770000,경상북도 영천시,1166,경상북도 영천시
2019-06-19,양파,하,855000.0,2700.0,770000,경상북도 영천시,1166,경상북도 영천시
2025-02-05,양파,상,3100000.0,1950.0,635000,경상남도 창녕군,1126,경상남도 창녕군
2018-06-16,양파,상,170300.0,273.0,534804,전남 무안군 무안읍 성동리,1097,전라남도 무안군
2019-08-22,양파,하,10558950.0,27108.0,525000,전라남도 함평군,1090,전라남도 함평군
2018-06-30,양파,특,2752500.0,4500.0,513000,전라남도 영광군,1084,전라남도 영광군
2024-12-21,양파,특,3984000.0,3984.0,525000,전라남도 함평군,1090,전라남도 함평군
2023-03-28,양파,보통,456000.0,720.0,699833,제주 남제주군 대정읍 신도리,1145,제주특별자치도 남제주군
2024-01-24,양파,특,170000.0,2000.0,901000,서울특별시 ,1000,서울특별시
2019-08-02,양파,특,31500.0,30.0,471080,경기 구리시 갈매동,1072,경기도 구리시
2018-04-06,양파,상,502000.0,1656.6,990000,제주도 ,1180,제주도 
2023-11-15,양파,상,4444000.0,4340.0,534729,전남 무안군 청계면 도림리 목포대학교 ,1097,전라남도 무안군
2018-04-19,양파,특,140000.0,150.0,750010,경북 영주시 영주동,1157,경상북도 영주시
2025-04-22,양파,특,22400000.0,17500.0,579806,전북 부안군 부안읍 서외4리,1114,전라북도 부안군
2023-09-20,양파,특,283500.0,225.0,138701,서울 송파구 가락1동  가락농수산물시장 ,1000,서울특별시
2023-04-01,양파,상,2992000.0,2067.0,711000,대구광역시 달성군,1146,대구광역시
2019-04-15,양파,특,3824000.0,4200.0,690811,제주 제주시 삼도1동498∼502,1142,제주특별자치도 제주시
2024-08-01,양파,특,12358000.0,11200.0,343000,충청남도 당진시,1031,충청남도 당진시
2018-04-16,양파,특,7088500.0,13200.0,534000,전라남도 무안군,1097,전라남도 무안군
2021-07-24,양파,특,6900000.0,12000.0,635700,경남 창녕군 창녕읍  창녕군청 ,1126,경상남도 창녕군
2023-07-29,양파,특,6792500.0,6825.0,717000,경상북도 고령군,1150,경상북도 고령군
2022-04-06,양파,보통,330000.0,2200.0,635000,경상남도 창녕군,1126,경상남도 창녕군
2019-06-14,양파,상,1160700.0,4260.0,635000,경상남도 창녕군,1126,경상남도 창녕군
2022-10-07,양파,특,40400.0,20.0,200140,강원 춘천시 사농동,1001,강원도 춘천시
2022-07-06,양파,보통,96000.0,480.0,636941,경남 의령군 궁류면 계현리,1127,경상남도 의령군
2020-08-22,양파,상,350000.0,500.0,617030,부산 사상구 엄궁동,1120,부산광역시
2022-03-25,양파,특,504000.0,2100.0,676850,경남 함양군 지곡면,1139,경상남도 함양군
2023-04-26,양파,특,1700000.0,2250.0,690000,제주도 제주시,1142,제주특별자치도 제주시
2024-06-03,양파,특,43321000.0,52580.0,534729,전남 무안군 청계면 도림리 목포대학교 ,1097,전라남도 무안군
2022-11-21,양파,상,2996000.0,2100.0,536000,전라남도 해남군,1098,전라남도 해남군
2022-07-07,양파,특,1050000.0,840.0,637800,경남 함안군 가야읍,1128,경상남도 함안군
2020-12-10,양파,특,2750000.0,2000.0,525822,전남 함평군 엄다면 성천리,1090,전라남도 함평군
2020-07-11,양파,특,975000.0,2000.0,670000,경상남도 거창군,1138,경상남도 거창군
2019-09-25,양파,특,1717000.0,4080.0,520000,전라남도 나주시,1089,전라남도 나주시
2020-05-22,양파,특,1156000.0,1360.0,534000,전라남도 무안군,1097,전라남도 무안군
2023-12-22,양파,특,8938700.0,6276.0,525000,전라남도 함평군,1090,전라남도 함평군
2018-05-04,양파,특,1461600.0,1890.0,690811,제주 제주시 삼도1동498∼502,1142,제주특별자치도 제주시
2019-05-11,양파,특,1998000.0,3960.0,356000,충청남도 서산시,1035,충청남도 서산시
2024-06-07,양파,특,60000.0,80.0,356600,충남 서산시 서산우체국사서함,1035,충청남도 서산시
2018-06-14,양파,특,575000.0,1000.0,740000,경상북도 김천시,1154,경상북도 김천시
2025-05-15,양파,상,694400.0,1120.0,513000,전라남도 영광군,1084,전라남도 영광군
2022-11-10,양파,특,12325000.0,8160.0,534000,전라남도 무안군,1097,전라남도 무안군
2018-05-02,양파,상,5646200.0,11760.0,548000,전라남도 고흥군,1104,전라남도 고흥군
2025-04-08,양파,상,4531000.0,2955.0,690600,제주 제주시 제주우체국사서함,1142,제주특별자치도 제주시
2021-02-22,양파,상,23539000.0,12080.0,676800,경남 함양군 함양읍,1139,경상남도 함양군
2025-02-19,양파,특,29256300.0,24015.0,800000,중국,1170,수입산
2018-08-14,양파,특,400000.0,960.0,525000,전라남도 함평군,1090,전라남도 함평군
2020-06-24,양파,상,440000.0,800.0,320000,충청남도 논산시,1022,충청남도 논산시
2024-06-04,양파,상,54000.0,90.0,635000,경상남도 창녕군,1126,경상남도 창녕군
2018-02-26,양파,특,1212000.0,2424.0,534000,전라남도 무안군,1097,전라남도 무안군
2019-08-28,양파,특,739500.0,1080.0,769800,경북 의성군 의성읍,1165,경상북도 의성군
2018-06-21,양파,하,10000.0,75.0,534000,전라남도 무안군,1097,전라남도 무안군
2020-07-27,양파,특,1078000.0,2200.0,635924,경남 창녕군 계성면 명리,1126,경상남도 창녕군
2023-06-05,양파,특,1042200.0,1080.0,513807,전남 영광군 영광읍 무령리,1084,전라남도 영광군
2020-09-04,양파,특,262600.0,260.0,676892,경남 함양군 유림면 대궁리,1139,경상남도 함양군
2025-02-25,양파,특,28000.0,20.0,579000,전라북도 부안군,1114,전라북도 부안군
2023-06-15,양파,보통,700000.0,950.0,757000,경상북도 예천군,1159,경상북도 예천군
2018-11-28,양파,특,35000.0,70.0,565880,전북 완주군 화산면,1107,전라북도 완주군
2021-04-30,양파,보통,230400.0,720.0,717800,경북 고령군 고령읍,1150,경상북도 고령군
2023-08-09,양파,특,102000.0,60.0,565907,전북 완주군 봉동읍 장기리,1107,전라북도 완주군
2024-06-06,양파,특,13600000.0,16000.0,676000,경상남도 함양군,1139,경상남도 함양군
2018-04-13,양파,특,167400.0,324.0,534000,전라남도 무안군,1097,전라남도 무안군
2019-09-04,양파,특,169600.0,640.0,535000,전라남도 신안군,1096,전라남도 신안군
2020-01-08,양파,하,57000.0,60.0,534841,전남 무안군 현경면 가입리,1097,전라남도 무안군
2019-04-29,양파,하,315000.0,600.0,656834,경남 거제시 장목면 매동리,1132,경상남도 거제시
2018-04-28,양파,특,64800.0,96.0,561090,전북 전주시 덕진구 서노송동,1106,전라북도 전주시
2020-09-22,양파,특,2584000.0,3009.6,635000,경상남도 창녕군,1126,경상남도 창녕군
2020-09-05,양파,특,7079000.0,5280.0,534000,전라남도 무안군,1097,전라남도 무안군
2019-02-15,양파,상,1655200.0,2865.0,740974,경북 김천시 남산동50∼250,1154,경상북도 김천시
2021-04-24,양파,특,484000.0,880.0,740010,경북 김천시 모암동,1154,경상북도 김천시
2022-01-22,양파,특,360000.0,400.0,565000,전라북도 완주군,1107,전라북도 완주군
2023-12-11,양파,특,4000.0,3.7,570130,전북 익산시 목천동,1111,전라북도 익산시
2022-12-12,양파,특,4700500.0,3060.0,585000,전라북도 고창군,1115,전라북도 고창군
2024-09-12,양파,특,1460000.0,2300.0,901000,서울특별시 ,1000,서울특별시
2018-09-01,양파,특,1440000.0,2400.0,712870,경북 경산시 용성면,1147,경상북도 경산시
2019-09-17,양파,특,4985000.0,9000.0,730000,경상북도 구미시,1153,경상북도 구미시
2018-07-03,양파,특,470000.0,500.0,565920,전북 완주군 경천면,1107,전라북도 완주군
2020-08-11,양파,상,34000.0,40.0,716820,경북 군위군 효령면,1149,경상북도 군위군
2020-08-21,양파,특,96000.0,120.0,320000,충청남도 논산시,1022,충청남도 논산시
2019-06-07,양파,상,576000.0,1280.0,717000,경상북도 고령군,1150,경상북도 고령군
2023-02-24,양파,특,20622000.0,12600.0,579000,전라북도 부안군,1114,전라북도 부안군
2022-06-08,양파,특,234000.0,240.0,636000,경상남도 의령군,1127,경상남도 의령군
2021-07-24,양파,특,54400.0,160.0,769000,경상북도 의성군,1165,경상북도 의성군
2018-02-20,양파,특,825000.0,1000.0,800000,중국,1170,수입산
2023-05-22,양파,특,57500.0,50.0,570130,전북 익산시 목천동,1111,전라북도 익산시
2018-12-22,양파,보통,810000.0,4320.0,534000,전라남도 무안군,1097,전라남도 무안군
2024-12-30,양파,보통,216000.0,480.0,635812,경남 창녕군 유어면 광산리,1126,경상남도 창녕군
2018-03-16,양파,특,120000.0,125.0,534850,전남 무안군 망운면,1097,전라남도 무안군
2018-05-04,양파,하,1425000.0,1710.0,690000,제주도 제주시,1142,제주특별자치도 제주시
2020-06-16,양파,상,63000.0,140.0,320000,충청남도 논산시,1022,충청남도 논산시
2022-06-20,양파,보통,57500.0,340.0,546900,전남 보성군 벌교읍,1103,전라남도 보성군
2018-01-04,양파,보통,3312800.0,3936.0,535000,전라남도 신안군,1096,전라남도 신안군
2021-11-05,양파,특,9625500.0,12420.0,678000,경상남도 합천군,1140,경상남도 합천군
2024-05-22,양파,상,112500.0,180.0,636912,경남 의령군 용덕면 소상리,1127,경상남도 의령군
2019-08-27,양파,하,3551150.0,8052.0,534000,전라남도 무안군,1097,전라남도 무안군
2020-01-03,양파,특,3840000.0,4500.0,535802,전남 신안군 지도읍 광정리,1096,전라남도 신안군
2025-04-22,양파,특,7229500.0,4816.5,717000,경상북도 고령군,1150,경상북도 고령군
2018-11-23,양파,특,195000.0,450.0,565900,전북 완주군 봉동읍,1107,전라북도 완주군
2024-03-05,양파,보통,3600000.0,2250.0,800000,중국,1170,수입산
2018-04-02,양파,보통,12170000.0,19000.0,635000,경상남도 창녕군,1126,경상남도 창녕군
2023-10-21,양파,상,1530000.0,850.0,711000,대구광역시 달성군,1146,대구광역시
2019-05-27,양파,특,2983500.0,6120.0,503839,광주 남구 주월1동1180∼1190,1083,광주광역시
2018-03-09,양파,특,892400.0,970.0,565881,전북 완주군 화산면 성북리,1107,전라북도 완주군
2023-07-01,양파,상,384000.0,480.0,637708,경남 함안군 칠원면 오곡리 광려천메트로자이 101∼122동,1128,경상남도 함안군
2024-10-07,양파,특,3920000.0,3150.0,745000,경상북도 문경시,1156,경상북도 문경시
2022-11-28,양파,보통,1560000.0,1800.0,800000,중국,1170,수입산
2018-05-26,양파,보통,35000.0,200.0,534870,전남 무안군 해제면,1097,전라남도 무안군
2021-07-26,양파,특,323500.0,840.0,637000,경상남도 함안군,1128,경상남도 함안군
2024-02-27,양파,상,4200000.0,6300.0,906000,광주광역시 ,1083,광주광역시
2024-09-03,양파,특,4971500.0,4950.0,800000,중국,1170,수입산
2022-03-30,양파,특,2070000.0,4400.0,550010,전남 여수시 덕충동,1105,전라남도 여수시
2018-07-17,양파,특,617300.0,1620.0,506402,광주 광산구 송치동,1083,광주광역시
2019-11-25,양파,특,440000.0,960.0,678000,경상남도 합천군,1140,경상남도 합천군
2022-06-27,양파,상,345000.0,300.0,320850,충남 논산시 양촌면,1022,충청남도 논산시
2021-11-06,양파,특,703000.0,888.0,525000,전라남도 함평군,1090,전라남도 함평군
2023-11-22,양파,특,2600000.0,2000.0,730040,경북 구미시 형곡동,1153,경상북도 구미시
2019-11-04,양파,특,1071000.0,2100.0,360000,충청북도 청주시,1037,충청북도 청주시
2023-07-10,양파,상,1043700.0,1065.0,570600,전북 익산시 익산우체국사서함,1111,전라북도 익산시
2019-12-17,양파,특,3872000.0,5310.0,561302,전북 전주시 덕진구 송천동2가,1106,전라북도 전주시
2019-01-05,양파,보통,1008600.0,2952.0,535000,전라남도 신안군,1096,전라남도 신안군
2024-05-29,양파,상,84000.0,60.0,580010,전북 정읍시 수성동,1116,전라북도 정읍시
2019-10-15,양파,특,292500.0,450.0,456000,경기도 안성시,1067,경기도 안성시
2018-09-17,양파,특,1300000.0,4000.0,520930,전남 나주시 다시면,1089,전라남도 나주시
2020-01-31,양파,특,6657000.0,7350.0,740000,경상북도 김천시,1154,경상북도 김천시
2018-08-18,양파,특,270600.0,984.0,570000,전라북도 익산시,1111,전라북도 익산시
2021-02-10,양파,특,2800000.0,2000.0,750000,경상북도 영주시,1157,경상북도 영주시
2023-01-13,양파,특,2930000.0,2000.0,579000,전라북도 부안군,1114,전라북도 부안군
2020-01-22,양파,특,42420.0,45.0,200140,강원 춘천시 사농동,1001,강원도 춘천시
2022-02-25,양파,상,1176000.0,4200.0,570130,전북 익산시 목천동,1111,전라북도 익산시
2021-09-24,양파,보통,13230000.0,14700.0,678800,경남 합천군 합천읍,1140,경상남도 합천군
2018-06-05,양파,보통,680000.0,1600.0,769980,경북 의성군 안사면,1165,경상북도 의성군
2022-10-31,양파,특,1929500.0,1020.0,565000,전라북도 완주군,1107,전라북도 완주군
2024-06-29,양파,보통,2310000.0,4000.0,635000,경상남도 창녕군,1126,경상남도 창녕군
2020-06-01,양파,특,1500000.0,1800.0,534000,전라남도 무안군,1097,전라남도 무안군
2018-05-25,양파,상,176400.0,840.0,548800,전남 고흥군 고흥읍,1104,전라남도 고흥군
2018-04-14,양파,보통,1545200.0,2850.0,695941,제주 제주시 한경면 고산리,1142,제주특별자치도 제주시
2020-10-29,양파,특,3150000.0,2700.0,565863,전북 완주군 고산면 성재리,1107,전라북도 완주군
2020-05-23,양파,하,9452000.0,7140.0,534000,전라남도 무안군,1097,전라남도 무안군
2022-04-30,양파,특,773000.0,1020.0,718813,경북 칠곡군 약목면 교리,1151,경상북도 칠곡군
2018-09-17,양파,특,1040700.0,1305.0,750600,경북 영주시 영주우체국사서함,1157,경상북도 영주시
2022-12-16,양파,특,46935000.0,39375.0,534000,전라남도 무안군,1097,전라남도 무안군
2021-01-19,양파,상,1104000.0,600.0,635000,경상남도 창녕군,1126,경상남도 창녕군
2019-09-30,양파,특,714000.0,2040.0,770600,경북 영천시 영천우체국사서함,1166,경상북도 영천시
2018-05-28,양파,특,315000.0,900.0,520710,전남 나주시 남평읍  광주가톨릭대학교 ,1089,전라남도 나주시
2018-12-01,양파,특,21500.0,50.0,565907,전북 완주군 봉동읍 장기리,1107,전라북도 완주군
2019-12-11,양파,특,885000.0,1125.0,534000,전라남도 무안군,1097,전라남도 무안군
2018-08-15,양파,보통,1800000.0,3000.0,600000,부산광역시 부산 중구,1120,부산광역시
2018-05-08,양파,하,3471000.0,5400.0,690000,제주도 제주시,1142,제주특별자치도 제주시
2021-09-13,양파,상,15799200.0,20160.0,635000,경상남도 창녕군,1126,경상남도 창녕군
2019-07-03,양파,특,11200000.0,32000.0,635000,경상남도 창녕군,1126,경상남도 창녕군
2019-07-08,양파,특,402000.0,5360.0,580943,전북 정읍시 칠보면 시산리,1116,전라북도 정읍시
2022-11-29,양파,특,19987500.0,16875.0,697000,제주도 서귀포시,1144,제주특별자치도 서귀포시
2018-09-13,양파,보통,2727000.0,4600.0,769000,경상북도 의성군,1165,경상북도 의성군
2018-08-07,양파,특,20000.0,20.0,320003,충남 논산시 두마면 대전우편집중국,1022,충청남도 논산시
2022-04-28,양파,특,720000.0,1890.0,232800,강원 평창군 평창읍,1011,강원도 평창군
2023-08-31,양파,상,224000.0,560.0,565920,전북 완주군 경천면,1107,전라북도 완주군
2020-02-28,양파,특,2100000.0,1200.0,565000,전라북도 완주군,1107,전라북도 완주군
2019-04-01,양파,특,1280300.0,1796.0,500120,광주 북구 각화동,1083,광주광역시
2021-06-29,양파,특,2327000.0,3770.0,770600,경북 영천시 영천우체국사서함,1166,경상북도 영천시
2021-10-20,양파,특,25214900.0,28320.0,534000,전라남도 무안군,1097,전라남도 무안군
2022-04-13,양파,특,4080000.0,7956.0,312000,충청남도 금산군,1020,충청남도 금산군
2018-07-11,양파,상,10452200.0,23640.0,635800,경남 창녕군 창녕읍,1126,경상남도 창녕군
2018-06-18,양파,특,1827000.0,2900.0,570930,전북 익산시 여산면,1111,전라북도 익산시
2022-10-29,양파,보통,1200000.0,800.0,717000,경상북도 고령군,1150,경상북도 고령군
2020-05-11,양파,특,55000.0,100.0,529804,전남 장흥군 장흥읍 교촌리,1094,전라남도 장흥군
2024-09-06,양파,보통,341000.0,604.5,714000,경상북도 청도군,1148,경상북도 청도군
2018-04-18,양파,상,660000.0,600.0,690811,제주 제주시 삼도1동498∼502,1142,제주특별자치도 제주시
2021-09-01,양파,하,1039800.0,1572.0,534000,전라남도 무안군,1097,전라남도 무안군
2018-11-01,양파,상,612000.0,3060.0,769922,경북 의성군 비안면 산제리,1165,경상북도 의성군
2022-05-21,양파,상,9516000.0,15860.0,950000,전라남도 ,1176,전라남도 
2022-04-15,양파,특,1375000.0,2800.0,637830,경남 함안군 법수면,1128,경상남도 함안군
2021-07-14,양파,특,478600.0,2560.0,641010,경남 창원시 상남동,1124,경상남도 창원시
2021-09-04,양파,특,550000.0,440.0,534800,전남 무안군 무안읍,1097,전라남도 무안군
2023-05-12,양파,특,678000.0,1200.0,626210,경남 양산시 교동,1122,경상남도 양산시
2022-10-24,양파,상,10415000.0,8000.0,903000,대구광역시 ,1146,대구광역시
2021-10-26,양파,보통,32772.0,10.0,901000,서울특별시 ,1000,서울특별시
2024-04-27,양파,보통,4719000.0,4290.0,550000,전라남도 여수시,1105,전라남도 여수시
2020-10-21,양파,특,22220.0,20.0,200140,강원 춘천시 사농동,1001,강원도 춘천시
2022-08-17,양파,특,825000.0,900.0,635000,경상남도 창녕군,1126,경상남도 창녕군
2022-11-30,양파,특,347200.0,465.0,717000,경상북도 고령군,1150,경상북도 고령군
2020-05-06,양파,보통,1744000.0,2180.0,635000,경상남도 창녕군,1126,경상남도 창녕군
2018-12-26,양파,특,1962500.0,2610.0,561302,전북 전주시 덕진구 송천동2가,1106,전라북도 전주시
2018-06-04,양파,특,792000.0,1980.0,666910,경남 산청군 생초면,1135,경상남도 산청군
2024-11-08,양파,상,1500675.0,1125.0,390160,충북 제천시 강제동,1047,충청북도 제천시
2023-10-09,양파,특,6412000.0,4770.0,520000,전라남도 나주시,1089,전라남도 나주시
2022-04-19,양파,하,561000.0,2040.0,503839,광주 남구 주월1동1180∼1190,1083,광주광역시
2020-08-31,양파,상,28000.0,40.0,730010,경북 구미시 원평동,1153,경상북도 구미시
2022-06-14,양파,상,341000.0,620.0,534803,전남 무안군 무안읍 성남리,1097,전라남도 무안군
2023-07-06,양파,특,8343200.0,7560.0,356000,충청남도 서산시,1035,충청남도 서산시
2018-02-24,양파,하,1742500.0,4300.0,635700,경남 창녕군 창녕읍  창녕군청 ,1126,경상남도 창녕군
2020-05-08,양파,하,81000.0,120.0,534804,전남 무안군 무안읍 성동리,1097,전라남도 무안군
2018-05-14,양파,보통,140000.0,700.0,500120,광주 북구 각화동,1083,광주광역시
2023-06-05,양파,보통,292000.0,340.0,641600,경남 창원시 창원우체국사서함,1124,경상남도 창원시
2023-11-03,양파,특,20520000.0,18000.0,525811,전남 함평군 학교면 고막리,1090,전라남도 함평군
2019-06-07,양파,특,45000.0,45.0,138000,서울특별시 송파구,1000,서울특별시
2019-07-16,양파,하,945000.0,3240.0,534000,전라남도 무안군,1097,전라남도 무안군
2018-10-22,양파,상,104000.0,400.0,740951,경북 김천시 대덕면 가례리,1154,경상북도 김천시
2019-01-25,양파,하,13252100.0,27216.0,525000,전라남도 함평군,1090,전라남도 함평군
2019-03-12,양파,특,2482000.0,7140.0,535000,전라남도 신안군,1096,전라남도 신안군
2019-04-22,양파,특,30016000.0,39120.0,800000,중국,1170,수입산
2019-07-08,양파,특,5417400.0,22700.0,585000,전라북도 고창군,1115,전라북도 고창군
2019-01-09,양파,특,357000.0,2040.0,500120,광주 북구 각화동,1083,광주광역시
2024-05-02,양파,보통,2900000.0,2000.0,635000,경상남도 창녕군,1126,경상남도 창녕군
2022-07-01,양파,특,42000.0,40.0,769000,경상북도 의성군,1165,경상북도 의성군
2021-06-08,양파,상,228000.0,380.0,711000,대구광역시 달성군,1146,대구광역시
2023-08-17,양파,특,13530000.0,10125.0,535000,전라남도 신안군,1096,전라남도 신안군
2021-10-25,양파,특,1710000.0,2000.0,579000,전라북도 부안군,1114,전라북도 부안군
2018-06-07,양파,특,968600.0,1334.0,660600,경남 진주시 진주우체국사서함,1133,경상남도 진주시
2019-10-23,양파,특,560.0,0.8,200140,강원 춘천시 사농동,1001,강원도 춘천시
2018-11-06,양파,특,3872000.0,4800.0,525000,전라남도 함평군,1090,전라남도 함평군
2024-09-07,양파,하,1830000.0,1800.0,800000,중국,1170,수입산
2018-04-14,양파,특,28280.0,28.0,200140,강원 춘천시 사농동,1001,강원도 춘천시
2021-12-09,양파,특,2142000.0,3180.0,585800,전북 고창군 고창읍,1115,전라북도 고창군
2025-04-16,양파,특,2551000.0,2080.0,534870,전남 무안군 해제면,1097,전라남도 무안군
2020-01-30,양파,상,110000.0,75.0,745000,경상북도 문경시,1156,경상북도 문경시
2019-10-25,양파,특,348000.0,580.0,618807,부산 강서구 대저2동1001∼2507,1120,부산광역시
2025-04-11,양파,특,270000.0,200.0,548930,전남 고흥군 금산면,1104,전라남도 고흥군
2024-04-02,양파,상,9871200.0,5325.0,690600,제주 제주시 제주우체국사서함,1142,제주특별자치도 제주시
2025-05-29,양파,특,3000000.0,5625.0,534000,전라남도 무안군,1097,전라남도 무안군
2019-08-21,양파,특,487500.0,975.0,534841,전남 무안군 현경면 가입리,1097,전라남도 무안군
2018-11-20,양파,특,8875000.0,16000.0,711880,대구 달성군 유가면,1146,대구광역시
2023-02-02,양파,특,7850000.0,7500.0,902000,부산광역시 ,1120,부산광역시
2022-06-18,양파,보통,126000.0,180.0,635831,경남 창녕군 이방면 거남리,1126,경상남도 창녕군
2018-10-01,양파,특,3290000.0,4935.0,520000,전라남도 나주시,1089,전라남도 나주시
2019-05-17,양파,특,45450.0,45.0,200140,강원 춘천시 사농동,1001,강원도 춘천시
2023-10-09,양파,특,1800000.0,2000.0,534000,전라남도 무안군,1097,전라남도 무안군
2024-08-08,양파,특,310000.0,310.0,565863,전북 완주군 고산면 성재리,1107,전라북도 완주군
2024-05-14,양파,특,4923800.0,4351.0,520833,전남 나주시 산포면 산제리,1089,전라남도 나주시
2019-05-16,양파,특,96000.0,240.0,536804,전남 해남군 해남읍 기동리,1098,전라남도 해남군
2021-05-12,양파,상,96000.0,46.0,570130,전북 익산시 목천동,1111,전라북도 익산시
2024-07-02,양파,보통,2030000.0,2100.0,745852,경북 문경시 영순면 김용리,1156,경상북도 문경시
2020-06-09,양파,특,1139000.0,2040.0,536830,전남 해남군 계곡면,1098,전라남도 해남군
2024-10-15,양파,특,575000.0,1000.0,670000,경상남도 거창군,1138,경상남도 거창군
2024-11-11,양파,특,19650000.0,15750.0,534850,전남 무안군 망운면,1097,전라남도 무안군
2020-09-11,양파,보통,1400000.0,1050.0,745852,경북 문경시 영순면 김용리,1156,경상북도 문경시
2020-09-01,양파,특,2672000.0,3340.0,664010,경남 사천시 선구동,1134,경상남도 사천시
2024-03-23,양파,특,652500.0,362.5,330600,충남 천안시 동남구 천안우체국사서함,1026,충청남도 천안시
2020-07-28,양파,특,98000.0,280.0,561302,전북 전주시 덕진구 송천동2가,1106,전라북도 전주시
2024-08-19,양파,특,2534400.0,2880.0,314860,충남 공주시 우성면,1021,충청남도 공주시
2018-07-24,양파,특,25800.0,90.0,245010,강원 삼척시 남양동,1014,강원도 삼척시
2018-09-27,양파,특,401000.0,500.0,343800,충남 당진시 당진읍,1031,충청남도 당진시
2025-05-20,양파,특,2376000.0,3240.0,565000,전라북도 완주군,1107,전라북도 완주군
2025-02-15,양파,상,7397000.0,8535.0,800000,중국,1170,수입산
2022-03-09,양파,특,500000.0,500.0,745000,경상북도 문경시,1156,경상북도 문경시
2025-03-27,양파,특,4800000.0,2250.0,534000,전라남도 무안군,1097,전라남도 무안군
2023-02-13,양파,특,107100.0,90.0,138701,서울 송파구 가락1동  가락농수산물시장 ,1000,서울특별시
2023-09-22,양파,하,28747000.0,25500.0,534000,전라남도 무안군,1097,전라남도 무안군
2019-08-08,양파,특,2332000.0,4000.0,769000,경상북도 의성군,1165,경상북도 의성군
2024-06-26,양파,특,688000.0,1656.0,350000,충청남도 홍성군,1033,충청남도 홍성군
2018-02-03,양파,특,92400.0,132.0,570600,전북 익산시 익산우체국사서함,1111,전라북도 익산시
2018-03-27,양파,특,5670000.0,10800.0,769000,경상북도 의성군,1165,경상북도 의성군
2021-12-03,양파,특,3250000.0,5000.0,617030,부산 사상구 엄궁동,1120,부산광역시
2022-07-06,양파,상,3010000.0,3180.0,635800,경남 창녕군 창녕읍,1126,경상남도 창녕군
2018-02-08,양파,특,220000.0,400.0,570600,전북 익산시 익산우체국사서함,1111,전라북도 익산시
2020-09-18,양파,특,3039200.0,2628.0,561302,전북 전주시 덕진구 송천동2가,1106,전라북도 전주시
2021-03-03,양파,특,7395000.0,4500.0,904000,대전광역시 ,1019,대전광역시
2022-03-03,양파,상,17800.0,40.0,740930,경북 김천시 지례면,1154,경상북도 김천시
2021-08-26,양파,상,304400.0,440.0,660600,경남 진주시 진주우체국사서함,1133,경상남도 진주시
2021-05-24,양파,상,575000.0,1000.0,730870,경북 구미시 해평면,1153,경상북도 구미시
2023-09-16,양파,특,128800.0,840.0,717000,경상북도 고령군,1150,경상북도 고령군
2023-03-31,양파,하,117000.0,156.0,534000,전라남도 무안군,1097,전라남도 무안군
2024-08-20,양파,상,144000.0,180.0,717000,경상북도 고령군,1150,경상북도 고령군
2022-06-16,양파,상,20000.0,20.0,627894,경남 밀양시 하남읍 수산리  447∼1132,1123,경상남도 밀양시
2020-12-19,양파,특,1071600.0,620.4,570130,전북 익산시 목천동,1111,전라북도 익산시
2020-10-24,양파,특,13597500.0,12375.0,535000,전라남도 신안군,1096,전라남도 신안군
2019-10-11,양파,특,70000.0,100.0,901000,서울특별시 ,1000,서울특별시
2020-07-11,양파,특,109200.0,240.0,760873,경북 안동시 남후면 광음리,1160,경상북도 안동시
2023-11-27,양파,보통,198000.0,600.0,660600,경남 진주시 진주우체국사서함,1133,경상남도 진주시
2022-04-13,양파,특,8490.0,7.0,200140,강원 춘천시 사농동,1001,강원도 춘천시
2019-08-07,양파,특,601800.0,1836.0,565000,전라북도 완주군,1107,전라북도 완주군
2018-05-04,양파,특,1775000.0,2250.0,539804,전남 진도군 진도읍 산월리,1099,전라남도 진도군
2023-05-27,양파,보통,628000.0,1160.0,536830,전남 해남군 계곡면,1098,전라남도 해남군
2020-12-19,양파,특,13125700.0,12078.0,635000,경상남도 창녕군,1126,경상남도 창녕군
2020-09-17,양파,보통,17580000.0,18000.0,534000,전라남도 무안군,1097,전라남도 무안군
2021-09-24,양파,특,4914000.0,5250.0,745852,경북 문경시 영순면 김용리,1156,경상북도 문경시
2025-05-07,양파,특,1057800.0,1032.0,534840,전남 무안군 현경면,1097,전라남도 무안군
2021-01-14,양파,특,28000.0,20.0,740000,경상북도 김천시,1154,경상북도 김천시
2020-05-09,양파,상,182600.0,220.0,666804,경남 산청군 산청읍 산청리,1135,경상남도 산청군
2019-04-18,양파,특,2091000.0,2040.0,534000,전라남도 무안군,1097,전라남도 무안군
2023-06-15,양파,상,438000.0,420.0,343800,충남 당진시 당진읍,1031,충청남도 당진시
2023-06-10,양파,특,2727800.0,2720.0,641465,경남 창원시 팔용동,1124,경상남도 창원시
2021-12-09,양파,특,82200000.0,90000.0,471080,경기 구리시 갈매동,1072,경기도 구리시
2020-04-24,양파,보통,556000.0,540.0,699832,제주 남제주군 대정읍 일과리,1145,제주특별자치도 남제주군
2019-12-31,양파,특,7018000.0,10600.0,769000,경상북도 의성군,1165,경상북도 의성군
2023-05-04,양파,특,4480200.0,3420.0,717820,경북 고령군 우곡면,1150,경상북도 고령군
2018-09-29,양파,하,980000.0,1050.0,745000,경상북도 문경시,1156,경상북도 문경시
2019-03-19,양파,특,217500.0,300.0,515806,전남 장성군 장성읍 영천리 매화,1085,전라남도 장성군
2021-11-02,양파,하,3801600.0,3600.0,717000,경상북도 고령군,1150,경상북도 고령군
2023-06-21,양파,특,64000.0,80.0,314835,충남 공주시 계룡면 월암리,1021,충청남도 공주시
2019-08-14,양파,특,3667500.0,7875.0,520000,전라남도 나주시,1089,전라남도 나주시
2019-12-16,양파,특,2600000.0,4000.0,361300,충북 청주시 흥덕구 봉명동,1037,충청북도 청주시
2018-05-04,양파,특,11590500.0,14985.0,990000,제주도 ,1180,제주도 
2025-01-25,양파,특,13900300.0,9800.0,503310,광주 남구 주월동,1083,광주광역시
2024-06-08,양파,상,1487700.0,1635.0,343810,충남 당진시 신평면,1031,충청남도 당진시
2018-09-20,양파,특,1500000.0,1200.0,565000,전라북도 완주군,1107,전라북도 완주군
2018-04-30,양파,하,6060.0,5.0,200140,강원 춘천시 사농동,1001,강원도 춘천시
2022-10-29,양파,보통,1380000.0,900.0,740000,경상북도 김천시,1154,경상북도 김천시
2022-06-24,양파,보통,270000.0,900.0,717000,경상북도 고령군,1150,경상북도 고령군
2019-08-13,양파,특,494000.0,1520.0,305325,대전 유성구 노은동,1019,대전광역시
2020-06-08,양파,특,1557600.0,2880.0,760873,경북 안동시 남후면 광음리,1160,경상북도 안동시
2022-05-13,양파,특,3170000.0,6180.0,678000,경상남도 합천군,1140,경상남도 합천군
2024-05-30,양파,특,32400.0,15.0,200600,강원 춘천시 춘천우체국사서함,1001,강원도 춘천시
2022-05-05,양파,특,35609100.0,78345.0,690000,제주도 제주시,1142,제주특별자치도 제주시
2018-03-21,양파,특,1481000.0,5064.0,534703,전남 무안군 청계면 상마리 목포기능대학 ,1097,전라남도 무안군
2019-12-24,양파,하,2247000.0,3150.0,534000,전라남도 무안군,1097,전라남도 무안군
2024-09-24,양파,특,992000.0,640.0,618142,부산 강서구 대저2동,1120,부산광역시
2025-02-03,양파,특,6660000.0,4500.0,534000,전라남도 무안군,1097,전라남도 무안군
2022-05-19,양파,특,1045000.0,1900.0,548810,전남 고흥군 점암면,1104,전라남도 고흥군
2019-04-10,양파,상,323000.0,680.0,550120,전남 여수시 남산동,1105,전라남도 여수시
2023-09-02,양파,특,190000.0,95.0,901000,서울특별시 ,1000,서울특별시
2019-09-19,양파,특,430000.0,750.0,390011,충북 제천시 중앙로1가,1047,충청북도 제천시
2023-11-13,양파,보통,252000.0,840.0,678700,경남 합천군 합천읍 합천리 합천군청 ,1140,경상남도 합천군
2022-04-25,양파,특,21000.0,30.0,138701,서울 송파구 가락1동  가락농수산물시장 ,1000,서울특별시
2022-08-26,양파,특,520000.0,800.0,500801,광주 북구 각화동380∼800,1083,광주광역시
2021-11-01,양파,특,550000.0,500.0,565907,전북 완주군 봉동읍 장기리,1107,전라북도 완주군
2019-02-04,양파,특,6570.0,5.0,200140,강원 춘천시 사농동,1001,강원도 춘천시
2021-07-17,양파,특,377000.0,975.0,456000,경기도 안성시,1067,경기도 안성시
2019-05-30,양파,특,291500.0,1060.0,570130,전북 익산시 목천동,1111,전라북도 익산시
2019-04-20,양파,하,205000.0,375.0,695835,제주 북제주군 한림읍 한림2리,1143,제주특별자치도 북제주군
2024-03-21,양파,특,24240.0,15.0,200140,강원 춘천시 사농동,1001,강원도 춘천시
2023-07-01,양파,상,560000.0,960.0,565907,전북 완주군 봉동읍 장기리,1107,전라북도 완주군
2024-09-07,양파,하,977500.0,1020.0,534000,전라남도 무안군,1097,전라남도 무안군
2018-06-08,양파,특,935200.0,1180.0,627000,경상남도 밀양시,1123,경상남도 밀양시
2023-07-21,양파,상,120000.0,100.0,903000,대구광역시 ,1146,대구광역시
2021-08-16,양파,특,1493000.0,2064.0,534811,전남 무안군 몽탄면 구산리,1097,전라남도 무안군
2018-01-11,양파,하,578000.0,1020.0,534000,전라남도 무안군,1097,전라남도 무안군
2021-07-03,양파,하,429000.0,860.0,740000,경상북도 김천시,1154,경상북도 김천시
2018-04-14,양파,특,5500000.0,7500.0,800000,중국,1170,수입산
2018-07-11,양파,하,801000.0,1080.0,513000,전라남도 영광군,1084,전라남도 영광군
2023-11-27,양파,특,26730.0,10.0,138701,서울 송파구 가락1동  가락농수산물시장 ,1000,서울특별시
2019-02-15,양파,특,2850000.0,6000.0,714701,경북 청도군 화양읍  청도군청 ,1148,경상북도 청도군
2018-02-19,양파,특,1250000.0,1000.0,800000,중국,1170,수입산
2024-06-08,양파,특,507400.0,173.4,650931,경남 통영시 사량면 금평리,1131,경상남도 통영시
2019-06-18,양파,상,1213800.0,4760.0,529000,전라남도 장흥군,1094,전라남도 장흥군
2023-05-23,양파,특,1482000.0,1560.0,536000,전라남도 해남군,1098,전라남도 해남군
2018-04-13,양파,상,108000.0,240.0,678000,경상남도 합천군,1140,경상남도 합천군
2022-11-04,양파,하,1138400.0,1584.0,525000,전라남도 함평군,1090,전라남도 함평군
2021-11-11,양파,특,8000.0,5.0,901000,서울특별시 ,1000,서울특별시
2020-05-25,양파,하,525000.0,1125.0,534000,전라남도 무안군,1097,전라남도 무안군
2024-06-06,양파,보통,2564000.0,4000.0,740000,경상북도 김천시,1154,경상북도 김천시
2022-09-26,양파,특,10190406.0,5950.8,635000,경상남도 창녕군,1126,경상남도 창녕군
2024-07-27,양파,상,7280000.0,8400.0,676800,경남 함양군 함양읍,1139,경상남도 함양군
2023-05-04,양파,보통,416000.0,640.0,600010,부산 중구 중앙동,1120,부산광역시
2024-10-22,양파,특,4940000.0,3900.0,717000,경상북도 고령군,1150,경상북도 고령군
2019-05-02,양파,보통,3150000.0,3150.0,970000,경상남도 ,1178,경상남도 
2020-08-03,양파,상,550400.0,640.0,636000,경상남도 의령군,1127,경상남도 의령군
2019-04-22,양파,상,525000.0,700.0,534870,전남 무안군 해제면,1097,전라남도 무안군
2024-06-12,양파,하,17000.0,10.0,910000,경기도 ,1172,경기도 
2019-06-15,양파,상,582400.0,2840.0,767800,경북 울진군 울진읍,1164,경상북도 울진군
2022-06-21,양파,상,11600.0,20.0,320942,충남 논산시 성동면 삼산리,1022,충청남도 논산시
2021-05-25,양파,하,3456000.0,5184.0,525000,전라남도 함평군,1090,전라남도 함평군
2025-01-15,양파,보통,3150000.0,4000.0,678000,경상남도 합천군,1140,경상남도 합천군
2019-02-02,양파,특,570000.0,660.0,570130,전북 익산시 목천동,1111,전라북도 익산시
2019-12-03,양파,특,137500.0,100.0,570130,전북 익산시 목천동,1111,전라북도 익산시
2020-05-28,양파,특,2656800.0,6480.0,305325,대전 유성구 노은동,1019,대전광역시
2024-05-22,양파,하,4117500.0,3375.0,534000,전라남도 무안군,1097,전라남도 무안군
2025-03-07,양파,특,640000.0,400.0,716000,경상북도 군위군,1149,경상북도 군위군
2019-12-11,양파,특,48480.0,60.0,200140,강원 춘천시 사농동,1001,강원도 춘천시
2025-03-31,양파,특,46470000.0,33750.0,534000,전라남도 무안군,1097,전라남도 무안군
2018-10-11,양파,특,1075000.0,1000.0,579000,전라북도 부안군,1114,전라북도 부안군
2019-09-20,양파,특,360000.0,2000.0,635943,경남 창녕군 대합면 모전리,1126,경상남도 창녕군
2019-02-11,양파,보통,2420000.0,4400.0,770000,경상북도 영천시,1166,경상북도 영천시
2019-04-19,양파,특,176000.0,396.0,525805,전남 함평군 함평읍 만흥리,1090,전라남도 함평군
2018-04-16,양파,특,3293200.0,10650.0,534000,전라남도 무안군,1097,전라남도 무안군
2024-09-23,양파,특,1050000.0,750.0,716820,경북 군위군 효령면,1149,경상북도 군위군
2023-04-29,양파,상,136000.0,200.0,556810,전남 여수시 소라면,1105,전라남도 여수시
2018-06-19,양파,특,308700.0,420.0,356000,충청남도 서산시,1035,충청남도 서산시
2023-06-30,양파,특,60000.0,30.0,209806,강원 화천군 간동면 구만리,1002,강원도 화천군
2024-06-17,양파,특,920000.0,600.0,390820,충북 제천시 금성면,1047,충청북도 제천시
2018-12-17,양파,특,1209000.0,2600.0,770851,경북 영천시 화산면 가상리,1166,경상북도 영천시
2020-04-04,양파,특,2135000.0,3150.0,579000,전라북도 부안군,1114,전라북도 부안군
2020-07-25,양파,특,1147500.0,1620.0,534811,전남 무안군 몽탄면 구산리,1097,전라남도 무안군
2022-05-05,양파,특,5360000.0,6700.0,902000,부산광역시 ,1120,부산광역시
2020-07-21,양파,특,495300.0,760.5,561302,전북 전주시 덕진구 송천동2가,1106,전라북도 전주시
2020-09-24,양파,특,13808000.0,11200.0,717000,경상북도 고령군,1150,경상북도 고령군
2024-06-15,양파,보통,937500.0,1330.0,330270,충남 천안시 동남구 청당동,1026,충청남도 천안시
2019-10-30,양파,보통,280000.0,800.0,717000,경상북도 고령군,1150,경상북도 고령군
2024-08-14,양파,하,3111000.0,6120.0,535000,전라남도 신안군,1096,전라남도 신안군
2019-03-01,양파,보통,200200.0,340.0,714000,경상북도 청도군,1148,경상북도 청도군
2020-07-06,양파,상,428400.0,840.0,630000,경상남도 창원시 마산회원구,1124,경상남도 창원시
2018-02-13,양파,상,180000.0,180.0,635000,경상남도 창녕군,1126,경상남도 창녕군
2020-03-21,양파,특,1950000.0,2000.0,525800,전남 함평군 함평읍,1090,전라남도 함평군
2018-12-10,양파,상,610000.0,1159.0,635943,경남 창녕군 대합면 모전리,1126,경상남도 창녕군
2024-11-15,양파,특,12600000.0,11250.0,525000,전라남도 함평군,1090,전라남도 함평군
2021-10-26,양파,특,9682000.0,10128.0,525000,전라남도 함평군,1090,전라남도 함평군
2018-04-13,양파,보통,468000.0,1300.0,690000,제주도 제주시,1142,제주특별자치도 제주시
2019-06-21,양파,특,36835400.0,104355.0,534000,전라남도 무안군,1097,전라남도 무안군
2021-09-28,양파,하,5772000.0,6660.0,534841,전남 무안군 현경면 가입리,1097,전라남도 무안군
2021-08-30,양파,상,1200000.0,2400.0,920000,강원도 ,1173,강원도 
2020-02-12,양파,특,1510000.0,2000.0,534000,전라남도 무안군,1097,전라남도 무안군
2018-04-03,양파,특,5197500.0,13500.0,314850,충남 공주시 탄천면,1021,충청남도 공주시
2022-07-27,양파,특,5696000.0,4000.0,717000,경상북도 고령군,1150,경상북도 고령군
2024-01-31,양파,특,121200.0,90.0,200140,강원 춘천시 사농동,1001,강원도 춘천시
2018-11-09,양파,보통,677300.0,1410.0,635000,경상남도 창녕군,1126,경상남도 창녕군
2023-05-03,양파,특,55398100.0,51960.0,534000,전라남도 무안군,1097,전라남도 무안군
2021-03-03,양파,특,56560.0,21.0,200140,강원 춘천시 사농동,1001,강원도 춘천시
2023-06-13,양파,특,20921600.0,24000.0,356000,충청남도 서산시,1035,충청남도 서산시
2024-11-26,양파,보통,1326000.0,1360.0,627000,경상남도 밀양시,1123,경상남도 밀양시
2019-09-26,양파,특,364000.0,1040.0,641111,경남 창원시 가음동,1124,경상남도 창원시
2019-06-20,양파,하,540000.0,900.0,635000,경상남도 창녕군,1126,경상남도 창녕군
2019-05-09,양파,특,1404000.0,2028.0,503311,광주 남구 주월1동,1083,광주광역시
2020-12-16,양파,특,2326850.0,2076.0,740000,경상북도 김천시,1154,경상북도 김천시
2023-06-12,양파,특,851600.0,795.0,356000,충청남도 서산시,1035,충청남도 서산시
2024-08-08,양파,보통,78200.0,663.0,711000,대구광역시 달성군,1146,대구광역시
2021-04-14,양파,하,140000.0,280.0,534870,전남 무안군 해제면,1097,전라남도 무안군
2023-06-01,양파,특,375000.0,1000.0,534000,전라남도 무안군,1097,전라남도 무안군
2020-04-25,양파,보통,532500.0,1420.0,718800,경북 칠곡군 왜관읍,1151,경상북도 칠곡군
2020-08-13,양파,보통,236500.0,220.0,636941,경남 의령군 궁류면 계현리,1127,경상남도 의령군
2021-05-04,양파,하,584000.0,1200.0,690000,제주도 제주시,1142,제주특별자치도 제주시
2023-03-30,양파,특,4950000.0,5362.5,770000,경상북도 영천시,1166,경상북도 영천시
2022-02-24,양파,특,1925000.0,7000.0,716000,경상북도 군위군,1149,경상북도 군위군
2024-06-18,양파,특,1649500.0,2180.0,570130,전북 익산시 목천동,1111,전라북도 익산시
2022-05-07,양파,상,2641200.0,5820.0,690600,제주 제주시 제주우체국사서함,1142,제주특별자치도 제주시
2022-07-27,양파,특,10359700.0,8085.0,534000,전라남도 무안군,1097,전라남도 무안군
2020-03-24,양파,상,1400000.0,2100.0,676000,경상남도 함양군,1139,경상남도 함양군
2020-05-04,양파,상,3356900.0,5660.0,690811,제주 제주시 삼도1동498∼502,1142,제주특별자치도 제주시
2025-04-22,양파,특,980000.0,800.0,565907,전북 완주군 봉동읍 장기리,1107,전라북도 완주군
2025-04-08,양파,상,8438000.0,4750.0,902000,부산광역시 ,1120,부산광역시
2021-02-02,양파,보통,196000.0,560.0,635000,경상남도 창녕군,1126,경상남도 창녕군
2023-08-14,양파,특,4008600.0,2983.5,740000,경상북도 김천시,1154,경상북도 김천시
2023-01-03,양파,특,1386000.0,1050.0,579000,전라북도 부안군,1114,전라북도 부안군
2020-06-27,양파,특,1449000.0,2160.0,356000,충청남도 서산시,1035,충청남도 서산시
2024-10-18,양파,상,167200.0,214.5,676000,경상남도 함양군,1139,경상남도 함양군
2020-09-25,양파,특,180000.0,135.0,210010,강원 강릉시 홍제동,1004,강원도 강릉시
2023-06-09,양파,보통,12990000.0,11340.0,635000,경상남도 창녕군,1126,경상남도 창녕군
2019-07-09,양파,특,240000.0,300.0,565920,전북 완주군 경천면,1107,전라북도 완주군
2022-03-02,양파,특,10762500.0,22500.0,585000,전라북도 고창군,1115,전라북도 고창군
2024-08-22,양파,보통,1125000.0,750.0,711000,대구광역시 달성군,1146,대구광역시
2023-03-24,양파,상,770000.0,1072.5,635000,경상남도 창녕군,1126,경상남도 창녕군
2023-04-27,양파,보통,247000.0,390.0,690600,제주 제주시 제주우체국사서함,1142,제주특별자치도 제주시
2021-12-29,양파,보통,8454400.0,13440.0,678000,경상남도 합천군,1140,경상남도 합천군
2021-09-13,양파,특,108900.0,180.0,740880,경북 김천시 농소면,1154,경상북도 김천시
2024-04-09,양파,보통,8000.0,30.0,525805,전남 함평군 함평읍 만흥리,1090,전라남도 함평군
2025-03-07,양파,상,1180000.0,975.0,716000,경상북도 군위군,1149,경상북도 군위군
2021-07-28,양파,특,1381800.0,3036.0,534000,전라남도 무안군,1097,전라남도 무안군
2019-08-21,양파,특,88200.0,280.0,950000,전라남도 ,1176,전라남도 
2022-04-28,양파,특,137500.0,250.0,565000,전라북도 완주군,1107,전라북도 완주군
2022-05-09,양파,특,5850000.0,13500.0,548931,전남 고흥군 금산면 대흥리,1104,전라남도 고흥군
2023-08-26,양파,특,3723000.0,5100.0,530000,전라남도 목포시,1095,전라남도 목포시
2018-05-26,양파,보통,88600.0,440.0,534804,전남 무안군 무안읍 성동리,1097,전라남도 무안군
2019-03-26,양파,보통,39000.0,156.0,536810,전남 해남군 삼산면,1098,전라남도 해남군
2020-05-22,양파,보통,13000.0,20.0,678800,경남 합천군 합천읍,1140,경상남도 합천군
2021-07-06,양파,보통,816000.0,2720.0,717000,경상북도 고령군,1150,경상북도 고령군
2018-10-08,양파,상,672000.0,1920.0,705030,대구 남구 대명동,1146,대구광역시
2020-10-17,양파,특,2376000.0,1920.0,678700,경남 합천군 합천읍 합천리 합천군청 ,1140,경상남도 합천군
2019-02-20,양파,보통,7812000.0,13650.0,676800,경남 함양군 함양읍,1139,경상남도 함양군
2020-09-19,양파,특,1450000.0,750.0,534000,전라남도 무안군,1097,전라남도 무안군
2018-04-19,양파,특,14550000.0,18000.0,697000,제주도 서귀포시,1144,제주특별자치도 서귀포시
2020-01-13,양파,특,96000.0,120.0,565000,전라북도 완주군,1107,전라북도 완주군
2025-03-12,양파,특,1870000.0,1020.0,525000,전라남도 함평군,1090,전라남도 함평군
2020-09-05,양파,특,447300.0,900.0,536830,전남 해남군 계곡면,1098,전라남도 해남군
2020-09-18,양파,특,3600000.0,3240.0,676000,경상남도 함양군,1139,경상남도 함양군
2023-06-24,양파,특,2427400.0,3320.0,716000,경상북도 군위군,1149,경상북도 군위군
2018-05-17,양파,하,5590000.0,9000.0,534841,전남 무안군 현경면 가입리,1097,전라남도 무안군
2024-02-14,양파,특,24516200.0,21084.0,534000,전라남도 무안군,1097,전라남도 무안군
2022-05-09,양파,보통,78000.0,400.0,534870,전남 무안군 해제면,1097,전라남도 무안군
2021-04-09,양파,특,3501200.0,3060.0,660600,경남 진주시 진주우체국사서함,1133,경상남도 진주시
2023-03-22,양파,특,1364000.0,620.0,482840,경기 양주시 광적면,1077,경기도 양주시
2022-06-11,양파,특,2800500.0,3540.0,641600,경남 창원시 창원우체국사서함,1124,경상남도 창원시
2019-10-03,양파,상,140000.0,150.0,745000,경상북도 문경시,1156,경상북도 문경시
2023-06-14,양파,특,150000.0,180.0,539000,전라남도 진도군,1099,전라남도 진도군
2024-05-04,양파,특,2759000.0,3120.0,529800,전남 장흥군 장흥읍,1094,전라남도 장흥군
2023-11-21,양파,상,212800.0,560.0,535920,전남 신안군 장산면,1096,전라남도 신안군
2019-06-20,양파,특,210000.0,300.0,635000,경상남도 창녕군,1126,경상남도 창녕군
2024-05-13,양파,보통,99000.0,220.0,630600,경남 마산시 마산우체국사서함,1125,경상남도 마산시
2019-09-11,양파,상,126800.0,200.0,500010,광주 북구 임동,1083,광주광역시
2023-07-13,양파,특,782000.0,680.0,636950,경남 의령군 봉수면,1127,경상남도 의령군
2019-01-31,양파,상,359200.0,425.0,500010,광주 북구 임동,1083,광주광역시
2018-07-09,양파,특,2139000.0,9300.0,536000,전라남도 해남군,1098,전라남도 해남군
2023-06-21,양파,특,19995000.0,15750.0,534000,전라남도 무안군,1097,전라남도 무안군
2024-10-01,양파,상,3230000.0,4080.0,548820,전남 고흥군 영남면,1104,전라남도 고흥군
2025-02-18,양파,특,2360000.0,1200.0,618000,부산광역시 부산 강서구,1120,부산광역시
2025-05-01,양파,보통,294000.0,315.0,697000,제주도 서귀포시,1144,제주특별자치도 서귀포시
2024-03-18,양파,특,16950000.0,11250.0,534000,전라남도 무안군,1097,전라남도 무안군
2020-06-18,양파,하,710000.0,852.0,456000,경기도 안성시,1067,경기도 안성시
2018-10-24,양파,특,663000.0,3060.0,471728,경기 구리시 인창동  구리농수산물시장 ,1072,경기도 구리시
2020-03-16,양파,상,825000.0,1000.0,770000,경상북도 영천시,1166,경상북도 영천시
2021-07-20,양파,특,2914000.0,4980.0,534000,전라남도 무안군,1097,전라남도 무안군
2019-08-19,양파,상,445500.0,1930.5,635000,경상남도 창녕군,1126,경상남도 창녕군
2019-02-27,양파,상,275000.0,900.0,570310,전북 익산시 덕기동,1111,전라북도 익산시
2019-07-05,양파,상,629500.0,4120.0,580010,전북 정읍시 수성동,1116,전라북도 정읍시
2022-07-01,양파,보통,7028300.0,5420.0,770000,경상북도 영천시,1166,경상북도 영천시
2018-04-02,양파,상,1391000.0,2716.0,699832,제주 남제주군 대정읍 일과리,1145,제주특별자치도 남제주군
2021-11-10,양파,상,5250000.0,5625.0,534000,전라남도 무안군,1097,전라남도 무안군
2019-08-27,양파,상,38000.0,380.0,635800,경남 창녕군 창녕읍,1126,경상남도 창녕군
2020-09-04,양파,특,24300.0,15.0,200140,강원 춘천시 사농동,1001,강원도 춘천시
2021-07-06,양파,상,79800.0,280.0,730010,경북 구미시 원평동,1153,경상북도 구미시
2019-08-12,양파,특,1035000.0,2160.0,534841,전남 무안군 현경면 가입리,1097,전라남도 무안군
2020-04-16,양파,상,125000.0,75.0,138000,서울특별시 송파구,1000,서울특별시
2018-05-10,양파,특,350000.0,300.0,390011,충북 제천시 중앙로1가,1047,충청북도 제천시
2023-05-18,양파,특,33276200.0,36300.0,534000,전라남도 무안군,1097,전라남도 무안군
2024-10-09,양파,특,1755000.0,1950.0,770000,경상북도 영천시,1166,경상북도 영천시
2024-04-25,양파,특,270000.0,150.0,800000,중국,1170,수입산
2023-05-03,양파,특,12217500.0,13500.0,535000,전라남도 신안군,1096,전라남도 신안군
2020-08-13,양파,상,1340000.0,2680.0,635000,경상남도 창녕군,1126,경상남도 창녕군
2024-07-06,양파,특,23000.0,15.0,534729,전남 무안군 청계면 도림리 목포대학교 ,1097,전라남도 무안군
2019-06-20,양파,특,2500.0,20.0,515810,전남 장성군 황룡면,1085,전라남도 장성군
2023-06-05,양파,보통,300000.0,400.0,637000,경상남도 함안군,1128,경상남도 함안군
2023-09-09,양파,특,27673350.0,21015.0,597000,전라북도 장수군,1119,전라북도 장수군
2020-06-22,양파,보통,300000.0,750.0,356030,충남 서산시 석림동,1035,충청남도 서산시
2022-06-24,양파,상,66000.0,60.0,711890,대구 달성군 구지면,1146,대구광역시
2019-04-11,양파,하,1968500.0,1905.0,690000,제주도 제주시,1142,제주특별자치도 제주시
2022-10-27,양파,특,387000.0,180.0,630000,경상남도 창원시 마산회원구,1124,경상남도 창원시
2020-04-25,양파,특,2324400.0,3576.0,548850,전남 고흥군 동강면,1104,전라남도 고흥군
2020-06-24,양파,특,2125000.0,5000.0,769800,경북 의성군 의성읍,1165,경상북도 의성군
2020-09-09,양파,특,500000.0,300.0,903000,대구광역시 ,1146,대구광역시
2019-10-04,양파,특,199980.0,330.0,200140,강원 춘천시 사농동,1001,강원도 춘천시
2020-08-04,양파,상,370300.0,460.0,636000,경상남도 의령군,1127,경상남도 의령군
2023-04-07,양파,특,5386200.0,2791.8,678000,경상남도 합천군,1140,경상남도 합천군
2019-11-20,양파,특,174000.0,260.0,590951,전북 남원시 금지면 귀석리,1117,전라북도 남원시
2025-05-22,양파,특,2750000.0,1650.0,769800,경북 의성군 의성읍,1165,경상북도 의성군
2018-11-05,양파,특,312500.0,500.0,630600,경남 마산시 마산우체국사서함,1125,경상남도 마산시
2025-05-21,양파,특,131250.0,220.0,138701,서울 송파구 가락1동  가락농수산물시장 ,1000,서울특별시
2024-01-15,양파,특,4640000.0,3200.0,717000,경상북도 고령군,1150,경상북도 고령군
2023-07-21,양파,상,5400000.0,4500.0,800000,중국,1170,수입산
2018-07-03,양파,상,316800.0,720.0,750600,경북 영주시 영주우체국사서함,1157,경상북도 영주시
2019-04-29,양파,상,5285700.0,7900.0,660600,경남 진주시 진주우체국사서함,1133,경상남도 진주시
2018-12-24,양파,상,270000.0,450.0,627110,경남 밀양시 가곡동,1123,경상남도 밀양시
2018-11-29,양파,하,7063000.0,10545.0,471080,경기 구리시 갈매동,1072,경기도 구리시
2025-04-02,양파,특,3782500.0,2040.0,525000,전라남도 함평군,1090,전라남도 함평군
2020-11-07,양파,하,2085000.0,1590.0,534841,전남 무안군 현경면 가입리,1097,전라남도 무안군
2022-09-29,양파,하,20518050.0,17820.0,525000,전라남도 함평군,1090,전라남도 함평군
2024-03-26,양파,보통,12758400.0,10800.0,690000,제주도 제주시,1142,제주특별자치도 제주시
2022-07-29,양파,특,2835000.0,1260.0,534000,전라남도 무안군,1097,전라남도 무안군
2020-05-19,양파,상,850000.0,1180.0,534804,전남 무안군 무안읍 성동리,1097,전라남도 무안군
2019-07-18,양파,보통,244800.0,720.0,717000,경상북도 고령군,1150,경상북도 고령군
2020-07-08,양파,특,60000.0,50.0,138000,서울특별시 송파구,1000,서울특별시
2025-03-11,양파,특,1440000.0,900.0,800000,중국,1170,수입산
2019-06-18,양파,특,1421200.0,5200.0,513807,전남 영광군 영광읍 무령리,1084,전라남도 영광군
2023-02-15,양파,특,1100000.0,725.0,561302,전북 전주시 덕진구 송천동2가,1106,전라북도 전주시
2022-03-08,양파,특,4200000.0,16000.0,670000,경상남도 거창군,1138,경상남도 거창군
2022-09-02,양파,상,2562600.0,2200.0,703831,대구 서구 중리동1∼119,1146,대구광역시
2020-02-03,양파,보통,539000.0,1400.0,570130,전북 익산시 목천동,1111,전라북도 익산시
2024-06-22,양파,특,1400000.0,1500.0,800000,중국,1170,수입산
2024-02-29,양파,특,1137500.0,975.0,635000,경상남도 창녕군,1126,경상남도 창녕군
2018-06-14,양파,특,7312500.0,11250.0,534834,전남 무안군 청계면 도림리,1097,전라남도 무안군
2023-12-16,양파,특,60600.0,30.0,200140,강원 춘천시 사농동,1001,강원도 춘천시
2023-01-27,양파,보통,1155000.0,1050.0,745852,경북 문경시 영순면 김용리,1156,경상북도 문경시
2022-07-06,양파,상,304500.0,225.0,357910,충남 태안군 원북면,1036,충청남도 태안군
2019-09-18,양파,상,42000.0,120.0,769000,경상북도 의성군,1165,경상북도 의성군
2019-07-19,양파,특,240800.0,1460.0,636000,경상남도 의령군,1127,경상남도 의령군
2021-07-22,양파,특,539500.0,975.0,456000,경기도 안성시,1067,경기도 안성시
2021-07-15,양파,특,13658750.0,25350.0,565000,전라북도 완주군,1107,전라북도 완주군
2019-12-20,양파,특,375000.0,500.0,718800,경북 칠곡군 왜관읍,1151,경상북도 칠곡군
2019-06-21,양파,하,785000.0,3020.0,635901,경남 창녕군 남지읍 고곡리,1126,경상남도 창녕군
2022-10-10,양파,상,3366000.0,3060.0,635808,경남 창녕군 창녕읍 여초리,1126,경상남도 창녕군
2019-12-06,양파,특,754400.0,920.0,621150,경남 김해시 화목동,1121,경상남도 김해시
2021-07-15,양파,특,78000.0,120.0,676841,경남 함양군 서상면 금당리,1139,경상남도 함양군
2022-07-07,양파,특,1807000.0,1390.0,600010,부산 중구 중앙동,1120,부산광역시
2023-08-03,양파,특,4200000.0,6000.0,635000,경상남도 창녕군,1126,경상남도 창녕군
2022-07-01,양파,상,1680000.0,2100.0,745000,경상북도 문경시,1156,경상북도 문경시
2020-04-09,양파,상,238000.0,180.0,500010,광주 북구 임동,1083,광주광역시
2021-11-23,양파,특,114000.0,120.0,626210,경남 양산시 교동,1122,경상남도 양산시
2024-06-03,양파,특,3708000.0,2790.0,534000,전라남도 무안군,1097,전라남도 무안군
2024-07-09,양파,특,2168000.0,2400.0,717000,경상북도 고령군,1150,경상북도 고령군
2018-03-31,양파,하,3289950.0,23280.0,535000,전라남도 신안군,1096,전라남도 신안군
2019-05-29,양파,특,4667200.0,7692.0,534000,전라남도 무안군,1097,전라남도 무안군
2021-06-10,양파,하,49400.0,188.5,350903,충남 홍성군 광천읍 내죽리,1033,충청남도 홍성군
2020-06-11,양파,특,18280.0,4.0,138160,서울 송파구 가락동,1000,서울특별시
2022-10-07,양파,특,13360500.0,12360.0,534000,전라남도 무안군,1097,전라남도 무안군
2019-04-19,양파,특,504000.0,576.0,656834,경남 거제시 장목면 매동리,1132,경상남도 거제시
2020-12-30,양파,보통,17725600.0,14840.0,636805,경남 의령군 의령읍 서동리,1127,경상남도 의령군
2019-06-04,양파,상,10519200.0,24920.0,570130,전북 익산시 목천동,1111,전라북도 익산시
2021-09-02,양파,특,874500.0,1060.0,678000,경상남도 합천군,1140,경상남도 합천군
2025-04-14,양파,특,5745000.0,4500.0,690600,제주 제주시 제주우체국사서함,1142,제주특별자치도 제주시
2019-06-18,양파,상,2218000.0,8910.0,350900,충남 홍성군 광천읍,1033,충청남도 홍성군
2018-04-09,양파,특,280000.0,560.0,534870,전남 무안군 해제면,1097,전라남도 무안군
2020-12-08,양파,하,2944000.0,1600.0,717000,경상북도 고령군,1150,경상북도 고령군
2020-02-18,양파,특,3230000.0,3000.0,579000,전라북도 부안군,1114,전라북도 부안군
2018-10-15,양파,특,3078000.0,6000.0,763800,경북 청송군 청송읍,1161,경상북도 청송군
2023-11-20,양파,하,561000.0,1020.0,534000,전라남도 무안군,1097,전라남도 무안군
2018-10-03,양파,특,1530000.0,2140.0,676813,경남 함양군 수동면 화산리,1139,경상남도 함양군
2024-05-25,양파,특,7452000.0,14580.0,534729,전남 무안군 청계면 도림리 목포대학교 ,1097,전라남도 무안군
2024-08-19,양파,특,1005000.0,2925.0,716000,경상북도 군위군,1149,경상북도 군위군
2019-01-09,양파,보통,1851400.0,4992.0,525000,전라남도 함평군,1090,전라남도 함평군
2025-02-12,양파,보통,2307500.0,1950.0,800000,중국,1170,수입산
2018-06-26,양파,특,540000.0,450.0,565000,전라북도 완주군,1107,전라북도 완주군
2020-08-31,양파,하,7946650.0,6732.0,536000,전라남도 해남군,1098,전라남도 해남군
2020-06-16,양파,특,1833000.0,2925.0,750000,경상북도 영주시,1157,경상북도 영주시
2018-04-16,양파,보통,952000.0,1785.0,695841,제주 북제주군 한경면 고산리,1143,제주특별자치도 북제주군
2025-03-07,양파,하,2137500.0,1125.0,534000,전라남도 무안군,1097,전라남도 무안군
2019-04-10,양파,특,960000.0,640.0,525800,전남 함평군 함평읍,1090,전라남도 함평군
2023-08-19,양파,상,510000.0,3400.0,635862,경남 창녕군 영산면 동리,1126,경상남도 창녕군
2024-03-15,양파,특,13455000.0,8775.0,740600,경북 김천시 김천우체국사서함,1154,경상북도 김천시
2019-10-15,양파,하,4200.0,15.0,534841,전남 무안군 현경면 가입리,1097,전라남도 무안군
2020-11-27,양파,특,21000.0,36.0,534000,전라남도 무안군,1097,전라남도 무안군
2018-02-14,양파,특,1494000.0,3320.0,576960,전북 김제시 금산면,1113,전라북도 김제시
2023-05-24,양파,특,39369600.0,23520.0,534000,전라남도 무안군,1097,전라남도 무안군
2025-03-03,양파,특,11735800.0,6132.0,534000,전라남도 무안군,1097,전라남도 무안군
2019-08-06,양파,특,1796400.0,3030.0,534000,전라남도 무안군,1097,전라남도 무안군
2020-09-01,양파,특,2880900.0,2016.0,534000,전라남도 무안군,1097,전라남도 무안군
2019-09-30,양파,특,1071000.0,2100.0,360000,충청북도 청주시,1037,충청북도 청주시
2024-06-05,양파,특,616000.0,560.0,548000,전라남도 고흥군,1104,전라남도 고흥군
2025-04-30,양파,상,220000.0,100.0,711000,대구광역시 달성군,1146,대구광역시
2022-01-22,양파,특,3305538.0,2500.0,471080,경기 구리시 갈매동,1072,경기도 구리시
2020-05-30,양파,하,2576600.0,3648.0,534000,전라남도 무안군,1097,전라남도 무안군
2021-10-06,양파,특,12480000.0,9600.0,535000,전라남도 신안군,1096,전라남도 신안군
2018-06-14,양파,특,2417500.0,4980.0,306010,대전 대덕구 오정동,1019,대전광역시
2022-03-21,양파,보통,225000.0,750.0,561302,전북 전주시 덕진구 송천동2가,1106,전라북도 전주시
2019-10-15,양파,특,1170000.0,2250.0,570600,전북 익산시 익산우체국사서함,1111,전라북도 익산시
2018-07-02,양파,특,420000.0,600.0,535800,전남 신안군 지도읍,1096,전라남도 신안군
2020-07-01,양파,특,44000.0,96.0,525000,전라남도 함평군,1090,전라남도 함평군
2024-12-28,양파,특,855000.0,675.0,635000,경상남도 창녕군,1126,경상남도 창녕군
2020-08-10,양파,특,8736000.0,7680.0,534000,전라남도 무안군,1097,전라남도 무안군
2021-08-18,양파,특,2813700.0,2988.0,740000,경상북도 김천시,1154,경상북도 김천시
2022-12-16,양파,특,3120000.0,1950.0,636000,경상남도 의령군,1127,경상남도 의령군
2020-07-16,양파,특,1801800.0,2730.0,350860,충남 홍성군 서부면,1033,충청남도 홍성군
2024-11-11,양파,특,4017600.0,3240.0,636801,경남 의령군 의령읍 대산리,1127,경상남도 의령군
2022-06-04,양파,하,24000.0,120.0,676810,경남 함양군 수동면,1139,경상남도 함양군
2019-08-07,양파,하,6000.0,60.0,540850,전남 순천시 해룡면,1100,전라남도 순천시
2023-11-17,양파,특,60600.0,30.0,200140,강원 춘천시 사농동,1001,강원도 춘천시
2018-12-18,양파,특,1456000.0,4160.0,525805,전남 함평군 함평읍 만흥리,1090,전라남도 함평군
2018-04-20,양파,하,340000.0,442.0,330280,충남 천안시 신당동,1026,충청남도 천안시
2022-06-28,양파,상,492000.0,540.0,356980,충남 서산시 팔봉면,1035,충청남도 서산시
2020-10-09,양파,특,1920000.0,1600.0,618140,부산 강서구 대저동,1120,부산광역시
2024-11-30,양파,하,2716500.0,2490.0,534000,전라남도 무안군,1097,전라남도 무안군
2021-01-04,양파,상,330000.0,150.0,745000,경상북도 문경시,1156,경상북도 문경시
2018-11-29,양파,특,1179200.0,2040.0,561302,전북 전주시 덕진구 송천동2가,1106,전라북도 전주시
2024-03-28,양파,특,18480000.0,9900.0,800000,대만,1170,수입산
2022-06-03,양파,특,2625000.0,2250.0,503839,광주 남구 주월1동1180∼1190,1083,광주광역시
2022-03-16,양파,특,974400.0,3360.0,561302,전북 전주시 덕진구 송천동2가,1106,전라북도 전주시
2023-06-10,양파,특,7009500.0,6315.0,534000,전라남도 무안군,1097,전라남도 무안군
2024-03-19,양파,특,1168500.0,615.0,350000,충청남도 홍성군,1033,충청남도 홍성군
2023-07-22,양파,보통,104500.0,380.0,641465,경남 창원시 팔용동,1124,경상남도 창원시
2018-05-31,양파,상,60900.0,80.0,970000,경상남도 ,1178,경상남도 
2020-02-24,양파,하,7512000.0,4800.0,678000,경상남도 합천군,1140,경상남도 합천군
2023-07-08,양파,특,242000.0,220.0,678000,경상남도 합천군,1140,경상남도 합천군
2023-08-30,양파,특,15000.0,48.0,570800,전북 익산시 함열읍,1111,전라북도 익산시
2018-06-16,양파,특,19162200.0,31340.0,635000,경상남도 창녕군,1126,경상남도 창녕군
2020-05-18,양파,하,787500.0,1125.0,232000,강원도 평창군,1011,강원도 평창군
2024-04-23,양파,특,864000.0,720.0,550600,전남 여수시 여수우체국사서함,1105,전라남도 여수시
2018-09-03,양파,특,1630000.0,3000.0,730000,경상북도 구미시,1153,경상북도 구미시
2024-06-05,양파,하,550200.0,990.0,330280,충남 천안시 신당동,1026,충청남도 천안시
2020-12-25,양파,상,232000.0,160.0,617030,부산 사상구 엄궁동,1120,부산광역시
2020-03-07,양파,하,92500.0,97.5,716000,경상북도 군위군,1149,경상북도 군위군
2018-01-20,양파,특,1829000.0,2124.0,570600,전북 익산시 익산우체국사서함,1111,전라북도 익산시
2020-07-16,양파,특,498000.0,720.0,520833,전남 나주시 산포면 산제리,1089,전라남도 나주시
2023-04-18,양파,특,663000.0,1020.0,548000,전라남도 고흥군,1104,전라남도 고흥군
2023-10-23,양파,상,925000.0,750.0,534729,전남 무안군 청계면 도림리 목포대학교 ,1097,전라남도 무안군
2020-04-28,양파,특,6969600.0,7968.0,534000,전라남도 무안군,1097,전라남도 무안군
2021-07-13,양파,특,7380000.0,12000.0,678811,경남 합천군 율곡면 갑산리,1140,경상남도 합천군
2019-01-28,양파,상,146200.0,430.0,740920,경북 김천시 구성면,1154,경상북도 김천시
2024-07-12,양파,특,17900.0,20.0,757800,경북 예천군 예천읍,1159,경상북도 예천군
2020-12-16,양파,특,85000.0,60.0,343820,충남 당진시 송악면,1031,충청남도 당진시
2021-04-02,양파,상,2967300.0,2072.4,990000,제주도 ,1180,제주도 
2022-09-06,양파,하,1161600.0,1584.0,536000,전라남도 해남군,1098,전라남도 해남군
2024-11-12,양파,특,15330000.0,12375.0,535000,전라남도 신안군,1096,전라남도 신안군
2021-03-23,양파,특,182000.0,140.0,565805,전북 완주군 삼례읍 어전리,1107,전라북도 완주군
2018-11-08,양파,하,305500.0,975.0,565000,전라북도 완주군,1107,전라북도 완주군
2018-11-06,양파,특,3240000.0,5580.0,469000,경기도 여주군,1071,경기도 여주군
2025-01-03,양파,특,69829500.0,45375.0,534000,전라남도 무안군,1097,전라남도 무안군
2024-11-25,양파,특,1095600.0,996.0,535000,전라남도 신안군,1096,전라남도 신안군
2018-07-27,양파,보통,52000.0,300.0,343800,충남 당진시 당진읍,1031,충청남도 당진시
2025-04-18,양파,보통,3062000.0,4758.0,548000,전라남도 고흥군,1104,전라남도 고흥군
2023-12-23,양파,특,205000.0,150.0,534729,전남 무안군 청계면 도림리 목포대학교 ,1097,전라남도 무안군
2022-02-11,양파,특,20000000.0,50000.0,678000,경상남도 합천군,1140,경상남도 합천군
2019-09-02,양파,특,16942500.0,36000.0,534000,전라남도 무안군,1097,전라남도 무안군
2022-01-06,양파,특,10528000.0,16800.0,585000,전라북도 고창군,1115,전라북도 고창군
2020-03-03,양파,특,15660000.0,10800.0,678700,경남 합천군 합천읍 합천리 합천군청 ,1140,경상남도 합천군
2022-09-05,양파,상,1026000.0,900.0,703831,대구 서구 중리동1∼119,1146,대구광역시
2020-08-19,양파,특,87500.0,100.0,740000,경상북도 김천시,1154,경상북도 김천시
2021-10-15,양파,상,65000.0,100.0,590951,전북 남원시 금지면 귀석리,1117,전라북도 남원시
2019-04-30,양파,특,705600.0,1440.0,534843,전남 무안군 현경면 양학리,1097,전라남도 무안군
2018-12-04,양파,특,117500.0,280.0,790140,경북 포항시 남구 대도동,1168,경상북도 포항시
2025-02-28,양파,특,2568000.0,1200.0,717000,경상북도 고령군,1150,경상북도 고령군
2020-04-11,양파,하,102000.0,225.0,690811,제주 제주시 삼도1동498∼502,1142,제주특별자치도 제주시
2023-05-08,양파,특,3023400.0,2808.0,534000,전라남도 무안군,1097,전라남도 무안군
2019-09-06,양파,특,4536000.0,10800.0,356000,충청남도 서산시,1035,충청남도 서산시
2019-09-10,양파,상,27285.0,45.0,471080,경기 구리시 갈매동,1072,경기도 구리시
2019-04-18,양파,하,30000.0,120.0,534804,전남 무안군 무안읍 성동리,1097,전라남도 무안군
2024-01-03,양파,특,6225000.0,5625.0,712600,경북 경산시 경산우체국사서함,1147,경상북도 경산시
2022-09-06,양파,특,3420000.0,2400.0,635812,경남 창녕군 유어면 광산리,1126,경상남도 창녕군
2024-01-15,양파,특,4320000.0,4500.0,321000,충청남도 계룡시,1023,충청남도 계룡시
2021-07-14,양파,특,70000.0,140.0,980000,경상북도 ,1179,경상북도 
2025-05-13,양파,특,888000.0,740.0,635870,경남 창녕군 장마면,1126,경상남도 창녕군
2020-08-18,양파,특,53000.0,20.0,905000,인천광역시 ,1049,인천광역시
2024-06-24,양파,보통,12000.0,20.0,636950,경남 의령군 봉수면,1127,경상남도 의령군
2019-09-10,양파,특,1624000.0,4200.0,570130,전북 익산시 목천동,1111,전라북도 익산시
2020-03-19,양파,보통,225000.0,360.0,503310,광주 남구 주월동,1083,광주광역시
2020-07-17,양파,상,36500.0,75.0,534804,전남 무안군 무안읍 성동리,1097,전라남도 무안군
2021-01-22,양파,특,1350000.0,500.0,534000,전라남도 무안군,1097,전라남도 무안군
2019-08-26,양파,특,444000.0,3920.0,579806,전북 부안군 부안읍 서외4리,1114,전라북도 부안군
2020-11-21,양파,특,12727000.0,10725.0,770000,경상북도 영천시,1166,경상북도 영천시
2019-06-18,양파,상,464000.0,2336.4,717000,경상북도 고령군,1150,경상북도 고령군
2019-11-20,양파,특,682500.0,1050.0,618807,부산 강서구 대저2동1001∼2507,1120,부산광역시
2019-12-13,양파,특,777600.0,1944.0,534000,전라남도 무안군,1097,전라남도 무안군
2018-05-15,양파,특,4433000.0,9720.0,631830,경남 마산시 진전면,1125,경상남도 마산시
2024-02-24,양파,하,2100000.0,3150.0,534000,전라남도 무안군,1097,전라남도 무안군
2020-05-19,양파,보통,1827000.0,5220.0,579000,전라북도 부안군,1114,전라북도 부안군
2022-01-10,양파,특,4728000.0,9600.0,635000,경상남도 창녕군,1126,경상남도 창녕군
2018-06-21,양파,특,3630000.0,6600.0,930000,충청남도 ,1174,충청남도 
2021-08-09,양파,하,27000.0,180.0,678000,경상남도 합천군,1140,경상남도 합천군
2024-01-20,양파,하,2320500.0,3060.0,534000,전라남도 무안군,1097,전라남도 무안군
2025-05-08,양파,보통,837000.0,1360.0,534729,전남 무안군 청계면 도림리 목포대학교 ,1097,전라남도 무안군
2022-10-25,양파,상,5110000.0,3150.0,745150,경북 문경시 공평동,1156,경상북도 문경시
2018-09-21,양파,하,8442550.0,16392.0,534000,전라남도 무안군,1097,전라남도 무안군
2021-06-11,양파,보통,59500.0,340.0,548935,전남 고흥군 금산면 어전리,1104,전라남도 고흥군
2021-10-19,양파,특,12160500.0,14740.0,635000,경상남도 창녕군,1126,경상남도 창녕군
2018-06-22,양파,특,379500.0,940.0,376000,충청북도 보은군,1045,충청북도 보은군
2020-03-17,양파,상,39000.0,30.0,471080,경기 구리시 갈매동,1072,경기도 구리시
2018-07-10,양파,특,1017800.0,1200.0,534000,전라남도 무안군,1097,전라남도 무안군
2020-05-23,양파,특,897000.0,1242.0,717703,경북 고령군 고령읍 지산리 고령군청 ,1150,경상북도 고령군
2022-02-23,양파,특,1267500.0,3900.0,330280,충남 천안시 신당동,1026,충청남도 천안시
2024-03-02,양파,특,200000.0,100.0,330600,충남 천안시 동남구 천안우체국사서함,1026,충청남도 천안시
2019-05-04,양파,하,1220000.0,915.0,635000,경상남도 창녕군,1126,경상남도 창녕군
2021-06-09,양파,상,1804800.0,2880.0,561302,전북 전주시 덕진구 송천동2가,1106,전라북도 전주시
2022-03-14,양파,특,1512000.0,6480.0,565802,전북 완주군 삼례읍 삼례리  1∼1070,1107,전라북도 완주군
2024-01-09,양파,특,13440000.0,10500.0,745850,경북 문경시 영순면,1156,경상북도 문경시
2019-04-17,양파,특,722500.0,1020.0,990000,제주도 ,1180,제주도 
2021-10-06,양파,특,1120000.0,1600.0,618000,부산광역시 부산 강서구,1120,부산광역시
2018-10-09,양파,특,273000.0,315.0,534000,전라남도 무안군,1097,전라남도 무안군
2020-07-25,양파,하,252000.0,876.0,534000,전라남도 무안군,1097,전라남도 무안군
2025-03-14,양파,특,1620000.0,1200.0,635800,경남 창녕군 창녕읍,1126,경상남도 창녕군
2022-07-08,양파,특,1856500.0,1580.0,770751,경북 영천시 망정동  주공아파트 ,1166,경상북도 영천시
2022-01-29,양파,하,279000.0,1080.0,536000,전라남도 해남군,1098,전라남도 해남군
2022-05-26,양파,하,1842600.0,3330.0,534841,전남 무안군 현경면 가입리,1097,전라남도 무안군
2023-07-12,양파,특,6994000.0,4875.0,579000,전라북도 부안군,1114,전라북도 부안군
2019-08-22,양파,특,1916750.0,7140.0,525000,전라남도 함평군,1090,전라남도 함평군
2023-12-20,양파,특,4185000.0,4500.0,617030,부산 사상구 엄궁동,1120,부산광역시
2019-06-20,양파,특,1070000.0,4000.0,635000,경상남도 창녕군,1126,경상남도 창녕군
2022-05-20,양파,특,8070000.0,15750.0,525805,전남 함평군 함평읍 만흥리,1090,전라남도 함평군
2022-06-23,양파,상,4460400.0,3780.0,536000,전라남도 해남군,1098,전라남도 해남군
2022-04-19,양파,특,4522500.0,6633.0,717000,경상북도 고령군,1150,경상북도 고령군
2018-04-27,양파,상,396000.0,880.0,636800,경남 의령군 의령읍,1127,경상남도 의령군
2021-07-03,양파,특,346000.0,920.0,536000,전라남도 해남군,1098,전라남도 해남군
2024-12-14,양파,특,7245000.0,6750.0,730600,경북 구미시 구미우체국사서함,1153,경상북도 구미시
2021-09-06,양파,상,200000.0,240.0,561302,전북 전주시 덕진구 송천동2가,1106,전라북도 전주시
2020-05-18,양파,보통,289000.0,680.0,548850,전남 고흥군 동강면,1104,전라남도 고흥군
2020-01-20,양파,특,840000.0,1200.0,730870,경북 구미시 해평면,1153,경상북도 구미시
2022-06-28,양파,특,60800.0,60.0,565000,전라북도 완주군,1107,전라북도 완주군
2023-02-27,양파,특,7360000.0,4000.0,902000,부산광역시 ,1120,부산광역시
2024-09-24,양파,하,2880000.0,1920.0,535000,전라남도 신안군,1096,전라남도 신안군
2019-06-27,양파,특,1469700.0,6520.0,678811,경남 합천군 율곡면 갑산리,1140,경상남도 합천군
2023-10-30,양파,상,846000.0,940.0,950000,전라남도 ,1176,전라남도 
2023-02-16,양파,상,3200000.0,3000.0,800000,수입산,1170,수입산
2022-03-12,양파,특,11338350.0,35550.0,534000,전라남도 무안군,1097,전라남도 무안군
2024-04-26,양파,상,52850.0,25.0,500010,광주 북구 임동,1083,광주광역시
2022-03-05,양파,보통,1895800.0,2928.0,525000,전라남도 함평군,1090,전라남도 함평군
2022-04-30,양파,하,252000.0,672.0,525000,전라남도 함평군,1090,전라남도 함평군
2018-09-05,양파,상,60200.0,140.0,565910,전북 완주군 운주면,1107,전라북도 완주군
2020-09-17,양파,특,15047500.0,15600.0,740920,경북 김천시 구성면,1154,경상북도 김천시
2024-05-14,양파,상,2047000.0,1780.0,636000,경상남도 의령군,1127,경상남도 의령군
2024-08-17,양파,특,567000.0,630.0,621150,경남 김해시 화목동,1121,경상남도 김해시
2024-05-29,양파,특,22912500.0,18000.0,678000,경상남도 합천군,1140,경상남도 합천군
2019-08-20,양파,특,2072000.0,5600.0,770600,경북 영천시 영천우체국사서함,1166,경상북도 영천시
2020-04-23,양파,특,312000.0,960.0,769000,경상북도 의성군,1165,경상북도 의성군
2024-07-27,양파,특,420000.0,840.0,627906,경남 밀양시 삼랑진읍 숭진리,1123,경상남도 밀양시
2018-03-12,양파,특,1925000.0,2000.0,800000,중국,1170,수입산
2020-06-29,양파,특,70000.0,190.0,635860,경남 창녕군 영산면,1126,경상남도 창녕군
2019-06-26,양파,보통,401200.0,1280.0,904000,대전광역시 ,1019,대전광역시
2019-06-18,양파,특,28000.0,140.0,356000,충청남도 서산시,1035,충청남도 서산시
2022-12-01,양파,보통,3425500.0,3060.0,525000,전라남도 함평군,1090,전라남도 함평군
2019-07-01,양파,보통,2290000.0,9000.0,410340,경기 고양시 일산동구 산황동,1050,경기도 고양시
2021-09-16,양파,특,49000.0,84.0,534000,전라남도 무안군,1097,전라남도 무안군
2020-05-25,양파,하,4388400.0,7245.0,534841,전남 무안군 현경면 가입리,1097,전라남도 무안군
2018-12-22,양파,특,610000.0,1000.0,361300,충북 청주시 흥덕구 봉명동,1037,충청북도 청주시
2025-03-01,양파,보통,1137500.0,975.0,618807,부산 강서구 대저2동1001∼2507,1120,부산광역시
2018-10-09,양파,특,3458000.0,3900.0,534841,전남 무안군 현경면 가입리,1097,전라남도 무안군
2023-04-24,양파,상,644800.0,992.0,555090,전남 여수시 여천동,1105,전라남도 여수시
2021-04-26,양파,특,5720250.0,8820.0,370800,충북 영동군 영동읍,1043,충청북도 영동군
2020-05-22,양파,하,1410000.0,2250.0,536000,전라남도 해남군,1098,전라남도 해남군
2019-11-22,양파,특,885500.0,204.0,570600,전북 익산시 익산우체국사서함,1111,전라북도 익산시
2018-06-02,양파,특,7079900.0,23480.0,534729,전남 무안군 청계면 도림리 목포대학교 ,1097,전라남도 무안군
2020-09-17,양파,특,2425900.0,2040.0,680010,울산 남구 신정동,1141,울산광역시
2023-01-19,양파,특,2100000.0,1050.0,534000,전라남도 무안군,1097,전라남도 무안군
2024-05-02,양파,상,9610300.0,6552.0,717000,경상북도 고령군,1150,경상북도 고령군
2024-05-11,양파,특,120000.0,60.0,534729,전남 무안군 청계면 도림리 목포대학교 ,1097,전라남도 무안군
2023-10-07,양파,특,1160000.0,800.0,618142,부산 강서구 대저2동,1120,부산광역시
2020-03-25,양파,특,6670700.0,6508.0,550600,전남 여수시 여수우체국사서함,1105,전라남도 여수시
2023-12-04,양파,특,1610000.0,1500.0,561302,전북 전주시 덕진구 송천동2가,1106,전라북도 전주시
2019-10-04,양파,특,21000.0,50.0,769800,경북 의성군 의성읍,1165,경상북도 의성군
2020-06-13,양파,상,531000.0,1020.0,525000,전라남도 함평군,1090,전라남도 함평군
2021-10-16,양파,특,4620000.0,5600.0,635000,경상남도 창녕군,1126,경상남도 창녕군
2018-12-19,양파,상,744600.0,2920.0,356080,충남 서산시 갈산동,1035,충청남도 서산시
2022-08-18,양파,특,378400.0,330.0,565907,전북 완주군 봉동읍 장기리,1107,전라북도 완주군
2021-04-27,양파,특,22595000.0,32850.0,534000,전라남도 무안군,1097,전라남도 무안군
2018-12-01,양파,상,1128000.0,3760.0,635000,경상남도 창녕군,1126,경상남도 창녕군
2024-06-19,양파,하,4824000.0,5400.0,757000,경상북도 예천군,1159,경상북도 예천군
2021-03-16,양파,상,45000.0,30.0,580010,전북 정읍시 수성동,1116,전라북도 정읍시
2020-03-06,양파,특,2310000.0,2520.0,534000,전라남도 무안군,1097,전라남도 무안군
2023-08-29,양파,특,14961600.0,10800.0,597000,전라북도 장수군,1119,전라북도 장수군
2021-04-24,양파,상,1024000.0,2560.0,500772,광주 북구 운암3동  주공아파트 301∼363동,1083,광주광역시
2022-08-29,양파,특,5712000.0,5100.0,535000,전라남도 신안군,1096,전라남도 신안군
2020-05-05,양파,특,10070.0,13.0,534729,전남 무안군 청계면 도림리 목포대학교 ,1097,전라남도 무안군
2021-12-16,양파,보통,520000.0,975.0,565907,전북 완주군 봉동읍 장기리,1107,전라북도 완주군
2023-06-13,양파,특,10059000.0,14140.0,534729,전남 무안군 청계면 도림리 목포대학교 ,1097,전라남도 무안군
2024-03-11,양파,상,1440000.0,1600.0,534000,전라남도 무안군,1097,전라남도 무안군
2023-06-08,양파,특,535000.0,220.0,641111,경남 창원시 가음동,1124,경상남도 창원시
2022-02-18,양파,보통,2543000.0,6144.0,534000,전라남도 무안군,1097,전라남도 무안군
2018-04-17,양파,보통,270300.0,795.0,695000,제주도 제주시,1142,제주특별자치도 제주시
2018-03-31,양파,특,630000.0,1680.0,529870,전남 장흥군 관산읍,1094,전라남도 장흥군
2018-09-18,양파,특,270000.0,300.0,565863,전북 완주군 고산면 성재리,1107,전라북도 완주군
2019-05-31,양파,하,410000.0,2000.0,534000,전라남도 무안군,1097,전라남도 무안군
2021-07-05,양파,보통,278600.0,1049.4,717000,경상북도 고령군,1150,경상북도 고령군
2020-09-15,양파,특,5430000.0,6525.0,471080,경기 구리시 갈매동,1072,경기도 구리시
2022-11-26,양파,상,2700000.0,1350.0,711000,대구광역시 달성군,1146,대구광역시
2018-11-19,양파,특,6705500.0,13380.0,711834,대구 달성군 화원읍 천내리  1∼249,1146,대구광역시
2021-06-21,양파,특,504500.0,980.0,536930,전남 해남군 북평면,1098,전라남도 해남군
2023-09-11,양파,특,4612500.0,3375.0,534000,전라남도 무안군,1097,전라남도 무안군
2022-01-07,양파,특,8345300.0,14412.0,534000,전라남도 무안군,1097,전라남도 무안군
2022-01-19,양파,보통,1400000.0,2100.0,745852,경북 문경시 영순면 김용리,1156,경상북도 문경시
2019-09-28,양파,특,748000.0,2040.0,534000,전라남도 무안군,1097,전라남도 무안군
2018-07-20,양파,상,90900.0,300.0,970000,경상남도 ,1178,경상남도 
2021-12-02,양파,특,21300.0,15.0,138161,서울 송파구 가락1동,1000,서울특별시
2021-07-08,양파,하,21000.0,30.0,534841,전남 무안군 현경면 가입리,1097,전라남도 무안군
2025-03-27,양파,보통,13500.0,36.0,556820,전남 여수시 화양면,1105,전라남도 여수시
2022-10-15,양파,특,1281000.0,610.0,330600,충남 천안시 동남구 천안우체국사서함,1026,충청남도 천안시
2022-07-18,양파,특,5034000.0,3120.0,534000,전라남도 무안군,1097,전라남도 무안군
2023-04-19,양파,특,2152500.0,1422.0,641111,경남 창원시 가음동,1124,경상남도 창원시
2022-06-29,양파,상,1803000.0,3000.0,534729,전남 무안군 청계면 도림리 목포대학교 ,1097,전라남도 무안군
2020-11-04,양파,특,17066000.0,16100.0,636000,경상남도 의령군,1127,경상남도 의령군
2023-09-13,양파,특,1645000.0,1050.0,745000,경상북도 문경시,1156,경상북도 문경시
2022-05-25,양파,하,170000.0,1020.0,503839,광주 남구 주월1동1180∼1190,1083,광주광역시
2019-04-27,양파,보통,5700.0,76.0,550600,전남 여수시 여수우체국사서함,1105,전라남도 여수시
2024-04-22,양파,특,2331200.0,1860.0,535000,전라남도 신안군,1096,전라남도 신안군
2019-06-28,양파,특,621900.0,3280.0,730010,경북 구미시 원평동,1153,경상북도 구미시
2022-06-18,양파,특,3819000.0,4020.0,740000,경상북도 김천시,1154,경상북도 김천시
2019-04-04,양파,특,8400.0,6.0,138701,서울 송파구 가락1동  가락농수산물시장 ,1000,서울특별시
2019-03-22,양파,상,96600.0,1288.0,535920,전남 신안군 장산면,1096,전라남도 신안군
2020-02-14,양파,특,568000.0,960.0,750000,경상북도 영주시,1157,경상북도 영주시
2018-09-01,양파,특,639200.0,940.0,570930,전북 익산시 여산면,1111,전라북도 익산시
2024-06-05,양파,특,67500.0,100.0,320000,충청남도 논산시,1022,충청남도 논산시
2020-02-05,양파,하,2200000.0,4000.0,635000,경상남도 창녕군,1126,경상남도 창녕군
2018-05-04,양파,하,1631500.0,1950.0,534841,전남 무안군 현경면 가입리,1097,전라남도 무안군
2020-07-16,양파,특,243200.0,380.0,755847,경북 봉화군 춘양면 의양1리,1158,경상북도 봉화군
2021-05-04,양파,하,578000.0,1020.0,537000,전라남도 완도군,1093,전라남도 완도군
2021-05-20,양파,특,2139600.0,4408.0,534729,전남 무안군 청계면 도림리 목포대학교 ,1097,전라남도 무안군
2022-07-16,양파,특,476000.0,1020.0,534000,전라남도 무안군,1097,전라남도 무안군
2024-07-17,양파,특,13058500.0,12740.0,903000,대구광역시 ,1146,대구광역시
2023-03-20,양파,특,7702500.0,5850.0,565907,전북 완주군 봉동읍 장기리,1107,전라북도 완주군
2023-06-20,양파,상,704000.0,924.0,635880,경남 창녕군 길곡면,1126,경상남도 창녕군
2018-07-17,양파,상,90000.0,100.0,745000,경상북도 문경시,1156,경상북도 문경시
2023-07-26,양파,상,5445000.0,4500.0,534000,전라남도 무안군,1097,전라남도 무안군
2021-08-03,양파,하,1683000.0,2040.0,525000,전라남도 함평군,1090,전라남도 함평군
2021-04-08,양파,상,157500.0,300.0,550150,전남 여수시 광무동,1105,전라남도 여수시
2018-05-11,양파,상,5546000.0,9400.0,534840,전남 무안군 현경면,1097,전라남도 무안군
2021-03-19,양파,상,147980.0,32.0,500010,광주 북구 임동,1083,광주광역시
2024-08-27,양파,특,3523100.0,4155.0,456000,경기도 안성시,1067,경기도 안성시
2021-04-08,양파,특,70700.0,30.0,200140,강원 춘천시 사농동,1001,강원도 춘천시
2020-03-28,양파,보통,6102400.0,3252.0,525000,전라남도 함평군,1090,전라남도 함평군
2018-06-02,양파,보통,6600.0,20.0,718830,경북 칠곡군 석적읍,1151,경상북도 칠곡군
2023-12-21,양파,하,12015000.0,10125.0,534000,전라남도 무안군,1097,전라남도 무안군
2020-03-14,양파,특,5280000.0,3840.0,678800,경남 합천군 합천읍,1140,경상남도 합천군
2019-02-25,양파,상,7296000.0,15360.0,970000,경상남도 ,1178,경상남도 
2023-11-18,양파,특,16058300.0,16176.0,525000,전라남도 함평군,1090,전라남도 함평군
2024-09-27,양파,특,896000.0,640.0,600010,부산 중구 중앙동,1120,부산광역시
2021-09-13,양파,특,17190000.0,20250.0,527000,전라남도 강진군,1092,전라남도 강진군
2018-04-10,양파,상,17100.0,30.0,970000,경상남도 ,1178,경상남도 
2024-10-24,양파,보통,2550000.0,3060.0,534000,전라남도 무안군,1097,전라남도 무안군
2021-02-06,양파,특,18088000.0,10200.0,636805,경남 의령군 의령읍 서동리,1127,경상남도 의령군
2021-03-23,양파,보통,36000.0,150.0,525000,전라남도 함평군,1090,전라남도 함평군
2018-07-21,양파,상,466800.0,860.0,580010,전북 정읍시 수성동,1116,전라북도 정읍시
2022-12-21,양파,특,30738.0,10.0,138701,서울 송파구 가락1동  가락농수산물시장 ,1000,서울특별시
2021-05-19,양파,상,198000.0,330.0,540852,전남 순천시 해룡면 농주리,1100,전라남도 순천시
2024-03-06,양파,특,3907600.0,3381.0,740600,경북 김천시 김천우체국사서함,1154,경상북도 김천시
2018-06-28,양파,상,151000.0,260.0,570130,전북 익산시 목천동,1111,전라북도 익산시
2021-07-12,양파,보통,47400.0,60.0,906000,광주광역시 ,1083,광주광역시
2021-11-01,양파,특,10927500.0,12375.0,579000,전라북도 부안군,1114,전라북도 부안군
2024-09-21,양파,특,26300.0,15.0,200140,강원 춘천시 사농동,1001,강원도 춘천시
2024-04-24,양파,하,1132500.0,1125.0,690000,제주도 제주시,1142,제주특별자치도 제주시
2022-06-27,양파,특,594000.0,600.0,535800,전남 신안군 지도읍,1096,전라남도 신안군
2022-04-27,양파,특,2760000.0,3680.0,539000,전라남도 진도군,1099,전라남도 진도군
2018-02-12,양파,특,10938400.0,11616.0,534841,전남 무안군 현경면 가입리,1097,전라남도 무안군
2019-05-06,양파,하,730000.0,2000.0,548000,전라남도 고흥군,1104,전라남도 고흥군
2019-09-30,양파,특,14160.0,20.0,200140,강원 춘천시 사농동,1001,강원도 춘천시
2020-07-18,양파,특,187000.0,340.0,711000,대구광역시 달성군,1146,대구광역시
2020-09-18,양파,특,775000.0,750.0,769800,경북 의성군 의성읍,1165,경상북도 의성군
2020-08-07,양파,특,3003000.0,2925.0,456000,경기도 안성시,1067,경기도 안성시
2023-04-07,양파,하,3298000.0,3060.0,526000,전라남도 영암군,1091,전라남도 영암군
2024-07-12,양파,상,119000.0,340.0,525830,전남 함평군 대동면,1090,전라남도 함평군
2018-05-02,양파,상,1190000.0,1050.0,745000,경상북도 문경시,1156,경상북도 문경시
2021-02-09,양파,특,32640000.0,19200.0,770820,경북 영천시 화북면,1166,경상북도 영천시
2019-01-10,양파,특,588000.0,1120.0,525820,전남 함평군 엄다면,1090,전라남도 함평군
2025-03-06,양파,상,500000.0,400.0,534870,전남 무안군 해제면,1097,전라남도 무안군
2022-07-20,양파,상,1480000.0,1480.0,635943,경남 창녕군 대합면 모전리,1126,경상남도 창녕군
2018-01-11,양파,특,4000000.0,4000.0,430000,경기도 안양시,1058,경기도 안양시
2023-05-11,양파,특,216000.0,180.0,520600,전남 나주시 나주우체국사서함,1089,전라남도 나주시
2021-03-09,양파,상,1156000.0,646.0,716812,경북 군위군 소보면 달산리,1149,경상북도 군위군
2024-05-10,양파,상,4767500.0,3178.5,635000,경상남도 창녕군,1126,경상남도 창녕군
2022-06-23,양파,특,55000.0,50.0,395000,충청북도 단양군,1048,충청북도 단양군
2024-01-23,양파,하,2340000.0,2925.0,565000,전라북도 완주군,1107,전라북도 완주군
2019-06-24,양파,상,2505100.0,12460.5,717000,경상북도 고령군,1150,경상북도 고령군
2023-04-11,양파,상,1036000.0,740.0,711000,대구광역시 달성군,1146,대구광역시
2025-02-11,양파,특,1108800.0,756.0,350000,충청남도 홍성군,1033,충청남도 홍성군
2021-07-05,양파,특,16000.0,40.0,769800,경북 의성군 의성읍,1165,경상북도 의성군
2023-06-14,양파,보통,307700.0,340.0,760880,경북 안동시 일직면,1160,경상북도 안동시
2022-08-22,양파,보통,13927500.0,10125.0,534000,전라남도 무안군,1097,전라남도 무안군
2024-11-20,양파,보통,18300000.0,15750.0,525000,전라남도 함평군,1090,전라남도 함평군
2024-05-21,양파,상,487500.0,975.0,717000,경상북도 고령군,1150,경상북도 고령군
2020-06-22,양파,상,292500.0,780.0,635000,경상남도 창녕군,1126,경상남도 창녕군
2019-03-13,양파,특,11967000.0,23380.0,670000,경상남도 거창군,1138,경상남도 거창군
2025-05-29,양파,특,600000.0,900.0,800000,중국,1170,수입산
2024-07-04,양파,특,429000.0,660.0,757800,경북 예천군 예천읍,1159,경상북도 예천군
2018-10-05,양파,특,1197000.0,2660.0,527000,전라남도 강진군,1092,전라남도 강진군
2021-07-06,양파,특,811400.0,1275.0,220010,강원 원주시 중앙동,1008,강원도 원주시
2022-08-08,양파,하,2862500.0,2748.0,534000,전라남도 무안군,1097,전라남도 무안군
2023-03-22,양파,보통,880000.0,960.0,740000,경상북도 김천시,1154,경상북도 김천시
2018-12-29,양파,특,71200.0,160.0,730800,경북 구미시 선산읍,1153,경상북도 구미시
2019-07-08,양파,특,116800.0,320.0,740974,경북 김천시 남산동50∼250,1154,경상북도 김천시
2019-07-11,양파,특,396000.0,1440.0,641465,경남 창원시 팔용동,1124,경상남도 창원시
2022-02-28,양파,보통,5000.0,20.0,769000,경상북도 의성군,1165,경상북도 의성군
2023-11-15,양파,보통,955900.0,1540.5,714000,경상북도 청도군,1148,경상북도 청도군
2025-02-04,양파,특,660000.0,450.0,901000,서울특별시 ,1000,서울특별시
2023-03-31,양파,상,10863600.0,7240.0,534000,전라남도 무안군,1097,전라남도 무안군
2019-07-02,양파,특,27000.0,120.0,590951,전북 남원시 금지면 귀석리,1117,전라북도 남원시
2023-10-20,양파,특,6000.0,15.0,676810,경남 함양군 수동면,1139,경상남도 함양군
2020-02-10,양파,특,4121000.0,4875.0,525860,전남 함평군 나산면,1090,전라남도 함평군
2023-03-08,양파,특,25577000.0,16575.0,534000,전라남도 무안군,1097,전라남도 무안군
2022-01-15,양파,특,19635000.0,42750.0,535000,전라남도 신안군,1096,전라남도 신안군
2021-04-09,양파,특,7131600.0,5040.0,690000,제주도 제주시,1142,제주특별자치도 제주시
2018-06-25,양파,상,3600.0,10.0,469000,경기도 여주군,1071,경기도 여주군
2022-02-10,양파,특,530400.0,645.0,534000,전라남도 무안군,1097,전라남도 무안군
2022-06-29,양파,특,4613500.0,4020.0,635000,경상남도 창녕군,1126,경상남도 창녕군
2018-06-26,양파,특,12721600.0,19695.0,534000,전라남도 무안군,1097,전라남도 무안군
2023-10-09,양파,보통,714800.0,948.0,534000,전라남도 무안군,1097,전라남도 무안군
2020-03-07,양파,특,99000.0,110.0,565907,전북 완주군 봉동읍 장기리,1107,전라북도 완주군
2022-06-03,양파,보통,48000.0,264.0,666941,경남 산청군 단성면 강누리,1135,경상남도 산청군
2021-06-14,양파,상,1440000.0,3000.0,745000,경상북도 문경시,1156,경상북도 문경시
2021-07-10,양파,특,3360000.0,4200.0,745850,경북 문경시 영순면,1156,경상북도 문경시
2019-05-31,양파,특,1239600.0,3800.0,535800,전남 신안군 지도읍,1096,전라남도 신안군
2018-05-12,양파,특,1260000.0,3000.0,580090,전북 정읍시 농소동,1116,전라북도 정읍시
2018-11-28,양파,특,4252500.0,6750.0,530000,전라남도 목포시,1095,전라남도 목포시
2022-12-16,양파,특,1360000.0,800.0,618140,부산 강서구 대저동,1120,부산광역시
2019-03-21,양파,상,4800000.0,16000.0,471080,경기 구리시 갈매동,1072,경기도 구리시
2024-05-11,양파,상,6476900.0,5421.0,529000,전라남도 장흥군,1094,전라남도 장흥군
2022-05-20,양파,상,3290000.0,6300.0,745000,경상북도 문경시,1156,경상북도 문경시
2023-11-06,양파,특,16160.0,8.0,200140,강원 춘천시 사농동,1001,강원도 춘천시
2019-09-02,양파,특,763000.0,2180.0,902000,부산광역시 ,1120,부산광역시
2022-11-05,양파,하,32000.0,40.0,526000,전라남도 영암군,1091,전라남도 영암군
2022-07-19,양파,상,6975000.0,6750.0,536000,전라남도 해남군,1098,전라남도 해남군
2023-05-10,양파,상,1408000.0,1280.0,520840,전남 나주시 남평읍,1089,전라남도 나주시
2024-12-24,양파,특,1440000.0,900.0,800000,중국,1170,수입산
2023-04-03,양파,특,1513800.0,2088.0,637830,경남 함안군 법수면,1128,경상남도 함안군
2022-12-20,양파,특,1650000.0,750.0,446000,경기도 용인시,1064,경기도 용인시
2019-06-04,양파,특,212800.0,500.0,636805,경남 의령군 의령읍 서동리,1127,경상남도 의령군
2023-04-10,양파,상,364000.0,210.0,630850,경남 마산시 내서읍,1125,경상남도 마산시
2020-02-12,양파,특,9158400.0,10800.0,535000,전라남도 신안군,1096,전라남도 신안군
2023-06-09,양파,보통,1023200.0,3549.0,711000,대구광역시 달성군,1146,대구광역시
2021-02-24,양파,특,2500000.0,2000.0,990000,제주도 ,1180,제주도 
2025-03-12,양파,특,75000.0,30.0,630000,경상남도 창원시 마산회원구,1124,경상남도 창원시
2023-05-15,양파,하,16575000.0,14280.0,534000,전라남도 무안군,1097,전라남도 무안군
2020-04-25,양파,특,2812500.0,3375.0,678700,경남 합천군 합천읍 합천리 합천군청 ,1140,경상남도 합천군
2023-06-26,양파,특,20137600.0,25300.0,711000,대구광역시 달성군,1146,대구광역시
2022-03-21,양파,특,58000.0,150.0,403010,인천 부평구 부평동,1049,인천광역시
2024-08-23,양파,특,308000.0,560.0,714000,경상북도 청도군,1148,경상북도 청도군
2020-09-11,양파,특,480000.0,400.0,621150,경남 김해시 화목동,1121,경상남도 김해시
2024-04-03,양파,특,4586400.0,6480.0,690600,제주 제주시 제주우체국사서함,1142,제주특별자치도 제주시
2019-04-19,양파,특,1800000.0,2250.0,697000,제주도 서귀포시,1144,제주특별자치도 서귀포시
2020-03-07,양파,특,28270000.0,37725.0,534000,전라남도 무안군,1097,전라남도 무안군
2024-07-02,양파,보통,1768000.0,3060.0,678000,경상남도 합천군,1140,경상남도 합천군
2022-07-13,양파,특,1880000.0,1600.0,585800,전북 고창군 고창읍,1115,전라북도 고창군
2024-02-01,양파,특,1980000.0,1100.0,464000,경기도 광주시,1068,경기도 광주시
2023-04-27,양파,보통,400000.0,600.0,548000,전라남도 고흥군,1104,전라남도 고흥군
2021-12-03,양파,특,1588600.0,1950.0,676000,경상남도 함양군,1139,경상남도 함양군
2019-07-18,양파,하,96000.0,640.0,770000,경상북도 영천시,1166,경상북도 영천시
2021-12-29,양파,특,5745000.0,7875.0,534000,전라남도 무안군,1097,전라남도 무안군
2022-06-25,양파,특,532400.0,765.0,356000,충청남도 서산시,1035,충청남도 서산시
2019-03-19,양파,상,900000.0,1350.0,750010,경북 영주시 영주동,1157,경상북도 영주시
2019-01-18,양파,특,4400000.0,8000.0,730040,경북 구미시 형곡동,1153,경상북도 구미시
2023-02-10,양파,하,3420000.0,2700.0,717000,경상북도 고령군,1150,경상북도 고령군
2021-05-08,양파,특,426400.0,780.0,546804,전남 보성군 보성읍 봉산리,1103,전라남도 보성군
2024-08-19,양파,특,5890500.0,8160.0,534850,전남 무안군 망운면,1097,전라남도 무안군
2020-05-05,양파,특,863600.0,1360.0,660600,경남 진주시 진주우체국사서함,1133,경상남도 진주시
2020-01-20,양파,특,1000000.0,2000.0,500801,광주 북구 각화동380∼800,1083,광주광역시
2019-02-08,양파,상,21000.0,189.0,769800,경북 의성군 의성읍,1165,경상북도 의성군
2023-11-23,양파,보통,18500.0,20.0,635700,경남 창녕군 창녕읍  창녕군청 ,1126,경상남도 창녕군
2023-08-16,양파,특,12712500.0,9000.0,534800,전남 무안군 무안읍,1097,전라남도 무안군
2021-04-02,양파,특,251200.0,160.0,769800,경북 의성군 의성읍,1165,경상북도 의성군
2019-03-08,양파,특,1320000.0,3000.0,770890,경북 영천시 청통면,1166,경상북도 영천시
2023-12-29,양파,하,17570200.0,18816.0,525000,전라남도 함평군,1090,전라남도 함평군
2019-02-15,양파,보통,7070.0,7.0,200140,강원 춘천시 사농동,1001,강원도 춘천시
2023-02-03,양파,특,136500.0,75.0,138701,서울 송파구 가락1동  가락농수산물시장 ,1000,서울특별시
2023-02-03,양파,특,500000.0,500.0,676000,경상남도 함양군,1139,경상남도 함양군
2023-03-29,양파,하,20077500.0,16875.0,534000,전라남도 무안군,1097,전라남도 무안군
2023-03-29,양파,보통,2910800.0,2280.0,902000,부산광역시 ,1120,부산광역시
2021-09-28,양파,특,272000.0,1020.0,535000,전라남도 신안군,1096,전라남도 신안군
2024-01-30,양파,상,1270000.0,1270.0,717000,경상북도 고령군,1150,경상북도 고령군
2021-07-13,양파,특,2128000.0,3200.0,570000,전라북도 익산시,1111,전라북도 익산시
2023-07-18,양파,상,1520000.0,800.0,711000,대구광역시 달성군,1146,대구광역시
2020-07-06,양파,특,3705000.0,5850.0,534000,전라남도 무안군,1097,전라남도 무안군
2018-10-17,양파,특,1500000.0,1800.0,570130,전북 익산시 목천동,1111,전라북도 익산시
2018-05-04,양파,특,1620000.0,1800.0,800000,중국,1170,수입산
2021-06-26,양파,특,10910.0,12.0,200140,강원 춘천시 사농동,1001,강원도 춘천시
2018-10-03,양파,보통,4278500.0,14820.0,534000,전라남도 무안군,1097,전라남도 무안군
2019-06-25,양파,하,104000.0,800.0,534000,전라남도 무안군,1097,전라남도 무안군
2018-09-27,양파,특,550000.0,750.0,750000,경상북도 영주시,1157,경상북도 영주시
2024-03-28,양파,상,638200.0,664.0,534729,전남 무안군 청계면 도림리 목포대학교 ,1097,전라남도 무안군
2023-05-19,양파,특,3420000.0,3375.0,534000,전라남도 무안군,1097,전라남도 무안군
2024-05-09,양파,특,10762500.0,7875.0,534000,전라남도 무안군,1097,전라남도 무안군
2021-05-26,양파,하,8362950.0,14172.0,534000,전라남도 무안군,1097,전라남도 무안군
2024-02-28,양파,특,7800000.0,6000.0,902000,부산광역시 ,1120,부산광역시
2018-05-01,양파,특,1600000.0,1920.0,690600,제주 제주시 제주우체국사서함,1142,제주특별자치도 제주시
2019-04-18,양파,상,7919200.0,8080.0,306010,대전 대덕구 오정동,1019,대전광역시
2018-12-19,양파,특,1090000.0,2071.0,570931,전북 익산시 여산면 두여리,1111,전라북도 익산시
2025-02-24,양파,보통,5724000.0,3240.0,579806,전북 부안군 부안읍 서외4리,1114,전라북도 부안군
2020-09-08,양파,특,131300.0,130.0,200140,강원 춘천시 사농동,1001,강원도 춘천시
2021-12-29,양파,특,3748500.0,5100.0,585000,전라북도 고창군,1115,전라북도 고창군
2019-01-23,양파,상,4560000.0,12000.0,706820,대구 수성구 범어2동147∼188,1146,대구광역시
2024-04-17,양파,특,4971400.0,3975.0,525800,전남 함평군 함평읍,1090,전라남도 함평군
2024-01-18,양파,보통,4938500.0,7140.0,536000,전라남도 해남군,1098,전라남도 해남군
2019-04-03,양파,상,483200.0,1208.0,635943,경남 창녕군 대합면 모전리,1126,경상남도 창녕군
2018-05-23,양파,특,3571100.0,10660.0,548930,전남 고흥군 금산면,1104,전라남도 고흥군
2019-05-08,양파,특,2708700.0,4500.0,534804,전남 무안군 무안읍 성동리,1097,전라남도 무안군
2023-11-20,양파,하,8000.0,10.0,526000,전라남도 영암군,1091,전라남도 영암군
2020-06-22,양파,특,6078700.0,9540.0,716000,경상북도 군위군,1149,경상북도 군위군
2021-09-09,양파,특,10782000.0,11980.0,635812,경남 창녕군 유어면 광산리,1126,경상남도 창녕군
2021-08-03,양파,특,465000.0,310.0,220710,강원 원주시 흥업면  연세대학교원주캠퍼스 ,1008,강원도 원주시
2021-08-13,양파,특,1050000.0,1125.0,534000,전라남도 무안군,1097,전라남도 무안군
2024-07-20,양파,특,5006500.0,7140.0,534000,전라남도 무안군,1097,전라남도 무안군
2019-04-11,양파,특,6980400.0,10704.0,534000,전라남도 무안군,1097,전라남도 무안군
2023-07-10,양파,보통,76000.0,722.0,630850,경남 마산시 내서읍,1125,경상남도 마산시
2022-06-11,양파,보통,109100.0,180.0,745600,경북 문경시 문경우체국사서함,1156,경상북도 문경시
2020-06-23,양파,상,1928000.0,4699.5,536000,전라남도 해남군,1098,전라남도 해남군
2021-09-03,양파,특,3571200.0,4593.6,717000,경상북도 고령군,1150,경상북도 고령군
2023-06-14,양파,상,560300.0,700.0,757850,경북 예천군 지보면,1159,경상북도 예천군
2018-08-11,양파,특,96000.0,200.0,590951,전북 남원시 금지면 귀석리,1117,전라북도 남원시
2022-04-15,양파,특,2625000.0,3375.0,697600,제주 서귀포시 서귀포우체국사서함,1144,제주특별자치도 서귀포시
2024-08-26,양파,특,1470000.0,1050.0,745600,경북 문경시 문경우체국사서함,1156,경상북도 문경시
2020-05-26,양파,보통,6580000.0,12600.0,534000,전라남도 무안군,1097,전라남도 무안군
2024-05-22,양파,보통,1800000.0,4500.0,529000,전라남도 장흥군,1094,전라남도 장흥군
2024-01-13,양파,특,285000.0,380.0,565907,전북 완주군 봉동읍 장기리,1107,전라북도 완주군
2019-10-21,양파,특,140400.0,270.0,621150,경남 김해시 화목동,1121,경상남도 김해시
2018-02-02,양파,특,4000000.0,4000.0,579806,전북 부안군 부안읍 서외4리,1114,전라북도 부안군
2021-07-01,양파,하,45000.0,90.0,534841,전남 무안군 현경면 가입리,1097,전라남도 무안군
2018-05-07,양파,상,48000.0,320.0,627110,경남 밀양시 가곡동,1123,경상남도 밀양시
2018-05-31,양파,상,11000.0,20.0,534804,전남 무안군 무안읍 성동리,1097,전라남도 무안군
2018-05-05,양파,특,1836800.0,2624.0,556821,전남 여수시 화양면 감도리,1105,전라남도 여수시
2021-02-15,양파,하,2193000.0,1020.0,535000,전라남도 신안군,1096,전라남도 신안군
2019-06-19,양파,특,2109000.0,5940.0,635000,경상남도 창녕군,1126,경상남도 창녕군
2022-04-01,양파,특,151500.0,150.0,200140,강원 춘천시 사농동,1001,강원도 춘천시
2021-02-04,양파,상,3800000.0,2000.0,700000,대구광역시 대구 중구,1146,대구광역시
2019-12-12,양파,특,120000.0,100.0,138000,서울특별시 송파구,1000,서울특별시
2018-12-24,양파,특,13000.0,10.0,138000,서울특별시 송파구,1000,서울특별시
2022-12-14,양파,특,2720000.0,3000.0,800000,중국,1170,수입산
2022-05-06,양파,상,558000.0,1240.0,534000,전라남도 무안군,1097,전라남도 무안군
2020-08-06,양파,특,2379200.0,2496.0,534000,전라남도 무안군,1097,전라남도 무안군
2022-08-17,양파,보통,22911000.0,18900.0,760000,경상북도 안동시,1160,경상북도 안동시
2020-01-29,양파,특,1989000.0,2040.0,534833,전남 무안군 청계면 남안리,1097,전라남도 무안군
2019-12-13,양파,상,2395000.0,3000.0,676800,경남 함양군 함양읍,1139,경상남도 함양군
2023-02-25,양파,보통,2805000.0,2040.0,534000,전라남도 무안군,1097,전라남도 무안군
2024-06-20,양파,상,1511600.0,4320.0,678000,경상남도 합천군,1140,경상남도 합천군
2018-08-07,양파,상,172200.0,3280.0,950000,전라남도 ,1176,전라남도 
2019-05-20,양파,특,3990000.0,9450.0,534860,전남 무안군 운남면,1097,전라남도 무안군
2022-10-27,양파,보통,3375000.0,2250.0,565000,전라북도 완주군,1107,전라북도 완주군
2024-12-26,양파,특,1200000.0,750.0,745850,경북 문경시 영순면,1156,경상북도 문경시
2025-04-01,양파,상,1557900.0,2560.0,630850,경남 마산시 내서읍,1125,경상남도 마산시
2018-12-27,양파,상,5589000.0,11880.0,534000,전라남도 무안군,1097,전라남도 무안군
2024-06-03,양파,특,663000.0,765.0,570930,전북 익산시 여산면,1111,전라북도 익산시
2020-11-28,양파,상,2640000.0,2200.0,635000,경상남도 창녕군,1126,경상남도 창녕군
2021-02-16,양파,특,5600000.0,3200.0,730040,경북 구미시 형곡동,1153,경상북도 구미시
2021-05-10,양파,하,560000.0,1000.0,537000,전라남도 완도군,1093,전라남도 완도군
2022-12-06,양파,하,790500.0,1020.0,678700,경남 합천군 합천읍 합천리 합천군청 ,1140,경상남도 합천군
2020-07-07,양파,상,270000.0,1200.0,689863,울산 울주군 청량면 상남리  1∼623,1141,울산광역시
2018-05-17,양파,상,1280000.0,3200.0,617030,부산 사상구 엄궁동,1120,부산광역시
2021-10-20,양파,하,569500.0,1020.0,534000,전라남도 무안군,1097,전라남도 무안군
2018-09-14,양파,상,26000.0,80.0,742600,경북 상주시 상주우체국사서함,1155,경상북도 상주시
2021-11-29,양파,특,240000.0,240.0,534000,전라남도 무안군,1097,전라남도 무안군
2023-12-06,양파,특,18462000.0,18564.0,770000,경상북도 영천시,1166,경상북도 영천시
2020-03-23,양파,상,3600000.0,6000.0,536000,전라남도 해남군,1098,전라남도 해남군
2023-04-10,양파,특,5880000.0,3150.0,745000,경상북도 문경시,1156,경상북도 문경시
2025-04-15,양파,특,7019700.0,4680.0,534000,전라남도 무안군,1097,전라남도 무안군
2020-08-05,양파,특,472500.0,682.5,570130,전북 익산시 목천동,1111,전라북도 익산시
2021-11-12,양파,상,1312500.0,1500.0,635000,경상남도 창녕군,1126,경상남도 창녕군
2020-05-11,양파,상,71400.0,136.0,556820,전남 여수시 화양면,1105,전라남도 여수시
2018-10-09,양파,특,1179500.0,4000.0,536860,전남 해남군 황산면,1098,전라남도 해남군
2019-03-05,양파,상,6286000.0,7350.0,745000,경상북도 문경시,1156,경상북도 문경시
2022-12-14,양파,특,1822500.0,1125.0,534000,전라남도 무안군,1097,전라남도 무안군
2018-12-20,양파,특,390600.0,620.0,570931,전북 익산시 여산면 두여리,1111,전라북도 익산시
2019-10-10,양파,하,3800.0,20.0,525800,전남 함평군 함평읍,1090,전라남도 함평군
2022-03-22,양파,상,245000.0,700.0,550050,전남 여수시 고소동,1105,전라남도 여수시
2019-05-11,양파,보통,737000.0,1005.0,635900,경남 창녕군 남지읍,1126,경상남도 창녕군
2019-04-12,양파,특,3760000.0,3700.0,656834,경남 거제시 장목면 매동리,1132,경상남도 거제시
2019-10-22,양파,특,1320000.0,2400.0,600010,부산 중구 중앙동,1120,부산광역시
2018-08-23,양파,상,380000.0,425.0,745000,경상북도 문경시,1156,경상북도 문경시
2023-06-06,양파,특,336000.0,170.0,641111,경남 창원시 가음동,1124,경상남도 창원시
2022-04-20,양파,특,1455000.0,2250.0,690600,제주 제주시 제주우체국사서함,1142,제주특별자치도 제주시
2019-10-01,양파,하,765000.0,2040.0,525000,전라남도 함평군,1090,전라남도 함평군
2018-10-22,양파,특,417500.0,660.0,570130,전북 익산시 목천동,1111,전라북도 익산시
2018-03-19,양파,특,7076600.0,11808.0,520000,전라남도 나주시,1089,전라남도 나주시
2020-06-24,양파,특,4900000.0,7350.0,745600,경북 문경시 문경우체국사서함,1156,경상북도 문경시
2022-07-22,양파,특,44440.0,30.0,200140,강원 춘천시 사농동,1001,강원도 춘천시
2024-02-26,양파,보통,5880000.0,4200.0,745000,경상북도 문경시,1156,경상북도 문경시
2023-06-09,양파,보통,39000.0,60.0,637830,경남 함안군 법수면,1128,경상남도 함안군
2018-01-09,양파,특,528000.0,600.0,769000,경상북도 의성군,1165,경상북도 의성군
2021-05-06,양파,특,2868400.0,4040.0,627000,경상남도 밀양시,1123,경상남도 밀양시
2020-08-05,양파,특,1899500.0,2420.0,520833,전남 나주시 산포면 산제리,1089,전라남도 나주시
2025-04-18,양파,특,5504200.0,3900.0,138160,서울 송파구 가락동,1000,서울특별시
2023-03-13,양파,특,9220000.0,6000.0,800000,중국,1170,수입산
2021-01-23,양파,상,120000.0,80.0,730870,경북 구미시 해평면,1153,경상북도 구미시
2021-02-15,양파,특,8218500.0,4632.0,525000,전라남도 함평군,1090,전라남도 함평군
2022-03-15,양파,특,800000.0,4000.0,534729,전남 무안군 청계면 도림리 목포대학교 ,1097,전라남도 무안군
2024-05-27,양파,특,1400000.0,4000.0,534000,전라남도 무안군,1097,전라남도 무안군
2019-05-13,양파,상,4798000.0,12000.0,548000,전라남도 고흥군,1104,전라남도 고흥군
2022-08-23,양파,특,316800.0,960.0,357000,충청남도 태안군,1036,충청남도 태안군
2023-05-01,양파,상,4500000.0,4875.0,690000,제주도 제주시,1142,제주특별자치도 제주시
2023-11-06,양파,보통,3500.0,3.0,901000,서울특별시 ,1000,서울특별시
2021-12-03,양파,보통,8286000.0,12440.0,678000,경상남도 합천군,1140,경상남도 합천군
2018-10-01,양파,보통,8900000.0,14000.0,635000,경상남도 창녕군,1126,경상남도 창녕군
2024-05-25,양파,특,7310000.0,9180.0,534840,전남 무안군 현경면,1097,전라남도 무안군
2020-11-16,양파,특,1080000.0,800.0,314850,충남 공주시 탄천면,1021,충청남도 공주시
2021-06-25,양파,특,280500.0,765.0,641600,경남 창원시 창원우체국사서함,1124,경상남도 창원시
2023-05-13,양파,특,5480000.0,6020.0,635700,경남 창녕군 창녕읍  창녕군청 ,1126,경상남도 창녕군
2025-04-22,양파,특,375000.0,1125.0,990000,제주도 ,1180,제주도 
2019-02-18,양파,특,11000.0,10.0,138000,서울특별시 송파구,1000,서울특별시
2020-04-14,양파,특,6970000.0,8200.0,716000,경상북도 군위군,1149,경상북도 군위군
2019-09-18,양파,특,163200.0,360.0,525000,전라남도 함평군,1090,전라남도 함평군
2024-06-17,양파,특,78000.0,120.0,576600,전북 김제시 김제우체국사서함,1113,전라북도 김제시
2018-05-22,양파,상,65600.0,164.0,561302,전북 전주시 덕진구 송천동2가,1106,전라북도 전주시
2018-05-03,양파,하,5759000.0,6825.0,534000,전라남도 무안군,1097,전라남도 무안군
2022-04-21,양파,특,5050.0,4.0,200140,강원 춘천시 사농동,1001,강원도 춘천시
2024-07-15,양파,특,11283000.0,12577.5,711000,대구광역시 달성군,1146,대구광역시
2024-06-14,양파,상,12000.0,20.0,711890,대구 달성군 구지면,1146,대구광역시
2019-05-15,양파,하,11245000.0,25500.0,471080,경기 구리시 갈매동,1072,경기도 구리시
2021-06-18,양파,특,423000.0,940.0,716870,경북 군위군 고로면,1149,경상북도 군위군
2022-09-29,양파,특,13890000.0,15000.0,800000,중국,1170,수입산
2024-12-10,양파,특,288000.0,240.0,534729,전남 무안군 청계면 도림리 목포대학교 ,1097,전라남도 무안군
2024-01-24,양파,특,352500.0,225.0,791940,경북 포항시 북구 흥해읍,1168,경상북도 포항시
2021-08-03,양파,특,6272000.0,7105.0,534841,전남 무안군 현경면 가입리,1097,전라남도 무안군
2022-11-09,양파,하,42000.0,30.0,534841,전남 무안군 현경면 가입리,1097,전라남도 무안군
2020-07-08,양파,하,331100.0,860.0,678000,경상남도 합천군,1140,경상남도 합천군
2022-11-14,양파,특,1160000.0,600.0,766000,경상북도 영덕군,1163,경상북도 영덕군
2020-04-27,양파,하,3510100.0,4956.0,534000,전라남도 무안군,1097,전라남도 무안군
2020-07-03,양파,특,3199600.0,9240.0,502153,광주 서구 매월동,1083,광주광역시
2023-09-08,양파,특,82800.0,84.0,660360,경남 진주시 초전동,1133,경상남도 진주시
2018-08-20,양파,하,2569200.0,3060.0,534841,전남 무안군 현경면 가입리,1097,전라남도 무안군
2023-06-14,양파,상,4873500.0,7220.0,536000,전라남도 해남군,1098,전라남도 해남군
2023-07-26,양파,보통,1313000.0,975.0,740000,경상북도 김천시,1154,경상북도 김천시
2022-04-06,양파,특,5460000.0,13650.0,740920,경북 김천시 구성면,1154,경상북도 김천시
2023-03-09,양파,특,26653900.0,14625.0,535000,전라남도 신안군,1096,전라남도 신안군
2025-05-05,양파,특,4860000.0,2700.0,800000,중국,1170,수입산
2018-10-24,양파,보통,333700.0,1420.0,635860,경남 창녕군 영산면,1126,경상남도 창녕군
2019-05-18,양파,상,336600.0,1224.0,548810,전남 고흥군 점암면,1104,전라남도 고흥군
2018-06-22,양파,상,33600.0,80.0,660910,경남 진주시 대곡면,1133,경상남도 진주시
2024-10-01,양파,상,1343000.0,1185.0,536800,전남 해남군 해남읍,1098,전라남도 해남군
2025-03-03,양파,특,1997500.0,1020.0,534000,전라남도 무안군,1097,전라남도 무안군
2022-06-10,양파,특,126000.0,140.0,711000,대구광역시 달성군,1146,대구광역시
2023-07-10,양파,특,483000.0,1220.0,621150,경남 김해시 화목동,1121,경상남도 김해시
2023-11-20,양파,하,5355000.0,9000.0,534000,전라남도 무안군,1097,전라남도 무안군
2019-04-01,양파,특,123900.0,100.0,138701,서울 송파구 가락1동  가락농수산물시장 ,1000,서울특별시
2024-01-04,양파,상,33600.0,48.0,716800,경북 군위군 군위읍,1149,경상북도 군위군
2023-05-24,양파,보통,2880000.0,2880.0,356000,충청남도 서산시,1035,충청남도 서산시
2021-11-19,양파,하,14000.0,20.0,526000,전라남도 영암군,1091,전라남도 영암군
2020-12-24,양파,상,4060000.0,3150.0,745150,경북 문경시 공평동,1156,경상북도 문경시
2018-05-05,양파,특,927500.0,1054.7,678000,경상남도 합천군,1140,경상남도 합천군
2022-08-26,양파,특,539000.0,1540.0,502153,광주 서구 매월동,1083,광주광역시
2023-10-18,양파,특,3802500.0,2925.0,565907,전북 완주군 봉동읍 장기리,1107,전라북도 완주군
2023-09-18,양파,상,1960000.0,2100.0,745000,경상북도 문경시,1156,경상북도 문경시
2020-04-08,양파,특,18007500.0,18000.0,699833,제주 남제주군 대정읍 신도리,1145,제주특별자치도 남제주군
2020-11-10,양파,상,1000000.0,760.0,635920,경남 창녕군 계성면,1126,경상남도 창녕군
2021-11-03,양파,특,2324000.0,3320.0,635000,경상남도 창녕군,1126,경상남도 창녕군
2023-01-31,양파,하,8311000.0,7950.0,471080,경기 구리시 갈매동,1072,경기도 구리시
2023-12-26,양파,특,132000.0,90.0,901000,서울특별시 ,1000,서울특별시
2024-04-02,양파,특,6253200.0,3240.0,534814,전남 무안군 몽탄면 당호리,1097,전라남도 무안군
2020-04-17,양파,상,30000.0,36.0,579800,전북 부안군 부안읍,1114,전라북도 부안군
2024-01-15,양파,특,14784000.0,12600.0,800000,중국,1170,수입산
2025-05-21,양파,상,2182800.0,3840.0,635000,경상남도 창녕군,1126,경상남도 창녕군
2020-12-15,양파,하,5576000.0,4080.0,770000,경상북도 영천시,1166,경상북도 영천시
2023-10-26,양파,특,230000.0,240.0,534000,전라남도 무안군,1097,전라남도 무안군
2021-07-24,양파,상,948500.0,1680.0,635000,경상남도 창녕군,1126,경상남도 창녕군
2020-08-28,양파,특,183000.0,200.0,769922,경북 의성군 비안면 산제리,1165,경상북도 의성군
2022-01-12,양파,특,1525000.0,2440.0,635000,경상남도 창녕군,1126,경상남도 창녕군
2023-11-14,양파,특,8287500.0,10200.0,585000,전라북도 고창군,1115,전라북도 고창군
2018-06-02,양파,특,750400.0,2240.0,660950,경남 진주시 명석면,1133,경상남도 진주시
2020-03-20,양파,특,43800.0,12.0,570160,전북 익산시 영등동,1111,전라북도 익산시
2023-04-03,양파,보통,214000.0,480.0,534870,전남 무안군 해제면,1097,전라남도 무안군
2020-06-01,양파,특,805200.0,1600.0,529900,전남 장흥군 대덕읍,1094,전라남도 장흥군
2024-06-27,양파,하,450500.0,1020.0,536000,전라남도 해남군,1098,전라남도 해남군
2023-06-29,양파,특,105000.0,700.0,580090,전북 정읍시 농소동,1116,전라북도 정읍시
2018-09-12,양파,특,22352200.0,28245.0,534000,전라남도 무안군,1097,전라남도 무안군
2024-02-26,양파,특,3412500.0,2925.0,565907,전북 완주군 봉동읍 장기리,1107,전라북도 완주군
2020-10-06,양파,특,8775000.0,9000.0,635000,경상남도 창녕군,1126,경상남도 창녕군
2020-04-17,양파,하,2628000.0,3285.0,690000,제주도 제주시,1142,제주특별자치도 제주시
2021-09-29,양파,특,157560.0,130.0,200140,강원 춘천시 사농동,1001,강원도 춘천시
2020-06-19,양파,특,2112500.0,4875.0,800000,중국,1170,수입산
2024-05-25,양파,상,525000.0,682.5,637000,경상남도 함안군,1128,경상남도 함안군
2024-05-24,양파,특,3498000.0,3180.0,902000,부산광역시 ,1120,부산광역시
2023-06-14,양파,보통,446400.0,864.0,637000,경상남도 함안군,1128,경상남도 함안군
2019-05-25,양파,특,3770000.0,6500.0,700000,대구광역시 대구 중구,1146,대구광역시
2020-03-26,양파,특,2690400.0,2832.0,534729,전남 무안군 청계면 도림리 목포대학교 ,1097,전라남도 무안군
2023-06-26,양파,특,340200.0,1080.0,534804,전남 무안군 무안읍 성동리,1097,전라남도 무안군
2020-05-28,양파,보통,614000.0,960.0,556820,전남 여수시 화양면,1105,전라남도 여수시
2021-08-23,양파,특,16227200.0,14880.0,525000,전라남도 함평군,1090,전라남도 함평군
2018-06-23,양파,특,150000.0,200.0,320600,충남 논산시 논산우체국사서함,1022,충청남도 논산시
2023-08-29,양파,특,52580.0,20.0,138701,서울 송파구 가락1동  가락농수산물시장 ,1000,서울특별시
2023-08-21,양파,특,6120000.0,6120.0,678802,경남 합천군 합천읍 금양리,1140,경상남도 합천군
2024-05-27,양파,상,5746000.0,6630.0,513000,전라남도 영광군,1084,전라남도 영광군
2023-08-16,양파,보통,338000.0,195.0,637708,경남 함안군 칠원면 오곡리 광려천메트로자이 101∼122동,1128,경상남도 함안군
2018-09-17,양파,특,10282000.0,22020.0,534000,전라남도 무안군,1097,전라남도 무안군
2023-12-28,양파,특,14872500.0,16428.0,676000,경상남도 함양군,1139,경상남도 함양군
2018-08-15,양파,상,154000.0,280.0,561302,전북 전주시 덕진구 송천동2가,1106,전라북도 전주시
2024-03-11,양파,특,4040.0,2.0,200140,강원 춘천시 사농동,1001,강원도 춘천시
2018-04-04,양파,특,3773000.0,10290.0,565701,전북 완주군 삼례읍  우석대학교 ,1107,전라북도 완주군
2020-11-05,양파,상,1332000.0,1080.0,740000,경상북도 김천시,1154,경상북도 김천시
2020-08-13,양파,특,2990000.0,2925.0,456000,경기도 안성시,1067,경기도 안성시
2021-03-19,양파,특,93000.0,60.0,570130,전북 익산시 목천동,1111,전라북도 익산시
2023-09-16,양파,특,5160000.0,4000.0,717000,경상북도 고령군,1150,경상북도 고령군
2023-09-27,양파,하,4046000.0,4080.0,565000,전라북도 완주군,1107,전라북도 완주군
2024-07-03,양파,하,4658000.0,5100.0,678000,경상남도 합천군,1140,경상남도 합천군
2021-07-05,양파,특,296800.0,420.0,565000,전라북도 완주군,1107,전라북도 완주군
2020-12-15,양파,보통,380000.0,200.0,745000,경상북도 문경시,1156,경상북도 문경시
2020-02-21,양파,특,20200.0,15.0,200140,강원 춘천시 사농동,1001,강원도 춘천시
2019-02-15,양파,특,400000.0,500.0,515880,전남 장성군 삼서면,1085,전라남도 장성군
2023-03-06,양파,하,9612000.0,6300.0,800000,중국,1170,수입산
2018-08-30,양파,특,1012500.0,1125.0,138000,서울특별시 송파구,1000,서울특별시
2018-08-08,양파,상,336000.0,300.0,356890,충남 서산시 부석면,1035,충청남도 서산시
2020-11-02,양파,특,14980000.0,13860.0,769000,경상북도 의성군,1165,경상북도 의성군
2018-05-05,양파,하,673000.0,1940.0,630850,경남 마산시 내서읍,1125,경상남도 마산시
2018-05-03,양파,보통,3333600.0,3960.0,690031,제주 제주시 삼도1동,1142,제주특별자치도 제주시
2019-07-06,양파,상,225700.0,1189.5,740000,경상북도 김천시,1154,경상북도 김천시
2020-12-02,양파,특,6258000.0,6300.0,579000,전라북도 부안군,1114,전라북도 부안군
2018-01-08,양파,하,4320000.0,3600.0,534841,전남 무안군 현경면 가입리,1097,전라남도 무안군
2021-03-04,양파,보통,4777000.0,4080.0,585000,전라북도 고창군,1115,전라북도 고창군
2018-02-21,양파,상,105000.0,75.0,745000,경상북도 문경시,1156,경상북도 문경시
2021-11-04,양파,특,12902400.0,10080.0,534000,전라남도 무안군,1097,전라남도 무안군
2018-10-05,양파,보통,910000.0,1050.0,800000,수입산,1170,수입산
2025-01-23,양파,하,3000000.0,2250.0,534000,전라남도 무안군,1097,전라남도 무안군
2021-06-24,양파,상,282000.0,705.0,641600,경남 창원시 창원우체국사서함,1124,경상남도 창원시
2022-04-19,양파,상,150000.0,400.0,637830,경남 함안군 법수면,1128,경상남도 함안군
2018-09-13,양파,상,1206000.0,2160.0,534841,전남 무안군 현경면 가입리,1097,전라남도 무안군
2023-10-24,양파,특,4887500.0,5100.0,678700,경남 합천군 합천읍 합천리 합천군청 ,1140,경상남도 합천군
2019-04-11,양파,특,72900.0,75.0,200140,강원 춘천시 사농동,1001,강원도 춘천시
2023-07-07,양파,특,195000.0,150.0,565000,전라북도 완주군,1107,전라북도 완주군
2025-05-03,양파,보통,52000.0,160.0,561302,전북 전주시 덕진구 송천동2가,1106,전라북도 전주시
2021-07-16,양파,상,2310000.0,3150.0,745150,경북 문경시 공평동,1156,경상북도 문경시
2022-08-19,양파,하,198000.0,360.0,730870,경북 구미시 해평면,1153,경상북도 구미시
2021-05-31,양파,특,391400.0,741.0,717000,경상북도 고령군,1150,경상북도 고령군
2021-06-21,양파,하,27000.0,60.0,740000,경상북도 김천시,1154,경상북도 김천시
2018-05-25,양파,특,220500.0,700.0,641111,경남 창원시 가음동,1124,경상남도 창원시
2021-05-11,양파,보통,423500.0,1540.0,636000,경상남도 의령군,1127,경상남도 의령군
2020-06-29,양파,특,1269500.0,2196.0,534000,전라남도 무안군,1097,전라남도 무안군
2020-06-23,양파,특,184000.0,400.0,740890,경북 김천시 감천면,1154,경상북도 김천시
2019-06-21,양파,보통,161000.0,820.0,536860,전남 해남군 황산면,1098,전라남도 해남군
2019-01-10,양파,특,715000.0,1950.0,579000,전라북도 부안군,1114,전라북도 부안군
2024-12-30,양파,특,1476000.0,1080.0,970000,경상남도 ,1178,경상남도 
2020-09-14,양파,상,10177800.0,12900.0,678000,경상남도 합천군,1140,경상남도 합천군
2023-05-25,양파,특,6495000.0,5625.0,534800,전남 무안군 무안읍,1097,전라남도 무안군
2020-01-04,양파,보통,2200000.0,4000.0,548701,전남 고흥군 도양읍  주공아파트 ,1104,전라남도 고흥군
2019-05-25,양파,특,110000.0,150.0,565900,전북 완주군 봉동읍,1107,전라북도 완주군
2025-05-02,양파,특,3150000.0,3375.0,678000,경상남도 합천군,1140,경상남도 합천군
2024-12-25,양파,특,3276000.0,2700.0,320600,충남 논산시 논산우체국사서함,1022,충청남도 논산시
2020-06-24,양파,하,11829000.0,16950.0,471080,경기 구리시 갈매동,1072,경기도 구리시
2019-10-03,양파,하,4692000.0,10350.0,534841,전남 무안군 현경면 가입리,1097,전라남도 무안군
2019-08-30,양파,특,220000.0,600.0,570930,전북 익산시 여산면,1111,전라북도 익산시
2021-07-14,양파,보통,1267500.0,2925.0,300000,대전광역시 대전 동구,1019,대전광역시
2019-10-24,양파,특,740000.0,2010.0,534840,전남 무안군 현경면,1097,전라남도 무안군
2018-07-31,양파,특,535000.0,500.0,800000,중국,1170,수입산
2025-03-04,양파,보통,1827500.0,1020.0,570000,전라북도 익산시,1111,전라북도 익산시
2018-03-27,양파,특,356400.0,1296.0,770000,경상북도 영천시,1166,경상북도 영천시
2022-09-02,양파,하,9065000.0,10360.0,690000,제주도 제주시,1142,제주특별자치도 제주시
2021-08-25,양파,특,5433000.0,6180.0,534000,전라남도 무안군,1097,전라남도 무안군
2023-07-26,양파,특,270900.0,516.0,534000,전라남도 무안군,1097,전라남도 무안군
2023-10-28,양파,특,5264000.0,3690.0,717000,경상북도 고령군,1150,경상북도 고령군
2019-04-29,양파,상,3246000.0,4920.0,990000,제주도 ,1180,제주도 
2021-06-30,양파,하,35000.0,120.0,357933,충남 태안군 소원면 법산2리,1036,충청남도 태안군
2021-01-04,양파,특,32977500.0,25875.0,579000,전라북도 부안군,1114,전라북도 부안군
2019-06-18,양파,특,120000.0,600.0,548810,전남 고흥군 점암면,1104,전라남도 고흥군
2020-04-30,양파,상,1568000.0,2100.0,471080,경기 구리시 갈매동,1072,경기도 구리시
2023-09-20,양파,특,630000.0,540.0,716800,경북 군위군 군위읍,1149,경상북도 군위군
2018-10-06,양파,상,129500.0,740.0,678000,경상남도 합천군,1140,경상남도 합천군
2024-11-23,양파,특,1822500.0,1125.0,525000,전라남도 함평군,1090,전라남도 함평군
2024-04-27,양파,하,1849200.0,1620.0,534000,전라남도 무안군,1097,전라남도 무안군
2020-07-22,양파,특,44000.0,80.0,350000,충청남도 홍성군,1033,충청남도 홍성군
2019-05-23,양파,상,2108500.0,6020.0,635000,경상남도 창녕군,1126,경상남도 창녕군
2018-06-19,양파,보통,3000.0,20.0,536000,전라남도 해남군,1098,전라남도 해남군
2019-12-17,양파,보통,805000.0,1050.0,579803,전북 부안군 부안읍 동중5리,1114,전라북도 부안군
2025-05-27,양파,상,544000.0,1360.0,529000,전라남도 장흥군,1094,전라남도 장흥군
2024-07-18,양파,보통,7280250.0,14280.0,534000,전라남도 무안군,1097,전라남도 무안군
2022-11-17,양파,특,5600000.0,4200.0,534840,전남 무안군 현경면,1097,전라남도 무안군
2022-11-17,양파,특,9800000.0,10500.0,501011,광주 동구 충장로1가,1083,광주광역시
2021-12-01,양파,상,3120000.0,4000.0,676820,경남 함양군 안의면,1139,경상남도 함양군
2019-04-20,양파,특,1668000.0,2085.0,678820,경남 합천군 초계면,1140,경상남도 합천군
2021-11-05,양파,하,459200.0,615.0,676881,경남 함양군 휴천면 금반리,1139,경상남도 함양군
2022-06-22,양파,특,795600.0,680.0,769000,경상북도 의성군,1165,경상북도 의성군
2019-06-17,양파,상,85500.0,300.0,570931,전북 익산시 여산면 두여리,1111,전라북도 익산시
2025-04-09,양파,보통,34000.0,40.0,635808,경남 창녕군 창녕읍 여초리,1126,경상남도 창녕군
2023-07-05,양파,특,297000.0,270.0,618807,부산 강서구 대저2동1001∼2507,1120,부산광역시
2020-04-23,양파,상,1508000.0,1740.0,699832,제주 남제주군 대정읍 일과리,1145,제주특별자치도 남제주군
2022-01-10,양파,특,16614500.0,30040.0,635800,경남 창녕군 창녕읍,1126,경상남도 창녕군
2019-04-09,양파,하,765000.0,1020.0,526000,전라남도 영암군,1091,전라남도 영암군
2021-05-01,양파,특,1835400.0,2660.0,717000,경상북도 고령군,1150,경상북도 고령군
2023-08-29,양파,특,1400000.0,1000.0,565000,전라북도 완주군,1107,전라북도 완주군
2019-01-08,양파,특,70000.0,100.0,901000,서울특별시 ,1000,서울특별시
2024-06-04,양파,보통,1725000.0,6000.0,565000,전라북도 완주군,1107,전라북도 완주군
2019-10-30,양파,특,1096000.0,2400.0,520810,전남 나주시 노안면,1089,전라남도 나주시
2023-01-07,양파,특,1014000.0,153.0,570600,전북 익산시 익산우체국사서함,1111,전라북도 익산시
2019-06-01,양파,특,9040000.0,20000.0,356844,충남 서산시 음암면 성암리,1035,충청남도 서산시
2025-01-14,양파,보통,570000.0,300.0,745000,경상북도 문경시,1156,경상북도 문경시
2022-02-19,양파,특,1088000.0,3840.0,757000,경상북도 예천군,1159,경상북도 예천군
2019-09-11,양파,보통,1637800.0,3800.0,678810,경남 합천군 율곡면,1140,경상남도 합천군
2020-08-18,양파,특,26924550.0,28845.0,535000,전라남도 신안군,1096,전라남도 신안군
2022-07-04,양파,하,663000.0,975.0,565907,전북 완주군 봉동읍 장기리,1107,전라북도 완주군
2023-08-22,양파,특,228000.0,500.0,565805,전북 완주군 삼례읍 어전리,1107,전라북도 완주군
2020-08-19,양파,특,835600.0,720.0,534000,전라남도 무안군,1097,전라남도 무안군
2021-01-12,양파,상,5460000.0,2600.0,635000,경상남도 창녕군,1126,경상남도 창녕군
2024-04-23,양파,특,3150000.0,2250.0,990000,제주도 ,1180,제주도 
2025-03-25,양파,특,8250000.0,4950.0,718800,경북 칠곡군 왜관읍,1151,경상북도 칠곡군
2018-11-12,양파,특,2730000.0,3150.0,970000,경상남도 ,1178,경상남도 
2023-05-04,양파,특,11700000.0,13500.0,690600,제주 제주시 제주우체국사서함,1142,제주특별자치도 제주시
2019-07-02,양파,특,402800.0,1460.0,539804,전남 진도군 진도읍 산월리,1099,전라남도 진도군
2022-03-23,양파,특,768000.0,960.0,534729,전남 무안군 청계면 도림리 목포대학교 ,1097,전라남도 무안군
2022-01-24,양파,특,13315500.0,24400.0,740000,경상북도 김천시,1154,경상북도 김천시
2025-02-25,양파,특,3834000.0,3600.0,902000,부산광역시 ,1120,부산광역시
2019-08-06,양파,특,863200.0,3320.0,678810,경남 합천군 율곡면,1140,경상남도 합천군
2022-05-20,양파,특,1892000.0,4020.0,717000,경상북도 고령군,1150,경상북도 고령군
2023-06-09,양파,특,180000.0,100.0,565863,전북 완주군 고산면 성재리,1107,전라북도 완주군
2021-02-08,양파,특,63000.0,36.0,138000,서울특별시 송파구,1000,서울특별시
2024-06-21,양파,특,710000.0,1360.0,740000,경상북도 김천시,1154,경상북도 김천시
2025-05-16,양파,특,646000.0,1140.0,561302,전북 전주시 덕진구 송천동2가,1106,전라북도 전주시
2022-06-08,양파,상,2662500.0,2025.0,660000,경상남도 진주시,1133,경상남도 진주시
2019-10-16,양파,상,3250000.0,10000.0,668800,경남 남해군 남해읍,1137,경상남도 남해군
2019-02-18,양파,특,1772000.0,4200.0,469000,경기도 여주군,1071,경기도 여주군
2020-01-14,양파,특,1400000.0,1000.0,745000,경상북도 문경시,1156,경상북도 문경시
2018-04-17,양파,보통,137600.0,817.0,525830,전남 함평군 대동면,1090,전라남도 함평군
2024-03-16,양파,상,1302000.0,930.0,580600,전북 정읍시 정읍우체국사서함,1116,전라북도 정읍시
2020-08-15,양파,특,12802000.0,13840.0,635800,경남 창녕군 창녕읍,1126,경상남도 창녕군
2018-05-14,양파,상,207000.0,780.0,540852,전남 순천시 해룡면 농주리,1100,전라남도 순천시
2020-08-20,양파,특,11600000.0,16000.0,525000,전라남도 함평군,1090,전라남도 함평군
2022-07-04,양파,상,32000.0,30.0,343000,충청남도 당진시,1031,충청남도 당진시
2023-09-12,양파,특,22525800.0,17730.0,597000,전라북도 장수군,1119,전라북도 장수군
2024-06-01,양파,특,63900.0,45.0,561302,전북 전주시 덕진구 송천동2가,1106,전라북도 전주시
2018-12-31,양파,특,357000.0,1050.0,534729,전남 무안군 청계면 도림리 목포대학교 ,1097,전라남도 무안군
2022-04-21,양파,특,7312500.0,19500.0,770000,경상북도 영천시,1166,경상북도 영천시
2023-05-13,양파,하,400000.0,800.0,520840,전남 나주시 남평읍,1089,전라남도 나주시
2023-11-28,양파,하,7922000.0,8160.0,565000,전라북도 완주군,1107,전라북도 완주군
2021-02-25,양파,특,14050500.0,7395.0,716000,경상북도 군위군,1149,경상북도 군위군
2021-08-17,양파,특,144000.0,280.0,320600,충남 논산시 논산우체국사서함,1022,충청남도 논산시
2024-12-04,양파,보통,3840000.0,3600.0,769971,경북 의성군 다인면 가원리,1165,경상북도 의성군
2023-06-13,양파,특,1852500.0,1950.0,565907,전북 완주군 봉동읍 장기리,1107,전라북도 완주군
2021-06-11,양파,특,1656000.0,2400.0,717000,경상북도 고령군,1150,경상북도 고령군
2018-05-03,양파,특,301200.0,480.0,565000,전라북도 완주군,1107,전라북도 완주군
2018-01-08,양파,특,640000.0,1600.0,534802,전남 무안군 무안읍 교촌리,1097,전라남도 무안군
2021-05-15,양파,하,5767500.0,11250.0,471080,경기 구리시 갈매동,1072,경기도 구리시
2024-01-19,양파,상,172200.0,280.0,742010,경북 상주시 남성동,1155,경상북도 상주시
2023-03-22,양파,특,360000.0,180.0,565863,전북 완주군 고산면 성재리,1107,전라북도 완주군
2021-03-25,양파,상,226800.0,324.0,548870,전남 고흥군 두원면,1104,전라남도 고흥군
2024-09-13,양파,특,7920000.0,7200.0,800000,중국,1170,수입산
2018-08-14,양파,보통,309000.0,1780.0,570000,전라북도 익산시,1111,전라북도 익산시
2021-07-09,양파,상,71500.0,260.0,760000,경상북도 안동시,1160,경상북도 안동시
2019-03-12,양파,특,492000.0,1200.0,626210,경남 양산시 교동,1122,경상남도 양산시
2023-05-10,양파,상,336000.0,480.0,656830,경남 거제시 장목면,1132,경상남도 거제시
2020-05-23,양파,보통,180000.0,200.0,668000,경상남도 남해군,1137,경상남도 남해군
2019-03-23,양파,특,1443000.0,2925.0,716000,경상북도 군위군,1149,경상북도 군위군
2023-09-20,양파,특,126000.0,70.0,630000,경상남도 창원시 마산회원구,1124,경상남도 창원시
2018-12-10,양파,특,561000.0,6120.0,534000,전라남도 무안군,1097,전라남도 무안군
2018-12-24,양파,하,2295000.0,9180.0,525000,전라남도 함평군,1090,전라남도 함평군
2021-09-15,양파,특,1680000.0,1600.0,600010,부산 중구 중앙동,1120,부산광역시
2022-03-26,양파,특,364000.0,420.0,791940,경북 포항시 북구 흥해읍,1168,경상북도 포항시
2022-11-08,양파,상,1452000.0,1320.0,612810,부산 해운대구 반여1동1409∼1411,1120,부산광역시
2018-05-11,양파,특,91000.0,133.0,546900,전남 보성군 벌교읍,1103,전라남도 보성군
2018-07-31,양파,특,7868000.0,9450.0,676000,경상남도 함양군,1139,경상남도 함양군
2018-05-26,양파,보통,54600.0,420.0,548850,전남 고흥군 동강면,1104,전라남도 고흥군
2024-05-11,양파,특,1787900.0,1276.0,546900,전남 보성군 벌교읍,1103,전라남도 보성군
2025-02-10,양파,보통,7378000.0,5100.0,525000,전라남도 함평군,1090,전라남도 함평군
2024-11-16,양파,상,205200.0,108.0,678800,경남 합천군 합천읍,1140,경상남도 합천군
2018-05-04,양파,상,375000.0,600.0,656834,경남 거제시 장목면 매동리,1132,경상남도 거제시
2023-05-31,양파,상,842800.0,860.0,760810,경북 안동시 풍천면,1160,경상북도 안동시
2024-10-05,양파,보통,9600000.0,9000.0,800000,중국,1170,수입산
2024-02-16,양파,특,1260000.0,700.0,464000,경기도 광주시,1068,경기도 광주시
2021-12-20,양파,특,4225000.0,3250.0,482000,경기도 양주시,1077,경기도 양주시
2022-02-19,양파,특,500000.0,1000.0,534000,전라남도 무안군,1097,전라남도 무안군
2021-06-21,양파,특,544390.0,210.0,200140,강원 춘천시 사농동,1001,강원도 춘천시
2020-03-19,양파,특,4018500.0,4275.0,534833,전남 무안군 청계면 남안리,1097,전라남도 무안군
2025-05-01,양파,상,6507500.0,6747.0,548000,전라남도 고흥군,1104,전라남도 고흥군
2018-05-30,양파,보통,187000.0,1020.0,534811,전남 무안군 몽탄면 구산리,1097,전라남도 무안군
2024-06-06,양파,특,64000.0,80.0,340000,충청남도 예산군,1030,충청남도 예산군
2023-01-31,양파,특,8085000.0,6750.0,535000,전라남도 신안군,1096,전라남도 신안군
2021-01-04,양파,특,7710000.0,6300.0,740600,경북 김천시 김천우체국사서함,1154,경상북도 김천시
2019-05-16,양파,상,1765600.0,3880.0,656040,경남 거제시 마전동,1132,경상남도 거제시
2018-02-22,양파,특,900000.0,600.0,570130,전북 익산시 목천동,1111,전라북도 익산시
2021-12-30,양파,보통,5606700.0,5940.0,525000,전라남도 함평군,1090,전라남도 함평군
2025-01-17,양파,특,4284000.0,3600.0,800000,중국,1170,수입산
2020-12-28,양파,보통,3135400.0,2360.0,770000,경상북도 영천시,1166,경상북도 영천시
2024-04-16,양파,특,282000.0,705.0,627834,경남 밀양시 산내면 송백리,1123,경상남도 밀양시
2020-11-25,양파,상,8786000.0,7640.0,635000,경상남도 창녕군,1126,경상남도 창녕군
2024-05-29,양파,특,5960800.0,14232.0,534000,전라남도 무안군,1097,전라남도 무안군
2019-06-06,양파,특,33000.0,132.0,534000,전라남도 무안군,1097,전라남도 무안군
2023-05-26,양파,상,4800000.0,4000.0,636930,경남 의령군 유곡면,1127,경상남도 의령군
2021-10-25,양파,특,4988000.0,5860.0,525805,전남 함평군 함평읍 만흥리,1090,전라남도 함평군
2025-04-07,양파,특,7855400.0,9765.0,534000,전라남도 무안군,1097,전라남도 무안군
2025-03-26,양파,특,1335000.0,1125.0,800000,중국,1170,수입산
2024-07-27,양파,특,4386000.0,6120.0,535000,전라남도 신안군,1096,전라남도 신안군
2023-07-11,양파,하,7500000.0,5625.0,232000,강원도 평창군,1011,강원도 평창군
2024-04-02,양파,특,4720500.0,3671.5,600010,부산 중구 중앙동,1120,부산광역시
2021-04-03,양파,특,76000.0,60.0,791940,경북 포항시 북구 흥해읍,1168,경상북도 포항시
2020-01-08,양파,하,680600.0,996.0,525000,전라남도 함평군,1090,전라남도 함평군
2022-03-07,양파,특,42000.0,60.0,791940,경북 포항시 북구 흥해읍,1168,경상북도 포항시
2024-10-10,양파,특,2170300.0,2340.0,717000,경상북도 고령군,1150,경상북도 고령군
2022-10-27,양파,특,25075000.0,17000.0,716000,경상북도 군위군,1149,경상북도 군위군
2025-02-27,양파,특,7125000.0,4500.0,534000,전라남도 무안군,1097,전라남도 무안군
2024-02-22,양파,특,20673750.0,15750.0,357000,충청남도 태안군,1036,충청남도 태안군
2022-09-03,양파,하,16000.0,20.0,526000,전라남도 영암군,1091,전라남도 영암군
2022-12-24,양파,상,642000.0,480.0,469800,경기 여주군 여주읍,1071,경기도 여주군
2022-03-29,양파,특,383500.0,975.0,901000,서울특별시 ,1000,서울특별시
2024-09-11,양파,특,31571400.0,26685.0,534000,전라남도 무안군,1097,전라남도 무안군
2019-01-07,양파,상,1559000.0,3000.0,730370,경북 구미시 거의동,1153,경상북도 구미시
2022-07-06,양파,보통,1657600.0,1776.0,525000,전라남도 함평군,1090,전라남도 함평군
2021-05-22,양파,보통,100000.0,200.0,534729,전남 무안군 청계면 도림리 목포대학교 ,1097,전라남도 무안군
2022-08-30,양파,하,4218000.0,3330.0,534841,전남 무안군 현경면 가입리,1097,전라남도 무안군
2019-08-20,양파,상,264000.0,600.0,716820,경북 군위군 효령면,1149,경상북도 군위군
2023-01-28,양파,특,3384500.0,2440.0,635820,경남 창녕군 대지면,1126,경상남도 창녕군
2020-08-22,양파,특,877800.0,1580.0,561302,전북 전주시 덕진구 송천동2가,1106,전라북도 전주시
2022-05-24,양파,상,3849600.0,8020.0,612810,부산 해운대구 반여1동1409∼1411,1120,부산광역시
2020-05-12,양파,보통,770400.0,2097.2,711000,대구광역시 달성군,1146,대구광역시
2019-03-16,양파,특,638400.0,1120.0,580000,전라북도 정읍시,1116,전라북도 정읍시
2021-12-10,양파,상,1689600.0,2560.0,717000,경상북도 고령군,1150,경상북도 고령군
2020-02-20,양파,보통,45000.0,180.0,678000,경상남도 합천군,1140,경상남도 합천군
2019-11-06,양파,하,1520000.0,1900.0,526000,전라남도 영암군,1091,전라남도 영암군
2020-03-28,양파,보통,1014000.0,975.0,699833,제주 남제주군 대정읍 신도리,1145,제주특별자치도 남제주군
2018-12-26,양파,보통,373120.0,480.0,410340,경기 고양시 일산동구 산황동,1050,경기도 고양시
2022-10-29,양파,특,1054000.0,1020.0,356000,충청남도 서산시,1035,충청남도 서산시
2025-01-17,양파,특,6821000.0,7000.5,716000,경상북도 군위군,1149,경상북도 군위군
2021-10-02,양파,하,3006600.0,4704.0,525000,전라남도 함평군,1090,전라남도 함평군
2023-05-11,양파,특,2058000.0,1470.0,579000,전라북도 부안군,1114,전라북도 부안군
2023-05-23,양파,특,2064000.0,1920.0,641600,경남 창원시 창원우체국사서함,1124,경상남도 창원시
2021-01-27,양파,특,144000.0,60.0,630000,경상남도 창원시 마산회원구,1124,경상남도 창원시
2023-11-06,양파,특,1235000.0,975.0,565907,전북 완주군 봉동읍 장기리,1107,전라북도 완주군
2018-03-13,양파,특,1420000.0,1800.0,570130,전북 익산시 목천동,1111,전라북도 익산시
2021-05-04,양파,특,2604000.0,4340.0,548931,전남 고흥군 금산면 대흥리,1104,전라남도 고흥군
2019-08-06,양파,특,351200.0,2592.0,750000,경상북도 영주시,1157,경상북도 영주시
2024-08-19,양파,상,519000.0,1080.0,645000,경상남도 진해시,1130,경상남도 진해시
2022-03-04,양파,보통,1689600.0,5760.0,356000,충청남도 서산시,1035,충청남도 서산시
2024-04-18,양파,특,1607500.0,1180.0,678000,경상남도 합천군,1140,경상남도 합천군
2022-05-21,양파,보통,253800.0,648.0,502153,광주 서구 매월동,1083,광주광역시
2022-02-12,양파,특,700000.0,2772.0,770000,경상북도 영천시,1166,경상북도 영천시
2018-12-19,양파,상,634500.0,2820.0,717000,경상북도 고령군,1150,경상북도 고령군
2021-07-05,양파,보통,69000.0,120.0,716800,경북 군위군 군위읍,1149,경상북도 군위군
2024-03-29,양파,특,3842000.0,2040.0,534000,전라남도 무안군,1097,전라남도 무안군
2021-01-13,양파,특,10976000.0,7840.0,800000,뉴질랜드,1170,수입산
2023-08-08,양파,특,63000.0,135.0,534804,전남 무안군 무안읍 성동리,1097,전라남도 무안군
2023-08-01,양파,특,19552000.0,17580.0,678800,경남 합천군 합천읍,1140,경상남도 합천군
2019-04-16,양파,특,22220.0,20.0,200140,강원 춘천시 사농동,1001,강원도 춘천시
2024-05-09,양파,특,4704000.0,4200.0,534000,전라남도 무안군,1097,전라남도 무안군
2020-10-21,양파,특,63000.0,48.0,138701,서울 송파구 가락1동  가락농수산물시장 ,1000,서울특별시
2022-05-24,양파,특,11242600.0,18000.0,525000,전라남도 함평군,1090,전라남도 함평군
2025-05-08,양파,특,750000.0,500.0,565805,전북 완주군 삼례읍 어전리,1107,전라북도 완주군
2019-04-06,양파,특,7156500.0,7340.0,534000,전라남도 무안군,1097,전라남도 무안군
2018-04-18,양파,보통,11803300.0,16185.0,690000,제주도 제주시,1142,제주특별자치도 제주시
2020-05-08,양파,상,2558400.0,3280.0,534870,전남 무안군 해제면,1097,전라남도 무안군
2024-04-09,양파,특,1466250.0,1125.0,680010,울산 남구 신정동,1141,울산광역시
2018-04-25,양파,특,1625000.0,2340.0,516810,전남 곡성군 고달면,1086,전라남도 곡성군
2023-12-29,양파,특,8820000.0,12285.0,635000,경상남도 창녕군,1126,경상남도 창녕군
2021-10-16,양파,상,1345000.0,1640.0,525805,전남 함평군 함평읍 만흥리,1090,전라남도 함평군
2019-03-05,양파,특,2405000.0,3000.0,535000,전라남도 신안군,1096,전라남도 신안군
2020-07-17,양파,상,307200.0,640.0,678000,경상남도 합천군,1140,경상남도 합천군
2024-05-16,양파,특,332000.0,195.0,901000,서울특별시 ,1000,서울특별시
2024-09-30,양파,특,1237500.0,1100.0,716800,경북 군위군 군위읍,1149,경상북도 군위군
2021-07-10,양파,상,2081400.0,3600.0,717000,경상북도 고령군,1150,경상북도 고령군
2025-03-18,양파,보통,1785000.0,1020.0,534850,전남 무안군 망운면,1097,전라남도 무안군
2019-07-30,양파,하,3753300.0,9780.0,534841,전남 무안군 현경면 가입리,1097,전라남도 무안군
2019-04-20,양파,특,85000.0,75.0,630000,경상남도 창원시 마산회원구,1124,경상남도 창원시
2024-11-07,양파,특,200000.0,100.0,641111,경남 창원시 가음동,1124,경상남도 창원시
2021-01-21,양파,보통,3842000.0,2040.0,676000,경상남도 함양군,1139,경상남도 함양군
2022-12-08,양파,하,770000.0,1100.0,712600,경북 경산시 경산우체국사서함,1147,경상북도 경산시
2018-04-13,양파,특,1200000.0,1200.0,534834,전남 무안군 청계면 도림리,1097,전라남도 무안군
2020-09-04,양파,특,8449000.0,9940.0,740600,경북 김천시 김천우체국사서함,1154,경상북도 김천시
2022-06-18,양파,보통,318500.0,955.5,678000,경상남도 합천군,1140,경상남도 합천군
2019-05-08,양파,특,8820000.0,15750.0,770852,경북 영천시 화산면 당지리,1166,경상북도 영천시
2020-02-18,양파,특,1080000.0,1080.0,534841,전남 무안군 현경면 가입리,1097,전라남도 무안군
2018-06-18,양파,특,2383500.0,8120.0,534874,전남 무안군 해제면 신정리,1097,전라남도 무안군
2023-06-24,양파,특,252000.0,240.0,590951,전북 남원시 금지면 귀석리,1117,전라북도 남원시
2021-09-06,양파,상,182000.0,280.0,676832,경남 함양군 서하면 송계리,1139,경상남도 함양군
2024-01-12,양파,특,9477500.0,9180.0,445920,경기 화성시 향남읍,1063,경기도 화성시
2023-11-27,양파,하,2165100.0,3948.0,525000,전라남도 함평군,1090,전라남도 함평군
2023-06-16,양파,상,1250000.0,2000.0,903000,대구광역시 ,1146,대구광역시
2021-05-05,양파,특,4900000.0,7350.0,745000,경상북도 문경시,1156,경상북도 문경시
2024-05-15,양파,하,420000.0,600.0,621000,경상남도 김해시,1121,경상남도 김해시
2019-03-30,양파,특,6720000.0,16000.0,138701,서울 송파구 가락1동  가락농수산물시장 ,1000,서울특별시
2022-03-08,양파,특,6240000.0,13440.0,635920,경남 창녕군 계성면,1126,경상남도 창녕군
2024-06-08,양파,특,10448750.0,9750.0,666000,경상남도 산청군,1135,경상남도 산청군
2023-01-07,양파,보통,9688000.0,7350.0,970000,경상남도 ,1178,경상남도 
2022-08-10,양파,특,731600.0,930.0,534000,전라남도 무안군,1097,전라남도 무안군
2021-05-22,양파,상,585000.0,975.0,565920,전북 완주군 경천면,1107,전라북도 완주군
2025-04-02,양파,보통,8287500.0,6120.0,534000,전라남도 무안군,1097,전라남도 무안군
2021-02-02,양파,보통,4480000.0,2100.0,745852,경북 문경시 영순면 김용리,1156,경상북도 문경시
2018-03-29,양파,특,66000.0,45.0,138000,서울특별시 송파구,1000,서울특별시
2018-05-21,양파,특,199500.0,210.0,901000,서울특별시 ,1000,서울특별시
2023-02-16,양파,특,4452000.0,3150.0,678700,경남 합천군 합천읍 합천리 합천군청 ,1140,경상남도 합천군
2018-10-13,양파,상,54000.0,120.0,716800,경북 군위군 군위읍,1149,경상북도 군위군
2019-11-12,양파,특,682500.0,1050.0,456000,경기도 안성시,1067,경기도 안성시
2021-06-18,양파,하,76500.0,340.0,546900,전남 보성군 벌교읍,1103,전라남도 보성군
2018-11-21,양파,특,78000.0,260.0,545850,전남 광양시 진월면,1102,전라남도 광양시
2019-06-07,양파,특,71400.0,90.0,138701,서울 송파구 가락1동  가락농수산물시장 ,1000,서울특별시
2020-05-06,양파,특,21665000.0,26250.0,525800,전남 함평군 함평읍,1090,전라남도 함평군
2025-04-07,양파,보통,45000.0,40.0,534840,전남 무안군 현경면,1097,전라남도 무안군
2024-07-19,양파,특,1566000.0,2106.0,716000,경상북도 군위군,1149,경상북도 군위군
2023-06-17,양파,하,952000.0,1020.0,534000,전라남도 무안군,1097,전라남도 무안군
2021-04-20,양파,상,38000.0,16.0,500010,광주 북구 임동,1083,광주광역시
2022-05-20,양파,보통,19777500.0,37125.0,534000,전라남도 무안군,1097,전라남도 무안군
2023-10-24,양파,상,10000.0,10.0,641111,경남 창원시 가음동,1124,경상남도 창원시
2021-12-08,양파,특,9450000.0,12600.0,712701,경북 경산시 하양읍  경일대학교 ,1147,경상북도 경산시
2018-07-11,양파,특,180000.0,200.0,138000,서울특별시 송파구,1000,서울특별시
2020-05-07,양파,특,1305000.0,1800.0,546900,전남 보성군 벌교읍,1103,전라남도 보성군
2018-11-14,양파,특,2940000.0,4200.0,678000,경상남도 합천군,1140,경상남도 합천군
2019-05-07,양파,보통,547400.0,680.0,902000,부산광역시 ,1120,부산광역시
2025-03-06,양파,하,8143000.0,4080.0,534000,전라남도 무안군,1097,전라남도 무안군
2025-01-16,양파,특,2220000.0,1800.0,800000,중국,1170,수입산
2024-10-30,양파,특,10065000.0,8730.0,676000,경상남도 함양군,1139,경상남도 함양군
2022-09-22,양파,특,1861600.0,1320.0,561302,전북 전주시 덕진구 송천동2가,1106,전라북도 전주시
2022-08-11,양파,하,32000.0,40.0,526000,전라남도 영암군,1091,전라남도 영암군
2024-03-01,양파,하,9007500.0,9000.0,666000,경상남도 산청군,1135,경상남도 산청군
2023-11-24,양파,특,2116800.0,2160.0,525000,전라남도 함평군,1090,전라남도 함평군
2023-10-20,양파,상,2820000.0,3120.0,711000,대구광역시 달성군,1146,대구광역시
2018-09-08,양파,특,325600.0,440.0,565860,전북 완주군 고산면,1107,전라북도 완주군
2020-06-15,양파,보통,165000.0,440.0,635000,경상남도 창녕군,1126,경상남도 창녕군
2023-06-24,양파,특,32000.0,160.0,536000,전라남도 해남군,1098,전라남도 해남군
2023-06-15,양파,보통,1123500.0,2086.5,635000,경상남도 창녕군,1126,경상남도 창녕군
2020-05-19,양파,보통,231200.0,336.6,550000,전라남도 여수시,1105,전라남도 여수시
2022-03-04,양파,특,4500000.0,13500.0,500070,광주 북구 용봉동,1083,광주광역시
2018-04-25,양파,특,2108000.0,2480.0,717820,경북 고령군 우곡면,1150,경상북도 고령군
2020-07-29,양파,특,1245000.0,1500.0,769800,경북 의성군 의성읍,1165,경상북도 의성군
2019-04-04,양파,특,1507500.0,1340.0,502153,광주 서구 매월동,1083,광주광역시
2022-06-23,양파,상,72000.0,60.0,716830,경북 군위군 부계면,1149,경상북도 군위군
2022-10-12,양파,특,12500.0,5.0,901000,서울특별시 ,1000,서울특별시
2019-07-22,양파,특,1903800.0,5400.0,500801,광주 북구 각화동380∼800,1083,광주광역시
2025-02-12,양파,보통,5720000.0,4400.0,635000,경상남도 창녕군,1126,경상남도 창녕군
2018-01-04,양파,특,19350000.0,18000.0,461000,경기도 성남시,1060,경기도 성남시
2021-11-30,양파,특,2784600.0,3480.0,626210,경남 양산시 교동,1122,경상남도 양산시
2018-09-06,양파,특,11102000.0,15000.0,635810,경남 창녕군 유어면,1126,경상남도 창녕군
2019-03-23,양파,보통,156000.0,480.0,769000,경상북도 의성군,1165,경상북도 의성군
2023-03-20,양파,특,3356800.0,2880.0,770000,경상북도 영천시,1166,경상북도 영천시
2024-12-06,양파,보통,1845480.0,1470.0,901000,서울특별시 ,1000,서울특별시
2022-05-28,양파,특,1050000.0,1500.0,902000,부산광역시 ,1120,부산광역시
2020-01-22,양파,특,326800.0,285.0,200140,강원 춘천시 사농동,1001,강원도 춘천시
2020-06-10,양파,특,3360000.0,6300.0,745852,경북 문경시 영순면 김용리,1156,경상북도 문경시
2020-08-11,양파,하,4657500.0,5175.0,534841,전남 무안군 현경면 가입리,1097,전라남도 무안군
2021-04-16,양파,특,12600000.0,10800.0,800000,중국,1170,수입산
2019-12-27,양파,보통,703800.0,828.0,585000,전라북도 고창군,1115,전라북도 고창군
2021-05-07,양파,보통,121500.0,540.0,627110,경남 밀양시 가곡동,1123,경상남도 밀양시
2019-12-27,양파,특,559000.0,1950.0,534000,전라남도 무안군,1097,전라남도 무안군
2020-09-25,양파,특,15427500.0,14625.0,534000,전라남도 무안군,1097,전라남도 무안군
2018-10-16,양파,보통,83800.0,198.0,561302,전북 전주시 덕진구 송천동2가,1106,전라북도 전주시
2019-05-20,양파,특,2990800.0,7680.0,534860,전남 무안군 운남면,1097,전라남도 무안군
2018-07-20,양파,상,280000.0,560.0,580010,전북 정읍시 수성동,1116,전라북도 정읍시
2020-08-24,양파,보통,754800.0,4080.0,678000,경상남도 합천군,1140,경상남도 합천군
2019-07-08,양파,상,162400.0,580.0,320850,충남 논산시 양촌면,1022,충청남도 논산시
2024-07-22,양파,특,3600000.0,4000.0,903000,대구광역시 ,1146,대구광역시
2023-04-20,양파,특,7480000.0,7140.0,548000,전라남도 고흥군,1104,전라남도 고흥군
2023-06-20,양파,보통,15000.0,20.0,636800,경남 의령군 의령읍,1127,경상남도 의령군
2024-01-31,양파,특,4136000.0,4000.0,530090,전남 목포시 경동,1095,전라남도 목포시
2020-07-10,양파,하,10000.0,40.0,529860,전남 장흥군 용산면,1094,전라남도 장흥군
2019-04-25,양파,특,450000.0,750.0,534841,전남 무안군 현경면 가입리,1097,전라남도 무안군
2024-12-26,양파,하,14237000.0,14440.0,635000,경상남도 창녕군,1126,경상남도 창녕군
2023-07-07,양파,하,807500.0,2040.0,534000,전라남도 무안군,1097,전라남도 무안군
2024-11-20,양파,상,9528500.0,7140.0,676823,경남 함양군 안의면 금천리,1139,경상남도 함양군
2018-04-18,양파,하,1365000.0,1950.0,534841,전남 무안군 현경면 가입리,1097,전라남도 무안군
2020-01-20,양파,특,800000.0,2000.0,534000,전라남도 무안군,1097,전라남도 무안군
2021-04-14,양파,특,4020500.0,5100.0,548000,전라남도 고흥군,1104,전라남도 고흥군
2021-07-08,양파,특,18693300.0,23610.0,534000,전라남도 무안군,1097,전라남도 무안군
2018-01-19,양파,특,912000.0,960.0,534000,전라남도 무안군,1097,전라남도 무안군
2019-11-23,양파,특,292000.0,960.0,534000,전라남도 무안군,1097,전라남도 무안군
2024-02-29,양파,상,8050000.0,5250.0,618807,부산 강서구 대저2동1001∼2507,1120,부산광역시
2020-06-24,양파,특,5418000.0,12520.0,502153,광주 서구 매월동,1083,광주광역시
2020-06-18,양파,특,1032000.0,1800.0,356600,충남 서산시 서산우체국사서함,1035,충청남도 서산시
2020-06-13,양파,특,524400.0,1520.0,757883,경북 예천군 호명면 오천리,1159,경상북도 예천군
2023-08-16,양파,특,1500000.0,1125.0,534000,전라남도 무안군,1097,전라남도 무안군
2025-04-30,양파,특,5148000.0,5400.0,990000,제주도 ,1180,제주도 
2019-04-20,양파,보통,45000.0,60.0,138000,서울특별시 송파구,1000,서울특별시
2024-10-02,양파,보통,2691000.0,1920.0,902000,부산광역시 ,1120,부산광역시
2025-03-10,양파,특,1820000.0,1050.0,536804,전남 해남군 해남읍 기동리,1098,전라남도 해남군
2018-05-08,양파,보통,3400000.0,5685.0,690031,제주 제주시 삼도1동,1142,제주특별자치도 제주시
2024-10-04,양파,특,6390000.0,5625.0,534000,전라남도 무안군,1097,전라남도 무안군
2018-05-04,양파,상,675000.0,1500.0,555010,전남 여수시 학동,1105,전라남도 여수시
2018-12-12,양파,보통,3111000.0,11220.0,525000,전라남도 함평군,1090,전라남도 함평군
2022-02-08,양파,보통,640000.0,1600.0,600010,부산 중구 중앙동,1120,부산광역시
2023-05-23,양파,상,1300000.0,1300.0,678800,경남 합천군 합천읍,1140,경상남도 합천군
2021-07-26,양파,특,314500.0,960.0,565000,전라북도 완주군,1107,전라북도 완주군
2023-07-01,양파,상,28000.0,38.0,500120,광주 북구 각화동,1083,광주광역시
2021-01-18,양파,특,7280000.0,4200.0,745000,경상북도 문경시,1156,경상북도 문경시
2018-05-04,양파,상,1260000.0,1840.0,585800,전북 고창군 고창읍,1115,전라북도 고창군
2018-05-04,양파,특,911800.0,1940.0,548930,전남 고흥군 금산면,1104,전라남도 고흥군
2020-04-08,양파,특,2400000.0,4000.0,635000,경상남도 창녕군,1126,경상남도 창녕군
2024-04-27,양파,특,702000.0,450.0,902000,부산광역시 ,1120,부산광역시
2024-12-25,양파,보통,198000.0,440.0,534729,전남 무안군 청계면 도림리 목포대학교 ,1097,전라남도 무안군
2021-08-14,양파,특,1127000.0,1960.0,714000,경상북도 청도군,1148,경상북도 청도군
2024-02-16,양파,특,12750000.0,11250.0,678700,경남 합천군 합천읍 합천리 합천군청 ,1140,경상남도 합천군
2024-09-25,양파,특,487500.0,1125.0,901000,서울특별시 ,1000,서울특별시
2023-06-02,양파,특,1656000.0,1440.0,525805,전남 함평군 함평읍 만흥리,1090,전라남도 함평군
2018-09-13,양파,특,650000.0,750.0,565000,전라북도 완주군,1107,전라북도 완주군
2025-05-24,양파,특,649000.0,1180.0,711000,대구광역시 달성군,1146,대구광역시
2023-12-02,양파,하,6018000.0,7140.0,565000,전라북도 완주군,1107,전라북도 완주군
2022-07-02,양파,하,743400.0,3540.0,678000,경상남도 합천군,1140,경상남도 합천군
2019-11-29,양파,특,1080000.0,1200.0,456000,경기도 안성시,1067,경기도 안성시
2025-04-22,양파,하,3645000.0,3375.0,548000,전라남도 고흥군,1104,전라남도 고흥군
2022-01-10,양파,특,34400.0,80.0,627834,경남 밀양시 산내면 송백리,1123,경상남도 밀양시
2024-04-09,양파,특,84840.0,30.0,200140,강원 춘천시 사농동,1001,강원도 춘천시
2022-06-06,양파,특,131000.0,240.0,641111,경남 창원시 가음동,1124,경상남도 창원시
2019-08-22,양파,보통,5536300.0,14380.0,711000,대구광역시 달성군,1146,대구광역시
2018-05-23,양파,상,7270000.0,15200.0,902000,부산광역시 ,1120,부산광역시
2024-07-24,양파,특,1237470.0,2004.0,534850,전남 무안군 망운면,1097,전라남도 무안군
2023-04-22,양파,보통,514500.0,735.0,990000,제주도 ,1180,제주도 
2020-06-09,양파,특,1258000.0,2960.0,636940,경남 의령군 궁류면,1127,경상남도 의령군
2019-08-10,양파,상,10000.0,40.0,635000,경상남도 창녕군,1126,경상남도 창녕군
2025-03-08,양파,하,1332500.0,975.0,800000,중국,1170,수입산
2025-04-08,양파,하,1743000.0,996.0,525000,전라남도 함평군,1090,전라남도 함평군
2020-09-16,양파,특,27475000.0,26775.0,525800,전남 함평군 함평읍,1090,전라남도 함평군
2023-05-31,양파,특,2790000.0,2660.0,641465,경남 창원시 팔용동,1124,경상남도 창원시
2019-02-15,양파,상,665000.0,1050.0,456931,경기 안성시 양성면 구장리,1067,경기도 안성시
2020-06-16,양파,보통,16000.0,80.0,904000,대전광역시 ,1019,대전광역시
2023-04-03,양파,특,52000.0,156.0,534000,전라남도 무안군,1097,전라남도 무안군
2020-05-27,양파,특,2129400.0,3276.0,579856,전북 부안군 변산면 중산리,1114,전라북도 부안군
2024-05-31,양파,특,30780000.0,28125.0,534000,전라남도 무안군,1097,전라남도 무안군
2020-02-24,양파,특,3960000.0,3375.0,534833,전남 무안군 청계면 남안리,1097,전라남도 무안군
2024-04-26,양파,상,46500.0,16.0,500010,광주 북구 임동,1083,광주광역시
2021-05-06,양파,보통,1332000.0,2800.0,534830,전남 무안군 청계면,1097,전라남도 무안군
2020-08-21,양파,특,79000.0,72.0,343000,충청남도 당진시,1031,충청남도 당진시
2022-02-15,양파,특,2511600.0,5980.0,635000,경상남도 창녕군,1126,경상남도 창녕군
2021-07-24,양파,하,2772000.0,5250.0,750000,경상북도 영주시,1157,경상북도 영주시
2020-03-24,양파,특,1085000.0,1050.0,579000,전라북도 부안군,1114,전라북도 부안군
2024-09-28,양파,보통,174000.0,348.0,566921,전북 임실군 지사면 계산리,1108,전라북도 임실군
2023-05-15,양파,특,1200000.0,1125.0,534841,전남 무안군 현경면 가입리,1097,전라남도 무안군
2019-04-10,양파,하,850000.0,2000.0,534000,전라남도 무안군,1097,전라남도 무안군
2024-08-06,양파,상,22500.0,12.5,534729,전남 무안군 청계면 도림리 목포대학교 ,1097,전라남도 무안군
2021-06-21,양파,상,308000.0,560.0,742010,경북 상주시 남성동,1155,경상북도 상주시
2021-11-25,양파,특,104850.0,75.0,138160,서울 송파구 가락동,1000,서울특별시
2024-04-15,양파,상,13599800.0,10530.0,548931,전남 고흥군 금산면 대흥리,1104,전라남도 고흥군
2024-12-31,양파,하,4620000.0,4000.0,635000,경상남도 창녕군,1126,경상남도 창녕군
2018-12-17,양파,특,1321000.0,2400.0,618807,부산 강서구 대저2동1001∼2507,1120,부산광역시
2022-05-03,양파,하,30000.0,120.0,903000,대구광역시 ,1146,대구광역시
2022-03-22,양파,특,672700.0,4140.0,641465,경남 창원시 팔용동,1124,경상남도 창원시
2024-09-14,양파,특,18000.0,10.0,330600,충남 천안시 동남구 천안우체국사서함,1026,충청남도 천안시
2021-12-02,양파,특,870000.0,1200.0,635822,경남 창녕군 대지면 모산리,1126,경상남도 창녕군
2019-09-03,양파,특,14599000.0,31695.0,534000,전라남도 무안군,1097,전라남도 무안군
2023-10-25,양파,특,3808000.0,4080.0,534000,전라남도 무안군,1097,전라남도 무안군
2024-06-07,양파,특,595000.0,1020.0,534800,전남 무안군 무안읍,1097,전라남도 무안군
2022-04-26,양파,특,1198400.0,2140.0,690600,제주 제주시 제주우체국사서함,1142,제주특별자치도 제주시
2022-03-11,양파,상,2160000.0,6750.0,525820,전남 함평군 엄다면,1090,전라남도 함평군
2018-10-10,양파,특,8890000.0,14000.0,676820,경남 함양군 안의면,1139,경상남도 함양군
2020-08-06,양파,보통,39900.0,140.0,678000,경상남도 합천군,1140,경상남도 합천군
2022-05-11,양파,특,3900000.0,9000.0,548931,전남 고흥군 금산면 대흥리,1104,전라남도 고흥군
2021-01-28,양파,하,7905600.0,3816.0,525000,전라남도 함평군,1090,전라남도 함평군
2022-05-18,양파,특,700000.0,1120.0,529900,전남 장흥군 대덕읍,1094,전라남도 장흥군
2018-12-27,양파,특,11690000.0,15750.0,525800,전남 함평군 함평읍,1090,전라남도 함평군
2020-10-31,양파,특,17700.0,12.5,200140,강원 춘천시 사농동,1001,강원도 춘천시
2019-04-23,양파,특,4564400.0,8370.0,706820,대구 수성구 범어2동147∼188,1146,대구광역시
2025-03-13,양파,특,1870000.0,2440.0,548870,전남 고흥군 두원면,1104,전라남도 고흥군
2023-08-25,양파,특,13300000.0,14000.0,676000,경상남도 함양군,1139,경상남도 함양군
2023-01-10,양파,보통,1360000.0,800.0,717000,경상북도 고령군,1150,경상북도 고령군
2022-12-15,양파,특,2070400.0,3240.0,534000,전라남도 무안군,1097,전라남도 무안군
2024-09-23,양파,특,44000.0,10.0,901000,서울특별시 ,1000,서울특별시
2020-12-08,양파,특,2373600.0,1656.0,526000,전라남도 영암군,1091,전라남도 영암군
2025-04-21,양파,하,3570000.0,3060.0,548000,전라남도 고흥군,1104,전라남도 고흥군
2019-05-17,양파,하,56100.0,220.0,210000,강원도 강릉시,1004,강원도 강릉시
2022-06-15,양파,보통,960000.0,800.0,711000,대구광역시 달성군,1146,대구광역시
2023-03-30,양파,상,2070000.0,1350.0,697000,제주도 서귀포시,1144,제주특별자치도 서귀포시
2019-07-01,양파,하,1001000.0,3080.0,678000,경상남도 합천군,1140,경상남도 합천군
2024-05-11,양파,상,53000.0,30.0,500010,광주 북구 임동,1083,광주광역시
2022-10-15,양파,보통,447950.0,920.0,906000,광주광역시 ,1083,광주광역시
2019-09-06,양파,특,645000.0,2840.0,539804,전남 진도군 진도읍 산월리,1099,전라남도 진도군
2024-03-20,양파,보통,1260000.0,450.0,745000,경상북도 문경시,1156,경상북도 문경시
2022-01-24,양파,특,351000.0,780.0,760600,경북 안동시 안동우체국사서함,1160,경상북도 안동시
2019-12-11,양파,특,29276800.0,42855.0,534000,전라남도 무안군,1097,전라남도 무안군
2018-01-11,양파,특,15050000.0,14000.0,712701,경북 경산시 하양읍  경일대학교 ,1147,경상북도 경산시
2018-07-30,양파,상,170000.0,1360.0,535920,전남 신안군 장산면,1096,전라남도 신안군
2020-03-05,양파,특,12496000.0,15620.0,704000,대구광역시 달서구,1146,대구광역시
2021-11-16,양파,보통,1503200.0,1680.0,635000,경상남도 창녕군,1126,경상남도 창녕군
2024-08-29,양파,보통,16761600.0,17280.0,579000,전라북도 부안군,1114,전라북도 부안군
2018-06-20,양파,상,148500.0,540.0,641600,경남 창원시 창원우체국사서함,1124,경상남도 창원시
2018-06-14,양파,하,1216000.0,2280.0,534000,전라남도 무안군,1097,전라남도 무안군
2022-10-05,양파,보통,4530500.0,5100.0,534000,전라남도 무안군,1097,전라남도 무안군
2018-02-23,양파,특,3075000.0,4000.0,536890,전남 해남군 화산면,1098,전라남도 해남군
2023-02-16,양파,보통,2958000.0,2040.0,597000,전라북도 장수군,1119,전라북도 장수군
2025-05-31,양파,특,1157000.0,1940.0,534729,전남 무안군 청계면 도림리 목포대학교 ,1097,전라남도 무안군
2022-01-28,양파,특,1640000.0,2400.0,717000,경상북도 고령군,1150,경상북도 고령군
2019-06-13,양파,보통,174000.0,696.0,534834,전남 무안군 청계면 도림리,1097,전라남도 무안군
2020-04-09,양파,특,876800.0,960.0,990000,제주도 ,1180,제주도 
2018-03-06,양파,보통,8400000.0,8000.0,600010,부산 중구 중앙동,1120,부산광역시
2018-12-13,양파,특,7250000.0,13552.5,903000,대구광역시 ,1146,대구광역시
2018-01-13,양파,특,9835000.0,11000.0,716000,경상북도 군위군,1149,경상북도 군위군
2024-02-21,양파,특,1652000.0,2100.0,534000,전라남도 무안군,1097,전라남도 무안군
2019-10-11,양파,특,460000.0,2300.0,678000,경상남도 합천군,1140,경상남도 합천군
2018-11-27,양파,하,5565000.0,7875.0,525000,전라남도 함평군,1090,전라남도 함평군
2025-05-16,양파,보통,1260000.0,1800.0,356000,충청남도 서산시,1035,충청남도 서산시
2024-07-17,양파,상,1000000.0,750.0,534729,전남 무안군 청계면 도림리 목포대학교 ,1097,전라남도 무안군
2018-01-19,양파,하,14571250.0,15924.0,525000,전라남도 함평군,1090,전라남도 함평군
2018-12-31,양파,상,665000.0,1050.0,745000,경상북도 문경시,1156,경상북도 문경시
2023-06-08,양파,특,580000.0,870.0,540852,전남 순천시 해룡면 농주리,1100,전라남도 순천시
2019-07-08,양파,특,35000.0,140.0,618800,부산 강서구 강동동1∼1066,1120,부산광역시
2019-01-26,양파,하,14000.0,56.0,702825,대구 북구 매천동1∼594,1146,대구광역시
2021-09-10,양파,특,11200000.0,14000.0,676830,경남 함양군 서하면,1139,경상남도 함양군
2022-07-01,양파,상,471900.0,660.0,766000,경상북도 영덕군,1163,경상북도 영덕군
2018-07-18,양파,하,1861500.0,4080.0,565000,전라북도 완주군,1107,전라북도 완주군
2023-08-15,양파,보통,2430000.0,1800.0,902000,부산광역시 ,1120,부산광역시
2024-07-26,양파,상,837500.0,1306.5,711000,대구광역시 달성군,1146,대구광역시
2024-08-09,양파,상,1102500.0,1176.0,356980,충남 서산시 팔봉면,1035,충청남도 서산시
2023-04-14,양파,특,4710000.0,1950.0,690000,제주도 제주시,1142,제주특별자치도 제주시
2019-12-11,양파,하,805000.0,2300.0,529870,전남 장흥군 관산읍,1094,전라남도 장흥군
2022-10-04,양파,특,428400.0,204.0,356010,충남 서산시 동문동,1035,충청남도 서산시
2023-04-20,양파,보통,75000.0,200.0,570600,전북 익산시 익산우체국사서함,1111,전라북도 익산시
2018-06-05,양파,보통,5335000.0,10230.0,536860,전남 해남군 황산면,1098,전라남도 해남군
2024-11-26,양파,특,2145000.0,1950.0,800000,중국,1170,수입산
2019-09-07,양파,특,572400.0,3036.0,534000,전라남도 무안군,1097,전라남도 무안군
2023-11-11,양파,특,825000.0,495.0,769800,경북 의성군 의성읍,1165,경상북도 의성군
2022-08-04,양파,특,197600.0,195.0,579000,전라북도 부안군,1114,전라북도 부안군
2018-06-25,양파,상,480000.0,550.0,343800,충남 당진시 당진읍,1031,충청남도 당진시
2018-10-20,양파,하,3495100.0,10968.0,534000,전라남도 무안군,1097,전라남도 무안군
2019-01-31,양파,특,4548000.0,14660.0,760000,경상북도 안동시,1160,경상북도 안동시
2023-03-30,양파,특,2470500.0,2025.0,690600,제주 제주시 제주우체국사서함,1142,제주특별자치도 제주시
2020-04-08,양파,특,3002000.0,3160.0,635800,경남 창녕군 창녕읍,1126,경상남도 창녕군
2023-04-25,양파,보통,420000.0,600.0,990000,제주도 ,1180,제주도 
2021-03-24,양파,상,13068000.0,5940.0,576000,전라북도 김제시,1113,전라북도 김제시
2025-04-15,양파,특,1560000.0,2925.0,800000,수입산,1170,수입산
2022-10-17,양파,특,675000.0,450.0,565907,전북 완주군 봉동읍 장기리,1107,전라북도 완주군
2023-10-25,양파,특,1768000.0,1600.0,717000,경상북도 고령군,1150,경상북도 고령군
2019-01-04,양파,상,512000.0,1280.0,635812,경남 창녕군 유어면 광산리,1126,경상남도 창녕군
2018-03-26,양파,하,1003000.0,4080.0,534000,전라남도 무안군,1097,전라남도 무안군
2024-05-23,양파,보통,145320.0,120.0,580090,전북 정읍시 농소동,1116,전라북도 정읍시
2018-08-29,양파,특,351900.0,2880.0,529860,전남 장흥군 용산면,1094,전라남도 장흥군
2020-04-02,양파,특,3450000.0,4000.0,525822,전남 함평군 엄다면 성천리,1090,전라남도 함평군
2018-04-23,양파,특,6031000.0,7320.0,717000,경상북도 고령군,1150,경상북도 고령군
2022-03-05,양파,특,2970000.0,9000.0,902000,부산광역시 ,1120,부산광역시
2019-09-02,양파,특,1746600.0,3936.0,535000,전라남도 신안군,1096,전라남도 신안군
2023-12-29,양파,상,1800000.0,2000.0,534000,전라남도 무안군,1097,전라남도 무안군
2021-10-08,양파,상,2740000.0,2800.0,902000,부산광역시 ,1120,부산광역시
2022-07-27,양파,특,582200.0,820.0,220600,강원 원주시 원주우체국사서함,1008,강원도 원주시
2021-05-18,양파,상,1500000.0,3000.0,534830,전남 무안군 청계면,1097,전라남도 무안군
2021-03-29,양파,상,352000.0,440.0,525000,전라남도 함평군,1090,전라남도 함평군
2020-07-07,양파,특,1100000.0,2000.0,548701,전남 고흥군 도양읍  주공아파트 ,1104,전라남도 고흥군
2025-03-19,양파,보통,5453600.0,5440.0,660000,경상남도 진주시,1133,경상남도 진주시
2021-01-20,양파,하,5834400.0,3740.0,706820,대구 수성구 범어2동147∼188,1146,대구광역시
2023-05-13,양파,특,19477500.0,18000.0,534000,전라남도 무안군,1097,전라남도 무안군
2022-05-05,양파,특,50000.0,50.0,565000,전라북도 완주군,1107,전라북도 완주군
2022-04-08,양파,특,1207600.0,1960.0,500801,광주 북구 각화동380∼800,1083,광주광역시
2018-06-08,양파,특,2363300.0,3840.0,711000,대구광역시 달성군,1146,대구광역시
2020-05-27,양파,특,132000.0,160.0,730800,경북 구미시 선산읍,1153,경상북도 구미시
2022-04-16,양파,특,1335500.0,2412.0,534000,전라남도 무안군,1097,전라남도 무안군
2022-07-20,양파,상,956000.0,800.0,597000,전라북도 장수군,1119,전라북도 장수군
2021-03-12,양파,특,22831200.0,11880.0,579000,전라북도 부안군,1114,전라북도 부안군
2018-04-06,양파,특,2546200.0,8268.0,525805,전남 함평군 함평읍 만흥리,1090,전라남도 함평군
2021-06-26,양파,상,212000.0,400.0,320800,충남 논산시 대교동1∼210,1022,충청남도 논산시
2020-07-17,양파,특,3850000.0,7000.0,534000,전라남도 무안군,1097,전라남도 무안군
2018-10-13,양파,특,907200.0,1080.0,535815,전남 신안군 압해면 동서리,1096,전라남도 신안군
2021-05-10,양파,상,3289000.0,5720.0,534703,전남 무안군 청계면 상마리 목포기능대학 ,1097,전라남도 무안군
2021-09-10,양파,특,86000.0,115.0,636911,경남 의령군 용덕면 가락리,1127,경상남도 의령군
2019-11-09,양파,특,116000.0,200.0,232700,강원 평창군 평창읍 하리 평창군청 ,1011,강원도 평창군
2018-04-28,양파,특,374100.0,516.0,548880,전남 고흥군 포두면,1104,전라남도 고흥군
2023-05-05,양파,상,3949400.0,2730.0,356844,충남 서산시 음암면 성암리,1035,충청남도 서산시
2020-05-19,양파,특,1432500.0,1125.0,534000,전라남도 무안군,1097,전라남도 무안군
2021-12-09,양파,특,3351600.0,4989.6,716000,경상북도 군위군,1149,경상북도 군위군
2023-04-20,양파,특,8487000.0,8100.0,534729,전남 무안군 청계면 도림리 목포대학교 ,1097,전라남도 무안군
2018-01-19,양파,상,2900000.0,3000.0,902000,부산광역시 ,1120,부산광역시
2020-04-13,양파,특,141750.0,200.0,138701,서울 송파구 가락1동  가락농수산물시장 ,1000,서울특별시
2024-07-15,양파,특,12180.0,6.7,200140,강원 춘천시 사농동,1001,강원도 춘천시
2019-05-01,양파,특,3439000.0,4905.0,690000,제주도 제주시,1142,제주특별자치도 제주시
2019-12-24,양파,하,569600.0,960.0,666910,경남 산청군 생초면,1135,경상남도 산청군
2024-10-08,양파,특,127400.0,140.0,716820,경북 군위군 효령면,1149,경상북도 군위군
2018-07-17,양파,상,147000.0,420.0,635806,경남 창녕군 창녕읍 도야리,1126,경상남도 창녕군
2024-08-01,양파,하,70166250.0,67500.0,676000,경상남도 함양군,1139,경상남도 함양군
2024-12-27,양파,특,2940000.0,2100.0,745000,경상북도 문경시,1156,경상북도 문경시
2024-12-25,양파,특,1240000.0,800.0,717000,경상북도 고령군,1150,경상북도 고령군
2022-11-28,양파,특,600000.0,750.0,800000,중국,1170,수입산
2019-08-29,양파,보통,30000.0,50.0,901000,서울특별시 ,1000,서울특별시
2020-02-05,양파,보통,3600000.0,4500.0,769970,경북 의성군 다인면,1165,경상북도 의성군
2021-05-01,양파,특,10814500.0,15340.0,627110,경남 밀양시 가곡동,1123,경상남도 밀양시
2020-02-27,양파,특,1680000.0,800.0,618807,부산 강서구 대저2동1001∼2507,1120,부산광역시
2022-06-18,양파,보통,76500.0,72.0,340000,충청남도 예산군,1030,충청남도 예산군
2023-05-17,양파,특,1980000.0,1100.0,525800,전남 함평군 함평읍,1090,전라남도 함평군
2024-06-03,양파,상,1033000.0,1300.0,627110,경남 밀양시 가곡동,1123,경상남도 밀양시
2022-06-30,양파,상,168000.0,210.0,343000,충청남도 당진시,1031,충청남도 당진시
2021-05-07,양파,특,5060000.0,8625.0,716852,경북 군위군 산성면 운산리,1149,경상북도 군위군
2019-04-09,양파,특,207000.0,230.0,630000,경상남도 창원시 마산회원구,1124,경상남도 창원시
2018-05-08,양파,하,5986500.0,8775.0,534841,전남 무안군 현경면 가입리,1097,전라남도 무안군
2018-03-23,양파,특,4657400.0,12760.0,635812,경남 창녕군 유어면 광산리,1126,경상남도 창녕군
2021-05-22,양파,보통,479400.0,940.0,536000,전라남도 해남군,1098,전라남도 해남군
2021-10-30,양파,특,3340800.0,3840.0,730000,경상북도 구미시,1153,경상북도 구미시
2024-06-07,양파,특,2445000.0,2250.0,676000,경상남도 함양군,1139,경상남도 함양군
2020-06-06,양파,보통,387000.0,860.0,570930,전북 익산시 여산면,1111,전라북도 익산시
2019-05-13,양파,상,1118000.0,3900.0,716000,경상북도 군위군,1149,경상북도 군위군
2023-05-02,양파,상,21622500.0,19575.0,548800,전남 고흥군 고흥읍,1104,전라남도 고흥군
2024-06-26,양파,특,62000.0,80.0,529804,전남 장흥군 장흥읍 교촌리,1094,전라남도 장흥군
2022-11-23,양파,특,912000.0,600.0,561302,전북 전주시 덕진구 송천동2가,1106,전라북도 전주시
2021-04-02,양파,특,124000.0,434.0,534850,전남 무안군 망운면,1097,전라남도 무안군
2023-04-08,양파,특,400000.0,200.0,565907,전북 완주군 봉동읍 장기리,1107,전라북도 완주군
2024-01-05,양파,특,3100000.0,3900.0,714000,경상북도 청도군,1148,경상북도 청도군
2024-12-16,양파,보통,1955000.0,2040.0,676000,경상남도 함양군,1139,경상남도 함양군
2021-04-27,양파,특,12750000.0,19125.0,534840,전남 무안군 현경면,1097,전라남도 무안군
2020-07-11,양파,특,853600.0,1760.0,534841,전남 무안군 현경면 가입리,1097,전라남도 무안군
2018-07-23,양파,하,920000.0,2400.0,621000,경상남도 김해시,1121,경상남도 김해시
2020-08-01,양파,상,270000.0,400.0,755860,경북 봉화군 명호면,1158,경상북도 봉화군
2021-04-02,양파,특,6773000.0,7672.0,656834,경남 거제시 장목면 매동리,1132,경상남도 거제시
2024-11-13,양파,상,2230000.0,1950.0,717000,경상북도 고령군,1150,경상북도 고령군
2019-03-06,양파,특,3281500.0,4980.0,534729,전남 무안군 청계면 도림리 목포대학교 ,1097,전라남도 무안군
2023-04-29,양파,하,5151000.0,5100.0,548000,전라남도 고흥군,1104,전라남도 고흥군
2023-09-08,양파,특,16196750.0,15300.0,525000,전라남도 함평군,1090,전라남도 함평군
2020-10-08,양파,보통,936000.0,1560.0,529870,전남 장흥군 관산읍,1094,전라남도 장흥군
2019-01-23,양파,특,1072500.0,3375.0,579000,전라북도 부안군,1114,전라북도 부안군
2018-06-14,양파,보통,14000.0,80.0,548860,전남 고흥군 대서면,1104,전라남도 고흥군
2023-04-17,양파,상,2349200.0,2235.0,990000,제주도 ,1180,제주도 
2023-09-23,양파,특,1296000.0,2580.0,525000,전라남도 함평군,1090,전라남도 함평군
2023-07-17,양파,특,1365000.0,1085.0,570600,전북 익산시 익산우체국사서함,1111,전라북도 익산시
2018-07-07,양파,특,1766600.0,4340.0,760833,경북 안동시 임하면 신덕리,1160,경상북도 안동시
2024-06-14,양파,특,2936400.0,4965.0,717000,경상북도 고령군,1150,경상북도 고령군
2025-02-24,양파,상,6912000.0,4320.0,579806,전북 부안군 부안읍 서외4리,1114,전라북도 부안군
2023-07-22,양파,특,2752400.0,2928.0,534000,전라남도 무안군,1097,전라남도 무안군
2019-05-03,양파,특,5200000.0,8000.0,500100,광주 북구 두암동,1083,광주광역시
2025-05-02,양파,특,1125000.0,1125.0,548000,전라남도 고흥군,1104,전라남도 고흥군
2022-04-26,양파,특,540000.0,1080.0,548000,전라남도 고흥군,1104,전라남도 고흥군
2018-01-11,양파,특,2117300.0,2680.0,791818,경북 포항시 북구 죽도1동1∼21,1168,경상북도 포항시
2019-06-03,양파,특,158100.0,340.0,730850,경북 구미시 산동면,1153,경상북도 구미시
2020-05-23,양파,특,555000.0,740.0,550120,전남 여수시 남산동,1105,전라남도 여수시
2025-05-27,양파,보통,27000.0,120.0,536870,전남 해남군 문내면,1098,전라남도 해남군
2021-11-25,양파,특,25787500.0,32700.0,534000,전라남도 무안군,1097,전라남도 무안군
2023-02-07,양파,보통,495000.0,660.0,678000,경상남도 합천군,1140,경상남도 합천군
2023-11-09,양파,특,1350000.0,1500.0,800000,수입산,1170,수입산
2023-02-01,양파,보통,66000.0,220.0,534729,전남 무안군 청계면 도림리 목포대학교 ,1097,전라남도 무안군
2020-07-21,양파,하,2550000.0,3375.0,534000,전라남도 무안군,1097,전라남도 무안군
2020-06-09,양파,특,22500.0,60.0,305325,대전 유성구 노은동,1019,대전광역시
2023-09-21,양파,특,14880000.0,18000.0,535000,전라남도 신안군,1096,전라남도 신안군
2021-06-05,양파,특,378400.0,720.0,561302,전북 전주시 덕진구 송천동2가,1106,전라북도 전주시
2023-06-19,양파,보통,3778000.0,7100.0,536000,전라남도 해남군,1098,전라남도 해남군
2023-10-10,양파,특,1809400.0,1992.0,535000,전라남도 신안군,1096,전라남도 신안군
2020-12-18,양파,특,915000.0,750.0,769800,경북 의성군 의성읍,1165,경상북도 의성군
2025-04-18,양파,특,6225400.0,4260.0,717000,경상북도 고령군,1150,경상북도 고령군
2019-07-03,양파,보통,127500.0,1020.0,799804,경북 울릉군 울릉읍 저동리,1169,경상북도 울릉군
2021-10-29,양파,상,5805000.0,6750.0,678700,경남 합천군 합천읍 합천리 합천군청 ,1140,경상남도 합천군
2022-04-19,양파,특,1266300.0,2412.0,550050,전남 여수시 고소동,1105,전라남도 여수시
2022-06-01,양파,특,697000.0,680.0,539000,전라남도 진도군,1099,전라남도 진도군
2025-05-21,양파,상,337500.0,1125.0,534850,전남 무안군 망운면,1097,전라남도 무안군
2023-07-07,양파,특,64000.0,80.0,590951,전북 남원시 금지면 귀석리,1117,전라북도 남원시
2020-06-11,양파,상,1007500.0,2460.0,580010,전북 정읍시 수성동,1116,전라북도 정읍시
2018-07-19,양파,상,2835000.0,13500.0,635000,경상남도 창녕군,1126,경상남도 창녕군
2020-05-06,양파,상,7052500.0,8060.0,548000,전라남도 고흥군,1104,전라남도 고흥군
2021-03-27,양파,특,3836000.0,4200.0,579000,전라북도 부안군,1114,전라북도 부안군
2019-06-05,양파,상,49400.0,76.0,561302,전북 전주시 덕진구 송천동2가,1106,전라북도 전주시
2021-04-13,양파,특,12188800.0,11360.0,565805,전북 완주군 삼례읍 어전리,1107,전라북도 완주군
2018-07-18,양파,상,1059900.0,2460.0,357933,충남 태안군 소원면 법산2리,1036,충청남도 태안군
2020-03-21,양파,특,2859800.0,3620.0,635000,경상남도 창녕군,1126,경상남도 창녕군
2020-08-06,양파,특,7903000.0,8400.0,740000,경상북도 김천시,1154,경상북도 김천시
2018-10-11,양파,특,343100.0,940.0,791823,경북 포항시 북구 기계면 고지리,1168,경상북도 포항시
2021-02-23,양파,특,1503600.0,1050.0,534000,전라남도 무안군,1097,전라남도 무안군
2024-11-29,양파,특,8100000.0,6750.0,535000,전라남도 신안군,1096,전라남도 신안군
2019-07-09,양파,특,650000.0,2500.0,676871,경남 함양군 백전면 경백리,1139,경상남도 함양군
2022-06-06,양파,특,2040000.0,4080.0,534000,전라남도 무안군,1097,전라남도 무안군
2024-12-19,양파,보통,171960.0,320.0,580090,전북 정읍시 농소동,1116,전라북도 정읍시
2020-07-17,양파,상,342200.0,435.0,356980,충남 서산시 팔봉면,1035,충청남도 서산시
2019-10-22,양파,특,880000.0,2200.0,520822,전남 나주시 금천면 동악리,1089,전라남도 나주시
2018-06-27,양파,특,48000.0,240.0,769000,경상북도 의성군,1165,경상북도 의성군
2020-04-28,양파,상,108000.0,120.0,660950,경남 진주시 명석면,1133,경상남도 진주시
2024-04-13,양파,특,375000.0,150.0,565863,전북 완주군 고산면 성재리,1107,전라북도 완주군
2018-08-27,양파,특,49000.0,140.0,570130,전북 익산시 목천동,1111,전라북도 익산시
2023-11-21,양파,특,1826500.0,1950.0,800000,중국,1170,수입산
2022-03-31,양파,보통,666000.0,888.0,525000,전라남도 함평군,1090,전라남도 함평군
2023-05-08,양파,상,530000.0,1060.0,526910,전남 영암군 금정면,1091,전라남도 영암군
2021-12-25,양파,특,7920000.0,14625.0,525000,전라남도 함평군,1090,전라남도 함평군
2021-03-12,양파,특,1897100.0,1098.0,561302,전북 전주시 덕진구 송천동2가,1106,전라북도 전주시
2022-05-02,양파,특,5504000.0,6880.0,718000,경상북도 칠곡군,1151,경상북도 칠곡군
2024-06-25,양파,특,352000.0,480.0,561090,전북 전주시 덕진구 서노송동,1106,전라북도 전주시
2019-08-02,양파,보통,5792000.0,14640.0,670000,경상남도 거창군,1138,경상남도 거창군
2022-07-21,양파,하,66000.0,120.0,711845,대구 달성군 옥포면 본리리,1146,대구광역시
2022-12-20,양파,특,333300.0,150.0,200140,강원 춘천시 사농동,1001,강원도 춘천시
2023-09-25,양파,특,262500.0,420.0,515830,전남 장성군 북일면,1085,전라남도 장성군
2021-04-22,양파,상,291500.0,530.0,621873,경남 김해시 한림면 병동리,1121,경상남도 김해시
2022-04-13,양파,특,110400.0,368.0,548860,전남 고흥군 대서면,1104,전라남도 고흥군
2020-10-27,양파,특,3360500.0,2925.0,770600,경북 영천시 영천우체국사서함,1166,경상북도 영천시
2022-06-23,양파,상,227800.0,663.0,627000,경상남도 밀양시,1123,경상남도 밀양시
2023-08-31,양파,특,32500.0,50.0,350000,충청남도 홍성군,1033,충청남도 홍성군
2018-07-26,양파,상,725800.0,980.0,676800,경남 함양군 함양읍,1139,경상남도 함양군
2023-06-07,양파,하,48000.0,240.0,641600,경남 창원시 창원우체국사서함,1124,경상남도 창원시
2022-01-18,양파,특,352000.0,880.0,580090,전북 정읍시 농소동,1116,전라북도 정읍시
2022-06-04,양파,특,780000.0,1680.0,320830,충남 논산시 연무읍,1022,충청남도 논산시
2024-12-26,양파,보통,920000.0,600.0,745000,경상북도 문경시,1156,경상북도 문경시
2025-04-24,양파,특,390000.0,150.0,330600,충남 천안시 동남구 천안우체국사서함,1026,충청남도 천안시
2020-02-07,양파,상,108000.0,80.0,471080,경기 구리시 갈매동,1072,경기도 구리시
2019-11-13,양파,상,572400.0,1080.0,678000,경상남도 합천군,1140,경상남도 합천군
2022-12-13,양파,상,57500.0,50.0,566911,전북 임실군 삼계면 뇌천리,1108,전라북도 임실군
2024-05-14,양파,특,275500.0,285.0,579000,전라북도 부안군,1114,전라북도 부안군
2021-10-26,양파,특,918000.0,1080.0,770000,경상북도 영천시,1166,경상북도 영천시
2023-04-11,양파,상,220800.0,320.0,525000,전라남도 함평군,1090,전라남도 함평군
2024-04-04,양파,하,747840.0,456.0,548000,전라남도 고흥군,1104,전라남도 고흥군
2022-09-21,양파,보통,192000.0,240.0,678000,경상남도 합천군,1140,경상남도 합천군
2024-02-07,양파,상,680000.0,800.0,676806,경남 함양군 함양읍 운림리,1139,경상남도 함양군
2021-07-13,양파,특,100000.0,250.0,350000,충청남도 홍성군,1033,충청남도 홍성군
2018-01-18,양파,보통,333500.0,460.0,356980,충남 서산시 팔봉면,1035,충청남도 서산시
2023-07-11,양파,특,3622400.0,1920.0,525000,전라남도 함평군,1090,전라남도 함평군
2023-05-01,양파,특,30392100.0,34425.0,690000,제주도 제주시,1142,제주특별자치도 제주시
2023-05-12,양파,보통,277200.0,420.0,513807,전남 영광군 영광읍 무령리,1084,전라남도 영광군
2024-12-05,양파,특,75000.0,45.0,630000,경상남도 창원시 마산회원구,1124,경상남도 창원시
2020-12-16,양파,특,42420.0,30.0,200140,강원 춘천시 사농동,1001,강원도 춘천시
2019-08-30,양파,특,10870500.0,22950.0,534000,전라남도 무안군,1097,전라남도 무안군
2024-09-14,양파,특,42271950.0,31755.0,534000,전라남도 무안군,1097,전라남도 무안군
2025-05-15,양파,하,8925000.0,12375.0,534000,전라남도 무안군,1097,전라남도 무안군
2024-12-20,양파,특,1003000.0,1020.0,534000,전라남도 무안군,1097,전라남도 무안군
2021-05-14,양파,특,884000.0,1360.0,536000,전라남도 해남군,1098,전라남도 해남군
2020-05-29,양파,특,4000000.0,5000.0,730040,경북 구미시 형곡동,1153,경상북도 구미시
2022-02-14,양파,특,410000.0,1640.0,356000,충청남도 서산시,1035,충청남도 서산시
2018-04-02,양파,보통,140800.0,512.0,513000,전라남도 영광군,1084,전라남도 영광군
2024-02-20,양파,특,820000.0,1000.0,621150,경남 김해시 화목동,1121,경상남도 김해시
2019-04-27,양파,특,585000.0,1000.0,769000,경상북도 의성군,1165,경상북도 의성군
2022-06-24,양파,상,140000.0,140.0,597805,전북 장수군 장수읍 송천리,1119,전라북도 장수군
2020-11-28,양파,특,1459500.0,1125.0,680010,울산 남구 신정동,1141,울산광역시
2020-06-12,양파,특,1055600.0,2320.0,617030,부산 사상구 엄궁동,1120,부산광역시
2023-06-12,양파,특,9066000.0,12168.0,635000,경상남도 창녕군,1126,경상남도 창녕군
2021-08-19,양파,보통,11584000.0,14595.0,676800,경남 함양군 함양읍,1139,경상남도 함양군
2023-08-08,양파,특,84000.0,75.0,138701,서울 송파구 가락1동  가락농수산물시장 ,1000,서울특별시
2020-12-15,양파,특,4182000.0,3060.0,565000,전라북도 완주군,1107,전라북도 완주군
2022-06-28,양파,상,4260000.0,4000.0,635910,경남 창녕군 도천면,1126,경상남도 창녕군
2019-04-11,양파,상,2620800.0,2080.0,637000,경상남도 함안군,1128,경상남도 함안군
2023-05-30,양파,특,1215100.0,628.5,534000,전라남도 무안군,1097,전라남도 무안군
2019-03-20,양파,상,962500.0,1650.0,535800,전남 신안군 지도읍,1096,전라남도 신안군
2024-03-01,양파,특,3127500.0,2250.0,678700,경남 합천군 합천읍 합천리 합천군청 ,1140,경상남도 합천군
2023-06-03,양파,보통,587600.0,1040.0,645000,경상남도 진해시,1130,경상남도 진해시
2020-11-03,양파,특,16380000.0,15600.0,678852,경남 합천군 청덕면 대부리,1140,경상남도 합천군
2021-02-04,양파,특,17440000.0,12000.0,719000,경상북도 성주군,1152,경상북도 성주군
2020-12-22,양파,특,7410500.0,6285.0,740600,경북 김천시 김천우체국사서함,1154,경상북도 김천시
2023-11-09,양파,보통,8393700.0,12684.0,525000,전라남도 함평군,1090,전라남도 함평군
2020-05-26,양파,특,811200.0,1248.0,534000,전라남도 무안군,1097,전라남도 무안군
2018-11-24,양파,특,12150.0,15.0,200140,강원 춘천시 사농동,1001,강원도 춘천시
2019-03-12,양파,상,700000.0,2000.0,745150,경북 문경시 공평동,1156,경상북도 문경시
2021-04-30,양파,특,3094200.0,5240.0,717000,경상북도 고령군,1150,경상북도 고령군
2022-12-08,양파,보통,307620.0,580.0,906000,광주광역시 ,1083,광주광역시
2023-07-05,양파,보통,10000.0,20.0,636981,경남 의령군 지정면 두곡리,1127,경상남도 의령군
2018-05-26,양파,보통,739000.0,1600.0,534840,전남 무안군 현경면,1097,전라남도 무안군
2018-04-14,양파,보통,54000.0,360.0,535800,전남 신안군 지도읍,1096,전라남도 신안군
2025-03-04,양파,특,1235000.0,975.0,800000,중국,1170,수입산
2020-02-06,양파,특,323000.0,380.0,570130,전북 익산시 목천동,1111,전라북도 익산시
2025-02-10,양파,보통,5970000.0,4500.0,525000,전라남도 함평군,1090,전라남도 함평군
2023-06-07,양파,하,36000.0,60.0,546000,전라남도 보성군,1103,전라남도 보성군
2025-02-24,양파,특,410000.0,492.0,534000,전라남도 무안군,1097,전라남도 무안군
2018-10-24,양파,특,346500.0,400.0,138701,서울 송파구 가락1동  가락농수산물시장 ,1000,서울특별시
2022-08-31,양파,하,1080000.0,800.0,717000,경상북도 고령군,1150,경상북도 고령군
2022-05-14,양파,특,856000.0,1600.0,656834,경남 거제시 장목면 매동리,1132,경상남도 거제시
2021-04-13,양파,특,18821000.0,20685.0,690000,제주도 제주시,1142,제주특별자치도 제주시
2020-11-28,양파,특,1867500.0,1660.0,534000,전라남도 무안군,1097,전라남도 무안군
2022-12-05,양파,특,7998500.0,7140.0,678807,경남 합천군 합천읍 합천리  665∼780,1140,경상남도 합천군
2023-03-11,양파,하,396000.0,660.0,770000,경상북도 영천시,1166,경상북도 영천시
2021-03-12,양파,특,6384000.0,3360.0,800000,뉴질랜드,1170,수입산
2020-01-06,양파,상,10388000.0,10500.0,745000,경상북도 문경시,1156,경상북도 문경시
2019-08-15,양파,상,65700.0,180.0,641465,경남 창원시 팔용동,1124,경상남도 창원시
2024-11-15,양파,특,266000.0,210.0,536000,전라남도 해남군,1098,전라남도 해남군
2018-04-18,양파,특,3291500.0,4540.0,534000,전라남도 무안군,1097,전라남도 무안군
2018-07-21,양파,하,827000.0,4200.0,534000,전라남도 무안군,1097,전라남도 무안군
2022-04-27,양파,특,80000.0,80.0,403010,인천 부평구 부평동,1049,인천광역시
2020-08-08,양파,특,52800.0,110.0,570600,전북 익산시 익산우체국사서함,1111,전라북도 익산시
2021-03-19,양파,하,1736000.0,840.0,534000,전라남도 무안군,1097,전라남도 무안군
2020-06-23,양파,하,1056000.0,1600.0,717000,경상북도 고령군,1150,경상북도 고령군
2024-03-12,양파,특,3899000.0,3150.0,534000,전라남도 무안군,1097,전라남도 무안군
2024-05-28,양파,하,3060000.0,4500.0,526000,전라남도 영암군,1091,전라남도 영암군
2025-04-11,양파,특,270000.0,90.0,471000,경기도 구리시,1072,경기도 구리시
2022-08-18,양파,보통,13592100.0,9420.0,635000,경상남도 창녕군,1126,경상남도 창녕군
2018-10-02,양파,특,1188000.0,1440.0,635000,경상남도 창녕군,1126,경상남도 창녕군
2020-01-04,양파,특,1110.0,1.0,200140,강원 춘천시 사농동,1001,강원도 춘천시
2018-05-25,양파,특,490000.0,750.0,305325,대전 유성구 노은동,1019,대전광역시
2018-12-12,양파,특,595000.0,1020.0,525800,전남 함평군 함평읍,1090,전라남도 함평군
2020-01-03,양파,특,9610000.0,12400.0,711000,대구광역시 달성군,1146,대구광역시
2023-11-16,양파,특,2038000.0,2460.0,534840,전남 무안군 현경면,1097,전라남도 무안군
2024-04-27,양파,하,12000.0,40.0,540600,전남 순천시 순천우체국사서함,1100,전라남도 순천시
2023-06-22,양파,상,57600.0,80.0,590951,전북 남원시 금지면 귀석리,1117,전라북도 남원시
2024-02-19,양파,특,2250000.0,2250.0,800000,중국,1170,수입산
2025-04-19,양파,상,3460000.0,2595.0,548931,전남 고흥군 금산면 대흥리,1104,전라남도 고흥군
2022-02-26,양파,상,154700.0,340.0,635000,경상남도 창녕군,1126,경상남도 창녕군
2023-04-03,양파,상,11200000.0,7000.0,635000,경상남도 창녕군,1126,경상남도 창녕군
2020-04-23,양파,하,3229000.0,4992.0,548000,전라남도 고흥군,1104,전라남도 고흥군
2019-08-30,양파,특,1053000.0,1845.0,535000,전라남도 신안군,1096,전라남도 신안군
2024-02-05,양파,보통,2310000.0,1800.0,138220,서울 송파구 잠실동,1000,서울특별시
2021-02-18,양파,특,13507200.0,7560.0,676000,경상남도 함양군,1139,경상남도 함양군
2020-06-16,양파,특,239200.0,780.0,641465,경남 창원시 팔용동,1124,경상남도 창원시
2024-04-10,양파,보통,1530000.0,1350.0,690600,제주 제주시 제주우체국사서함,1142,제주특별자치도 제주시
2020-06-23,양파,특,8716700.0,9744.0,534000,전라남도 무안군,1097,전라남도 무안군
2018-04-23,양파,보통,3646500.0,5520.0,690000,제주도 제주시,1142,제주특별자치도 제주시
2020-06-03,양파,특,108000.0,180.0,637810,경남 함안군 함안면,1128,경상남도 함안군
2018-06-23,양파,특,11491000.0,23800.0,502153,광주 서구 매월동,1083,광주광역시
2024-04-06,양파,보통,3375000.0,3000.0,548000,전라남도 고흥군,1104,전라남도 고흥군
2018-10-03,양파,특,1316800.0,2380.0,700000,대구광역시 대구 중구,1146,대구광역시
2021-05-12,양파,상,1353900.0,2900.0,534804,전남 무안군 무안읍 성동리,1097,전라남도 무안군
2020-09-10,양파,상,1099000.0,1400.0,520220,전남 나주시 이창동,1089,전라남도 나주시
2018-05-30,양파,특,3543500.0,7460.0,534840,전남 무안군 현경면,1097,전라남도 무안군
2023-06-29,양파,상,7537500.0,6750.0,712840,경북 경산시 와촌면,1147,경상북도 경산시
2023-06-19,양파,상,550000.0,880.0,760910,경북 안동시 와룡면,1160,경상북도 안동시
2023-05-23,양파,특,572000.0,520.0,635901,경남 창녕군 남지읍 고곡리,1126,경상남도 창녕군
2025-03-27,양파,상,159000.0,60.0,500010,광주 북구 임동,1083,광주광역시
2024-10-31,양파,특,87500.0,62.5,330600,충남 천안시 동남구 천안우체국사서함,1026,충청남도 천안시
2022-06-29,양파,특,1800000.0,2000.0,534000,전라남도 무안군,1097,전라남도 무안군
2025-05-10,양파,보통,56000.0,60.0,676000,경상남도 함양군,1139,경상남도 함양군
2025-01-22,양파,특,19207500.0,13500.0,357000,충청남도 태안군,1036,충청남도 태안군
2024-09-23,양파,하,10404000.0,12240.0,526000,전라남도 영암군,1091,전라남도 영암군
2025-01-16,양파,하,18930000.0,13200.0,635000,경상남도 창녕군,1126,경상남도 창녕군
2024-01-29,양파,상,1491000.0,1365.0,770000,경상북도 영천시,1166,경상북도 영천시
2019-12-23,양파,특,20090300.0,31080.0,770000,경상북도 영천시,1166,경상북도 영천시
2019-05-28,양파,특,375000.0,1125.0,534840,전남 무안군 현경면,1097,전라남도 무안군
2023-08-03,양파,상,26000.0,260.0,641600,경남 창원시 창원우체국사서함,1124,경상남도 창원시
2023-06-19,양파,특,10000.0,20.0,340000,충청남도 예산군,1030,충청남도 예산군
2025-04-14,양파,하,608000.0,480.0,690000,제주도 제주시,1142,제주특별자치도 제주시
2020-02-10,양파,특,3720000.0,4500.0,535802,전남 신안군 지도읍 광정리,1096,전라남도 신안군
2022-02-09,양파,보통,1720000.0,2400.0,618142,부산 강서구 대저2동,1120,부산광역시
2018-09-10,양파,보통,1358500.0,2860.0,635000,경상남도 창녕군,1126,경상남도 창녕군
2022-08-25,양파,특,784000.0,700.0,536830,전남 해남군 계곡면,1098,전라남도 해남군
2025-04-10,양파,보통,759000.0,920.0,579850,전북 부안군 변산면,1114,전라북도 부안군
2020-04-02,양파,상,9615000.0,7035.0,699833,제주 남제주군 대정읍 신도리,1145,제주특별자치도 남제주군
2024-03-14,양파,하,8400000.0,5250.0,800000,중국,1170,수입산
2019-04-23,양파,하,4602500.0,8020.0,905000,인천광역시 ,1049,인천광역시
2019-12-07,양파,특,978600.0,1050.0,901000,서울특별시 ,1000,서울특별시
2020-08-12,양파,하,1509600.0,1224.0,536000,전라남도 해남군,1098,전라남도 해남군
2019-05-18,양파,특,864000.0,720.0,525800,전남 함평군 함평읍,1090,전라남도 함평군
2022-12-05,양파,특,1875000.0,1125.0,357000,충청남도 태안군,1036,충청남도 태안군
2022-02-10,양파,상,1150000.0,2000.0,529804,전남 장흥군 장흥읍 교촌리,1094,전라남도 장흥군
2020-08-18,양파,특,858000.0,880.0,534000,전라남도 무안군,1097,전라남도 무안군
2019-11-07,양파,하,1365000.0,2925.0,565000,전라북도 완주군,1107,전라북도 완주군
2023-06-07,양파,특,735000.0,980.0,556893,전남 여수시 율촌면 신산리,1105,전라남도 여수시
2020-09-10,양파,특,15756000.0,16160.0,565805,전북 완주군 삼례읍 어전리,1107,전라북도 완주군
2024-02-23,양파,특,937875.0,1125.0,534000,전라남도 무안군,1097,전라남도 무안군
2020-06-19,양파,상,43000.0,30.0,580010,전북 정읍시 수성동,1116,전라북도 정읍시
2023-10-18,양파,특,6750000.0,7500.0,621150,경남 김해시 화목동,1121,경상남도 김해시
2022-06-04,양파,특,500500.0,525.0,902000,부산광역시 ,1120,부산광역시
2022-12-02,양파,특,3311000.0,3150.0,534000,전라남도 무안군,1097,전라남도 무안군
2023-07-17,양파,상,722000.0,1520.0,636980,경남 의령군 지정면,1127,경상남도 의령군
2024-01-13,양파,특,254000.0,140.0,534000,전라남도 무안군,1097,전라남도 무안군
2024-08-16,양파,특,1120000.0,1260.0,561302,전북 전주시 덕진구 송천동2가,1106,전라북도 전주시
2022-12-09,양파,하,1050000.0,500.0,526000,전라남도 영암군,1091,전라남도 영암군
2023-06-29,양파,하,525600.0,720.0,717000,경상북도 고령군,1150,경상북도 고령군
2023-11-27,양파,특,9966000.0,9900.0,320600,충남 논산시 논산우체국사서함,1022,충청남도 논산시
2024-11-28,양파,특,16768800.0,14040.0,770000,경상북도 영천시,1166,경상북도 영천시
2021-09-25,양파,특,2380000.0,2550.0,750010,경북 영주시 영주동,1157,경상북도 영주시
2020-04-22,양파,보통,264000.0,660.0,635800,경남 창녕군 창녕읍,1126,경상남도 창녕군
2025-01-17,양파,특,5070000.0,4500.0,535000,전라남도 신안군,1096,전라남도 신안군
2021-07-12,양파,상,42500.0,170.0,357910,충남 태안군 원북면,1036,충청남도 태안군
2020-02-12,양파,특,1680400.0,1600.0,621150,경남 김해시 화목동,1121,경상남도 김해시
2020-06-09,양파,보통,285600.0,4340.0,536880,전남 해남군 화원면,1098,전라남도 해남군
2018-05-28,양파,특,1794000.0,2925.0,750600,경북 영주시 영주우체국사서함,1157,경상북도 영주시
2021-03-27,양파,하,2533200.0,2310.0,697000,제주도 서귀포시,1144,제주특별자치도 서귀포시
2024-07-25,양파,상,300000.0,487.5,711000,대구광역시 달성군,1146,대구광역시
2021-02-24,양파,보통,930000.0,300.0,745000,경상북도 문경시,1156,경상북도 문경시
2019-07-10,양파,보통,2228900.0,11020.0,730000,경상북도 구미시,1153,경상북도 구미시
2020-04-06,양파,보통,12000.0,48.0,556821,전남 여수시 화양면 감도리,1105,전라남도 여수시
2019-02-25,양파,상,1424000.0,4000.0,717000,경상북도 고령군,1150,경상북도 고령군
2018-02-02,양파,특,1776000.0,2109.0,637910,경남 함안군 대산면,1128,경상남도 함안군
2021-11-18,양파,특,4942500.0,5625.0,711000,대구광역시 달성군,1146,대구광역시
2024-08-24,양파,상,320000.0,800.0,520713,전남 나주시 다시면  나주대학 ,1089,전라남도 나주시
2022-12-28,양파,하,1612500.0,1125.0,678000,경상남도 합천군,1140,경상남도 합천군
2022-05-25,양파,특,9622500.0,15750.0,525805,전남 함평군 함평읍 만흥리,1090,전라남도 함평군
2018-06-25,양파,상,105000.0,210.0,325820,충남 서천군 판교면,1025,충청남도 서천군
2022-11-15,양파,특,75025000.0,83325.0,800000,중국,1170,수입산
2021-06-21,양파,특,102000.0,150.0,534000,전라남도 무안군,1097,전라남도 무안군
2018-07-13,양파,보통,511000.0,1420.0,320000,충청남도 논산시,1022,충청남도 논산시
2019-03-12,양파,특,187000.0,3646.5,719000,경상북도 성주군,1152,경상북도 성주군
2021-09-29,양파,보통,1203800.0,1170.0,534000,전라남도 무안군,1097,전라남도 무안군
2022-08-08,양파,보통,116000.0,160.0,660600,경남 진주시 진주우체국사서함,1133,경상남도 진주시
2018-07-24,양파,특,1820000.0,1680.0,456000,경기도 안성시,1067,경기도 안성시
2024-09-03,양파,보통,547200.0,1140.0,636000,경상남도 의령군,1127,경상남도 의령군
2018-03-03,양파,상,129000.0,90.0,500010,광주 북구 임동,1083,광주광역시
2024-08-22,양파,특,12675000.0,11250.0,534850,전남 무안군 망운면,1097,전라남도 무안군
2022-01-11,양파,보통,6880000.0,16000.0,980000,경상북도 ,1179,경상북도 
2019-06-11,양파,상,165000.0,450.0,350900,충남 홍성군 광천읍,1033,충청남도 홍성군
2018-07-12,양파,보통,248000.0,2480.0,529900,전남 장흥군 대덕읍,1094,전라남도 장흥군
2022-05-23,양파,특,2907500.0,6375.0,526000,전라남도 영암군,1091,전라남도 영암군
2022-09-21,양파,특,5280000.0,3375.0,534000,전라남도 무안군,1097,전라남도 무안군
2023-11-02,양파,상,5780000.0,6120.0,534000,전라남도 무안군,1097,전라남도 무안군
2023-11-21,양파,특,252000.0,840.0,627110,경남 밀양시 가곡동,1123,경상남도 밀양시
2018-03-03,양파,하,14070000.0,18000.0,711000,대구광역시 달성군,1146,대구광역시
2020-06-08,양파,보통,154000.0,140.0,138000,서울특별시 송파구,1000,서울특별시
2019-06-10,양파,상,820800.0,2280.0,678811,경남 합천군 율곡면 갑산리,1140,경상남도 합천군
2024-04-17,양파,특,51636600.0,43740.0,690000,제주도 제주시,1142,제주특별자치도 제주시
2020-06-29,양파,상,168000.0,320.0,635000,경상남도 창녕군,1126,경상남도 창녕군
2022-02-23,양파,특,12038500.0,40065.0,525000,전라남도 함평군,1090,전라남도 함평군
2021-11-17,양파,상,90000.0,135.0,561302,전북 전주시 덕진구 송천동2가,1106,전라북도 전주시
2020-06-19,양파,특,17000.0,40.0,534841,전남 무안군 현경면 가입리,1097,전라남도 무안군
2024-01-12,양파,특,11433600.0,11520.0,525000,전라남도 함평군,1090,전라남도 함평군
2025-03-03,양파,상,5195900.0,3345.0,770000,경상북도 영천시,1166,경상북도 영천시
2022-12-26,양파,보통,7190000.0,6750.0,800000,중국,1170,수입산
2018-10-23,양파,하,527000.0,2040.0,539000,전라남도 진도군,1099,전라남도 진도군
2022-04-25,양파,특,32000.0,80.0,548000,전라남도 고흥군,1104,전라남도 고흥군
2024-01-27,양파,상,2100000.0,3000.0,534814,전남 무안군 몽탄면 당호리,1097,전라남도 무안군
2024-07-12,양파,특,12213750.0,12375.0,621000,경상남도 김해시,1121,경상남도 김해시
2022-02-21,양파,특,1000000.0,1000.0,740920,경북 김천시 구성면,1154,경상북도 김천시
2019-01-10,양파,특,1500000.0,4000.0,903000,대구광역시 ,1146,대구광역시
2020-06-15,양파,특,1050000.0,1680.0,750000,경상북도 영주시,1157,경상북도 영주시
2021-02-06,양파,특,8505000.0,5250.0,534870,전남 무안군 해제면,1097,전라남도 무안군
2018-04-30,양파,특,3447600.0,4185.0,697000,제주도 서귀포시,1144,제주특별자치도 서귀포시
2023-12-15,양파,특,61013950.0,53265.0,800000,중국,1170,수입산
2018-11-06,양파,상,714000.0,2040.0,769930,경북 의성군 안계면,1165,경상북도 의성군
2021-05-17,양파,특,5242500.0,10125.0,534000,전라남도 무안군,1097,전라남도 무안군
2019-04-16,양파,특,13500.0,10.0,570600,전북 익산시 익산우체국사서함,1111,전라북도 익산시
2018-12-18,양파,특,3395000.0,4200.0,745852,경북 문경시 영순면 김용리,1156,경상북도 문경시
2020-07-28,양파,특,2016000.0,2100.0,676000,경상남도 함양군,1139,경상남도 함양군
2019-04-13,양파,특,222000.0,380.0,635000,경상남도 창녕군,1126,경상남도 창녕군
2018-01-31,양파,보통,1300000.0,2000.0,525000,전라남도 함평군,1090,전라남도 함평군
2022-03-28,양파,특,1156900.0,1372.0,550600,전남 여수시 여수우체국사서함,1105,전라남도 여수시
2019-10-17,양파,특,820000.0,2000.0,950000,전라남도 ,1176,전라남도 
2020-01-31,양파,상,400000.0,500.0,760000,경상북도 안동시,1160,경상북도 안동시
2024-06-04,양파,특,853400.0,1660.0,678000,경상남도 합천군,1140,경상남도 합천군
2023-04-08,양파,상,7257000.0,6726.0,548800,전남 고흥군 고흥읍,1104,전라남도 고흥군
2021-11-03,양파,특,18000000.0,24000.0,635000,경상남도 창녕군,1126,경상남도 창녕군
2019-10-04,양파,특,2677500.0,7140.0,525000,전라남도 함평군,1090,전라남도 함평군
2021-09-06,양파,특,8870400.0,11520.0,636000,경상남도 의령군,1127,경상남도 의령군
2024-01-06,양파,특,61000.0,12.0,565701,전북 완주군 삼례읍  우석대학교 ,1107,전라북도 완주군
2021-03-27,양파,보통,950000.0,750.0,690600,제주 제주시 제주우체국사서함,1142,제주특별자치도 제주시
2023-11-29,양파,보통,1680000.0,1050.0,711000,대구광역시 달성군,1146,대구광역시
2023-02-23,양파,특,114000.0,60.0,565907,전북 완주군 봉동읍 장기리,1107,전라북도 완주군
2022-03-02,양파,특,1560000.0,3900.0,770000,경상북도 영천시,1166,경상북도 영천시
2024-11-08,양파,특,2970750.0,3060.0,534000,전라남도 무안군,1097,전라남도 무안군
2019-03-02,양파,특,700000.0,2000.0,770000,경상북도 영천시,1166,경상북도 영천시
2025-02-13,양파,특,4647500.0,3900.0,800000,중국,1170,수입산
2023-09-09,양파,상,476100.0,460.0,536000,전라남도 해남군,1098,전라남도 해남군
2023-09-05,양파,특,3068700.0,3012.0,597000,전라북도 장수군,1119,전라북도 장수군
2020-11-12,양파,상,2184000.0,1820.0,635700,경남 창녕군 창녕읍  창녕군청 ,1126,경상남도 창녕군
2021-04-12,양파,특,1314000.0,1460.0,555807,전남 여수시 학동1∼53,1105,전라남도 여수시
2020-01-22,양파,특,7234500.0,8775.0,717810,경북 고령군 성산면,1150,경상북도 고령군
2024-02-15,양파,하,1156000.0,960.0,740000,경상북도 김천시,1154,경상북도 김천시
2020-07-27,양파,특,136000.0,200.0,760873,경북 안동시 남후면 광음리,1160,경상북도 안동시
2023-10-12,양파,특,2997500.0,2325.0,570130,전북 익산시 목천동,1111,전라북도 익산시
2020-04-22,양파,보통,264000.0,313.5,565907,전북 완주군 봉동읍 장기리,1107,전라북도 완주군
2022-08-16,양파,상,100000.0,80.0,376000,충청북도 보은군,1045,충청북도 보은군
2018-09-21,양파,특,8430000.0,11250.0,534843,전남 무안군 현경면 양학리,1097,전라남도 무안군
2019-09-26,양파,특,216000.0,288.0,360000,충청북도 청주시,1037,충청북도 청주시
2018-04-02,양파,특,1268400.0,2240.0,529804,전남 장흥군 장흥읍 교촌리,1094,전라남도 장흥군
2018-03-24,양파,특,1458000.0,3240.0,361101,충북 청주시 흥덕구 사직1동,1037,충청북도 청주시
2020-04-28,양파,보통,165000.0,570.0,950000,전라남도 ,1176,전라남도 
2019-04-27,양파,하,1492400.0,1968.0,548000,전라남도 고흥군,1104,전라남도 고흥군
2019-10-15,양파,특,1530000.0,3240.0,534841,전남 무안군 현경면 가입리,1097,전라남도 무안군
2023-12-12,양파,보통,1008000.0,1080.0,716800,경북 군위군 군위읍,1149,경상북도 군위군
2019-05-08,양파,특,180000.0,1080.0,690000,제주도 제주시,1142,제주특별자치도 제주시
2019-12-02,양파,특,1300000.0,2000.0,361300,충북 청주시 흥덕구 봉명동,1037,충청북도 청주시
2020-04-24,양파,보통,496000.0,620.0,680020,울산 남구 삼산동,1141,울산광역시
2018-12-17,양파,보통,197600.0,468.0,561302,전북 전주시 덕진구 송천동2가,1106,전라북도 전주시
2018-09-19,양파,특,816500.0,1000.0,680010,울산 남구 신정동,1141,울산광역시
2018-06-18,양파,보통,16000.0,200.0,548000,전라남도 고흥군,1104,전라남도 고흥군
2025-04-05,양파,특,1188000.0,792.0,534000,전라남도 무안군,1097,전라남도 무안군
2022-01-29,양파,특,5070000.0,11700.0,711000,대구광역시 달성군,1146,대구광역시
2024-07-27,양파,특,510000.0,660.0,716000,경상북도 군위군,1149,경상북도 군위군
2022-07-29,양파,보통,40400.0,30.0,200140,강원 춘천시 사농동,1001,강원도 춘천시
2022-05-14,양파,특,402500.0,700.0,546900,전남 보성군 벌교읍,1103,전라남도 보성군
2022-10-03,양파,특,14866500.0,12240.0,534000,전라남도 무안군,1097,전라남도 무안군
2019-08-19,양파,특,27300.0,37.5,200140,강원 춘천시 사농동,1001,강원도 춘천시
2023-05-03,양파,보통,16778000.0,19125.0,536863,전남 해남군 황산면 부곡리,1098,전라남도 해남군
2024-07-02,양파,보통,30600.0,90.0,350000,충청남도 홍성군,1033,충청남도 홍성군
2018-08-11,양파,특,814000.0,740.0,456000,경기도 안성시,1067,경기도 안성시
2018-01-13,양파,특,5875000.0,4500.0,750000,경상북도 영주시,1157,경상북도 영주시
2021-01-14,양파,상,924800.0,640.0,380170,충북 충주시 가주동,1046,충청북도 충주시
2022-05-20,양파,상,406500.0,1020.0,525000,전라남도 함평군,1090,전라남도 함평군
2023-09-07,양파,보통,4675000.0,6120.0,529902,전남 장흥군 대덕읍 도청리,1094,전라남도 장흥군
2022-03-30,양파,특,1000000.0,4000.0,770810,경북 영천시 신녕면,1166,경상북도 영천시
2018-05-12,양파,특,1206300.0,1950.0,695835,제주 북제주군 한림읍 한림2리,1143,제주특별자치도 북제주군
2024-08-07,양파,특,374000.0,680.0,645000,경상남도 진해시,1130,경상남도 진해시
2021-01-12,양파,보통,1480000.0,800.0,618807,부산 강서구 대저2동1001∼2507,1120,부산광역시
2018-07-13,양파,특,126000.0,360.0,635870,경남 창녕군 장마면,1126,경상남도 창녕군
2020-03-13,양파,특,6510000.0,7000.0,770000,경상북도 영천시,1166,경상북도 영천시
2022-05-05,양파,상,2463800.0,3880.0,548931,전남 고흥군 금산면 대흥리,1104,전라남도 고흥군
2022-09-16,양파,특,1190000.0,1020.0,535000,전라남도 신안군,1096,전라남도 신안군
2022-12-05,양파,상,4515000.0,3150.0,745000,경상북도 문경시,1156,경상북도 문경시
2021-10-19,양파,특,2560000.0,2400.0,600010,부산 중구 중앙동,1120,부산광역시
2023-06-06,양파,상,1670000.0,1540.0,702270,대구 북구 매천동,1146,대구광역시
2020-05-18,양파,특,9269000.0,13700.0,529000,전라남도 장흥군,1094,전라남도 장흥군
2021-09-29,양파,특,3150000.0,4200.0,579000,전라북도 부안군,1114,전라북도 부안군
2018-10-29,양파,특,330000.0,750.0,565881,전북 완주군 화산면 성북리,1107,전라북도 완주군
2019-06-14,양파,상,243800.0,954.0,561302,전북 전주시 덕진구 송천동2가,1106,전라북도 전주시
2023-01-16,양파,특,14021000.0,12300.0,676000,경상남도 함양군,1139,경상남도 함양군
2019-05-27,양파,특,10324000.0,21800.0,903000,대구광역시 ,1146,대구광역시
2022-08-26,양파,하,6563000.0,7575.0,534000,전라남도 무안군,1097,전라남도 무안군
2018-03-22,양파,특,34500.0,30.0,800000,중국,1170,수입산
2021-12-31,양파,특,9600000.0,9600.0,534000,전라남도 무안군,1097,전라남도 무안군
2022-06-04,양파,보통,24800.0,40.0,513000,전라남도 영광군,1084,전라남도 영광군
2024-05-28,양파,하,3224550.0,14328.0,534000,전라남도 무안군,1097,전라남도 무안군
2023-04-27,양파,특,21000.0,10.0,138701,서울 송파구 가락1동  가락농수산물시장 ,1000,서울특별시
2025-01-24,양파,특,4148000.0,3060.0,356000,충청남도 서산시,1035,충청남도 서산시
2022-02-09,양파,상,1539000.0,3420.0,636964,경남 의령군 부림면 신반리,1127,경상남도 의령군
2020-11-07,양파,하,74400.0,60.0,534841,전남 무안군 현경면 가입리,1097,전라남도 무안군
2020-10-24,양파,특,9613500.0,8160.0,525870,전남 함평군 해보면,1090,전라남도 함평군
2020-02-12,양파,특,27300.0,20.0,138701,서울 송파구 가락1동  가락농수산물시장 ,1000,서울특별시
2019-01-03,양파,특,470000.0,470.0,482000,경기도 양주시,1077,경기도 양주시
2021-07-02,양파,보통,102000.0,680.0,525805,전남 함평군 함평읍 만흥리,1090,전라남도 함평군
2018-01-18,양파,특,1139000.0,1005.0,770600,경북 영천시 영천우체국사서함,1166,경상북도 영천시
2022-01-21,양파,특,6461000.0,14625.0,635000,경상남도 창녕군,1126,경상남도 창녕군
2022-11-02,양파,보통,23540000.0,16000.0,678000,경상남도 합천군,1140,경상남도 합천군
2019-09-05,양파,특,142600.0,620.0,356000,충청남도 서산시,1035,충청남도 서산시
2020-08-04,양파,보통,105300.0,540.0,769970,경북 의성군 다인면,1165,경상북도 의성군
2025-04-18,양파,상,420000.0,840.0,636980,경남 의령군 지정면,1127,경상남도 의령군
2022-06-04,양파,하,6975000.0,5625.0,534841,전남 무안군 현경면 가입리,1097,전라남도 무안군
2023-04-05,양파,보통,273000.0,315.0,690010,제주 제주시 일도동,1142,제주특별자치도 제주시
2021-10-01,양파,특,5397000.0,6300.0,678700,경남 합천군 합천읍 합천리 합천군청 ,1140,경상남도 합천군
2024-06-08,양파,특,3153600.0,4320.0,711891,대구 달성군 구지면 가천리,1146,대구광역시
2020-12-02,양파,특,174000.0,120.0,534000,전라남도 무안군,1097,전라남도 무안군
2023-06-09,양파,특,17000.0,20.0,355000,충청남도 보령시,1034,충청남도 보령시
2021-04-05,양파,특,13000.0,5.0,901000,서울특별시 ,1000,서울특별시
2024-07-23,양파,특,43746200.0,35970.0,800000,중국,1170,수입산
2021-06-05,양파,특,7966750.0,12672.0,534000,전라남도 무안군,1097,전라남도 무안군
2023-11-15,양파,상,550000.0,375.0,534729,전남 무안군 청계면 도림리 목포대학교 ,1097,전라남도 무안군
2019-04-12,양파,특,4845000.0,3800.0,617030,부산 사상구 엄궁동,1120,부산광역시
2020-02-21,양파,특,860000.0,800.0,630000,경상남도 창원시 마산회원구,1124,경상남도 창원시
2020-07-31,양파,특,5344000.0,4800.0,678700,경남 합천군 합천읍 합천리 합천군청 ,1140,경상남도 합천군
2021-12-24,양파,특,910000.0,1500.0,482000,경기도 양주시,1077,경기도 양주시
2020-07-22,양파,보통,2880000.0,3600.0,980000,경상북도 ,1179,경상북도 
2020-10-26,양파,특,400000.0,250.0,482000,경기도 양주시,1077,경기도 양주시
2023-03-10,양파,특,660000.0,400.0,621150,경남 김해시 화목동,1121,경상남도 김해시
2025-02-26,양파,보통,223020.0,6.0,580090,전북 정읍시 농소동,1116,전라북도 정읍시
2024-04-01,양파,특,8712000.0,4840.0,902000,부산광역시 ,1120,부산광역시
2023-12-13,양파,상,1134000.0,3780.0,565000,전라북도 완주군,1107,전라북도 완주군
2022-09-05,양파,특,29510600.0,25311.0,635000,경상남도 창녕군,1126,경상남도 창녕군
2023-05-03,양파,상,2458600.0,3160.0,902000,부산광역시 ,1120,부산광역시
2019-06-22,양파,특,1104000.0,2880.0,525000,전라남도 함평군,1090,전라남도 함평군
2020-05-20,양파,특,331600.0,630.0,369000,충청북도 음성군,1042,충청북도 음성군
2020-05-14,양파,상,390000.0,520.0,570600,전북 익산시 익산우체국사서함,1111,전라북도 익산시
2019-04-08,양파,상,7444800.0,12960.0,678811,경남 합천군 율곡면 갑산리,1140,경상남도 합천군
2021-02-01,양파,특,5700000.0,4000.0,635903,경남 창녕군 남지읍 남지리,1126,경상남도 창녕군
2019-02-13,양파,하,799000.0,2040.0,515000,전라남도 장성군,1085,전라남도 장성군
2021-04-16,양파,특,4913000.0,6120.0,950000,전라남도 ,1176,전라남도 
2025-05-12,양파,상,2726000.0,3384.0,902000,부산광역시 ,1120,부산광역시
2020-12-12,양파,특,2686000.0,2040.0,535000,전라남도 신안군,1096,전라남도 신안군
2023-04-03,양파,특,53010150.0,26670.0,800000,중국,1170,수입산
2023-02-15,양파,하,600000.0,800.0,906000,광주광역시 ,1083,광주광역시
2019-11-27,양파,하,3772350.0,5976.0,525000,전라남도 함평군,1090,전라남도 함평군
2022-04-06,양파,특,4446000.0,9750.0,534000,전라남도 무안군,1097,전라남도 무안군
2020-04-25,양파,특,2180800.0,3760.0,500772,광주 북구 운암3동  주공아파트 301∼363동,1083,광주광역시
2023-06-24,양파,특,1463100.0,2100.0,760811,경북 안동시 풍천면 가곡리,1160,경상북도 안동시
2020-03-09,양파,특,54650.0,10.0,138160,서울 송파구 가락동,1000,서울특별시
2020-04-03,양파,특,451000.0,330.0,425000,경기도 안산시,1055,경기도 안산시
2020-06-27,양파,하,50000.0,95.0,636982,경남 의령군 지정면 득소리,1127,경상남도 의령군
2022-05-20,양파,하,8280000.0,16875.0,471080,경기 구리시 갈매동,1072,경기도 구리시
2019-12-05,양파,특,907520.0,960.0,901000,서울특별시 ,1000,서울특별시
2022-04-28,양파,특,6001000.0,7815.0,697000,제주도 서귀포시,1144,제주특별자치도 서귀포시
2024-12-02,양파,특,2577600.0,2160.0,579814,전북 부안군 동진면 장등리,1114,전라북도 부안군
2021-07-01,양파,특,1976000.0,3900.0,740974,경북 김천시 남산동50∼250,1154,경상북도 김천시
2023-05-05,양파,상,107200.0,108.0,540850,전남 순천시 해룡면,1100,전라남도 순천시
2020-11-09,양파,상,1474000.0,1306.5,711000,대구광역시 달성군,1146,대구광역시
2022-03-21,양파,상,770000.0,4460.0,902000,부산광역시 ,1120,부산광역시
2023-12-13,양파,특,7257600.0,5760.0,800000,중국,1170,수입산
2020-06-20,양파,특,91000.0,150.0,343000,충청남도 당진시,1031,충청남도 당진시
2023-03-06,양파,특,46417150.0,25680.0,525000,전라남도 함평군,1090,전라남도 함평군
2020-05-25,양파,특,1500000.0,750.0,534000,전라남도 무안군,1097,전라남도 무안군
2023-11-27,양파,특,7600000.0,7800.0,635000,경상남도 창녕군,1126,경상남도 창녕군
2021-03-31,양파,특,380000.0,300.0,138000,서울특별시 송파구,1000,서울특별시
2021-04-26,양파,보통,197200.0,673.2,548000,전라남도 고흥군,1104,전라남도 고흥군
2020-01-08,양파,특,960000.0,1080.0,570130,전북 익산시 목천동,1111,전라북도 익산시
2023-10-19,양파,상,195500.0,115.0,534729,전남 무안군 청계면 도림리 목포대학교 ,1097,전라남도 무안군
2021-11-10,양파,특,796400.0,660.0,769800,경북 의성군 의성읍,1165,경상북도 의성군
2022-04-26,양파,상,3941100.0,7180.0,637000,경상남도 함안군,1128,경상남도 함안군
2023-09-21,양파,특,2580000.0,2250.0,534000,전라남도 무안군,1097,전라남도 무안군
2021-03-03,양파,특,31500.0,15.0,138000,서울특별시 송파구,1000,서울특별시
2018-05-25,양파,특,285000.0,228.0,356844,충남 서산시 음암면 성암리,1035,충청남도 서산시
2020-10-17,양파,상,4268000.0,3880.0,635000,경상남도 창녕군,1126,경상남도 창녕군
2025-04-09,양파,특,6930000.0,4200.0,635800,경남 창녕군 창녕읍,1126,경상남도 창녕군
2018-05-23,양파,특,1126000.0,2472.0,534834,전남 무안군 청계면 도림리,1097,전라남도 무안군
2025-02-14,양파,특,24240.0,15.0,200140,강원 춘천시 사농동,1001,강원도 춘천시
2020-06-08,양파,특,128000.0,320.0,717701,경북 고령군 개진면  개진공단 ,1150,경상북도 고령군
2022-07-05,양파,상,120000.0,300.0,323000,충청남도 부여군,1024,충청남도 부여군
2021-02-03,양파,특,7692500.0,4080.0,534811,전남 무안군 몽탄면 구산리,1097,전라남도 무안군
2025-05-01,양파,상,1965000.0,2250.0,697370,제주 서귀포시 강정동,1144,제주특별자치도 서귀포시
2020-10-05,양파,특,8000.0,40.0,565907,전북 완주군 봉동읍 장기리,1107,전라북도 완주군
2023-07-01,양파,특,160000.0,100.0,565863,전북 완주군 고산면 성재리,1107,전라북도 완주군
2018-10-10,양파,특,7357000.0,9975.0,526800,전남 영암군 영암읍,1091,전라남도 영암군
2018-06-20,양파,하,3000.0,14.0,350900,충남 홍성군 광천읍,1033,충청남도 홍성군
2018-07-16,양파,상,77000.0,140.0,590951,전북 남원시 금지면 귀석리,1117,전라북도 남원시
2018-04-21,양파,특,2706000.0,3300.0,690811,제주 제주시 삼도1동498∼502,1142,제주특별자치도 제주시
2020-11-25,양파,특,17627800.0,14340.0,579000,전라북도 부안군,1114,전라북도 부안군
2023-05-12,양파,상,155000.0,150.0,637830,경남 함안군 법수면,1128,경상남도 함안군
2024-08-16,양파,보통,387000.0,1620.0,637000,경상남도 함안군,1128,경상남도 함안군
2018-03-26,양파,상,243000.0,540.0,561302,전북 전주시 덕진구 송천동2가,1106,전라북도 전주시
2021-06-23,양파,보통,430000.0,860.0,513000,전라남도 영광군,1084,전라남도 영광군
2022-01-28,양파,하,540000.0,1620.0,635000,경상남도 창녕군,1126,경상남도 창녕군
2024-04-06,양파,특,290000.0,200.0,678000,경상남도 합천군,1140,경상남도 합천군
2021-06-23,양파,특,7639000.0,13980.0,769000,경상북도 의성군,1165,경상북도 의성군
2020-06-04,양파,상,1146600.0,1813.5,717000,경상북도 고령군,1150,경상북도 고령군
2019-04-08,양파,특,17000.0,19.0,556810,전남 여수시 소라면,1105,전라남도 여수시
2022-09-05,양파,특,181800.0,90.0,200140,강원 춘천시 사농동,1001,강원도 춘천시
2023-02-17,양파,특,887000.0,750.0,356980,충남 서산시 팔봉면,1035,충청남도 서산시
2021-06-12,양파,특,8497900.0,13092.0,534000,전라남도 무안군,1097,전라남도 무안군
2020-06-12,양파,특,10541250.0,18000.0,525000,전라남도 함평군,1090,전라남도 함평군
2019-03-25,양파,특,2262600.0,2504.0,525805,전남 함평군 함평읍 만흥리,1090,전라남도 함평군
2021-06-14,양파,특,1950000.0,3120.0,529804,전남 장흥군 장흥읍 교촌리,1094,전라남도 장흥군
2025-03-08,양파,특,483000.0,210.0,641111,경남 창원시 가음동,1124,경상남도 창원시
2024-12-04,양파,상,132500.0,100.0,730800,경북 구미시 선산읍,1153,경상북도 구미시
2018-10-02,양파,상,294100.0,249.0,500010,광주 북구 임동,1083,광주광역시
2022-05-30,양파,특,1433800.0,2100.0,525805,전남 함평군 함평읍 만흥리,1090,전라남도 함평군
2018-08-15,양파,특,256000.0,640.0,770040,경북 영천시 과전동,1166,경상북도 영천시
2021-07-05,양파,보통,1361200.0,5976.0,621000,경상남도 김해시,1121,경상남도 김해시
2020-04-27,양파,특,169200.0,180.0,525000,전라남도 함평군,1090,전라남도 함평군
2018-05-19,양파,특,34500.0,285.0,570600,전북 익산시 익산우체국사서함,1111,전라북도 익산시
2021-06-16,양파,특,675000.0,1125.0,660300,경남 진주시 가좌동,1133,경상남도 진주시
2023-09-05,양파,특,26630.0,15.0,138161,서울 송파구 가락1동,1000,서울특별시
2018-06-26,양파,보통,12000.0,60.0,590950,전북 남원시 금지면,1117,전라북도 남원시
2020-06-18,양파,상,369000.0,881.5,627110,경남 밀양시 가곡동,1123,경상남도 밀양시
2022-12-03,양파,특,2128500.0,1460.25,565000,전라북도 완주군,1107,전라북도 완주군
2020-01-11,양파,특,5885000.0,7000.0,770000,경상북도 영천시,1166,경상북도 영천시
2024-11-07,양파,특,380000.0,200.0,456000,경기도 안성시,1067,경기도 안성시
2019-01-19,양파,특,1234000.0,1890.0,561302,전북 전주시 덕진구 송천동2가,1106,전라북도 전주시
2020-10-21,양파,특,3176000.0,2400.0,717000,경상북도 고령군,1150,경상북도 고령군
2024-07-10,양파,특,1575000.0,1050.0,525800,전남 함평군 함평읍,1090,전라남도 함평군
2018-05-14,양파,하,11356300.0,21624.0,534000,전라남도 무안군,1097,전라남도 무안군
2024-05-20,양파,상,1802000.0,2040.0,534000,전라남도 무안군,1097,전라남도 무안군
2018-05-30,양파,특,7407500.0,16000.0,534000,전라남도 무안군,1097,전라남도 무안군
2022-06-01,양파,상,2775500.0,2925.0,565000,전라북도 완주군,1107,전라북도 완주군
2024-08-26,양파,하,340000.0,1020.0,535000,전라남도 신안군,1096,전라남도 신안군
2019-08-08,양파,특,80000.0,200.0,630000,경상남도 창원시 마산회원구,1124,경상남도 창원시
2019-03-01,양파,특,270000.0,1080.0,770000,경상북도 영천시,1166,경상북도 영천시
2021-03-22,양파,보통,195000.0,390.0,690811,제주 제주시 삼도1동498∼502,1142,제주특별자치도 제주시
2024-03-01,양파,특,5100000.0,4500.0,730000,경상북도 구미시,1153,경상북도 구미시
2021-10-12,양파,특,3128000.0,4080.0,534843,전남 무안군 현경면 양학리,1097,전라남도 무안군
2021-12-08,양파,특,10170000.0,13560.0,635000,경상남도 창녕군,1126,경상남도 창녕군
2022-04-13,양파,보통,251600.0,1360.0,717000,경상북도 고령군,1150,경상북도 고령군
2018-03-01,양파,특,336000.0,1680.0,306010,대전 대덕구 오정동,1019,대전광역시
2024-12-25,양파,특,1817900.0,1350.0,482840,경기 양주시 광적면,1077,경기도 양주시
2023-09-04,양파,특,418000.0,330.0,630000,경상남도 창원시 마산회원구,1124,경상남도 창원시
2022-02-10,양파,상,1210000.0,3000.0,770810,경북 영천시 신녕면,1166,경상북도 영천시
2023-10-04,양파,특,4080000.0,5100.0,535000,전라남도 신안군,1096,전라남도 신안군
2024-05-15,양파,하,10202300.0,14856.0,534000,전라남도 무안군,1097,전라남도 무안군
2023-08-18,양파,특,2542500.0,2700.0,530847,전남 신안군 압해면 매화리,1096,전라남도 신안군
2020-08-14,양파,특,960000.0,800.0,618142,부산 강서구 대저2동,1120,부산광역시
2024-09-06,양파,특,1566400.0,1780.0,526840,전남 영암군 시종면,1091,전라남도 영암군
2020-10-26,양파,특,18210000.0,15750.0,534800,전남 무안군 무안읍,1097,전라남도 무안군
2023-06-16,양파,특,27600.0,30.0,356000,충청남도 서산시,1035,충청남도 서산시
2018-05-17,양파,하,1873000.0,3465.0,534841,전남 무안군 현경면 가입리,1097,전라남도 무안군
2018-05-07,양파,보통,12000.0,58.5,717000,경상북도 고령군,1150,경상북도 고령군
2019-11-29,양파,특,459200.0,984.0,513000,전라남도 영광군,1084,전라남도 영광군
2021-11-29,양파,상,700000.0,1000.0,635940,경남 창녕군 대합면,1126,경상남도 창녕군
2023-06-14,양파,상,53200.0,80.0,716820,경북 군위군 효령면,1149,경상북도 군위군
2021-05-15,양파,상,55000.0,100.0,750010,경북 영주시 영주동,1157,경상북도 영주시
2025-05-19,양파,특,8175000.0,13500.0,525850,전남 함평군 신광면,1090,전라남도 함평군
2022-08-29,양파,보통,1380000.0,900.0,636000,경상남도 의령군,1127,경상남도 의령군
2022-12-03,양파,특,11406200.0,9108.0,534000,전라남도 무안군,1097,전라남도 무안군
2018-01-15,양파,특,1246400.0,1968.0,535000,전라남도 신안군,1096,전라남도 신안군
2024-11-28,양파,특,1080000.0,3240.0,534000,전라남도 무안군,1097,전라남도 무안군
2022-04-09,양파,하,119000.0,2040.0,534000,전라남도 무안군,1097,전라남도 무안군
2022-06-21,양파,특,305000.0,250.0,689833,울산 울주군 두서면 서하리,1141,울산광역시
2021-07-01,양파,하,675000.0,750.0,570000,전라북도 익산시,1111,전라북도 익산시
2022-06-21,양파,특,989000.0,920.0,534000,전라남도 무안군,1097,전라남도 무안군
2018-02-27,양파,특,1650000.0,2000.0,800000,중국,1170,수입산
2020-03-25,양파,특,3360000.0,3960.0,635000,경상남도 창녕군,1126,경상남도 창녕군
2019-06-06,양파,특,990000.0,2700.0,676890,경남 함양군 유림면,1139,경상남도 함양군
2023-09-12,양파,하,3561600.0,3816.0,525000,전라남도 함평군,1090,전라남도 함평군
2022-08-26,양파,특,1746000.0,1406.5,717000,경상북도 고령군,1150,경상북도 고령군
2024-06-24,양파,보통,1343000.0,2040.0,676000,경상남도 함양군,1139,경상남도 함양군
2018-04-14,양파,특,1599000.0,4875.0,750870,경북 영주시 안정면,1157,경상북도 영주시
2019-04-10,양파,특,2312000.0,2040.0,690000,제주도 제주시,1142,제주특별자치도 제주시
2022-10-27,양파,보통,94500.0,90.0,905000,인천광역시 ,1049,인천광역시
2024-05-24,양파,상,203500.0,220.0,556890,전남 여수시 율촌면,1105,전라남도 여수시
2024-06-18,양파,특,219600.0,378.0,716820,경북 군위군 효령면,1149,경상북도 군위군
2023-02-10,양파,보통,150000.0,200.0,635820,경남 창녕군 대지면,1126,경상남도 창녕군
2024-12-09,양파,보통,4180000.0,4000.0,636000,경상남도 의령군,1127,경상남도 의령군
2018-06-19,양파,특,34403950.0,44355.0,534000,전라남도 무안군,1097,전라남도 무안군
2020-09-15,양파,보통,1720000.0,2000.0,356000,충청남도 서산시,1035,충청남도 서산시
2021-08-14,양파,상,1012600.0,1660.0,635812,경남 창녕군 유어면 광산리,1126,경상남도 창녕군
2019-10-31,양파,특,70000.0,100.0,565863,전북 완주군 고산면 성재리,1107,전라북도 완주군
2024-11-18,양파,특,27078800.0,22920.0,579000,전라북도 부안군,1114,전라북도 부안군
2022-02-24,양파,특,980000.0,2100.0,745850,경북 문경시 영순면,1156,경상북도 문경시
2023-09-15,양파,하,3143500.0,7620.0,534000,전라남도 무안군,1097,전라남도 무안군
2019-06-15,양파,상,50000.0,200.0,548840,전남 고흥군 남양면,1104,전라남도 고흥군
2021-04-08,양파,보통,455000.0,1225.0,548930,전남 고흥군 금산면,1104,전라남도 고흥군
2021-10-05,양파,특,5638800.0,7080.0,534000,전라남도 무안군,1097,전라남도 무안군
2019-08-14,양파,상,84100.0,120.0,500010,광주 북구 임동,1083,광주광역시
2019-03-12,양파,특,1088000.0,3840.0,535000,전라남도 신안군,1096,전라남도 신안군
2023-07-04,양파,특,8343200.0,9570.0,716000,경상북도 군위군,1149,경상북도 군위군
2025-02-22,양파,보통,4683500.0,3060.0,534000,전라남도 무안군,1097,전라남도 무안군
2021-04-19,양파,특,1116000.0,2160.0,990000,제주도 ,1180,제주도 
2018-06-25,양파,특,7166000.0,14120.0,676800,경남 함양군 함양읍,1139,경상남도 함양군
2023-01-14,양파,상,3720000.0,2400.0,902000,부산광역시 ,1120,부산광역시
2021-05-17,양파,특,285200.0,1227.6,718000,경상북도 칠곡군,1151,경상북도 칠곡군
2025-03-19,양파,특,20200.0,8.0,200140,강원 춘천시 사농동,1001,강원도 춘천시
2021-07-14,양파,특,196500.0,300.0,678800,경남 합천군 합천읍,1140,경상남도 합천군
2020-10-08,양파,특,11100000.0,9000.0,565900,전북 완주군 봉동읍,1107,전라북도 완주군
2024-01-23,양파,특,546000.0,900.0,320600,충남 논산시 논산우체국사서함,1022,충청남도 논산시
2025-05-16,양파,특,1320000.0,1980.0,800000,중국,1170,수입산
2022-08-01,양파,보통,824500.0,1020.0,585000,전라북도 고창군,1115,전라북도 고창군
2018-06-12,양파,특,638000.0,1160.0,520833,전남 나주시 산포면 산제리,1089,전라남도 나주시
2023-12-01,양파,특,10696000.0,9450.0,534000,전라남도 무안군,1097,전라남도 무안군
2024-06-22,양파,특,4611000.0,6900.0,520833,전남 나주시 산포면 산제리,1089,전라남도 나주시
2024-03-28,양파,특,120000.0,60.0,901000,서울특별시 ,1000,서울특별시
2022-06-22,양파,특,157900.0,465.0,565870,전북 완주군 비봉면,1107,전라북도 완주군
2022-07-14,양파,하,715000.0,550.0,711000,대구광역시 달성군,1146,대구광역시
2024-02-03,양파,특,2709000.0,2515.5,717000,경상북도 고령군,1150,경상북도 고령군
2020-03-23,양파,특,5292000.0,4410.0,697000,제주도 서귀포시,1144,제주특별자치도 서귀포시
2021-02-03,양파,상,161000.0,70.0,138000,서울특별시 송파구,1000,서울특별시
2019-05-01,양파,특,1161000.0,2322.0,535800,전남 신안군 지도읍,1096,전라남도 신안군
2020-12-12,양파,특,2120400.0,1395.0,565000,전라북도 완주군,1107,전라북도 완주군
2023-08-24,양파,특,7627500.0,6750.0,534000,전라남도 무안군,1097,전라남도 무안군
2021-07-01,양파,보통,165000.0,220.0,740090,경북 김천시 평화동,1154,경상북도 김천시
2024-09-02,양파,특,1920000.0,1800.0,800000,중국,1170,수입산
2020-12-22,양파,특,6786000.0,4320.0,676000,경상남도 함양군,1139,경상남도 함양군
2019-09-27,양파,특,560000.0,2625.0,305325,대전 유성구 노은동,1019,대전광역시
2023-11-06,양파,하,3233300.0,2235.0,534000,전라남도 무안군,1097,전라남도 무안군
2025-05-10,양파,특,13724100.0,14917.5,548000,전라남도 고흥군,1104,전라남도 고흥군
2025-04-11,양파,보통,418600.0,690.0,690600,제주 제주시 제주우체국사서함,1142,제주특별자치도 제주시
2020-07-03,양파,특,1725000.0,3000.0,631320,경남 마산시 가포동,1125,경상남도 마산시
2020-10-17,양파,하,5827200.0,4848.0,525000,전라남도 함평군,1090,전라남도 함평군
2018-03-15,양파,특,2640000.0,3520.0,525830,전남 함평군 대동면,1090,전라남도 함평군
2024-08-15,양파,특,9900000.0,9000.0,950000,전라남도 ,1176,전라남도 
2022-02-07,양파,보통,6300000.0,10000.0,678000,경상남도 합천군,1140,경상남도 합천군
2024-06-06,양파,상,28800.0,60.0,770040,경북 영천시 과전동,1166,경상북도 영천시
2019-05-17,양파,특,1911000.0,4980.0,525000,전라남도 함평군,1090,전라남도 함평군
2022-05-14,양파,보통,2455600.0,8160.0,902000,부산광역시 ,1120,부산광역시
2019-08-13,양파,하,30200.0,75.0,534841,전남 무안군 현경면 가입리,1097,전라남도 무안군
2019-07-15,양파,특,325000.0,1300.0,570130,전북 익산시 목천동,1111,전라북도 익산시
2023-06-23,양파,특,1003900.0,1060.0,760600,경북 안동시 안동우체국사서함,1160,경상북도 안동시
2021-04-20,양파,특,4046000.0,4760.0,666800,경남 산청군 산청읍,1135,경상남도 산청군
2024-11-16,양파,특,5209600.0,4440.0,740600,경북 김천시 김천우체국사서함,1154,경상북도 김천시
2025-05-30,양파,특,70875500.0,123705.0,534000,전라남도 무안군,1097,전라남도 무안군
2024-07-25,양파,보통,554400.0,720.0,717000,경상북도 고령군,1150,경상북도 고령군
2023-06-07,양파,보통,2166000.0,2320.0,627000,경상남도 밀양시,1123,경상남도 밀양시
2022-02-12,양파,특,1956500.0,3900.0,565003,전북 완주군 봉동읍  전주우편집중국 ,1107,전라북도 완주군
2024-04-01,양파,특,27800.0,12.5,200140,강원 춘천시 사농동,1001,강원도 춘천시
2024-08-03,양파,특,1400000.0,1400.0,565805,전북 완주군 삼례읍 어전리,1107,전라북도 완주군
2018-04-25,양파,상,468000.0,720.0,515800,전남 장성군 장성읍,1085,전라남도 장성군
2024-04-18,양파,특,264600.0,9.8,330600,충남 천안시 동남구 천안우체국사서함,1026,충청남도 천안시
2023-09-23,양파,특,54600.0,30.0,200140,강원 춘천시 사농동,1001,강원도 춘천시
2020-03-28,양파,특,1742000.0,1635.0,641465,경남 창원시 팔용동,1124,경상남도 창원시
2022-08-10,양파,특,720000.0,360.0,630000,경상남도 창원시 마산회원구,1124,경상남도 창원시
2019-07-26,양파,특,59500.0,70.0,138000,서울특별시 송파구,1000,서울특별시
2018-10-11,양파,특,30300.0,30.0,200140,강원 춘천시 사농동,1001,강원도 춘천시
2024-01-27,양파,특,2142000.0,1785.0,800000,중국,1170,수입산
2020-05-29,양파,특,1232000.0,2200.0,678000,경상남도 합천군,1140,경상남도 합천군
2024-10-19,양파,상,2940000.0,3276.0,635000,경상남도 창녕군,1126,경상남도 창녕군
2023-08-12,양파,특,1430000.0,2490.0,717800,경북 고령군 고령읍,1150,경상북도 고령군
2023-08-05,양파,특,7083000.0,8140.0,534729,전남 무안군 청계면 도림리 목포대학교 ,1097,전라남도 무안군
2021-12-15,양파,특,1550000.0,2000.0,525805,전남 함평군 함평읍 만흥리,1090,전라남도 함평군
2020-05-14,양파,상,690000.0,1140.0,630850,경남 마산시 내서읍,1125,경상남도 마산시
2021-11-18,양파,특,1200000.0,2000.0,597000,전라북도 장수군,1119,전라북도 장수군
2019-04-15,양파,상,10220100.0,11190.0,678800,경남 합천군 합천읍,1140,경상남도 합천군
2022-11-15,양파,특,23662500.0,15750.0,525800,전남 함평군 함평읍,1090,전라남도 함평군
2023-09-07,양파,특,9240000.0,9000.0,800000,중국,1170,수입산
2024-05-01,양파,특,9430000.0,7000.0,621600,경남 김해시 김해우체국사서함,1121,경상남도 김해시
2019-02-19,양파,특,637500.0,1020.0,585000,전라북도 고창군,1115,전라북도 고창군
2019-04-09,양파,특,333200.0,476.0,656830,경남 거제시 장목면,1132,경상남도 거제시
2023-03-28,양파,특,286000.0,130.0,769800,경북 의성군 의성읍,1165,경상북도 의성군
2022-03-25,양파,특,518700.0,1785.0,356832,충남 서산시 운산면 갈산리,1035,충청남도 서산시
2020-01-06,양파,특,600000.0,500.0,412480,경기 고양시 덕양구 대자동,1050,경기도 고양시
2021-06-24,양파,특,35600.0,80.0,730800,경북 구미시 선산읍,1153,경상북도 구미시
2021-01-26,양파,상,24600.0,40.0,730800,경북 구미시 선산읍,1153,경상북도 구미시
2019-08-12,양파,보통,1376900.0,3790.0,635000,경상남도 창녕군,1126,경상남도 창녕군
2022-09-08,양파,하,770000.0,1050.0,970000,경상남도 ,1178,경상남도 
2018-08-10,양파,특,325500.0,620.0,770000,경상북도 영천시,1166,경상북도 영천시
2021-03-12,양파,보통,3712000.0,2668.0,800000,미국,1170,수입산
2018-05-21,양파,특,5715500.0,9940.0,534000,전라남도 무안군,1097,전라남도 무안군
2025-03-12,양파,특,1345900.0,860.0,635000,경상남도 창녕군,1126,경상남도 창녕군
2021-11-29,양파,특,1815000.0,2420.0,635700,경남 창녕군 창녕읍  창녕군청 ,1126,경상남도 창녕군
2018-12-20,양파,특,644000.0,1050.0,635000,경상남도 창녕군,1126,경상남도 창녕군
2020-04-01,양파,하,314700.0,1280.0,534804,전남 무안군 무안읍 성동리,1097,전라남도 무안군
2021-05-07,양파,특,1404000.0,2340.0,950000,전라남도 ,1176,전라남도 
2019-02-19,양파,특,15200.0,15.0,200140,강원 춘천시 사농동,1001,강원도 춘천시
2024-05-11,양파,특,8820000.0,6300.0,800000,중국,1170,수입산
2018-05-15,양파,보통,3167000.0,5460.0,536863,전남 해남군 황산면 부곡리,1098,전라남도 해남군
2022-06-04,양파,특,6258000.0,11020.0,535807,전남 신안군 지도읍 자동리,1096,전라남도 신안군
2024-04-24,양파,보통,5000.0,20.0,548840,전남 고흥군 남양면,1104,전라남도 고흥군
2018-06-05,양파,상,85500.0,380.0,711000,대구광역시 달성군,1146,대구광역시
2022-11-15,양파,특,5800000.0,4000.0,645000,경상남도 진해시,1130,경상남도 진해시
2018-04-10,양파,상,261000.0,360.0,534843,전남 무안군 현경면 양학리,1097,전라남도 무안군
2022-09-01,양파,특,18000.0,10.0,534729,전남 무안군 청계면 도림리 목포대학교 ,1097,전라남도 무안군
2023-11-01,양파,특,11199400.0,11076.0,525000,전라남도 함평군,1090,전라남도 함평군
2019-11-01,양파,특,4382000.0,8535.0,535800,전남 신안군 지도읍,1096,전라남도 신안군
2019-10-01,양파,하,10044500.0,28680.0,534000,전라남도 무안군,1097,전라남도 무안군
2024-11-16,양파,하,552500.0,1020.0,500000,광주광역시 광주 북구,1083,광주광역시
2024-04-29,양파,특,2535000.0,2250.0,678000,경상남도 합천군,1140,경상남도 합천군
2018-12-19,양파,특,4550.0,5.0,200140,강원 춘천시 사농동,1001,강원도 춘천시
2019-07-08,양파,특,21409750.0,57000.0,534000,전라남도 무안군,1097,전라남도 무안군
2023-09-26,양파,특,420000.0,264.0,570130,전북 익산시 목천동,1111,전라북도 익산시
2021-03-15,양파,하,1890000.0,1125.0,770000,경상북도 영천시,1166,경상북도 영천시
2020-06-03,양파,상,582400.0,1040.0,730850,경북 구미시 산동면,1153,경상북도 구미시
2023-09-09,양파,특,4844000.0,4200.0,534000,전라남도 무안군,1097,전라남도 무안군
2020-03-11,양파,보통,212400.0,135.0,410340,경기 고양시 일산동구 산황동,1050,경기도 고양시
2024-07-12,양파,특,216000.0,240.0,740000,경상북도 김천시,1154,경상북도 김천시
2021-06-04,양파,특,2935800.0,6990.0,641465,경남 창원시 팔용동,1124,경상남도 창원시
2024-08-21,양파,보통,82800.0,448.5,678000,경상남도 합천군,1140,경상남도 합천군
2021-07-05,양파,보통,48000.0,160.0,950000,전라남도 ,1176,전라남도 
2021-03-19,양파,상,6602800.0,3165.0,699833,제주 남제주군 대정읍 신도리,1145,제주특별자치도 남제주군
2018-04-02,양파,특,17000.0,10.0,138161,서울 송파구 가락1동,1000,서울특별시
2021-03-26,양파,특,6404400.0,4395.0,695000,제주도 제주시,1142,제주특별자치도 제주시
2023-11-01,양파,상,5000.0,20.0,627600,경남 밀양시 밀양우체국사서함,1123,경상남도 밀양시
2019-01-07,양파,상,138000.0,1200.0,745000,경상북도 문경시,1156,경상북도 문경시
2018-03-15,양파,특,1250000.0,1000.0,800000,중국,1170,수입산
2019-06-04,양파,특,104000.0,200.0,960000,전라북도 ,1177,전라북도 
2018-09-17,양파,하,340000.0,1020.0,525000,전라남도 함평군,1090,전라남도 함평군
2021-06-07,양파,특,2742400.0,4960.0,730010,경북 구미시 원평동,1153,경상북도 구미시
2020-01-09,양파,상,4416000.0,4800.0,902000,부산광역시 ,1120,부산광역시
2020-01-20,양파,특,1688000.0,1600.0,717000,경상북도 고령군,1150,경상북도 고령군
2022-12-29,양파,특,4335000.0,3060.0,678800,경남 합천군 합천읍,1140,경상남도 합천군
2024-12-10,양파,상,374000.0,170.0,500010,광주 북구 임동,1083,광주광역시
2022-07-20,양파,특,9386300.0,9165.0,534000,전라남도 무안군,1097,전라남도 무안군
2022-02-18,양파,특,9090.0,9.0,200140,강원 춘천시 사농동,1001,강원도 춘천시
2022-06-08,양파,특,3450000.0,3000.0,678811,경남 합천군 율곡면 갑산리,1140,경상남도 합천군
2023-12-18,양파,하,765000.0,1020.0,534000,전라남도 무안군,1097,전라남도 무안군
2024-05-15,양파,상,968000.0,780.0,678000,경상남도 합천군,1140,경상남도 합천군
2022-05-02,양파,특,2030000.0,2320.0,635000,경상남도 창녕군,1126,경상남도 창녕군
2023-04-17,양파,특,7112500.0,5540.0,635000,경상남도 창녕군,1126,경상남도 창녕군
2024-03-07,양파,하,4522000.0,4080.0,534000,전라남도 무안군,1097,전라남도 무안군
2018-06-16,양파,특,263700.0,520.0,536930,전남 해남군 북평면,1098,전라남도 해남군
2023-02-02,양파,특,4186000.0,2415.0,769800,경북 의성군 의성읍,1165,경상북도 의성군
2021-02-01,양파,특,19140000.0,12375.0,525000,전라남도 함평군,1090,전라남도 함평군
2021-05-25,양파,특,23230.0,20.0,200140,강원 춘천시 사농동,1001,강원도 춘천시
2024-01-26,양파,특,1040000.0,975.0,565907,전북 완주군 봉동읍 장기리,1107,전라북도 완주군
2021-11-19,양파,보통,1089900.0,1260.0,769000,경상북도 의성군,1165,경상북도 의성군
2019-11-02,양파,특,385000.0,1050.0,534840,전남 무안군 현경면,1097,전라남도 무안군
2020-02-18,양파,하,60000.0,60.0,534841,전남 무안군 현경면 가입리,1097,전라남도 무안군
2020-05-25,양파,특,7143000.0,15570.0,534000,전라남도 무안군,1097,전라남도 무안군
2018-05-14,양파,하,1642500.0,3375.0,534000,전라남도 무안군,1097,전라남도 무안군
2022-01-12,양파,특,16520400.0,29160.0,579000,전라북도 부안군,1114,전라북도 부안군
2024-04-01,양파,특,6750000.0,3375.0,678700,경남 합천군 합천읍 합천리 합천군청 ,1140,경상남도 합천군
2024-03-25,양파,상,703500.0,804.0,902000,부산광역시 ,1120,부산광역시
2021-03-22,양파,특,165000.0,150.0,565907,전북 완주군 봉동읍 장기리,1107,전라북도 완주군
2020-04-13,양파,특,690000.0,1125.0,697000,제주도 서귀포시,1144,제주특별자치도 서귀포시
2020-05-26,양파,보통,2000.0,20.0,636962,경남 의령군 부림면 경산리,1127,경상남도 의령군
2022-01-13,양파,특,1185000.0,2250.0,525860,전남 함평군 나산면,1090,전라남도 함평군
2020-04-22,양파,보통,562400.0,760.0,635000,경상남도 창녕군,1126,경상남도 창녕군
2025-03-31,양파,상,2761500.0,1209.0,637000,경상남도 함안군,1128,경상남도 함안군
2021-04-19,양파,상,2426600.0,3003.0,717000,경상북도 고령군,1150,경상북도 고령군
2018-07-13,양파,상,48600.0,360.0,660360,경남 진주시 초전동,1133,경상남도 진주시
2020-07-08,양파,상,208000.0,560.0,561302,전북 전주시 덕진구 송천동2가,1106,전라북도 전주시
2023-01-30,양파,하,4714000.0,2800.0,717000,경상북도 고령군,1150,경상북도 고령군
2024-08-22,양파,특,2064400.0,2260.0,760000,경상북도 안동시,1160,경상북도 안동시
2023-03-01,양파,특,4394500.0,3060.0,534000,전라남도 무안군,1097,전라남도 무안군
2023-04-12,양파,보통,283200.0,180.0,561302,전북 전주시 덕진구 송천동2가,1106,전라북도 전주시
2020-01-06,양파,상,4950000.0,6600.0,678000,경상남도 합천군,1140,경상남도 합천군
2022-04-06,양파,특,714200.0,7116.0,534000,전라남도 무안군,1097,전라남도 무안군
2024-07-16,양파,보통,9000.0,58.5,534000,전라남도 무안군,1097,전라남도 무안군
2019-06-17,양파,특,45000.0,100.0,730010,경북 구미시 원평동,1153,경상북도 구미시
2022-07-04,양파,보통,528000.0,640.0,635000,경상남도 창녕군,1126,경상남도 창녕군
2021-06-21,양파,특,108300.0,190.0,356842,충남 서산시 음암면 도당4리,1035,충청남도 서산시
2021-09-15,양파,하,12011000.0,15828.0,471080,경기 구리시 갈매동,1072,경기도 구리시
2023-09-25,양파,특,101000.0,50.0,200140,강원 춘천시 사농동,1001,강원도 춘천시
2018-01-26,양파,특,1404000.0,2000.0,608040,부산 남구 문현동,1120,부산광역시
2018-07-19,양파,특,487500.0,1125.0,676804,경남 함양군 함양읍 백천리,1139,경상남도 함양군
2020-04-08,양파,특,1105000.0,1020.0,548000,전라남도 고흥군,1104,전라남도 고흥군
2019-11-16,양파,상,880000.0,1600.0,506010,광주 광산구 송정동,1083,광주광역시
2022-01-25,양파,하,6536700.0,11976.0,525000,전라남도 함평군,1090,전라남도 함평군
2020-07-02,양파,특,712500.0,1125.0,534000,전라남도 무안군,1097,전라남도 무안군
2020-03-24,양파,특,5584900.0,6012.0,535000,전라남도 신안군,1096,전라남도 신안군
2020-04-20,양파,보통,9868700.0,8860.0,637000,경상남도 함안군,1128,경상남도 함안군
2024-05-09,양파,상,13110000.0,9000.0,525000,전라남도 함평군,1090,전라남도 함평군
2024-04-06,양파,특,12409000.0,8940.0,534000,전라남도 무안군,1097,전라남도 무안군
2019-09-25,양파,특,1350000.0,2700.0,565920,전북 완주군 경천면,1107,전라북도 완주군
2023-04-17,양파,특,120000.0,90.0,697000,제주도 서귀포시,1144,제주특별자치도 서귀포시
2021-06-22,양파,보통,35000.0,138.6,757000,경상북도 예천군,1159,경상북도 예천군
2021-07-20,양파,하,598600.0,984.0,579000,전라북도 부안군,1114,전라북도 부안군
2022-02-19,양파,보통,463500.0,855.0,757000,경상북도 예천군,1159,경상북도 예천군
2018-09-12,양파,상,2840000.0,4000.0,336030,충남 아산시 권곡동,1027,충청남도 아산시
2019-07-26,양파,상,435600.0,2420.0,546000,전라남도 보성군,1103,전라남도 보성군
2022-11-08,양파,특,5580000.0,3600.0,579806,전북 부안군 부안읍 서외4리,1114,전라북도 부안군
2023-04-22,양파,상,1102000.0,1720.0,535920,전남 신안군 장산면,1096,전라남도 신안군
2024-05-14,양파,보통,960000.0,1125.0,534000,전라남도 무안군,1097,전라남도 무안군
2018-06-28,양파,상,2032000.0,3810.0,356600,충남 서산시 서산우체국사서함,1035,충청남도 서산시
2022-05-18,양파,특,810000.0,1125.0,534000,전라남도 무안군,1097,전라남도 무안군
2018-07-23,양파,특,456200.0,830.0,356980,충남 서산시 팔봉면,1035,충청남도 서산시
2022-04-09,양파,특,705000.0,1880.0,717000,경상북도 고령군,1150,경상북도 고령군
2021-05-27,양파,상,400000.0,640.0,730000,경상북도 구미시,1153,경상북도 구미시
2023-09-27,양파,특,4732000.0,3900.0,740600,경북 김천시 김천우체국사서함,1154,경상북도 김천시
2024-03-11,양파,특,1380000.0,900.0,534000,전라남도 무안군,1097,전라남도 무안군
2022-10-05,양파,특,3720000.0,2400.0,618804,부산 강서구 대저2동3407∼3827,1120,부산광역시
2020-12-08,양파,상,982800.0,1260.0,635800,경남 창녕군 창녕읍,1126,경상남도 창녕군
2021-02-20,양파,보통,9000000.0,4500.0,769970,경북 의성군 다인면,1165,경상북도 의성군
2018-05-28,양파,하,92400.0,560.0,534000,전라남도 무안군,1097,전라남도 무안군
2025-05-03,양파,특,14314800.0,10620.0,800000,중국,1170,수입산
2020-12-10,양파,하,63000.0,45.0,534841,전남 무안군 현경면 가입리,1097,전라남도 무안군
2023-11-06,양파,특,1177521.0,760.0,471000,경기도 구리시,1072,경기도 구리시
2019-07-09,양파,특,115500.0,225.0,769800,경북 의성군 의성읍,1165,경상북도 의성군
2023-02-08,양파,보통,5532000.0,4840.0,636000,경상남도 의령군,1127,경상남도 의령군
2022-08-06,양파,특,150000.0,100.0,565863,전북 완주군 고산면 성재리,1107,전라북도 완주군
2022-07-15,양파,특,2320500.0,3060.0,503839,광주 남구 주월1동1180∼1190,1083,광주광역시
2024-04-19,양파,상,558600.0,300.0,482000,경기도 양주시,1077,경기도 양주시
2023-03-25,양파,특,3997500.0,2925.0,570130,전북 익산시 목천동,1111,전라북도 익산시
2023-05-20,양파,특,1239300.0,765.0,769800,경북 의성군 의성읍,1165,경상북도 의성군
2025-05-07,양파,특,884000.0,780.0,678000,경상남도 합천군,1140,경상남도 합천군
2018-06-25,양파,특,20514700.0,38700.0,305325,대전 유성구 노은동,1019,대전광역시
2018-06-18,양파,특,533000.0,820.0,320600,충남 논산시 논산우체국사서함,1022,충청남도 논산시
2024-05-04,양파,상,2935500.0,2060.0,717000,경상북도 고령군,1150,경상북도 고령군
2023-06-07,양파,특,1900000.0,2000.0,529000,전라남도 장흥군,1094,전라남도 장흥군
2019-05-21,양파,하,26500.0,140.0,627910,경남 밀양시 상남면,1123,경상남도 밀양시
2025-05-26,양파,특,720000.0,1080.0,570600,전북 익산시 익산우체국사서함,1111,전라북도 익산시
2025-03-31,양파,특,1570800.0,1870.0,525000,전라남도 함평군,1090,전라남도 함평군
2022-04-19,양파,보통,243000.0,1603.8,548000,전라남도 고흥군,1104,전라남도 고흥군
2023-06-27,양파,특,408000.0,765.0,689863,울산 울주군 청량면 상남리  1∼623,1141,울산광역시
2025-04-10,양파,보통,2400000.0,2250.0,697000,제주도 서귀포시,1144,제주특별자치도 서귀포시
2019-06-13,양파,하,32500.0,100.0,678852,경남 합천군 청덕면 대부리,1140,경상남도 합천군
2021-01-25,양파,특,6457500.0,4500.0,676000,경상남도 함양군,1139,경상남도 함양군
2019-11-30,양파,특,9300.0,13.2,570600,전북 익산시 익산우체국사서함,1111,전라북도 익산시
2021-08-06,양파,특,10611800.0,11265.0,717870,경북 고령군 다산면,1150,경상북도 고령군
2022-12-12,양파,상,2740000.0,2000.0,525810,전남 함평군 학교면,1090,전라남도 함평군
2020-06-09,양파,보통,42000.0,240.0,645000,경상남도 진해시,1130,경상남도 진해시
2018-06-11,양파,특,5573000.0,12780.0,534000,전라남도 무안군,1097,전라남도 무안군
2020-01-15,양파,상,2100000.0,2400.0,770040,경북 영천시 과전동,1166,경상북도 영천시
2018-07-24,양파,특,195000.0,650.0,719850,경북 성주군 월항면,1152,경상북도 성주군
2018-04-04,양파,특,2310000.0,2100.0,745852,경북 문경시 영순면 김용리,1156,경상북도 문경시
2023-10-19,양파,특,6404000.0,6040.0,580910,전북 정읍시 감곡면,1116,전라북도 정읍시
2020-10-23,양파,특,11500000.0,10000.0,730040,경북 구미시 형곡동,1153,경상북도 구미시
2019-02-09,양파,하,1092000.0,1800.0,635000,경상남도 창녕군,1126,경상남도 창녕군
2018-06-08,양파,하,2387000.0,3150.0,534000,전라남도 무안군,1097,전라남도 무안군
2021-04-06,양파,하,22200.0,296.0,526850,전남 영암군 군서면,1091,전라남도 영암군
2020-01-09,양파,특,7087500.0,7875.0,535802,전남 신안군 지도읍 광정리,1096,전라남도 신안군
2023-07-07,양파,상,23400.0,60.0,730811,경북 구미시 고아읍 관심리,1153,경상북도 구미시
2024-12-14,양파,보통,1190000.0,1050.0,745852,경북 문경시 영순면 김용리,1156,경상북도 문경시
2022-08-15,양파,특,3525000.0,2250.0,534000,전라남도 무안군,1097,전라남도 무안군
2024-06-10,양파,특,163616.0,80.0,461000,경기도 성남시,1060,경기도 성남시
2021-03-23,양파,특,3360500.0,1716.0,305325,대전 유성구 노은동,1019,대전광역시
2024-02-27,양파,보통,414000.0,360.0,717000,경상북도 고령군,1150,경상북도 고령군
2019-04-27,양파,보통,560000.0,1050.0,745000,경상북도 문경시,1156,경상북도 문경시
2024-11-18,양파,특,4097000.0,3615.0,716000,경상북도 군위군,1149,경상북도 군위군
2021-02-23,양파,하,406000.0,580.0,769000,경상북도 의성군,1165,경상북도 의성군
2019-02-14,양파,상,300000.0,450.0,750010,경북 영주시 영주동,1157,경상북도 영주시
2019-02-25,양파,특,63000.0,60.0,138701,서울 송파구 가락1동  가락농수산물시장 ,1000,서울특별시
2025-03-19,양파,특,1198000.0,915.0,534729,전남 무안군 청계면 도림리 목포대학교 ,1097,전라남도 무안군
2019-07-23,양파,특,1197000.0,3420.0,902000,부산광역시 ,1120,부산광역시
2022-09-29,양파,특,1275000.0,2040.0,534000,전라남도 무안군,1097,전라남도 무안군
2024-08-01,양파,특,1870000.0,3315.0,678000,경상남도 합천군,1140,경상남도 합천군
2022-01-18,양파,특,34025300.0,31201.0,678000,경상남도 합천군,1140,경상남도 합천군
2018-11-29,양파,특,1944000.0,3600.0,635000,경상남도 창녕군,1126,경상남도 창녕군
2020-01-11,양파,특,2400000.0,4000.0,506258,광주 광산구 안청동,1083,광주광역시
2020-07-17,양파,특,731400.0,1311.0,636805,경남 의령군 의령읍 서동리,1127,경상남도 의령군
2018-12-04,양파,특,1819000.0,2040.0,530000,전라남도 목포시,1095,전라남도 목포시
2018-05-12,양파,특,641750.0,1020.0,525000,전라남도 함평군,1090,전라남도 함평군
2020-12-03,양파,특,1364000.0,1240.0,500801,광주 북구 각화동380∼800,1083,광주광역시
2022-12-21,양파,상,1380000.0,1840.0,534804,전남 무안군 무안읍 성동리,1097,전라남도 무안군
2021-08-04,양파,특,5957000.0,7350.0,579000,전라북도 부안군,1114,전라북도 부안군
2023-05-19,양파,특,3264000.0,3060.0,534000,전라남도 무안군,1097,전라남도 무안군
2024-05-14,양파,특,1706600.0,1095.0,579000,전라북도 부안군,1114,전라북도 부안군
2018-06-01,양파,특,720000.0,1720.0,525805,전남 함평군 함평읍 만흥리,1090,전라남도 함평군
2023-10-19,양파,특,1207000.0,2040.0,535000,전라남도 신안군,1096,전라남도 신안군
2025-01-03,양파,특,200200.0,130.0,330280,충남 천안시 신당동,1026,충청남도 천안시
2021-09-10,양파,보통,8137000.0,10160.0,635000,경상남도 창녕군,1126,경상남도 창녕군
2019-06-24,양파,특,50000.0,200.0,369830,충북 음성군 삼성면,1042,충청북도 음성군
2022-07-12,양파,특,3008000.0,2560.0,530340,전남 목포시 대성동,1095,전라남도 목포시
2019-12-23,양파,특,65120.0,16.0,138160,서울 송파구 가락동,1000,서울특별시
2024-08-19,양파,하,4709000.0,7140.0,535000,전라남도 신안군,1096,전라남도 신안군
2021-06-19,양파,특,1036000.0,1110.0,750010,경북 영주시 영주동,1157,경상북도 영주시
2021-07-10,양파,보통,7766.0,5.0,901000,서울특별시 ,1000,서울특별시
2021-10-08,양파,특,782000.0,510.0,635000,경상남도 창녕군,1126,경상남도 창녕군
2019-01-24,양파,특,735000.0,1050.0,745852,경북 문경시 영순면 김용리,1156,경상북도 문경시
2020-03-28,양파,보통,282000.0,752.0,556820,전남 여수시 화양면,1105,전라남도 여수시
2018-05-17,양파,특,250000.0,200.0,312000,충청남도 금산군,1020,충청남도 금산군
2021-05-21,양파,하,150000.0,990.0,717000,경상북도 고령군,1150,경상북도 고령군
2022-06-23,양파,특,489600.0,720.0,380240,충북 충주시 목행동,1046,충청북도 충주시
2019-06-28,양파,특,306000.0,1360.0,950000,전라남도 ,1176,전라남도 
2024-06-24,양파,상,108000.0,360.0,527810,전남 강진군 성전면,1092,전라남도 강진군
2023-04-18,양파,특,42000.0,45.0,539844,전남 진도군 임회면 봉상리,1099,전라남도 진도군
2019-11-05,양파,특,10647300.0,20000.0,676000,경상남도 함양군,1139,경상남도 함양군
2022-06-09,양파,특,767000.0,1180.0,525805,전남 함평군 함평읍 만흥리,1090,전라남도 함평군
2024-05-29,양파,특,72500.0,90.0,730600,경북 구미시 구미우체국사서함,1153,경상북도 구미시
2020-04-27,양파,특,4235400.0,5295.0,699830,제주 남제주군 대정읍,1145,제주특별자치도 남제주군
2024-04-09,양파,특,3120000.0,1800.0,800000,중국,1170,수입산
2019-02-20,양파,특,12406350.0,18525.0,534000,전라남도 무안군,1097,전라남도 무안군
2019-05-27,양파,특,4128000.0,10560.0,525000,전라남도 함평군,1090,전라남도 함평군
2019-06-27,양파,특,42000.0,60.0,403010,인천 부평구 부평동,1049,인천광역시
2022-04-18,양파,특,1113500.0,2620.0,500120,광주 북구 각화동,1083,광주광역시
2022-05-14,양파,특,3337500.0,6750.0,525805,전남 함평군 함평읍 만흥리,1090,전라남도 함평군
2022-12-06,양파,특,1650000.0,750.0,456000,경기도 안성시,1067,경기도 안성시
2018-08-18,양파,특,349800.0,660.0,516000,전라남도 곡성군,1086,전라남도 곡성군
2018-01-24,양파,특,84800.0,60.0,200140,강원 춘천시 사농동,1001,강원도 춘천시
2023-07-25,양파,특,2415000.0,2100.0,621010,경남 김해시 부원동,1121,경상남도 김해시
2020-03-02,양파,특,20173.0,15.0,138701,서울 송파구 가락1동  가락농수산물시장 ,1000,서울특별시
2020-09-27,양파,특,120000.0,100.0,630000,경상남도 창원시 마산회원구,1124,경상남도 창원시
2024-09-25,양파,특,650000.0,500.0,901000,서울특별시 ,1000,서울특별시
2019-05-14,양파,특,54600.0,40.0,138701,서울 송파구 가락1동  가락농수산물시장 ,1000,서울특별시
2024-04-02,양파,하,2471000.0,1920.0,534000,전라남도 무안군,1097,전라남도 무안군
2024-05-13,양파,하,1034900.0,1965.0,536000,전라남도 해남군,1098,전라남도 해남군
2022-10-01,양파,상,130000.0,200.0,903000,대구광역시 ,1146,대구광역시
2019-06-07,양파,특,683400.0,2040.0,711000,대구광역시 달성군,1146,대구광역시
2023-11-14,양파,상,2247000.0,2140.0,635800,경남 창녕군 창녕읍,1126,경상남도 창녕군
2021-11-15,양파,특,1079700.0,1180.0,534000,전라남도 무안군,1097,전라남도 무안군
2019-08-14,양파,특,980000.0,2100.0,471080,경기 구리시 갈매동,1072,경기도 구리시
2018-07-20,양파,보통,1380000.0,2440.0,600010,부산 중구 중앙동,1120,부산광역시
2018-11-07,양파,특,459200.0,1968.0,535000,전라남도 신안군,1096,전라남도 신안군
2020-04-29,양파,상,255600.0,276.0,730040,경북 구미시 형곡동,1153,경상북도 구미시
2022-05-17,양파,하,17500.0,100.0,730870,경북 구미시 해평면,1153,경상북도 구미시
2022-01-28,양파,특,64000.0,384.0,534000,전라남도 무안군,1097,전라남도 무안군
2023-02-24,양파,하,3120000.0,4000.0,670000,경상남도 거창군,1138,경상남도 거창군
2025-05-09,양파,상,198000.0,180.0,630850,경남 마산시 내서읍,1125,경상남도 마산시
2022-07-06,양파,특,11340000.0,8400.0,456930,경기 안성시 양성면,1067,경기도 안성시
2022-04-27,양파,상,1957500.0,3375.0,548000,전라남도 고흥군,1104,전라남도 고흥군
2021-02-27,양파,특,3132000.0,1350.0,565000,전라북도 완주군,1107,전라북도 완주군
2021-06-30,양파,보통,720000.0,2160.0,534000,전라남도 무안군,1097,전라남도 무안군
2019-05-07,양파,상,5375600.0,7120.0,534000,전라남도 무안군,1097,전라남도 무안군
2020-10-06,양파,특,4850500.0,3860.0,600010,부산 중구 중앙동,1120,부산광역시
2020-01-20,양파,특,112000.0,168.0,585802,전북 고창군 고창읍 내동리,1115,전라북도 고창군
2018-06-21,양파,특,1433400.0,2960.0,580090,전북 정읍시 농소동,1116,전라북도 정읍시
2024-07-25,양파,특,1950000.0,2000.0,910000,경기도 ,1172,경기도 
2021-10-04,양파,상,715000.0,1100.0,621873,경남 김해시 한림면 병동리,1121,경상남도 김해시
2019-09-27,양파,하,1439000.0,3792.0,534000,전라남도 무안군,1097,전라남도 무안군
2018-09-10,양파,특,1260000.0,2000.0,770890,경북 영천시 청통면,1166,경상북도 영천시
2024-04-10,양파,상,155000.0,100.0,536000,전라남도 해남군,1098,전라남도 해남군
2020-04-25,양파,보통,3606900.0,4095.0,356844,충남 서산시 음암면 성암리,1035,충청남도 서산시
2021-09-10,양파,특,3150000.0,4500.0,305325,대전 유성구 노은동,1019,대전광역시
2019-10-22,양파,하,275200.0,960.0,525000,전라남도 함평군,1090,전라남도 함평군
2022-04-08,양파,보통,1614500.0,2208.0,534802,전남 무안군 무안읍 교촌리,1097,전라남도 무안군
2024-04-05,양파,특,280000.0,2480.0,901000,서울특별시 ,1000,서울특별시
2019-12-17,양파,특,1006500.0,2250.0,525000,전라남도 함평군,1090,전라남도 함평군
2023-09-19,양파,특,200000.0,480.0,901000,서울특별시 ,1000,서울특별시
2025-05-17,양파,특,1924600.0,2860.0,534729,전남 무안군 청계면 도림리 목포대학교 ,1097,전라남도 무안군
2024-04-09,양파,특,3485000.0,2040.0,585000,전라북도 고창군,1115,전라북도 고창군
2020-03-21,양파,특,2625000.0,3000.0,534811,전남 무안군 몽탄면 구산리,1097,전라남도 무안군
2020-08-17,양파,특,6735000.0,7500.0,534841,전남 무안군 현경면 가입리,1097,전라남도 무안군
2025-01-17,양파,상,3240000.0,2700.0,800000,중국,1170,수입산
2018-12-20,양파,특,140000.0,140.0,750010,경북 영주시 영주동,1157,경상북도 영주시
2022-03-10,양파,보통,814000.0,2960.0,903000,대구광역시 ,1146,대구광역시
2019-06-18,양파,특,45000.0,100.0,343000,충청남도 당진시,1031,충청남도 당진시
2023-09-27,양파,특,1866200.0,3240.0,678000,경상남도 합천군,1140,경상남도 합천군
2023-06-24,양파,상,590500.0,1360.0,526910,전남 영암군 금정면,1091,전라남도 영암군
2018-09-21,양파,특,315000.0,60.0,570600,전북 익산시 익산우체국사서함,1111,전라북도 익산시
2021-05-31,양파,하,705200.0,984.0,525000,전라남도 함평군,1090,전라남도 함평군
2024-10-24,양파,특,1010000.0,210.0,200140,강원 춘천시 사농동,1001,강원도 춘천시
2020-07-13,양파,보통,18000.0,60.0,790000,경상북도 포항시,1168,경상북도 포항시
2019-01-31,양파,특,60000.0,200.0,340860,충남 예산군 신암면,1030,충청남도 예산군
2020-07-25,양파,특,2040000.0,2400.0,902000,부산광역시 ,1120,부산광역시
2025-02-15,양파,상,39500.0,50.0,730800,경북 구미시 선산읍,1153,경상북도 구미시
2021-12-11,양파,특,7318800.0,9630.0,676000,경상남도 함양군,1139,경상남도 함양군
2021-05-04,양파,특,4704400.0,7880.0,630010,경남 마산시 석전2동  마산우체국 ,1125,경상남도 마산시
2019-09-20,양파,하,1346400.0,3740.0,635812,경남 창녕군 유어면 광산리,1126,경상남도 창녕군
2020-07-23,양파,특,2811600.0,5940.0,546000,전라남도 보성군,1103,전라남도 보성군
2022-04-19,양파,보통,1053500.0,2340.0,690600,제주 제주시 제주우체국사서함,1142,제주특별자치도 제주시
2019-04-27,양파,하,3746250.0,5625.0,697000,제주도 서귀포시,1144,제주특별자치도 서귀포시
2019-07-10,양파,특,384000.0,3840.0,534804,전남 무안군 무안읍 성동리,1097,전라남도 무안군
2024-06-11,양파,특,220500.0,420.0,570600,전북 익산시 익산우체국사서함,1111,전라북도 익산시
2018-01-26,양파,상,6564800.0,7392.0,534000,전라남도 무안군,1097,전라남도 무안군
2024-10-19,양파,특,2700000.0,1800.0,525800,전남 함평군 함평읍,1090,전라남도 함평군
2025-01-18,양파,보통,4896000.0,4080.0,525000,전라남도 함평군,1090,전라남도 함평군
2024-01-29,양파,상,33000.0,60.0,579806,전북 부안군 부안읍 서외4리,1114,전라북도 부안군
2020-10-26,양파,상,1575000.0,1500.0,678000,경상남도 합천군,1140,경상남도 합천군
2023-06-02,양파,상,644000.0,560.0,529810,전남 장흥군 부산면,1094,전라남도 장흥군
2021-05-27,양파,보통,200000.0,400.0,730010,경북 구미시 원평동,1153,경상북도 구미시
2025-03-22,양파,특,1870000.0,1020.0,910000,경기도 ,1172,경기도 
2020-04-06,양파,상,5629700.0,5400.0,697000,제주도 서귀포시,1144,제주특별자치도 서귀포시
2020-07-13,양파,특,680000.0,1020.0,534000,전라남도 무안군,1097,전라남도 무안군
2023-06-12,양파,특,78206000.0,98592.0,717000,경상북도 고령군,1150,경상북도 고령군
2021-02-01,양파,특,1134000.0,320.0,138701,서울 송파구 가락1동  가락농수산물시장 ,1000,서울특별시
2021-06-10,양파,하,10000.0,80.0,565000,전라북도 완주군,1107,전라북도 완주군
2019-06-17,양파,보통,10500.0,30.0,325883,충남 서천군 비인면 선도리,1025,충청남도 서천군
2021-03-16,양파,하,2502000.0,1080.0,534000,전라남도 무안군,1097,전라남도 무안군
2021-04-27,양파,상,992600.0,2380.0,529000,전라남도 장흥군,1094,전라남도 장흥군
2023-04-10,양파,특,5535000.0,5400.0,903000,대구광역시 ,1146,대구광역시
2025-02-25,양파,특,598500.0,285.0,716000,경상북도 군위군,1149,경상북도 군위군
2022-10-10,양파,하,4017000.0,2925.0,565907,전북 완주군 봉동읍 장기리,1107,전라북도 완주군
2021-07-01,양파,특,826000.0,2360.0,534701,전남 무안군 무안읍 성남리 초당대학교 ,1097,전라남도 무안군
2019-10-31,양파,특,4350000.0,9000.0,534811,전남 무안군 몽탄면 구산리,1097,전라남도 무안군
2019-04-04,양파,보통,3952500.0,4080.0,526000,전라남도 영암군,1091,전라남도 영암군
2019-05-24,양파,특,1890000.0,4500.0,716820,경북 군위군 효령면,1149,경상북도 군위군
2024-05-04,양파,특,5935200.0,4960.0,534814,전남 무안군 몽탄면 당호리,1097,전라남도 무안군
2023-12-01,양파,하,4080000.0,3600.0,800000,중국,1170,수입산
2021-02-03,양파,특,12900000.0,9000.0,800000,중국,1170,수입산
2024-08-28,양파,특,7254000.0,9360.0,635900,경남 창녕군 남지읍,1126,경상남도 창녕군
2022-06-03,양파,보통,17000.0,20.0,656830,경남 거제시 장목면,1132,경상남도 거제시
2025-03-21,양파,특,1925000.0,1680.0,534000,전라남도 무안군,1097,전라남도 무안군
2018-05-25,양파,상,432000.0,1440.0,631830,경남 마산시 진전면,1125,경상남도 마산시
2024-07-06,양파,특,462300.0,460.0,320850,충남 논산시 양촌면,1022,충청남도 논산시
2019-04-17,양파,특,4277000.0,4935.0,697011,제주 서귀포시 중앙동,1144,제주특별자치도 서귀포시
2019-04-17,양파,특,616000.0,1120.0,697000,제주도 서귀포시,1144,제주특별자치도 서귀포시
2023-05-08,양파,특,13804000.0,9520.0,627000,경상남도 밀양시,1123,경상남도 밀양시
2024-09-10,양파,상,1439150.0,1095.0,390160,충북 제천시 강제동,1047,충청북도 제천시
2023-05-09,양파,특,4356000.0,3600.0,626210,경남 양산시 교동,1122,경상남도 양산시
2023-06-12,양파,특,423500.0,700.0,730840,경북 구미시 장천면,1153,경상북도 구미시
2025-04-25,양파,상,65000.0,100.0,535807,전남 신안군 지도읍 자동리,1096,전라남도 신안군
2020-11-11,양파,하,111600.0,90.0,534841,전남 무안군 현경면 가입리,1097,전라남도 무안군
2019-08-22,양파,하,1530000.0,3060.0,525000,전라남도 함평군,1090,전라남도 함평군
2022-06-08,양파,보통,181300.0,555.0,535000,전라남도 신안군,1096,전라남도 신안군
2018-09-10,양파,특,14492000.0,22080.0,635000,경상남도 창녕군,1126,경상남도 창녕군
2020-06-20,양파,상,3081400.0,4340.0,636000,경상남도 의령군,1127,경상남도 의령군
2023-01-26,양파,특,220000.0,100.0,446000,경기도 용인시,1064,경기도 용인시
2018-11-28,양파,특,179400.0,520.0,730040,경북 구미시 형곡동,1153,경상북도 구미시
2020-06-08,양파,특,1792000.0,4480.0,903000,대구광역시 ,1146,대구광역시
2023-06-06,양파,특,13941100.0,18640.0,534729,전남 무안군 청계면 도림리 목포대학교 ,1097,전라남도 무안군
2022-06-21,양파,보통,3818000.0,4600.0,740000,경상북도 김천시,1154,경상북도 김천시
2018-11-15,양파,특,2174400.0,3240.0,535000,전라남도 신안군,1096,전라남도 신안군
2024-05-17,양파,보통,12840.0,4.0,534000,전라남도 무안군,1097,전라남도 무안군
2020-05-23,양파,보통,13000.0,20.0,548000,전라남도 고흥군,1104,전라남도 고흥군
2022-06-02,양파,특,1395000.0,1125.0,503839,광주 남구 주월1동1180∼1190,1083,광주광역시
2022-03-03,양파,특,10022400.0,20520.0,579000,전라북도 부안군,1114,전라북도 부안군
2022-12-01,양파,특,3040000.0,3400.0,500801,광주 북구 각화동380∼800,1083,광주광역시
2023-11-02,양파,특,72000.0,40.0,630000,경상남도 창원시 마산회원구,1124,경상남도 창원시
2024-12-13,양파,보통,2040000.0,2040.0,535000,전라남도 신안군,1096,전라남도 신안군
2023-11-24,양파,특,50750600.0,54555.0,800000,중국,1170,수입산
2024-06-01,양파,특,23195150.0,30780.0,534000,전라남도 무안군,1097,전라남도 무안군
2020-07-06,양파,상,1791000.0,2415.0,357900,충남 태안군 태안읍,1036,충청남도 태안군
2019-01-09,양파,특,504000.0,800.0,757800,경북 예천군 예천읍,1159,경상북도 예천군
2023-04-26,양파,보통,6960000.0,9000.0,534000,전라남도 무안군,1097,전라남도 무안군
2019-08-28,양파,하,472500.0,1125.0,534000,전라남도 무안군,1097,전라남도 무안군
2023-07-29,양파,상,192600.0,240.0,469800,경기 여주군 여주읍,1071,경기도 여주군
2021-05-08,양파,특,1683700.0,2980.0,718813,경북 칠곡군 약목면 교리,1151,경상북도 칠곡군
2024-12-09,양파,특,14636000.0,13318.5,635000,경상남도 창녕군,1126,경상남도 창녕군
2023-12-15,양파,특,18112300.0,15405.0,800000,중국,1170,수입산
2024-05-17,양파,특,484000.0,440.0,534860,전남 무안군 운남면,1097,전라남도 무안군
2019-04-10,양파,특,1677500.0,1960.0,525820,전남 함평군 엄다면,1090,전라남도 함평군
2020-08-07,양파,특,8962500.0,9000.0,525000,전라남도 함평군,1090,전라남도 함평군
2020-03-23,양파,보통,144000.0,120.0,138000,서울특별시 송파구,1000,서울특별시
2024-07-26,양파,특,425000.0,2040.0,534000,전라남도 무안군,1097,전라남도 무안군
2019-02-28,양파,하,1734000.0,5700.0,534000,전라남도 무안군,1097,전라남도 무안군
2019-11-15,양파,하,578000.0,1020.0,534000,전라남도 무안군,1097,전라남도 무안군
2022-04-09,양파,하,627750.0,4500.0,635000,경상남도 창녕군,1126,경상남도 창녕군
2023-04-22,양파,보통,116000.0,260.0,529804,전남 장흥군 장흥읍 교촌리,1094,전라남도 장흥군
2018-02-01,양파,특,2200000.0,2000.0,534841,전남 무안군 현경면 가입리,1097,전라남도 무안군
2018-05-31,양파,특,1069200.0,2640.0,529800,전남 장흥군 장흥읍,1094,전라남도 장흥군
2021-07-01,양파,보통,478800.0,1680.0,635000,경상남도 창녕군,1126,경상남도 창녕군
2019-06-07,양파,상,2247200.0,5760.0,635891,경남 창녕군 부곡면 거문리,1126,경상남도 창녕군
2025-02-01,양파,보통,202560.0,24.0,580090,전북 정읍시 농소동,1116,전라북도 정읍시
2018-12-12,양파,특,4556000.0,10200.0,534000,전라남도 무안군,1097,전라남도 무안군
2018-07-16,양파,특,6234000.0,15540.0,356000,충청남도 서산시,1035,충청남도 서산시
2024-10-17,양파,특,1092000.0,1050.0,950000,전라남도 ,1176,전라남도 
2022-05-25,양파,상,3624000.0,6040.0,716820,경북 군위군 효령면,1149,경상북도 군위군
2025-02-04,양파,특,12500000.0,10000.0,730040,경북 구미시 형곡동,1153,경상북도 구미시
2020-01-21,양파,보통,3250800.0,3240.0,770000,경상북도 영천시,1166,경상북도 영천시
2020-09-10,양파,특,3913000.0,3900.0,770000,경상북도 영천시,1166,경상북도 영천시
2020-02-08,양파,보통,1980000.0,1350.0,745000,경상북도 문경시,1156,경상북도 문경시
2018-07-03,양파,특,784000.0,735.0,534000,전라남도 무안군,1097,전라남도 무안군
2022-09-22,양파,특,360000.0,180.0,630000,경상남도 창원시 마산회원구,1124,경상남도 창원시
2018-07-04,양파,상,854600.0,1640.0,770040,경북 영천시 과전동,1166,경상북도 영천시
2021-11-26,양파,특,1232500.0,1020.0,534000,전라남도 무안군,1097,전라남도 무안군
2025-03-12,양파,보통,6502800.0,6696.0,534000,전라남도 무안군,1097,전라남도 무안군
2023-07-25,양파,특,2204000.0,2320.0,641111,경남 창원시 가음동,1124,경상남도 창원시
2019-08-19,양파,특,120000.0,300.0,534000,전라남도 무안군,1097,전라남도 무안군
2019-12-04,양파,특,2176000.0,3200.0,770000,경상북도 영천시,1166,경상북도 영천시
2023-09-13,양파,하,3937500.0,5625.0,536000,전라남도 해남군,1098,전라남도 해남군
2020-12-30,양파,상,1041200.0,752.4,635000,경상남도 창녕군,1126,경상남도 창녕군
2020-01-31,양파,상,4245600.0,4640.0,740000,경상북도 김천시,1154,경상북도 김천시
2020-05-29,양파,특,3237000.0,5850.0,534000,전라남도 무안군,1097,전라남도 무안군
2023-03-27,양파,특,12650.0,5.0,200140,강원 춘천시 사농동,1001,강원도 춘천시
2020-02-01,양파,하,1000000.0,1000.0,676000,경상남도 함양군,1139,경상남도 함양군
2021-03-31,양파,특,20208500.0,17970.0,534000,전라남도 무안군,1097,전라남도 무안군
2021-09-01,양파,상,1050000.0,1050.0,536000,전라남도 해남군,1098,전라남도 해남군
2022-08-12,양파,특,380000.0,300.0,456931,경기 안성시 양성면 구장리,1067,경기도 안성시
2021-02-15,양파,특,11760000.0,6300.0,676880,경남 함양군 휴천면,1139,경상남도 함양군
2023-08-15,양파,하,4623500.0,3345.0,534000,전라남도 무안군,1097,전라남도 무안군
2023-03-22,양파,보통,6842500.0,9180.0,676000,경상남도 함양군,1139,경상남도 함양군
2020-04-04,양파,보통,286000.0,572.0,550120,전남 여수시 남산동,1105,전라남도 여수시
2020-05-09,양파,특,2275000.0,3549.0,635000,경상남도 창녕군,1126,경상남도 창녕군
2019-08-27,양파,특,70000.0,100.0,138000,서울특별시 송파구,1000,서울특별시
2025-01-10,양파,보통,2983500.0,2040.0,525000,전라남도 함평군,1090,전라남도 함평군
2020-08-15,양파,특,975000.0,975.0,770850,경북 영천시 화산면,1166,경상북도 영천시
2022-01-28,양파,보통,8700000.0,18000.0,534802,전남 무안군 무안읍 교촌리,1097,전라남도 무안군
2018-11-17,양파,하,994000.0,2100.0,534841,전남 무안군 현경면 가입리,1097,전라남도 무안군
2024-09-25,양파,보통,13472500.0,16320.0,535000,전라남도 신안군,1096,전라남도 신안군
2018-05-31,양파,상,149600.0,880.0,534802,전남 무안군 무안읍 교촌리,1097,전라남도 무안군
2019-08-08,양파,특,1086000.0,3620.0,716000,경상북도 군위군,1149,경상북도 군위군
2020-02-29,양파,특,14640000.0,12375.0,714000,경상북도 청도군,1148,경상북도 청도군
2020-04-18,양파,특,399000.0,840.0,456000,경기도 안성시,1067,경기도 안성시
2018-08-21,양파,보통,2688000.0,6720.0,680000,울산광역시 울산 남구,1141,울산광역시
2024-04-16,양파,특,1116000.0,1080.0,697600,제주 서귀포시 서귀포우체국사서함,1144,제주특별자치도 서귀포시
2020-06-08,양파,특,1187500.0,2140.0,570130,전북 익산시 목천동,1111,전라북도 익산시
2023-07-06,양파,특,1131000.0,1160.0,676000,경상남도 함양군,1139,경상남도 함양군
2021-10-18,양파,특,8768105.0,7128.0,742800,경북 상주시 함창읍,1155,경상북도 상주시
2023-12-15,양파,상,1440000.0,1440.0,678700,경남 합천군 합천읍 합천리 합천군청 ,1140,경상남도 합천군
2024-07-16,양파,보통,13600000.0,16000.0,635000,경상남도 창녕군,1126,경상남도 창녕군
2022-06-14,양파,보통,170000.0,680.0,730010,경북 구미시 원평동,1153,경상북도 구미시
2022-01-06,양파,특,6630000.0,10200.0,546804,전남 보성군 보성읍 봉산리,1103,전라남도 보성군
2019-06-25,양파,상,404200.0,1260.0,456840,경기 안성시 미양면,1067,경기도 안성시
2023-01-06,양파,특,4260000.0,3000.0,740600,경북 김천시 김천우체국사서함,1154,경상북도 김천시
2021-08-14,양파,상,715600.0,870.0,757800,경북 예천군 예천읍,1159,경상북도 예천군
2020-08-10,양파,특,14755000.0,15600.0,534000,전라남도 무안군,1097,전라남도 무안군
2023-06-19,양파,보통,560000.0,1050.0,745000,경상북도 문경시,1156,경상북도 문경시
2024-12-05,양파,상,252000.0,240.0,627000,경상남도 밀양시,1123,경상남도 밀양시
2020-01-31,양파,특,2667000.0,3150.0,678810,경남 합천군 율곡면,1140,경상남도 합천군
2025-01-11,양파,특,7478300.0,4980.0,534000,전라남도 무안군,1097,전라남도 무안군
2025-02-08,양파,보통,6585600.0,8064.0,580000,전라북도 정읍시,1116,전라북도 정읍시
2020-08-28,양파,하,19491400.0,16728.0,534000,전라남도 무안군,1097,전라남도 무안군
2018-05-08,양파,하,209000.0,570.0,695835,제주 북제주군 한림읍 한림2리,1143,제주특별자치도 북제주군
2021-01-21,양파,상,13974000.0,8137.8,635000,경상남도 창녕군,1126,경상남도 창녕군
2018-04-19,양파,특,6041000.0,8460.0,635000,경상남도 창녕군,1126,경상남도 창녕군
2021-12-29,양파,특,1053000.0,643.5,534000,전라남도 무안군,1097,전라남도 무안군
2022-10-14,양파,보통,23540.0,15.0,534000,전라남도 무안군,1097,전라남도 무안군
2024-10-21,양파,특,4955000.0,6240.0,534000,전라남도 무안군,1097,전라남도 무안군
2023-06-29,양파,보통,182000.0,580.0,641600,경남 창원시 창원우체국사서함,1124,경상남도 창원시
2024-08-01,양파,특,2826000.0,3140.0,626210,경남 양산시 교동,1122,경상남도 양산시
2020-03-25,양파,특,3006500.0,2820.0,570120,전북 익산시 중앙동,1111,전라북도 익산시
2020-09-01,양파,하,28500.0,30.0,534841,전남 무안군 현경면 가입리,1097,전라남도 무안군
2022-04-25,양파,특,165900.0,375.0,534860,전남 무안군 운남면,1097,전라남도 무안군
2023-03-06,양파,상,247000.0,195.0,740000,경상북도 김천시,1154,경상북도 김천시
2020-03-10,양파,특,841500.0,994.5,678000,경상남도 합천군,1140,경상남도 합천군
2021-01-06,양파,특,6800000.0,4000.0,636000,경상남도 의령군,1127,경상남도 의령군
2020-09-11,양파,특,2400000.0,1600.0,465000,경기도 하남시,1069,경기도 하남시
2019-06-28,양파,하,582000.0,1940.0,621150,경남 김해시 화목동,1121,경상남도 김해시
2024-06-07,양파,보통,3714700.0,7120.0,714000,경상북도 청도군,1148,경상북도 청도군
2021-11-19,양파,특,816000.0,480.0,740920,경북 김천시 구성면,1154,경상북도 김천시
2020-01-08,양파,특,110000.0,100.0,482000,경기도 양주시,1077,경기도 양주시
2019-01-25,양파,보통,949000.0,3900.0,579000,전라북도 부안군,1114,전라북도 부안군
2024-10-17,양파,하,213200.0,312.0,526000,전라남도 영암군,1091,전라남도 영암군
2022-12-28,양파,특,140000.0,100.0,534000,전라남도 무안군,1097,전라남도 무안군
2021-03-04,양파,특,312000.0,1040.0,525000,전라남도 함평군,1090,전라남도 함평군
2025-04-28,양파,보통,588000.0,955.5,548000,전라남도 고흥군,1104,전라남도 고흥군
2021-07-13,양파,하,2760000.0,3680.0,717000,경상북도 고령군,1150,경상북도 고령군
2019-08-01,양파,특,1196250.0,2475.0,535000,전라남도 신안군,1096,전라남도 신안군
2022-10-01,양파,보통,900000.0,1200.0,534804,전남 무안군 무안읍 성동리,1097,전라남도 무안군
2023-02-10,양파,특,8925000.0,6750.0,580000,전라북도 정읍시,1116,전라북도 정읍시
2023-07-22,양파,특,2080000.0,1600.0,618142,부산 강서구 대저2동,1120,부산광역시
2021-05-06,양파,특,456000.0,370.0,630000,경상남도 창원시 마산회원구,1124,경상남도 창원시
2024-05-25,양파,상,8000.0,20.0,637920,경남 함안군 칠원면,1128,경상남도 함안군
2018-07-04,양파,보통,5200.0,20.0,630850,경남 마산시 내서읍,1125,경상남도 마산시
2025-05-09,양파,특,1433700.0,1180.0,641600,경남 창원시 창원우체국사서함,1124,경상남도 창원시
2025-05-13,양파,상,92000.0,80.0,630000,경상남도 창원시 마산회원구,1124,경상남도 창원시
2018-07-06,양파,보통,70800.0,120.0,361300,충북 청주시 흥덕구 봉명동,1037,충청북도 청주시
2019-08-29,양파,특,780000.0,1980.0,635000,경상남도 창녕군,1126,경상남도 창녕군
2021-02-20,양파,특,2625000.0,1050.0,579000,전라북도 부안군,1114,전라북도 부안군
2019-10-08,양파,하,81000.0,270.0,535000,전라남도 신안군,1096,전라남도 신안군
2024-12-21,양파,상,846400.0,920.0,500801,광주 북구 각화동380∼800,1083,광주광역시
2020-01-16,양파,특,2558500.0,3060.0,520000,전라남도 나주시,1089,전라남도 나주시
2023-08-30,양파,특,180000.0,1640.0,901000,서울특별시 ,1000,서울특별시
2024-05-30,양파,특,5000.0,40.0,506551,광주 광산구 유계동,1083,광주광역시
2022-11-25,양파,특,13862400.0,5760.0,535000,전라남도 신안군,1096,전라남도 신안군
2023-12-30,양파,상,2040000.0,1200.0,711000,대구광역시 달성군,1146,대구광역시
2022-05-09,양파,특,1829000.0,2360.0,635800,경남 창녕군 창녕읍,1126,경상남도 창녕군
2020-01-20,양파,특,48474.0,45.0,471080,경기 구리시 갈매동,1072,경기도 구리시
2020-03-28,양파,특,942500.0,975.0,635000,경상남도 창녕군,1126,경상남도 창녕군
2023-09-26,양파,특,440500.0,492.0,534729,전남 무안군 청계면 도림리 목포대학교 ,1097,전라남도 무안군
2022-05-07,양파,특,1640500.0,5100.0,534000,전라남도 무안군,1097,전라남도 무안군
2018-11-10,양파,특,1092000.0,2925.0,579000,전라북도 부안군,1114,전라북도 부안군
2018-06-26,양파,특,136500.0,260.0,570600,전북 익산시 익산우체국사서함,1111,전라북도 익산시
2023-03-02,양파,특,1110000.0,450.0,534000,전라남도 무안군,1097,전라남도 무안군
2021-10-21,양파,특,311100.0,1020.0,769980,경북 의성군 안사면,1165,경상북도 의성군
2024-12-04,양파,특,2210000.0,1950.0,800000,중국,1170,수입산
2025-02-07,양파,특,16547000.0,14625.0,800000,중국,1170,수입산
2024-12-23,양파,특,2000000.0,1000.0,711000,대구광역시 달성군,1146,대구광역시
2019-03-27,양파,특,400000.0,500.0,482000,경기도 양주시,1077,경기도 양주시
2023-07-05,양파,상,27200.0,80.0,730811,경북 구미시 고아읍 관심리,1153,경상북도 구미시
2019-02-15,양파,보통,4040.0,4.0,200140,강원 춘천시 사농동,1001,강원도 춘천시
2025-05-05,양파,하,297500.0,1020.0,548000,전라남도 고흥군,1104,전라남도 고흥군
2018-04-05,양파,특,805000.0,874.0,755860,경북 봉화군 명호면,1158,경상북도 봉화군
2018-11-29,양파,보통,64050.0,336.0,534000,전라남도 무안군,1097,전라남도 무안군
2019-04-05,양파,상,13500.0,15.0,580010,전북 정읍시 수성동,1116,전라북도 정읍시
2019-05-04,양파,상,1478400.0,1680.0,690811,제주 제주시 삼도1동498∼502,1142,제주특별자치도 제주시
2024-02-14,양파,보통,18000.0,30.0,695842,제주 북제주군 한경면 판포리,1143,제주특별자치도 북제주군
2021-07-15,양파,특,2002500.0,2250.0,534000,전라남도 무안군,1097,전라남도 무안군
2020-12-15,양파,하,72000.0,45.0,138000,서울특별시 송파구,1000,서울특별시
2021-10-28,양파,보통,130000.0,200.0,635000,경상남도 창녕군,1126,경상남도 창녕군
2023-01-06,양파,상,11281000.0,7780.0,635000,경상남도 창녕군,1126,경상남도 창녕군
2021-02-19,양파,하,11970000.0,11400.0,617030,부산 사상구 엄궁동,1120,부산광역시
2024-04-18,양파,보통,1013500.0,1340.0,717821,경북 고령군 우곡면 객기리,1150,경상북도 고령군
2023-02-18,양파,특,7263750.0,6750.0,641000,경상남도 창원시 의창(성산)구,1124,경상남도 창원시
2018-04-12,양파,특,6881000.0,7350.0,740000,경상북도 김천시,1154,경상북도 김천시
2020-11-24,양파,특,5500.0,4.0,570130,전북 익산시 목천동,1111,전라북도 익산시
2019-07-20,양파,특,1196000.0,3900.0,678000,경상남도 합천군,1140,경상남도 합천군
2023-06-14,양파,특,2366500.0,2830.0,769810,경북 의성군 사곡면,1165,경상북도 의성군
2024-02-07,양파,특,1512000.0,1050.0,769800,경북 의성군 의성읍,1165,경상북도 의성군
2022-03-08,양파,특,1510000.0,3000.0,525805,전남 함평군 함평읍 만흥리,1090,전라남도 함평군
2024-12-04,양파,특,630000.0,420.0,525800,전남 함평군 함평읍,1090,전라남도 함평군
2020-01-09,양파,특,459000.0,1020.0,534000,전라남도 무안군,1097,전라남도 무안군
2024-08-01,양파,하,480000.0,720.0,526000,전라남도 영암군,1091,전라남도 영암군
2021-11-24,양파,상,1155000.0,1050.0,745852,경북 문경시 영순면 김용리,1156,경상북도 문경시
2020-08-10,양파,특,720000.0,450.0,390820,충북 제천시 금성면,1047,충청북도 제천시
2019-01-10,양파,특,6330000.0,11280.0,356000,충청남도 서산시,1035,충청남도 서산시
2025-04-25,양파,특,1367250.0,1125.0,690000,제주도 제주시,1142,제주특별자치도 제주시
2023-06-09,양파,상,1942000.0,2700.0,513870,전남 영광군 법성면,1084,전라남도 영광군
2022-06-23,양파,보통,120000.0,400.0,536000,전라남도 해남군,1098,전라남도 해남군
2023-03-27,양파,특,5520000.0,3450.0,561302,전북 전주시 덕진구 송천동2가,1106,전라북도 전주시
2023-12-22,양파,상,690000.0,725.0,561302,전북 전주시 덕진구 송천동2가,1106,전라북도 전주시
2021-12-09,양파,특,390000.0,650.0,621150,경남 김해시 화목동,1121,경상남도 김해시
2023-05-26,양파,특,435000.0,225.0,534000,전라남도 무안군,1097,전라남도 무안군
2022-06-10,양파,하,2671100.0,8220.0,534000,전라남도 무안군,1097,전라남도 무안군
2019-06-05,양파,특,70000.0,200.0,570130,전북 익산시 목천동,1111,전라북도 익산시
2025-02-11,양파,특,26479800.0,17370.0,579000,전라북도 부안군,1114,전라북도 부안군
2022-08-26,양파,보통,1480000.0,2000.0,635812,경남 창녕군 유어면 광산리,1126,경상남도 창녕군
2024-09-30,양파,특,306000.0,170.0,630000,경상남도 창원시 마산회원구,1124,경상남도 창원시
2024-08-29,양파,상,140000.0,300.0,561302,전북 전주시 덕진구 송천동2가,1106,전라북도 전주시
2023-08-29,양파,특,86400.0,240.0,676804,경남 함양군 함양읍 백천리,1139,경상남도 함양군
2025-05-30,양파,특,90000.0,180.0,576891,전북 김제시 청하면 관상리,1113,전라북도 김제시
2018-04-23,양파,특,780000.0,900.0,690811,제주 제주시 삼도1동498∼502,1142,제주특별자치도 제주시
2020-06-06,양파,보통,150000.0,975.0,635000,경상남도 창녕군,1126,경상남도 창녕군
2024-08-03,양파,상,1728000.0,1440.0,902000,부산광역시 ,1120,부산광역시
2018-12-18,양파,특,8404800.0,16480.0,716821,경북 군위군 효령면 거매리,1149,경상북도 군위군
2018-05-05,양파,특,3968000.0,4815.0,697000,제주도 서귀포시,1144,제주특별자치도 서귀포시
2021-05-10,양파,보통,1395000.0,2790.0,534000,전라남도 무안군,1097,전라남도 무안군
2018-09-13,양파,상,18000.0,80.0,730811,경북 구미시 고아읍 관심리,1153,경상북도 구미시
2025-04-28,양파,특,1683000.0,1320.0,641920,경남 창원시 대산면,1124,경상남도 창원시
2024-11-14,양파,특,52160.0,10.0,901000,서울특별시 ,1000,서울특별시
2024-02-06,양파,특,1920000.0,2250.0,534000,전라남도 무안군,1097,전라남도 무안군
2023-01-10,양파,특,4000000.0,4000.0,502152,광주 서구 벽진동,1083,광주광역시
2024-12-07,양파,특,2185000.0,1950.0,800000,중국,1170,수입산
2018-01-04,양파,특,3200000.0,3000.0,800000,중국,1170,수입산
2018-06-19,양파,상,64500.0,860.0,500120,광주 북구 각화동,1083,광주광역시
2019-02-14,양파,특,2800.0,10.0,565907,전북 완주군 봉동읍 장기리,1107,전라북도 완주군
2024-02-15,양파,특,306000.0,170.0,630000,경상남도 창원시 마산회원구,1124,경상남도 창원시
2022-09-26,양파,특,8078000.0,5250.0,745852,경북 문경시 영순면 김용리,1156,경상북도 문경시
2024-03-22,양파,특,13500.0,12.0,678800,경남 합천군 합천읍,1140,경상남도 합천군
2019-01-17,양파,특,671000.0,2440.0,770000,경상북도 영천시,1166,경상북도 영천시
2019-08-22,양파,특,560000.0,1600.0,626210,경남 양산시 교동,1122,경상남도 양산시
2024-11-08,양파,하,20128000.0,19380.0,534000,전라남도 무안군,1097,전라남도 무안군
2019-05-07,양파,특,3815500.0,5850.0,534841,전남 무안군 현경면 가입리,1097,전라남도 무안군
2019-12-02,양파,상,3021.0,3.0,471080,경기 구리시 갈매동,1072,경기도 구리시
2019-04-26,양파,특,46000.0,100.0,565920,전북 완주군 경천면,1107,전라북도 완주군
2020-01-03,양파,상,630000.0,900.0,570130,전북 익산시 목천동,1111,전라북도 익산시
2023-04-14,양파,특,1385500.0,1020.0,548000,전라남도 고흥군,1104,전라남도 고흥군
2022-05-25,양파,상,13300.0,20.0,730010,경북 구미시 원평동,1153,경상북도 구미시
2021-04-08,양파,하,6053800.0,6288.0,690000,제주도 제주시,1142,제주특별자치도 제주시
2024-12-27,양파,특,4590000.0,4080.0,670000,경상남도 거창군,1138,경상남도 거창군
2018-11-02,양파,상,2000.0,14.0,630850,경남 마산시 내서읍,1125,경상남도 마산시
2019-05-29,양파,보통,4148000.0,10200.0,535000,전라남도 신안군,1096,전라남도 신안군
2023-03-27,양파,특,6325000.0,4933.5,635000,경상남도 창녕군,1126,경상남도 창녕군
2022-06-21,양파,보통,35280000.0,29400.0,676800,경남 함양군 함양읍,1139,경상남도 함양군
2025-05-02,양파,보통,126400.0,632.0,548880,전남 고흥군 포두면,1104,전라남도 고흥군
2022-03-30,양파,특,422400.0,528.0,540600,전남 순천시 순천우체국사서함,1100,전라남도 순천시
2018-08-30,양파,특,696000.0,800.0,618000,부산광역시 부산 강서구,1120,부산광역시
2024-08-28,양파,하,72000.0,300.0,740000,경상북도 김천시,1154,경상북도 김천시
2023-06-30,양파,하,2910000.0,4500.0,579000,전라북도 부안군,1114,전라북도 부안군
2023-07-17,양파,보통,102500.0,820.0,730811,경북 구미시 고아읍 관심리,1153,경상북도 구미시
2020-04-24,양파,보통,1580000.0,2000.0,769700,경북 의성군 의성읍  의성군청 ,1165,경상북도 의성군
2021-02-16,양파,특,405000.0,150.0,565907,전북 완주군 봉동읍 장기리,1107,전라북도 완주군
2021-10-15,양파,특,189200.0,220.0,730010,경북 구미시 원평동,1153,경상북도 구미시
2025-05-03,양파,상,7560000.0,5400.0,800000,수입산,1170,수입산
2023-12-22,양파,특,5414500.0,4056.0,534000,전라남도 무안군,1097,전라남도 무안군
2018-12-07,양파,상,72000.0,320.0,717000,경상북도 고령군,1150,경상북도 고령군
2020-06-27,양파,특,190800.0,360.0,742930,경북 상주시 은척면,1155,경상북도 상주시
2018-06-06,양파,특,7823200.0,17136.0,534000,전라남도 무안군,1097,전라남도 무안군
2022-04-13,양파,상,1332000.0,2220.0,697600,제주 서귀포시 서귀포우체국사서함,1144,제주특별자치도 서귀포시
2023-03-16,양파,특,1440000.0,900.0,330600,충남 천안시 동남구 천안우체국사서함,1026,충청남도 천안시
2018-07-20,양파,특,85000.0,100.0,565881,전북 완주군 화산면 성북리,1107,전라북도 완주군
2018-11-27,양파,특,2120000.0,2400.0,618140,부산 강서구 대저동,1120,부산광역시
2025-02-10,양파,특,2527500.0,1125.0,534000,전라남도 무안군,1097,전라남도 무안군
2022-05-30,양파,상,690000.0,1035.0,534000,전라남도 무안군,1097,전라남도 무안군
2020-06-17,양파,특,1656000.0,3150.0,534000,전라남도 무안군,1097,전라남도 무안군
2020-03-12,양파,하,4272000.0,2880.0,740000,경상북도 김천시,1154,경상북도 김천시
2020-02-27,양파,특,1100000.0,750.0,565907,전북 완주군 봉동읍 장기리,1107,전라북도 완주군
2024-06-14,양파,보통,3000.0,45.0,540850,전남 순천시 해룡면,1100,전라남도 순천시
2023-07-03,양파,보통,13082500.0,10950.0,678000,경상남도 합천군,1140,경상남도 합천군
2022-02-16,양파,상,2373000.0,3360.0,678807,경남 합천군 합천읍 합천리  665∼780,1140,경상남도 합천군
2024-07-25,양파,상,150000.0,500.0,627000,경상남도 밀양시,1123,경상남도 밀양시
2019-03-15,양파,특,315000.0,360.0,525800,전남 함평군 함평읍,1090,전라남도 함평군
2019-10-18,양파,특,29000.0,5.0,570600,전북 익산시 익산우체국사서함,1111,전라북도 익산시
2023-06-20,양파,보통,2142000.0,2040.0,534000,전라남도 무안군,1097,전라남도 무안군
2025-05-09,양파,특,5343750.0,5625.0,537000,전라남도 완도군,1093,전라남도 완도군
2020-04-23,양파,특,1072000.0,1200.0,305325,대전 유성구 노은동,1019,대전광역시
2023-12-06,양파,특,3481400.0,3380.0,534000,전라남도 무안군,1097,전라남도 무안군
2024-05-30,양파,상,377500.0,660.0,561302,전북 전주시 덕진구 송천동2가,1106,전라북도 전주시
2018-10-09,양파,특,878400.0,1080.0,535000,전라남도 신안군,1096,전라남도 신안군
2018-01-05,양파,상,189000.0,200.0,730800,경북 구미시 선산읍,1153,경상북도 구미시
2019-04-23,양파,하,372000.0,744.0,690000,제주도 제주시,1142,제주특별자치도 제주시
2021-05-22,양파,상,3060000.0,5400.0,676891,경남 함양군 유림면 국계리,1139,경상남도 함양군
2024-10-07,양파,특,251600.0,340.0,676804,경남 함양군 함양읍 백천리,1139,경상남도 함양군
2019-04-25,양파,특,13735400.0,18900.0,525000,전라남도 함평군,1090,전라남도 함평군
2023-02-16,양파,보통,33225000.0,26680.0,635000,경상남도 창녕군,1126,경상남도 창녕군
2018-10-19,양파,특,1430000.0,2000.0,770000,경상북도 영천시,1166,경상북도 영천시
2020-01-22,양파,특,8410500.0,9876.0,535000,전라남도 신안군,1096,전라남도 신안군
2019-01-03,양파,보통,96000.0,480.0,534804,전남 무안군 무안읍 성동리,1097,전라남도 무안군
2018-03-27,양파,특,1725000.0,3000.0,635812,경남 창녕군 유어면 광산리,1126,경상남도 창녕군
2020-06-01,양파,하,1462000.0,2040.0,471080,경기 구리시 갈매동,1072,경기도 구리시
2025-05-14,양파,보통,5595000.0,7875.0,534000,전라남도 무안군,1097,전라남도 무안군
2024-09-30,양파,하,1568700.0,1992.0,525000,전라남도 함평군,1090,전라남도 함평군
2018-01-23,양파,특,3600000.0,4000.0,904000,대전광역시 ,1019,대전광역시
2019-07-05,양파,상,725000.0,1500.0,320000,충청남도 논산시,1022,충청남도 논산시
2022-06-07,양파,하,33100.0,30.0,534841,전남 무안군 현경면 가입리,1097,전라남도 무안군
2021-03-08,양파,특,2218000.0,1400.0,525805,전남 함평군 함평읍 만흥리,1090,전라남도 함평군
2019-06-19,양파,특,552000.0,1600.0,360070,충북 청주시 상당구 금천동,1037,충청북도 청주시
2023-09-21,양파,특,8525000.0,11000.0,635900,경남 창녕군 남지읍,1126,경상남도 창녕군
2021-08-19,양파,특,877500.0,975.0,565003,전북 완주군 봉동읍  전주우편집중국 ,1107,전라북도 완주군
2023-08-09,양파,하,9285000.0,6750.0,565000,전라북도 완주군,1107,전라북도 완주군
2019-05-08,양파,상,179300.0,220.0,636800,경남 의령군 의령읍,1127,경상남도 의령군
2020-05-12,양파,특,180000.0,300.0,550600,전남 여수시 여수우체국사서함,1105,전라남도 여수시
2018-10-31,양파,하,2427000.0,6744.0,525000,전라남도 함평군,1090,전라남도 함평군
2019-06-24,양파,보통,377000.0,1300.0,471080,경기 구리시 갈매동,1072,경기도 구리시
2023-02-23,양파,특,6400000.0,4000.0,534729,전남 무안군 청계면 도림리 목포대학교 ,1097,전라남도 무안군
2018-07-13,양파,특,197600.0,520.0,740890,경북 김천시 감천면,1154,경상북도 김천시
2019-03-12,양파,상,261000.0,850.0,560000,전라북도 전주시,1106,전라북도 전주시
2020-07-04,양파,하,352600.0,820.0,356000,충청남도 서산시,1035,충청남도 서산시
2020-12-08,양파,하,15220000.0,13335.0,471080,경기 구리시 갈매동,1072,경기도 구리시
2019-03-12,양파,하,2864500.0,6732.0,534000,전라남도 무안군,1097,전라남도 무안군
2019-08-19,양파,특,4048000.0,12760.0,515805,전남 장성군 장성읍 영천리,1085,전라남도 장성군
2022-06-13,양파,상,1800000.0,2000.0,548930,전남 고흥군 금산면,1104,전라남도 고흥군
2019-09-16,양파,특,2144900.0,4530.0,740000,경상북도 김천시,1154,경상북도 김천시
2020-07-04,양파,상,270600.0,1320.0,770000,경상북도 영천시,1166,경상북도 영천시
2021-01-20,양파,하,42420.0,24.0,200140,강원 춘천시 사농동,1001,강원도 춘천시
2018-07-23,양파,상,539000.0,1540.0,441833,경기 수원시 권선구 권선동1229∼1234,1062,경기도 수원시
2024-02-24,양파,특,168000.0,105.0,769800,경북 의성군 의성읍,1165,경상북도 의성군
2021-11-09,양파,상,6265000.0,6300.0,745150,경북 문경시 공평동,1156,경상북도 문경시
2021-01-12,양파,보통,4140000.0,2700.0,800000,수입산,1170,수입산
2024-03-29,양파,하,1536000.0,960.0,690000,제주도 제주시,1142,제주특별자치도 제주시
2021-04-07,양파,하,1195200.0,1992.0,525000,전라남도 함평군,1090,전라남도 함평군
2020-07-03,양파,특,8284800.0,15060.0,506010,광주 광산구 송정동,1083,광주광역시
2020-06-24,양파,보통,2260000.0,4520.0,580000,전라북도 정읍시,1116,전라북도 정읍시
2022-03-25,양파,특,1917500.0,6825.0,565003,전북 완주군 봉동읍  전주우편집중국 ,1107,전라북도 완주군
2019-02-13,양파,특,340000.0,1000.0,770000,경상북도 영천시,1166,경상북도 영천시
2018-08-28,양파,보통,1568000.0,6300.0,534000,전라남도 무안군,1097,전라남도 무안군
2020-11-11,양파,상,2575000.0,2060.0,635000,경상남도 창녕군,1126,경상남도 창녕군
2018-05-02,양파,특,973640.0,960.0,200140,강원 춘천시 사농동,1001,강원도 춘천시
2023-06-20,양파,특,589000.0,760.0,536800,전남 해남군 해남읍,1098,전라남도 해남군
2020-10-08,양파,특,19157500.0,14775.0,534000,전라남도 무안군,1097,전라남도 무안군
2021-06-22,양파,특,455000.0,1000.0,626210,경남 양산시 교동,1122,경상남도 양산시
2019-02-16,양파,보통,1300000.0,3000.0,356000,충청남도 서산시,1035,충청남도 서산시
2021-12-10,양파,특,2700000.0,3375.0,534000,전라남도 무안군,1097,전라남도 무안군
2021-06-03,양파,상,266500.0,580.0,540600,전남 순천시 순천우체국사서함,1100,전라남도 순천시
2022-05-02,양파,보통,3300.0,20.0,660950,경남 진주시 명석면,1133,경상남도 진주시
2020-05-23,양파,하,7075200.0,4740.0,534000,전라남도 무안군,1097,전라남도 무안군
2021-10-14,양파,특,5262810.0,3957.0,676000,경상남도 함양군,1139,경상남도 함양군
2018-10-30,양파,특,45000.0,120.0,770600,경북 영천시 영천우체국사서함,1166,경상북도 영천시
2023-07-18,양파,특,488000.0,290.0,534000,전라남도 무안군,1097,전라남도 무안군
2022-08-22,양파,특,14011000.0,15000.0,740600,경북 김천시 김천우체국사서함,1154,경상북도 김천시
2023-10-25,양파,특,12975000.0,10125.0,525800,전남 함평군 함평읍,1090,전라남도 함평군
2023-10-26,양파,상,9980000.0,10500.0,361300,충북 청주시 흥덕구 봉명동,1037,충청북도 청주시
2025-01-17,양파,특,2250000.0,1800.0,800000,중국,1170,수입산
2023-12-13,양파,상,3460000.0,3000.0,482000,경기도 양주시,1077,경기도 양주시
2019-06-26,양파,특,66000.0,440.0,570600,전북 익산시 익산우체국사서함,1111,전라북도 익산시
2018-02-28,양파,특,64500.0,12.0,570600,전북 익산시 익산우체국사서함,1111,전라북도 익산시
2018-02-28,양파,특,1282500.0,1140.0,800000,일본,1170,수입산
2021-11-19,양파,특,3340500.0,4080.0,535000,전라남도 신안군,1096,전라남도 신안군
2020-07-11,양파,특,82500.0,292.5,716000,경상북도 군위군,1149,경상북도 군위군
2020-05-05,양파,보통,960000.0,3000.0,534000,전라남도 무안군,1097,전라남도 무안군
2024-06-03,양파,보통,228800.0,390.0,320853,충남 논산시 양촌면 도평리,1022,충청남도 논산시
2023-09-02,양파,상,482000.0,300.0,390160,충북 제천시 강제동,1047,충청북도 제천시
2021-05-03,양파,보통,60000.0,300.0,730000,경상북도 구미시,1153,경상북도 구미시
2021-11-17,양파,특,12068000.0,13650.0,676820,경남 함양군 안의면,1139,경상남도 함양군
2024-05-31,양파,상,292500.0,585.0,548000,전라남도 고흥군,1104,전라남도 고흥군
2023-10-04,양파,하,6081750.0,6120.0,526000,전라남도 영암군,1091,전라남도 영암군
2023-06-29,양파,특,240000.0,240.0,901000,서울특별시 ,1000,서울특별시
2021-05-05,양파,특,105040.0,120.0,200140,강원 춘천시 사농동,1001,강원도 춘천시
2018-10-01,양파,하,459000.0,3060.0,525000,전라남도 함평군,1090,전라남도 함평군
2025-05-03,양파,보통,3967500.0,4500.0,534000,전라남도 무안군,1097,전라남도 무안군
2020-01-06,양파,상,1168000.0,1584.0,678000,경상남도 합천군,1140,경상남도 합천군
2023-02-06,양파,특,420000.0,200.0,534000,전라남도 무안군,1097,전라남도 무안군
2018-03-15,양파,특,4597100.0,11719.5,678000,경상남도 합천군,1140,경상남도 합천군
2025-04-22,양파,보통,11044800.0,9720.0,697000,제주도 서귀포시,1144,제주특별자치도 서귀포시
2019-10-23,양파,특,3066000.0,7350.0,471080,경기 구리시 갈매동,1072,경기도 구리시
2024-05-22,양파,상,1022400.0,1404.0,730600,경북 구미시 구미우체국사서함,1153,경상북도 구미시
2024-03-19,양파,특,10875000.0,6750.0,534000,전라남도 무안군,1097,전라남도 무안군
2018-04-27,양파,특,12217700.0,15000.0,717000,경상북도 고령군,1150,경상북도 고령군
2018-06-04,양파,특,497000.0,525.0,390011,충북 제천시 중앙로1가,1047,충청북도 제천시
2022-02-24,양파,특,1190000.0,2100.0,745852,경북 문경시 영순면 김용리,1156,경상북도 문경시
2024-02-27,양파,특,1449000.0,945.0,769800,경북 의성군 의성읍,1165,경상북도 의성군
2025-05-14,양파,특,781000.0,1100.0,565000,전라북도 완주군,1107,전라북도 완주군
2021-01-11,양파,특,5635000.0,3150.0,745000,경상북도 문경시,1156,경상북도 문경시
2023-01-11,양파,보통,1000000.0,2000.0,534000,전라남도 무안군,1097,전라남도 무안군
2021-09-30,양파,상,176000.0,316.8,627000,경상남도 밀양시,1123,경상남도 밀양시
2022-02-26,양파,보통,3605000.0,13400.0,314000,충청남도 공주시,1021,충청남도 공주시
2024-06-07,양파,특,11700000.0,11250.0,621000,경상남도 김해시,1121,경상남도 김해시
2025-04-29,양파,특,902000.0,820.0,630850,경남 마산시 내서읍,1125,경상남도 마산시
2021-10-04,양파,특,10500000.0,14000.0,903000,대구광역시 ,1146,대구광역시
2019-03-12,양파,상,48000.0,416.0,660600,경남 진주시 진주우체국사서함,1133,경상남도 진주시
2022-03-02,양파,보통,1456000.0,2184.0,536000,전라남도 해남군,1098,전라남도 해남군
2021-08-16,양파,특,213500.0,192.0,534811,전남 무안군 몽탄면 구산리,1097,전라남도 무안군
2018-04-17,양파,특,1749600.0,2160.0,585000,전라북도 고창군,1115,전라북도 고창군
2024-11-28,양파,특,4732000.0,3900.0,676804,경남 함양군 함양읍 백천리,1139,경상남도 함양군
2020-04-18,양파,특,2356000.0,2480.0,534804,전남 무안군 무안읍 성동리,1097,전라남도 무안군
2024-02-26,양파,특,18105000.0,11250.0,579000,전라북도 부안군,1114,전라북도 부안군
2021-01-18,양파,특,8933500.0,5100.0,676820,경남 함양군 안의면,1139,경상남도 함양군
2025-04-18,양파,보통,1575000.0,1260.0,513807,전남 영광군 영광읍 무령리,1084,전라남도 영광군
2018-03-09,양파,상,800000.0,625.0,745000,경상북도 문경시,1156,경상북도 문경시
2020-02-10,양파,특,2760000.0,2300.0,678000,경상남도 합천군,1140,경상남도 합천군
2023-07-15,양파,특,8850400.0,6825.0,525000,전라남도 함평군,1090,전라남도 함평군
2019-03-06,양파,특,500000.0,1000.0,676000,경상남도 함양군,1139,경상남도 함양군
2022-01-21,양파,상,154000.0,440.0,636930,경남 의령군 유곡면,1127,경상남도 의령군
2018-07-07,양파,특,2322500.0,4960.0,767800,경북 울진군 울진읍,1164,경상북도 울진군
2020-03-23,양파,특,52214800.0,67125.0,534000,전라남도 무안군,1097,전라남도 무안군
2019-04-20,양파,특,7933500.0,10650.0,690600,제주 제주시 제주우체국사서함,1142,제주특별자치도 제주시
2020-12-29,양파,특,8420500.0,7395.0,471080,경기 구리시 갈매동,1072,경기도 구리시
2024-01-11,양파,상,822000.0,2740.0,565000,전라북도 완주군,1107,전라북도 완주군
2020-03-05,양파,특,7005000.0,6120.0,534000,전라남도 무안군,1097,전라남도 무안군
2022-01-26,양파,특,1680000.0,2400.0,717000,경상북도 고령군,1150,경상북도 고령군
2019-11-25,양파,보통,450000.0,500.0,635000,경상남도 창녕군,1126,경상남도 창녕군
2022-11-14,양파,특,22400000.0,16000.0,678000,경상남도 합천군,1140,경상남도 합천군
2024-05-08,양파,특,193920.0,120.0,200140,강원 춘천시 사농동,1001,강원도 춘천시
2020-08-17,양파,특,1730000.0,2000.0,534000,전라남도 무안군,1097,전라남도 무안군
2024-12-03,양파,특,1870000.0,2040.0,534801,전남 무안군 무안읍 고절리,1097,전라남도 무안군
2023-10-26,양파,특,7290000.0,8100.0,800000,중국,1170,수입산
2022-07-25,양파,특,1446900.0,1605.0,529804,전남 장흥군 장흥읍 교촌리,1094,전라남도 장흥군
2024-11-22,양파,특,48539600.0,40410.0,525000,전라남도 함평군,1090,전라남도 함평군
2022-07-13,양파,하,575250.0,975.0,456000,경기도 안성시,1067,경기도 안성시
2019-09-11,양파,상,1132200.0,2220.0,500100,광주 북구 두암동,1083,광주광역시
2018-08-28,양파,특,520000.0,800.0,621150,경남 김해시 화목동,1121,경상남도 김해시
2023-06-14,양파,특,1411000.0,2040.0,534000,전라남도 무안군,1097,전라남도 무안군
2020-05-04,양파,특,8156000.0,11145.0,534000,전라남도 무안군,1097,전라남도 무안군
2020-05-22,양파,특,10391500.0,18020.0,529804,전남 장흥군 장흥읍 교촌리,1094,전라남도 장흥군
2023-03-27,양파,하,1931200.0,3408.0,580000,전라북도 정읍시,1116,전라북도 정읍시
2018-10-08,양파,보통,2260000.0,4520.0,503010,광주 남구 서동,1083,광주광역시
2022-02-09,양파,특,8253000.0,15720.0,678700,경남 합천군 합천읍 합천리 합천군청 ,1140,경상남도 합천군
2018-08-07,양파,특,6580000.0,7350.0,678000,경상남도 합천군,1140,경상남도 합천군
2019-10-05,양파,특,272000.0,680.0,678000,경상남도 합천군,1140,경상남도 합천군
2020-02-27,양파,특,22875000.0,15000.0,676000,경상남도 함양군,1139,경상남도 함양군
2022-05-13,양파,보통,129000.0,600.0,536880,전남 해남군 화원면,1098,전라남도 해남군
2024-06-13,양파,특,125000.0,75.0,630000,경상남도 창원시 마산회원구,1124,경상남도 창원시
2019-06-11,양파,상,234000.0,1040.0,525800,전남 함평군 함평읍,1090,전라남도 함평군
2023-10-13,양파,특,5406000.0,6120.0,534000,전라남도 무안군,1097,전라남도 무안군
2019-07-06,양파,특,480000.0,3200.0,534804,전남 무안군 무안읍 성동리,1097,전라남도 무안군
2019-04-29,양파,특,1251300.0,1935.0,690000,제주도 제주시,1142,제주특별자치도 제주시
2019-11-23,양파,상,15200.0,72.0,565880,전북 완주군 화산면,1107,전라북도 완주군
2020-08-05,양파,특,8400000.0,10500.0,740920,경북 김천시 구성면,1154,경상북도 김천시
2021-04-28,양파,특,5985000.0,9000.0,690811,제주 제주시 삼도1동498∼502,1142,제주특별자치도 제주시
2019-03-18,양파,상,6600000.0,12000.0,635000,경상남도 창녕군,1126,경상남도 창녕군
2019-06-24,양파,특,1314100.0,3720.0,350900,충남 홍성군 광천읍,1033,충청남도 홍성군
2018-06-25,양파,보통,645200.0,1810.0,343000,충청남도 당진시,1031,충청남도 당진시
2020-03-25,양파,특,14140.0,10.0,200140,강원 춘천시 사농동,1001,강원도 춘천시
2020-06-03,양파,하,1079500.0,1020.0,525000,전라남도 함평군,1090,전라남도 함평군
2025-01-23,양파,특,3009000.0,2040.0,357000,충청남도 태안군,1036,충청남도 태안군
2018-04-13,양파,특,3662200.0,7744.0,630850,경남 마산시 내서읍,1125,경상남도 마산시
2024-11-23,양파,특,1510400.0,960.0,525000,전라남도 함평군,1090,전라남도 함평군
2019-12-26,양파,하,33100.0,45.0,534841,전남 무안군 현경면 가입리,1097,전라남도 무안군
2020-04-07,양파,보통,5187500.0,5400.0,690000,제주도 제주시,1142,제주특별자치도 제주시
2025-04-07,양파,보통,87600.0,120.0,664600,경남 사천시 삼천포우체국사서함,1134,경상남도 사천시
2024-07-24,양파,보통,1388000.0,3390.0,570000,전라북도 익산시,1111,전라북도 익산시
2020-04-27,양파,특,108000.0,160.0,529804,전남 장흥군 장흥읍 교촌리,1094,전라남도 장흥군
2022-06-13,양파,특,560000.0,800.0,635000,경상남도 창녕군,1126,경상남도 창녕군
2023-01-18,양파,특,8250000.0,7200.0,730370,경북 구미시 거의동,1153,경상북도 구미시
2019-03-01,양파,특,680000.0,1020.0,534000,전라남도 무안군,1097,전라남도 무안군
2019-08-10,양파,특,3666000.0,13650.0,678811,경남 합천군 율곡면 갑산리,1140,경상남도 합천군
2019-07-26,양파,상,168000.0,1200.0,576960,전북 김제시 금산면,1113,전라북도 김제시
2019-06-12,양파,상,141240.0,300.0,901000,서울특별시 ,1000,서울특별시
2019-06-17,양파,보통,25200.0,140.0,506551,광주 광산구 유계동,1083,광주광역시
2019-07-31,양파,특,4624500.0,8955.0,525000,전라남도 함평군,1090,전라남도 함평군
2019-11-12,양파,특,16765000.0,30588.0,534000,전라남도 무안군,1097,전라남도 무안군
2024-03-28,양파,특,9527500.0,10300.0,637806,경남 함안군 가야읍 춘곡리,1128,경상남도 함안군
2023-06-09,양파,상,4692000.0,5520.0,730870,경북 구미시 해평면,1153,경상북도 구미시
2021-05-25,양파,특,1784100.0,3920.0,513807,전남 영광군 영광읍 무령리,1084,전라남도 영광군
2023-04-17,양파,상,3534300.0,2970.0,990000,제주도 ,1180,제주도 
2018-07-16,양파,특,892500.0,2380.0,536880,전남 해남군 화원면,1098,전라남도 해남군
2025-04-25,양파,하,146000.0,120.0,630000,경상남도 창원시 마산회원구,1124,경상남도 창원시
2020-07-01,양파,하,8618200.0,13044.0,534000,전라남도 무안군,1097,전라남도 무안군
2018-11-12,양파,특,17500.0,15.0,138000,서울특별시 송파구,1000,서울특별시
2020-10-15,양파,특,8040.0,10.0,225000,강원도 횡성군,1009,강원도 횡성군
2023-05-22,양파,하,3179000.0,3060.0,525000,전라남도 함평군,1090,전라남도 함평군
2019-04-08,양파,특,3724000.0,5600.0,769000,경상북도 의성군,1165,경상북도 의성군
2023-04-04,양파,특,5949400.0,3900.0,534804,전남 무안군 무안읍 성동리,1097,전라남도 무안군
2018-05-18,양파,특,864700.0,924.0,534000,전라남도 무안군,1097,전라남도 무안군
2019-09-24,양파,특,441000.0,1050.0,579000,전라북도 부안군,1114,전라북도 부안군
2018-02-27,양파,상,800000.0,625.0,745000,경상북도 문경시,1156,경상북도 문경시
2024-01-06,양파,특,3150000.0,2250.0,678800,경남 합천군 합천읍,1140,경상남도 합천군
2022-04-16,양파,상,670000.0,1340.0,548930,전남 고흥군 금산면,1104,전라남도 고흥군
2023-10-04,양파,보통,9763000.0,11700.0,800000,중국,1170,수입산
2019-07-16,양파,상,240000.0,1600.0,745000,경상북도 문경시,1156,경상북도 문경시
2024-10-05,양파,특,5100000.0,4500.0,800000,중국,1170,수입산
2024-07-30,양파,특,1281600.0,1440.0,717000,경상북도 고령군,1150,경상북도 고령군
2019-02-13,양파,특,4020000.0,5625.0,536000,전라남도 해남군,1098,전라남도 해남군
2023-03-17,양파,특,13380000.0,9000.0,800000,일본,1170,수입산
2023-11-15,양파,보통,13824000.0,14400.0,800000,중국,1170,수입산
2021-03-19,양파,특,130000.0,50.0,138000,서울특별시 송파구,1000,서울특별시
2022-05-17,양파,특,62283750.0,117000.0,534000,전라남도 무안군,1097,전라남도 무안군
2019-08-12,양파,특,980000.0,2000.0,534000,전라남도 무안군,1097,전라남도 무안군
2024-07-01,양파,보통,63500.0,370.5,740000,경상북도 김천시,1154,경상북도 김천시
2023-02-08,양파,특,294000.0,280.0,540802,전남 순천시 승주읍 남강리,1100,전라남도 순천시
2020-07-21,양파,상,195000.0,260.0,950000,전라남도 ,1176,전라남도 
2021-05-22,양파,특,3133600.0,6132.0,534000,전라남도 무안군,1097,전라남도 무안군
2024-04-08,양파,특,4050000.0,2700.0,800000,중국,1170,수입산
2018-08-29,양파,특,3024000.0,4320.0,950000,전라남도 ,1176,전라남도 
2019-05-27,양파,하,32000.0,100.0,534870,전남 무안군 해제면,1097,전라남도 무안군
2018-08-28,양파,하,270000.0,1080.0,534841,전남 무안군 현경면 가입리,1097,전라남도 무안군
2022-04-04,양파,특,1986400.0,4400.0,717000,경상북도 고령군,1150,경상북도 고령군
2021-01-06,양파,특,700000.0,1000.0,635000,경상남도 창녕군,1126,경상남도 창녕군
2023-09-25,양파,하,1045500.0,1020.0,525000,전라남도 함평군,1090,전라남도 함평군
2018-04-18,양파,보통,750000.0,1200.0,690000,제주도 제주시,1142,제주특별자치도 제주시
2024-10-10,양파,특,4200000.0,4500.0,678700,경남 합천군 합천읍 합천리 합천군청 ,1140,경상남도 합천군
2023-12-01,양파,특,6910500.0,9180.0,534000,전라남도 무안군,1097,전라남도 무안군
2025-03-17,양파,특,3510000.0,2925.0,800000,중국,1170,수입산
2019-02-25,양파,특,84000.0,120.0,138701,서울 송파구 가락1동  가락농수산물시장 ,1000,서울특별시
2023-01-03,양파,특,20000.0,10.0,630000,경상남도 창원시 마산회원구,1124,경상남도 창원시
2023-05-09,양파,상,1718200.0,1880.0,520810,전남 나주시 노안면,1089,전라남도 나주시
2018-12-19,양파,특,782800.0,1140.0,525000,전라남도 함평군,1090,전라남도 함평군
2022-02-12,양파,특,450000.0,500.0,565907,전북 완주군 봉동읍 장기리,1107,전라북도 완주군
2019-05-22,양파,특,270000.0,200.0,800000,중국,1170,수입산
2019-06-20,양파,특,502300.0,2280.0,540850,전남 순천시 해룡면,1100,전라남도 순천시
2018-05-25,양파,상,2933000.0,4200.0,745000,경상북도 문경시,1156,경상북도 문경시
2019-05-01,양파,특,3770000.0,6000.0,525000,전라남도 함평군,1090,전라남도 함평군
2023-04-15,양파,상,2141500.0,1995.0,690010,제주 제주시 일도동,1142,제주특별자치도 제주시
2023-04-21,양파,특,13670650.0,11364.0,690000,제주도 제주시,1142,제주특별자치도 제주시
2024-08-08,양파,특,60000.0,80.0,590870,전북 남원시 산동면,1117,전라북도 남원시
2022-08-23,양파,특,150000.0,100.0,565907,전북 완주군 봉동읍 장기리,1107,전라북도 완주군
2022-02-11,양파,특,1180000.0,2000.0,579000,전라북도 부안군,1114,전라북도 부안군
2020-04-28,양파,보통,30000.0,60.0,536800,전남 해남군 해남읍,1098,전라남도 해남군
2019-01-31,양파,특,27300.0,20.0,138701,서울 송파구 가락1동  가락농수산물시장 ,1000,서울특별시
2021-07-14,양파,특,659000.0,1300.0,769000,경상북도 의성군,1165,경상북도 의성군
2022-08-11,양파,하,2649200.0,2220.0,534841,전남 무안군 현경면 가입리,1097,전라남도 무안군
2024-09-21,양파,특,4410000.0,3375.0,534000,전라남도 무안군,1097,전라남도 무안군
2025-05-24,양파,특,1266500.0,2040.0,534000,전라남도 무안군,1097,전라남도 무안군
2024-06-29,양파,특,32500.0,50.0,320950,충남 논산시 광석면,1022,충청남도 논산시
2019-07-18,양파,상,529200.0,2301.0,740000,경상북도 김천시,1154,경상북도 김천시
2019-04-12,양파,특,272000.0,240.0,717000,경상북도 고령군,1150,경상북도 고령군
2021-08-20,양파,상,6000000.0,8000.0,769000,경상북도 의성군,1165,경상북도 의성군
2023-12-20,양파,특,17906400.0,16200.0,716000,경상북도 군위군,1149,경상북도 군위군
2025-05-16,양파,하,32000.0,60.0,548820,전남 고흥군 영남면,1104,전라남도 고흥군
2020-05-16,양파,상,464000.0,574.2,656000,경상남도 거제시,1132,경상남도 거제시
2023-12-29,양파,특,10994400.0,8640.0,579000,전라북도 부안군,1114,전라북도 부안군
2018-07-11,양파,특,540000.0,500.0,456000,경기도 안성시,1067,경기도 안성시
2024-02-17,양파,특,32119000.0,28950.0,800000,중국,1170,수입산
2021-10-22,양파,특,133320.0,110.0,200140,강원 춘천시 사농동,1001,강원도 춘천시
2025-01-23,양파,보통,26000.0,30.0,561302,전북 전주시 덕진구 송천동2가,1106,전라북도 전주시
2019-10-29,양파,상,415000.0,1000.0,306817,대전 대덕구 오정동1∼93,1019,대전광역시
