변수명,Label
gu,A
,B
list,  1) 기존 가구
,  2) 신규 가구
List_시,  1) 서울
,  2) 부산
,  3) 인천
,  4) 대구
,  5) 대전
,  6) 광주
,  7) 울산
,  8) 경기
,  9) 경북
, 10) 경남
, 11) 전북
, 12) 전남
, 13) 충북
, 14) 충남
, 15) 강원
, 16) 제주
, 17) 세종
List_읍면동,  1) 동
,  2) 읍/면
SQ2,  1) 집에서 먹는 식품의 대부분을 내가 직접 구입한다
,  2) 집에서 먹는 식품의 대부분을 구입하는 가구원이 따로 있다
A1,  1) 매일 1회 이상
,  2) 주 4~6회
,  3) 주 2~3회
,  4) 주 1회
,  5) 2주일에 1회
,  6) 1달에 1회
,  7) 그보다 드물게
,  8) 구입하지 않음
A2_1,  1) 가격
,  2) 맛
,  3) 안전성
,  4) 품질
,  5) 영양(건강)
,"  6) 신선도 (제조일자, 소비(유통)기한 포함)"
,  7) 구입의 편리성
,  8) 조리의 편리성
A2_2,  1) 가격
,  2) 맛
,  3) 안전성
,  4) 품질
,  5) 영양(건강)
,"  6) 신선도 (제조일자, 소비(유통)기한 포함)"
,  7) 구입의 편리성
,  8) 조리의 편리성
A3_1,"  1) 동네 슈퍼마켓, 식자재마트(대기업 운영 제외)"
,"  2) 대기업에서 운영하는 슈퍼마켓(홈플러스 익스프레스, 롯데 슈퍼, 이마트에브리데이, No Brand 등)"
,"  3) 오프라인 대형마트(이마트, 하나로클럽/마트, 홈플러스, 롯데마트, 이마트 트레이더스, 코스트코 등)"
,  4) 전통시장(재래시장)
,  5) 백화점
,"  6) 친환경 식품 전문점(생협, 유기농 전문점, 초록마을, 한살림 등)"
,"  7) 온라인 쇼핑몰(G마켓, 11번가, 쿠팡, 네이버쇼핑 등 인터넷·모바일, 대형마트(이마트, 롯데마트)의 온라인몰, 퀵커머스, 해외직구 등)"
,  8) TV 홈쇼핑(TV 시청 후 홈쇼핑 온라인몰 구입 포함)
,  9) 편의점
," 10) 오프라인 독립된 로컬푸드 마켓(지역 특산물 판매점 포함, 매장 내 샵인샵 형태(통합계산) 제외)"
, 51) 반찬가게
, 52) 밀키트 전문점
, 53) 식자재마트
, 91) 구입하지 않음
A3_2,"  1) 동네 슈퍼마켓, 식자재마트(대기업 운영 제외)"
,"  2) 대기업에서 운영하는 슈퍼마켓(홈플러스 익스프레스, 롯데 슈퍼, 이마트에브리데이, No Brand 등)"
,"  3) 오프라인 대형마트(이마트, 하나로클럽/마트, 홈플러스, 롯데마트, 이마트 트레이더스, 코스트코 등)"
,  4) 전통시장(재래시장)
,  5) 백화점
,"  6) 친환경 식품 전문점(생협, 유기농 전문점, 초록마을, 한살림 등)"
,"  7) 온라인 쇼핑몰(G마켓, 11번가, 쿠팡, 네이버쇼핑 등 인터넷·모바일, 대형마트(이마트, 롯데마트)의 온라인몰, 퀵커머스, 해외직구 등)"
,  8) TV 홈쇼핑(TV 시청 후 홈쇼핑 온라인몰 구입 포함)
,  9) 편의점
," 10) 오프라인 독립된 로컬푸드 마켓(지역 특산물 판매점 포함, 매장 내 샵인샵 형태(통합계산) 제외)"
, 51) 반찬가게
, 52) 밀키트 전문점
, 53) 식자재마트
, 91) 구입하지 않음
A3_1_1,  1) 품질이 좋아서
,  2) 가격이 저렴해서
,  3) 거리가 가깝거나 교통ㆍ주차가 편해서
,  4) 배송이 편리해서
,  5) 다른 상품도 같이 구입할 수 있어서
,  6) 상품이 다양해서
,  7) 상품정보가 많아서
,  8) 장보기 쉽고 편리해서
A3_1_2,  1) 품질이 좋아서
,  2) 가격이 저렴해서
,  3) 거리가 가깝거나 교통ㆍ주차가 편해서
,  4) 배송이 편리해서
,  5) 다른 상품도 같이 구입할 수 있어서
,  6) 상품이 다양해서
,  7) 상품정보가 많아서
,  8) 장보기 쉽고 편리해서
A4_1,"  1) 육류가공품(소시지, 햄 및 베이컨, 육가공품 등)"
,"  2) 알가공품(삶은 계란, 삶은 메추리알 등)"
,"  3) 조미수산가공품(어육, 맛살, 수산물통조림 등)"
,"  4) 염건수산가공품(젓갈류, 김, 미역, 북어, 굴비 등)"
,"  5) 김치 및 절임류(배추김치, 장아찌, 단무지 등)"
,"  6) 과일채소가공품(과일/채소통조림, 퓨레/페이스트 등)"
,"  7) 장류(간장, 된장, 고추장, 쌈장, 춘장, 청국장 등)"
,"  8) 조미식품(드레싱/소스류, 소금, 설탕, 식초, 고춧가루 등)"
,"  9) 유지류(참기름 및 들기름, 식용유, 버터 등)"
," 10) 유가공품(우유, 요구르트 등 발효유, 치즈, 분유 등)"
," 11) 빵 및 떡류(식빵, 케이크, 일반빵류, 떡류 등)"
," 12) 과자류(과자, 한과, 초콜릿가공품, 사탕, 빙과류 등)"
," 13) 면류(인스턴트 라면, 국수, 칼국수, 당면, 우동 등)"
," 14) 연식품(두부류, 순두부, 유부, 묵류, 곤약 등)"
," 15) 곡물가공품(밀가루류, 전분, 쌀가루, 씨리얼 등)"
," 16) 커피 및 차(커피, 커피음료, 잎차, 티백, 곡물차 등)"
," 17) 음료류(탄산음료, 과일음료, 기능성음료, 생수, 두유 등)"
," 18) 주류(맥주, 소주, 양주, 와인 및 과일주 등)"
," 19) 간편식(HMR, 즉석조리, 즉석섭취, 밀키트, 신선편의)"
," 20) 건강기능식품(비타민, 식이섬유, 오메가3, 홍삼 등)"
A4_2,"  1) 육류가공품(소시지, 햄 및 베이컨, 육가공품 등)"
,"  2) 알가공품(삶은 계란, 삶은 메추리알 등)"
,"  3) 조미수산가공품(어육, 맛살, 수산물통조림 등)"
,"  4) 염건수산가공품(젓갈류, 김, 미역, 북어, 굴비 등)"
,"  5) 김치 및 절임류(배추김치, 장아찌, 단무지 등)"
,"  6) 과일채소가공품(과일/채소통조림, 퓨레/페이스트 등)"
,"  7) 장류(간장, 된장, 고추장, 쌈장, 춘장, 청국장 등)"
,"  8) 조미식품(드레싱/소스류, 소금, 설탕, 식초, 고춧가루 등)"
,"  9) 유지류(참기름 및 들기름, 식용유, 버터 등)"
," 10) 유가공품(우유, 요구르트 등 발효유, 치즈, 분유 등)"
," 11) 빵 및 떡류(식빵, 케이크, 일반빵류, 떡류 등)"
," 12) 과자류(과자, 한과, 초콜릿가공품, 사탕, 빙과류 등)"
," 13) 면류(인스턴트 라면, 국수, 칼국수, 당면, 우동 등)"
," 14) 연식품(두부류, 순두부, 유부, 묵류, 곤약 등)"
," 15) 곡물가공품(밀가루류, 전분, 쌀가루, 씨리얼 등)"
," 16) 커피 및 차(커피, 커피음료, 잎차, 티백, 곡물차 등)"
," 17) 음료류(탄산음료, 과일음료, 기능성음료, 생수, 두유 등)"
," 18) 주류(맥주, 소주, 양주, 와인 및 과일주 등)"
," 19) 간편식(HMR, 즉석조리, 즉석섭취, 밀키트, 신선편의)"
," 20) 건강기능식품(비타민, 식이섬유, 오메가3, 홍삼 등)"
A4_3,"  1) 육류가공품(소시지, 햄 및 베이컨, 육가공품 등)"
,"  2) 알가공품(삶은 계란, 삶은 메추리알 등)"
,"  3) 조미수산가공품(어육, 맛살, 수산물통조림 등)"
,"  4) 염건수산가공품(젓갈류, 김, 미역, 북어, 굴비 등)"
,"  5) 김치 및 절임류(배추김치, 장아찌, 단무지 등)"
,"  6) 과일채소가공품(과일/채소통조림, 퓨레/페이스트 등)"
,"  7) 장류(간장, 된장, 고추장, 쌈장, 춘장, 청국장 등)"
,"  8) 조미식품(드레싱/소스류, 소금, 설탕, 식초, 고춧가루 등)"
,"  9) 유지류(참기름 및 들기름, 식용유, 버터 등)"
," 10) 유가공품(우유, 요구르트 등 발효유, 치즈, 분유 등)"
," 11) 빵 및 떡류(식빵, 케이크, 일반빵류, 떡류 등)"
," 12) 과자류(과자, 한과, 초콜릿가공품, 사탕, 빙과류 등)"
," 13) 면류(인스턴트 라면, 국수, 칼국수, 당면, 우동 등)"
," 14) 연식품(두부류, 순두부, 유부, 묵류, 곤약 등)"
," 15) 곡물가공품(밀가루류, 전분, 쌀가루, 씨리얼 등)"
," 16) 커피 및 차(커피, 커피음료, 잎차, 티백, 곡물차 등)"
," 17) 음료류(탄산음료, 과일음료, 기능성음료, 생수, 두유 등)"
," 18) 주류(맥주, 소주, 양주, 와인 및 과일주 등)"
," 19) 간편식(HMR, 즉석조리, 즉석섭취, 밀키트, 신선편의)"
," 20) 건강기능식품(비타민, 식이섬유, 오메가3, 홍삼 등)"
A5_1,  1) 매우 불만족 한다
,  2) 불만족하는 편이다
,  3) 보통이다
,  4) 만족하는 편이다
,  5) 매우 만족한다
A5_2,  1) 매우 불만족 한다
,  2) 불만족하는 편이다
,  3) 보통이다
,  4) 만족하는 편이다
,  5) 매우 만족한다
A5_3,  1) 매우 불만족 한다
,  2) 불만족하는 편이다
,  3) 보통이다
,  4) 만족하는 편이다
,  5) 매우 만족한다
A5_4,  1) 매우 불만족 한다
,  2) 불만족하는 편이다
,  3) 보통이다
,  4) 만족하는 편이다
,  5) 매우 만족한다
A5_5,  1) 매우 불만족 한다
,  2) 불만족하는 편이다
,  3) 보통이다
,  4) 만족하는 편이다
,  5) 매우 만족한다
A5_6,  1) 매우 불만족 한다
,  2) 불만족하는 편이다
,  3) 보통이다
,  4) 만족하는 편이다
,  5) 매우 만족한다
A5_7,  1) 매우 불만족 한다
,  2) 불만족하는 편이다
,  3) 보통이다
,  4) 만족하는 편이다
,  5) 매우 만족한다
A5_8,  1) 매우 불만족 한다
,  2) 불만족하는 편이다
,  3) 보통이다
,  4) 만족하는 편이다
,  5) 매우 만족한다
A6_1,  1) 매우 감소
,  2) 약간 감소
,  3) 변함없음
,  4) 약간 증가
,  5) 매우 증가
A6_2,  1) 매우 감소
,  2) 약간 감소
,  3) 변함없음
,  4) 약간 증가
,  5) 매우 증가
A6_3,  1) 매우 감소
,  2) 약간 감소
,  3) 변함없음
,  4) 약간 증가
,  5) 매우 증가
A6_4,  1) 매우 감소
,  2) 약간 감소
,  3) 변함없음
,  4) 약간 증가
,  5) 매우 증가
A6_5,  1) 매우 감소
,  2) 약간 감소
,  3) 변함없음
,  4) 약간 증가
,  5) 매우 증가
A6_6,  1) 매우 감소
,  2) 약간 감소
,  3) 변함없음
,  4) 약간 증가
,  5) 매우 증가
A6_1_1,"  1) 가구원 수 변화(전입, 전출)"
,  2) 가구원당 식품 소비량 변화
,  3) 식품 물가 변화
,  4) 식생활 구성 변화(신선ㆍ가공ㆍ외식소비 증감)
,  5) 소비하는 품질수준 변화(맛ㆍ영양ㆍ안전)
,  6) 가구의 소득 변화
,  7) 금리 및 에너지 가격 등 식품 이외 물가 변화
A6_1_2,"  1) 가구원 수 변화(전입, 전출)"
,  2) 가구원당 식품 소비량 변화
,  3) 식품 물가 변화
,  4) 식생활 구성 변화(신선ㆍ가공ㆍ외식소비 증감)
,  5) 소비하는 품질수준 변화(맛ㆍ영양ㆍ안전)
,  6) 가구의 소득 변화
,  7) 금리 및 에너지 가격 등 식품 이외 물가 변화
A6_1_3,"  1) 가구원 수 변화(전입, 전출)"
,  2) 가구원당 식품 소비량 변화
,  3) 식품 물가 변화
,  4) 식생활 구성 변화(신선ㆍ가공ㆍ외식소비 증감)
,  5) 소비하는 품질수준 변화(맛ㆍ영양ㆍ안전)
,  6) 가구의 소득 변화
,  7) 금리 및 에너지 가격 등 식품 이외 물가 변화
A6_1_4,"  1) 가구원 수 변화(전입, 전출)"
,  2) 가구원당 식품 소비량 변화
,  3) 식품 물가 변화
,  4) 식생활 구성 변화(신선ㆍ가공ㆍ외식소비 증감)
,  5) 소비하는 품질수준 변화(맛ㆍ영양ㆍ안전)
,  6) 가구의 소득 변화
,  7) 금리 및 에너지 가격 등 식품 이외 물가 변화
A6_1_5,"  1) 가구원 수 변화(전입, 전출)"
,  2) 가구원당 식품 소비량 변화
,  3) 식품 물가 변화
,  4) 식생활 구성 변화(신선ㆍ가공ㆍ외식소비 증감)
,  5) 소비하는 품질수준 변화(맛ㆍ영양ㆍ안전)
,  6) 가구의 소득 변화
,  7) 금리 및 에너지 가격 등 식품 이외 물가 변화
A6_1_6,"  1) 가구원 수 변화(전입, 전출)"
,  2) 가구원당 식품 소비량 변화
,  3) 식품 물가 변화
,  4) 식생활 구성 변화(신선ㆍ가공ㆍ외식소비 증감)
,  5) 소비하는 품질수준 변화(맛ㆍ영양ㆍ안전)
,  6) 가구의 소득 변화
,  7) 금리 및 에너지 가격 등 식품 이외 물가 변화
A6_1_7,"  1) 가구원 수 변화(전입, 전출)"
,  2) 가구원당 식품 소비량 변화
,  3) 식품 물가 변화
,  4) 식생활 구성 변화(신선ㆍ가공ㆍ외식소비 증감)
,  5) 소비하는 품질수준 변화(맛ㆍ영양ㆍ안전)
,  6) 가구의 소득 변화
,  7) 금리 및 에너지 가격 등 식품 이외 물가 변화
A6_1_8,"  1) 가구원 수 변화(전입, 전출)"
,  2) 가구원당 식품 소비량 변화
,  3) 식품 물가 변화
,  4) 식생활 구성 변화(신선ㆍ가공ㆍ외식소비 증감)
,  5) 소비하는 품질수준 변화(맛ㆍ영양ㆍ안전)
,  6) 가구의 소득 변화
,  7) 금리 및 에너지 가격 등 식품 이외 물가 변화
A7,  1) 매우 감소할 것이다
,  2) 약간 감소할 것이다
,  3) 현 수준을 유지할 것이다
,  4) 약간 증가할 것이다
,  5) 매우 증가할 것이다
A8,  1) 대부분의 가공식품을 온라인으로 구입한다
,  2) 특정 가공식품만 항상 온라인으로 구입한다
,"  3) 식품군에 상관없이 온라인으로 구매할 때도 있고, 오프라인으로 구매할 때도 있다"
,"  4) 특정 가공식품에 대해서만 온라인으로 구매할 때도 있고, 오프라인으로 구매할 때도 있다"
,  5) 전혀 구입하지 않았다
A8_1_1,  1) 품질·안전 등을 신뢰할 수 없어서
,  2) 상품에 대한 충분한 정보 획득이 어려워서
,"  3) 교환, 반품이 어려워서"
,  4) 배송을 기다릴 수 없어서
,  5) 배송 과정에서 상품 파손 및 품질 저하가 우려돼서
,  6) 인터넷/스마트폰 사용이 어려워서
,  7) 가격이 비싸서
,  8) 온라인에서 판매하는 식품이 다양하지 않아서
,"  9) 사이트 방문, 정보 탐색 등 찾아보기가 귀찮아서"
," 10) 택배 박스, 포장지 등 쓰레기가 많이 나와서"
, 51) 접근성이 낮아서
, 52) 소량 구매가 어려워서
, 97) 구입하지 않음
A8_1_2,  1) 품질·안전 등을 신뢰할 수 없어서
,  2) 상품에 대한 충분한 정보 획득이 어려워서
,"  3) 교환, 반품이 어려워서"
,  4) 배송을 기다릴 수 없어서
,  5) 배송 과정에서 상품 파손 및 품질 저하가 우려돼서
,  6) 인터넷/스마트폰 사용이 어려워서
,  7) 가격이 비싸서
,  8) 온라인에서 판매하는 식품이 다양하지 않아서
,"  9) 사이트 방문, 정보 탐색 등 찾아보기가 귀찮아서"
," 10) 택배 박스, 포장지 등 쓰레기가 많이 나와서"
, 51) 접근성이 낮아서
, 52) 소량 구매가 어려워서
, 97) 구입하지 않음
A9_1,  1) 구입 시간을 절약하고 시간의 제약을 받지 않아서
,  2) 가격이 저렴하니까
,  3) 품질이 좋아서
,  4) 상품정보를 비교·확인하기 쉬워서
,  5) 다양하고 특별한 식품을 구입할 수 있어서
,  6) 배달해 주므로
,  7) 반품하기 쉬워서
,  8) 비대면 구입이 가능해서
A9_2,  1) 구입 시간을 절약하고 시간의 제약을 받지 않아서
,  2) 가격이 저렴하니까
,  3) 품질이 좋아서
,  4) 상품정보를 비교·확인하기 쉬워서
,  5) 다양하고 특별한 식품을 구입할 수 있어서
,  6) 배달해 주므로
,  7) 반품하기 쉬워서
,  8) 비대면 구입이 가능해서
A10,  1) 매일 1회 이상
,  2) 주 4~6회
,  3) 주 2~3회
,  4) 주 1회
,  5) 2주일에 1회
,  6) 1달에 1회
,  7) 그보다 드물게
A11_1,"  1) 온라인 쇼핑몰(G마켓, 11번가, 쿠팡, 네이버 쇼핑 등) ※오프라인 유통사업이 없는 온라인 전문몰"
,"  2) 온라인 식품 전문몰(마켓컬리, 오아시스, 윙잇, 쿠캣 등 식품을 주로 판매하는 식품 전문몰)"
,"  3) 대형마트/백화점/홈쇼핑 온라인 매장(이마트, SSG, 롯데, 현대, CJ, GS 등)   ※ 기존 유통사업이 있는 온라인몰"
,"  4) 친환경 전문점 온라인 매장(생협, 유기농 전문점, 초록마을, 한살림 등)"
,"  5) 특산물 온라인 매장(시/도, 농협, 생산자단체, 우체국 등 운영 쇼핑몰)"
,"  6) SNS 구매(온라인 카페, 블로그, 카카오, 인스타마켓, 공구밴드 등)"
,"  7) 퀵커머스(우리동네GS, B마트, 배민스토어, 요마트, 요편의점 등 주문한 상품을 1시간 이내에 받는 즉시 배송)"
,"  8) 해외직구 사이트(아마존, 이베이, 아이허브, 오플 등)"
A11_2,"  1) 온라인 쇼핑몰(G마켓, 11번가, 쿠팡, 네이버 쇼핑 등) ※오프라인 유통사업이 없는 온라인 전문몰"
,"  2) 온라인 식품 전문몰(마켓컬리, 오아시스, 윙잇, 쿠캣 등 식품을 주로 판매하는 식품 전문몰)"
,"  3) 대형마트/백화점/홈쇼핑 온라인 매장(이마트, SSG, 롯데, 현대, CJ, GS 등)   ※ 기존 유통사업이 있는 온라인몰"
,"  4) 친환경 전문점 온라인 매장(생협, 유기농 전문점, 초록마을, 한살림 등)"
,"  5) 특산물 온라인 매장(시/도, 농협, 생산자단체, 우체국 등 운영 쇼핑몰)"
,"  6) SNS 구매(온라인 카페, 블로그, 카카오, 인스타마켓, 공구밴드 등)"
,"  7) 퀵커머스(우리동네GS, B마트, 배민스토어, 요마트, 요편의점 등 주문한 상품을 1시간 이내에 받는 즉시 배송)"
,"  8) 해외직구 사이트(아마존, 이베이, 아이허브, 오플 등)"
A12_1,"  1) 육류가공품(소시지, 햄 및 베이컨, 육가공품 등)"
,"  2) 알가공품(삶은 계란, 삶은 메추리알 등)"
,"  3) 조미수산가공품(어육, 맛살, 수산물통조림 등)"
,"  4) 염건수산가공품(젓갈류, 김, 미역, 북어, 굴비 등)"
,"  5) 김치 및 절임류(배추김치, 장아찌, 단무지 등)"
,"  6) 과일채소가공품(과일/채소통조림, 퓨레/페이스트 등)"
,"  7) 장류(간장, 된장, 고추장, 쌈장, 춘장, 청국장 등)"
,"  8) 조미식품(드레싱/소스류, 소금, 설탕, 식초, 고춧가루 등)"
,"  9) 유지류(참기름 및 들기름, 식용유, 버터 등)"
," 10) 유가공품(우유, 요구르트 등 발효유, 치즈, 분유 등)"
," 11) 빵 및 떡류(식빵, 케이크, 일반빵류, 떡류 등)"
," 12) 과자류(과자, 한과, 초콜릿가공품, 사탕, 빙과류 등)"
," 13) 면류(인스턴트 라면, 국수, 칼국수, 당면, 우동 등)"
," 14) 연식품(두부류, 순두부, 유부, 묵류, 곤약 등)"
," 15) 곡물가공품(밀가루류, 전분, 쌀가루, 씨리얼 등)"
," 16) 커피 및 차(커피, 커피음료, 잎차, 티백, 곡물차 등)"
," 17) 음료류(탄산음료, 과일음료, 기능성음료, 생수, 두유 등)"
," 18) 주류(맥주, 소주, 양주, 와인 및 과일주 등)"
," 19) 간편식(HMR, 즉석조리, 즉석섭취, 밀키트, 신선편의)"
," 20) 건강기능식품(비타민, 식이섬유, 오메가3, 홍삼 등)"
A12_2,"  1) 육류가공품(소시지, 햄 및 베이컨, 육가공품 등)"
,"  2) 알가공품(삶은 계란, 삶은 메추리알 등)"
,"  3) 조미수산가공품(어육, 맛살, 수산물통조림 등)"
,"  4) 염건수산가공품(젓갈류, 김, 미역, 북어, 굴비 등)"
,"  5) 김치 및 절임류(배추김치, 장아찌, 단무지 등)"
,"  6) 과일채소가공품(과일/채소통조림, 퓨레/페이스트 등)"
,"  7) 장류(간장, 된장, 고추장, 쌈장, 춘장, 청국장 등)"
,"  8) 조미식품(드레싱/소스류, 소금, 설탕, 식초, 고춧가루 등)"
,"  9) 유지류(참기름 및 들기름, 식용유, 버터 등)"
," 10) 유가공품(우유, 요구르트 등 발효유, 치즈, 분유 등)"
," 11) 빵 및 떡류(식빵, 케이크, 일반빵류, 떡류 등)"
," 12) 과자류(과자, 한과, 초콜릿가공품, 사탕, 빙과류 등)"
," 13) 면류(인스턴트 라면, 국수, 칼국수, 당면, 우동 등)"
," 14) 연식품(두부류, 순두부, 유부, 묵류, 곤약 등)"
," 15) 곡물가공품(밀가루류, 전분, 쌀가루, 씨리얼 등)"
," 16) 커피 및 차(커피, 커피음료, 잎차, 티백, 곡물차 등)"
," 17) 음료류(탄산음료, 과일음료, 기능성음료, 생수, 두유 등)"
," 18) 주류(맥주, 소주, 양주, 와인 및 과일주 등)"
," 19) 간편식(HMR, 즉석조리, 즉석섭취, 밀키트, 신선편의)"
," 20) 건강기능식품(비타민, 식이섬유, 오메가3, 홍삼 등)"
A12_3,"  1) 육류가공품(소시지, 햄 및 베이컨, 육가공품 등)"
,"  2) 알가공품(삶은 계란, 삶은 메추리알 등)"
,"  3) 조미수산가공품(어육, 맛살, 수산물통조림 등)"
,"  4) 염건수산가공품(젓갈류, 김, 미역, 북어, 굴비 등)"
,"  5) 김치 및 절임류(배추김치, 장아찌, 단무지 등)"
,"  6) 과일채소가공품(과일/채소통조림, 퓨레/페이스트 등)"
,"  7) 장류(간장, 된장, 고추장, 쌈장, 춘장, 청국장 등)"
,"  8) 조미식품(드레싱/소스류, 소금, 설탕, 식초, 고춧가루 등)"
,"  9) 유지류(참기름 및 들기름, 식용유, 버터 등)"
," 10) 유가공품(우유, 요구르트 등 발효유, 치즈, 분유 등)"
," 11) 빵 및 떡류(식빵, 케이크, 일반빵류, 떡류 등)"
," 12) 과자류(과자, 한과, 초콜릿가공품, 사탕, 빙과류 등)"
," 13) 면류(인스턴트 라면, 국수, 칼국수, 당면, 우동 등)"
," 14) 연식품(두부류, 순두부, 유부, 묵류, 곤약 등)"
," 15) 곡물가공품(밀가루류, 전분, 쌀가루, 씨리얼 등)"
," 16) 커피 및 차(커피, 커피음료, 잎차, 티백, 곡물차 등)"
," 17) 음료류(탄산음료, 과일음료, 기능성음료, 생수, 두유 등)"
," 18) 주류(맥주, 소주, 양주, 와인 및 과일주 등)"
," 19) 간편식(HMR, 즉석조리, 즉석섭취, 밀키트, 신선편의)"
," 20) 건강기능식품(비타민, 식이섬유, 오메가3, 홍삼 등)"
A13,  1) PC(컴퓨터)를 이용한 인터넷 주문
,  2) 스마트폰·테블릿을 이용한 모바일 주문
, 21) 전화 주문
, 91) 가족이 대신 주문
A14_1,  1) 매우 불만족 한다
,  2) 불만족하는 편이다
,  3) 보통이다/그저 그렇다
,  4) 만족하는 편이다
,  5) 매우 만족한다
A14_2,  1) 매우 불만족 한다
,  2) 불만족하는 편이다
,  3) 보통이다/그저 그렇다
,  4) 만족하는 편이다
,  5) 매우 만족한다
A14_3,  1) 매우 불만족 한다
,  2) 불만족하는 편이다
,  3) 보통이다/그저 그렇다
,  4) 만족하는 편이다
,  5) 매우 만족한다
A14_4,  1) 매우 불만족 한다
,  2) 불만족하는 편이다
,  3) 보통이다/그저 그렇다
,  4) 만족하는 편이다
,  5) 매우 만족한다
A14_5,  1) 매우 불만족 한다
,  2) 불만족하는 편이다
,  3) 보통이다/그저 그렇다
,  4) 만족하는 편이다
,  5) 매우 만족한다
A15,  1) 매우 감소했다
,  2) 약간 감소했다
,  3) 비슷하다
,  4) 약간 증가했다
,  5) 매우 증가했다
A16,  1) 매우 감소할 것이다
,  2) 약간 감소할 것이다
,  3) 현 수준을 유지할 것이다
,  4) 약간 증가할 것이다
,  5) 매우 증가할 것이다
BA1_1,  0) 구입 없음
,  1) 매우 감소
,  2) 약간 감소
,  3) 비슷
,  4) 약간 증가
,  5) 매우 증가
BA1_2,  0) 구입 없음
,  1) 매우 감소
,  2) 약간 감소
,  3) 비슷
,  4) 약간 증가
,  5) 매우 증가
BA1_3,  0) 구입 없음
,  1) 매우 감소
,  2) 약간 감소
,  3) 비슷
,  4) 약간 증가
,  5) 매우 증가
BA2_1,  1) 가격
,  2) 용량
,  3) 브랜드/상표/제조사
,  4) 제조일자/유통기한
,  5) 품질인증 표시
,  6) 원산지
,  7) 영양성분
,  8) 식품첨가물
,  9) 원재료/성분 함량
, 10) 포장 디자인
, 11) 포장 재활용 여부
, 12) 기능성 표시/식품의 효능
, 13) 섭취 주의사항(알레르기 유발 등)
, 14) 보관방법
, 15) 알코올 도수
, 51) 맛
, 95) 구입하지 않음
BA2_2,  1) 가격
,  2) 용량
,  3) 브랜드/상표/제조사
,  4) 제조일자/유통기한
,  5) 품질인증 표시
,  6) 원산지
,  7) 영양성분
,  8) 식품첨가물
,  9) 원재료/성분 함량
, 10) 포장 디자인
, 11) 포장 재활용 여부
, 12) 기능성 표시/식품의 효능
, 13) 섭취 주의사항(알레르기 유발 등)
, 14) 보관방법
, 15) 알코올 도수
, 51) 맛
, 95) 구입하지 않음
BA2_3,  1) 가격
,  2) 용량
,  3) 브랜드/상표/제조사
,  4) 제조일자/유통기한
,  5) 품질인증 표시
,  6) 원산지
,  7) 영양성분
,  8) 식품첨가물
,  9) 원재료/성분 함량
, 10) 포장 디자인
, 11) 포장 재활용 여부
, 12) 기능성 표시/식품의 효능
, 13) 섭취 주의사항(알레르기 유발 등)
, 14) 보관방법
, 15) 알코올 도수
, 51) 맛
, 95) 구입하지 않음
BB1_1,  0) 구입 없음
,  1) 매우 감소
,  2) 약간 감소
,  3) 비슷
,  4) 약간 증가
,  5) 매우 증가
BB1_2,  0) 구입 없음
,  1) 매우 감소
,  2) 약간 감소
,  3) 비슷
,  4) 약간 증가
,  5) 매우 증가
BB1_3,  0) 구입 없음
,  1) 매우 감소
,  2) 약간 감소
,  3) 비슷
,  4) 약간 증가
,  5) 매우 증가
BB1_4,  0) 구입 없음
,  1) 매우 감소
,  2) 약간 감소
,  3) 비슷
,  4) 약간 증가
,  5) 매우 증가
BB1_5,  0) 구입 없음
,  1) 매우 감소
,  2) 약간 감소
,  3) 비슷
,  4) 약간 증가
,  5) 매우 증가
BB2_1,  1) 가격
,  2) 용량
,  3) 브랜드/상표/제조사
,  4) 제조일자/유통기한
,  5) 품질인증 표시
,  6) 원산지
,  7) 영양성분
,  8) 식품첨가물
,  9) 원재료/성분 함량
, 10) 포장 디자인
, 11) 포장 재활용 여부
, 12) 기능성 표시/식품의 효능
, 13) 섭취 주의사항(알레르기 유발 등)
, 14) 보관방법
, 15) 알코올 도수
, 51) 맛
, 95) 구입하지 않음
BB2_2,  1) 가격
,  2) 용량
,  3) 브랜드/상표/제조사
,  4) 제조일자/유통기한
,  5) 품질인증 표시
,  6) 원산지
,  7) 영양성분
,  8) 식품첨가물
,  9) 원재료/성분 함량
, 10) 포장 디자인
, 11) 포장 재활용 여부
, 12) 기능성 표시/식품의 효능
, 13) 섭취 주의사항(알레르기 유발 등)
, 14) 보관방법
, 15) 알코올 도수
, 51) 맛
, 95) 구입하지 않음
BB2_3,  1) 가격
,  2) 용량
,  3) 브랜드/상표/제조사
,  4) 제조일자/유통기한
,  5) 품질인증 표시
,  6) 원산지
,  7) 영양성분
,  8) 식품첨가물
,  9) 원재료/성분 함량
, 10) 포장 디자인
, 11) 포장 재활용 여부
, 12) 기능성 표시/식품의 효능
, 13) 섭취 주의사항(알레르기 유발 등)
, 14) 보관방법
, 15) 알코올 도수
, 51) 맛
, 95) 구입하지 않음
BC1_1,  0) 구입 없음
,  1) 매우 감소
,  2) 약간 감소
,  3) 비슷
,  4) 약간 증가
,  5) 매우 증가
BC1_2,  0) 구입 없음
,  1) 매우 감소
,  2) 약간 감소
,  3) 비슷
,  4) 약간 증가
,  5) 매우 증가
BC1_3,  0) 구입 없음
,  1) 매우 감소
,  2) 약간 감소
,  3) 비슷
,  4) 약간 증가
,  5) 매우 증가
BC1_4,  0) 구입 없음
,  1) 매우 감소
,  2) 약간 감소
,  3) 비슷
,  4) 약간 증가
,  5) 매우 증가
BC2_1,  1) 가격
,  2) 용량
,  3) 브랜드/상표/제조사
,  4) 제조일자/유통기한
,  5) 품질인증 표시
,  6) 원산지
,  7) 영양성분
,  8) 식품첨가물
,  9) 원재료/성분 함량
, 10) 포장 디자인
, 11) 포장 재활용 여부
, 12) 기능성 표시/식품의 효능
, 13) 섭취 주의사항(알레르기 유발 등)
, 14) 보관방법
, 15) 알코올 도수
, 51) 맛
, 95) 구입하지 않음
BC2_2,  1) 가격
,  2) 용량
,  3) 브랜드/상표/제조사
,  4) 제조일자/유통기한
,  5) 품질인증 표시
,  6) 원산지
,  7) 영양성분
,  8) 식품첨가물
,  9) 원재료/성분 함량
, 10) 포장 디자인
, 11) 포장 재활용 여부
, 12) 기능성 표시/식품의 효능
, 13) 섭취 주의사항(알레르기 유발 등)
, 14) 보관방법
, 15) 알코올 도수
, 51) 맛
, 95) 구입하지 않음
BC2_3,  1) 가격
,  2) 용량
,  3) 브랜드/상표/제조사
,  4) 제조일자/유통기한
,  5) 품질인증 표시
,  6) 원산지
,  7) 영양성분
,  8) 식품첨가물
,  9) 원재료/성분 함량
, 10) 포장 디자인
, 11) 포장 재활용 여부
, 12) 기능성 표시/식품의 효능
, 13) 섭취 주의사항(알레르기 유발 등)
, 14) 보관방법
, 15) 알코올 도수
, 51) 맛
, 95) 구입하지 않음
BC3_1,  1) 가격
,  2) 용량
,  3) 브랜드/상표/제조사
,  4) 제조일자/유통기한
,  5) 품질인증 표시
,  6) 원산지
,  7) 영양성분
,  8) 식품첨가물
,  9) 원재료/성분 함량
, 10) 포장 디자인
, 11) 포장 재활용 여부
, 12) 기능성 표시/식품의 효능
, 13) 섭취 주의사항(알레르기 유발 등)
, 14) 보관방법
, 15) 알코올 도수
, 51) 맛
, 95) 구입하지 않음
BC3_2,  1) 가격
,  2) 용량
,  3) 브랜드/상표/제조사
,  4) 제조일자/유통기한
,  5) 품질인증 표시
,  6) 원산지
,  7) 영양성분
,  8) 식품첨가물
,  9) 원재료/성분 함량
, 10) 포장 디자인
, 11) 포장 재활용 여부
, 12) 기능성 표시/식품의 효능
, 13) 섭취 주의사항(알레르기 유발 등)
, 14) 보관방법
, 15) 알코올 도수
, 51) 맛
, 95) 구입하지 않음
BC3_3,  1) 가격
,  2) 용량
,  3) 브랜드/상표/제조사
,  4) 제조일자/유통기한
,  5) 품질인증 표시
,  6) 원산지
,  7) 영양성분
,  8) 식품첨가물
,  9) 원재료/성분 함량
, 10) 포장 디자인
, 11) 포장 재활용 여부
, 12) 기능성 표시/식품의 효능
, 13) 섭취 주의사항(알레르기 유발 등)
, 14) 보관방법
, 15) 알코올 도수
, 51) 맛
, 95) 구입하지 않음
BD1_1,  0) 구입 없음
,  1) 매우 감소
,  2) 약간 감소
,  3) 비슷
,  4) 약간 증가
,  5) 매우 증가
BD1_2,  0) 구입 없음
,  1) 매우 감소
,  2) 약간 감소
,  3) 비슷
,  4) 약간 증가
,  5) 매우 증가
BD1_3,  0) 구입 없음
,  1) 매우 감소
,  2) 약간 감소
,  3) 비슷
,  4) 약간 증가
,  5) 매우 증가
BD1_4,  0) 구입 없음
,  1) 매우 감소
,  2) 약간 감소
,  3) 비슷
,  4) 약간 증가
,  5) 매우 증가
BD1_5,  0) 구입 없음
,  1) 매우 감소
,  2) 약간 감소
,  3) 비슷
,  4) 약간 증가
,  5) 매우 증가
BD1_6,  0) 구입 없음
,  1) 매우 감소
,  2) 약간 감소
,  3) 비슷
,  4) 약간 증가
,  5) 매우 증가
BD1_7,  0) 구입 없음
,  1) 매우 감소
,  2) 약간 감소
,  3) 비슷
,  4) 약간 증가
,  5) 매우 증가
BD1_8,  0) 구입 없음
,  1) 매우 감소
,  2) 약간 감소
,  3) 비슷
,  4) 약간 증가
,  5) 매우 증가
BD1_9,  0) 구입 없음
,  1) 매우 감소
,  2) 약간 감소
,  3) 비슷
,  4) 약간 증가
,  5) 매우 증가
BD1_10,  0) 구입 없음
,  1) 매우 감소
,  2) 약간 감소
,  3) 비슷
,  4) 약간 증가
,  5) 매우 증가
BD1_11,  0) 구입 없음
,  1) 매우 감소
,  2) 약간 감소
,  3) 비슷
,  4) 약간 증가
,  5) 매우 증가
BD2_1,  1) 가격
,  2) 용량
,  3) 브랜드/상표/제조사
,  4) 제조일자/유통기한
,  5) 품질인증 표시
,  6) 원산지
,  7) 영양성분
,  8) 식품첨가물
,  9) 원재료/성분 함량
, 10) 포장 디자인
, 11) 포장 재활용 여부
, 12) 기능성 표시/식품의 효능
, 13) 섭취 주의사항(알레르기 유발 등)
, 14) 보관방법
, 15) 알코올 도수
, 51) 맛
, 95) 구입하지 않음
BD2_2,  1) 가격
,  2) 용량
,  3) 브랜드/상표/제조사
,  4) 제조일자/유통기한
,  5) 품질인증 표시
,  6) 원산지
,  7) 영양성분
,  8) 식품첨가물
,  9) 원재료/성분 함량
, 10) 포장 디자인
, 11) 포장 재활용 여부
, 12) 기능성 표시/식품의 효능
, 13) 섭취 주의사항(알레르기 유발 등)
, 14) 보관방법
, 15) 알코올 도수
, 51) 맛
, 95) 구입하지 않음
BD2_3,  1) 가격
,  2) 용량
,  3) 브랜드/상표/제조사
,  4) 제조일자/유통기한
,  5) 품질인증 표시
,  6) 원산지
,  7) 영양성분
,  8) 식품첨가물
,  9) 원재료/성분 함량
, 10) 포장 디자인
, 11) 포장 재활용 여부
, 12) 기능성 표시/식품의 효능
, 13) 섭취 주의사항(알레르기 유발 등)
, 14) 보관방법
, 15) 알코올 도수
, 51) 맛
, 95) 구입하지 않음
BD3_1,  1) 가격
,  2) 용량
,  3) 브랜드/상표/제조사
,  4) 제조일자/유통기한
,  5) 품질인증 표시
,  6) 원산지
,  7) 영양성분
,  8) 식품첨가물
,  9) 원재료/성분 함량
, 10) 포장 디자인
, 11) 포장 재활용 여부
, 12) 기능성 표시/식품의 효능
, 13) 섭취 주의사항(알레르기 유발 등)
, 14) 보관방법
, 15) 알코올 도수
, 51) 맛
, 95) 구입하지 않음
BD3_2,  1) 가격
,  2) 용량
,  3) 브랜드/상표/제조사
,  4) 제조일자/유통기한
,  5) 품질인증 표시
,  6) 원산지
,  7) 영양성분
,  8) 식품첨가물
,  9) 원재료/성분 함량
, 10) 포장 디자인
, 11) 포장 재활용 여부
, 12) 기능성 표시/식품의 효능
, 13) 섭취 주의사항(알레르기 유발 등)
, 14) 보관방법
, 15) 알코올 도수
, 51) 맛
, 95) 구입하지 않음
BD3_3,  1) 가격
,  2) 용량
,  3) 브랜드/상표/제조사
,  4) 제조일자/유통기한
,  5) 품질인증 표시
,  6) 원산지
,  7) 영양성분
,  8) 식품첨가물
,  9) 원재료/성분 함량
, 10) 포장 디자인
, 11) 포장 재활용 여부
, 12) 기능성 표시/식품의 효능
, 13) 섭취 주의사항(알레르기 유발 등)
, 14) 보관방법
, 15) 알코올 도수
, 51) 맛
, 95) 구입하지 않음
BE1_1,  0) 구입 없음
,  1) 매우 감소
,  2) 약간 감소
,  3) 비슷
,  4) 약간 증가
,  5) 매우 증가
BE1_2,  0) 구입 없음
,  1) 매우 감소
,  2) 약간 감소
,  3) 비슷
,  4) 약간 증가
,  5) 매우 증가
BE1_3,  0) 구입 없음
,  1) 매우 감소
,  2) 약간 감소
,  3) 비슷
,  4) 약간 증가
,  5) 매우 증가
BE1_4,  0) 구입 없음
,  1) 매우 감소
,  2) 약간 감소
,  3) 비슷
,  4) 약간 증가
,  5) 매우 증가
BE1_5,  0) 구입 없음
,  1) 매우 감소
,  2) 약간 감소
,  3) 비슷
,  4) 약간 증가
,  5) 매우 증가
BE1_6,  0) 구입 없음
,  1) 매우 감소
,  2) 약간 감소
,  3) 비슷
,  4) 약간 증가
,  5) 매우 증가
BE1_7,  0) 구입 없음
,  1) 매우 감소
,  2) 약간 감소
,  3) 비슷
,  4) 약간 증가
,  5) 매우 증가
BE2_1,  1) 가격
,  2) 용량
,  3) 브랜드/상표/제조사
,  4) 제조일자/유통기한
,  5) 품질인증 표시
,  6) 원산지
,  7) 영양성분
,  8) 식품첨가물
,  9) 원재료/성분 함량
, 10) 포장 디자인
, 11) 포장 재활용 여부
, 12) 기능성 표시/식품의 효능
, 13) 섭취 주의사항(알레르기 유발 등)
, 14) 보관방법
, 15) 알코올 도수
, 51) 맛
, 95) 구입하지 않음
BE2_2,  1) 가격
,  2) 용량
,  3) 브랜드/상표/제조사
,  4) 제조일자/유통기한
,  5) 품질인증 표시
,  6) 원산지
,  7) 영양성분
,  8) 식품첨가물
,  9) 원재료/성분 함량
, 10) 포장 디자인
, 11) 포장 재활용 여부
, 12) 기능성 표시/식품의 효능
, 13) 섭취 주의사항(알레르기 유발 등)
, 14) 보관방법
, 15) 알코올 도수
, 51) 맛
, 95) 구입하지 않음
BE2_3,  1) 가격
,  2) 용량
,  3) 브랜드/상표/제조사
,  4) 제조일자/유통기한
,  5) 품질인증 표시
,  6) 원산지
,  7) 영양성분
,  8) 식품첨가물
,  9) 원재료/성분 함량
, 10) 포장 디자인
, 11) 포장 재활용 여부
, 12) 기능성 표시/식품의 효능
, 13) 섭취 주의사항(알레르기 유발 등)
, 14) 보관방법
, 15) 알코올 도수
, 51) 맛
, 95) 구입하지 않음
BE3_1,  1) 가격
,  2) 용량
,  3) 브랜드/상표/제조사
,  4) 제조일자/유통기한
,  5) 품질인증 표시
,  6) 원산지
,  7) 영양성분
,  8) 식품첨가물
,  9) 원재료/성분 함량
, 10) 포장 디자인
, 11) 포장 재활용 여부
, 12) 기능성 표시/식품의 효능
, 13) 섭취 주의사항(알레르기 유발 등)
, 14) 보관방법
, 15) 알코올 도수
, 51) 맛
, 95) 구입하지 않음
BE3_2,  1) 가격
,  2) 용량
,  3) 브랜드/상표/제조사
,  4) 제조일자/유통기한
,  5) 품질인증 표시
,  6) 원산지
,  7) 영양성분
,  8) 식품첨가물
,  9) 원재료/성분 함량
, 10) 포장 디자인
, 11) 포장 재활용 여부
, 12) 기능성 표시/식품의 효능
, 13) 섭취 주의사항(알레르기 유발 등)
, 14) 보관방법
, 15) 알코올 도수
, 51) 맛
, 95) 구입하지 않음
BE3_3,  1) 가격
,  2) 용량
,  3) 브랜드/상표/제조사
,  4) 제조일자/유통기한
,  5) 품질인증 표시
,  6) 원산지
,  7) 영양성분
,  8) 식품첨가물
,  9) 원재료/성분 함량
, 10) 포장 디자인
, 11) 포장 재활용 여부
, 12) 기능성 표시/식품의 효능
, 13) 섭취 주의사항(알레르기 유발 등)
, 14) 보관방법
, 15) 알코올 도수
, 51) 맛
, 95) 구입하지 않음
BF1_1,  0) 구입 없음
,  1) 매우 감소
,  2) 약간 감소
,  3) 비슷
,  4) 약간 증가
,  5) 매우 증가
BF1_2,  0) 구입 없음
,  1) 매우 감소
,  2) 약간 감소
,  3) 비슷
,  4) 약간 증가
,  5) 매우 증가
BF1_3,  0) 구입 없음
,  1) 매우 감소
,  2) 약간 감소
,  3) 비슷
,  4) 약간 증가
,  5) 매우 증가
BF1_4,  0) 구입 없음
,  1) 매우 감소
,  2) 약간 감소
,  3) 비슷
,  4) 약간 증가
,  5) 매우 증가
BF1_5,  0) 구입 없음
,  1) 매우 감소
,  2) 약간 감소
,  3) 비슷
,  4) 약간 증가
,  5) 매우 증가
BF1_6,  0) 구입 없음
,  1) 매우 감소
,  2) 약간 감소
,  3) 비슷
,  4) 약간 증가
,  5) 매우 증가
BF2_1,  1) 가격
,  2) 용량
,  3) 브랜드/상표/제조사
,  4) 제조일자/유통기한
,  5) 품질인증 표시
,  6) 원산지
,  7) 영양성분
,  8) 식품첨가물
,  9) 원재료/성분 함량
, 10) 포장 디자인
, 11) 포장 재활용 여부
, 12) 기능성 표시/식품의 효능
, 13) 섭취 주의사항(알레르기 유발 등)
, 14) 보관방법
, 15) 알코올 도수
, 51) 맛
, 95) 구입하지 않음
BF2_2,  1) 가격
,  2) 용량
,  3) 브랜드/상표/제조사
,  4) 제조일자/유통기한
,  5) 품질인증 표시
,  6) 원산지
,  7) 영양성분
,  8) 식품첨가물
,  9) 원재료/성분 함량
, 10) 포장 디자인
, 11) 포장 재활용 여부
, 12) 기능성 표시/식품의 효능
, 13) 섭취 주의사항(알레르기 유발 등)
, 14) 보관방법
, 15) 알코올 도수
, 51) 맛
, 95) 구입하지 않음
BF2_3,  1) 가격
,  2) 용량
,  3) 브랜드/상표/제조사
,  4) 제조일자/유통기한
,  5) 품질인증 표시
,  6) 원산지
,  7) 영양성분
,  8) 식품첨가물
,  9) 원재료/성분 함량
, 10) 포장 디자인
, 11) 포장 재활용 여부
, 12) 기능성 표시/식품의 효능
, 13) 섭취 주의사항(알레르기 유발 등)
, 14) 보관방법
, 15) 알코올 도수
, 51) 맛
, 95) 구입하지 않음
BF3_1,  1) 가격
,  2) 용량
,  3) 브랜드/상표/제조사
,  4) 제조일자/유통기한
,  5) 품질인증 표시
,  6) 원산지
,  7) 영양성분
,  8) 식품첨가물
,  9) 원재료/성분 함량
, 10) 포장 디자인
, 11) 포장 재활용 여부
, 12) 기능성 표시/식품의 효능
, 13) 섭취 주의사항(알레르기 유발 등)
, 14) 보관방법
, 15) 알코올 도수
, 51) 맛
, 95) 구입하지 않음
BF3_2,  1) 가격
,  2) 용량
,  3) 브랜드/상표/제조사
,  4) 제조일자/유통기한
,  5) 품질인증 표시
,  6) 원산지
,  7) 영양성분
,  8) 식품첨가물
,  9) 원재료/성분 함량
, 10) 포장 디자인
, 11) 포장 재활용 여부
, 12) 기능성 표시/식품의 효능
, 13) 섭취 주의사항(알레르기 유발 등)
, 14) 보관방법
, 15) 알코올 도수
, 51) 맛
, 95) 구입하지 않음
BF3_3,  1) 가격
,  2) 용량
,  3) 브랜드/상표/제조사
,  4) 제조일자/유통기한
,  5) 품질인증 표시
,  6) 원산지
,  7) 영양성분
,  8) 식품첨가물
,  9) 원재료/성분 함량
, 10) 포장 디자인
, 11) 포장 재활용 여부
, 12) 기능성 표시/식품의 효능
, 13) 섭취 주의사항(알레르기 유발 등)
, 14) 보관방법
, 15) 알코올 도수
, 51) 맛
, 95) 구입하지 않음
BG1_1,  0) 구입 없음
,  1) 매우 감소
,  2) 약간 감소
,  3) 비슷
,  4) 약간 증가
,  5) 매우 증가
BG1_2,  0) 구입 없음
,  1) 매우 감소
,  2) 약간 감소
,  3) 비슷
,  4) 약간 증가
,  5) 매우 증가
BG1_3,  0) 구입 없음
,  1) 매우 감소
,  2) 약간 감소
,  3) 비슷
,  4) 약간 증가
,  5) 매우 증가
BG1_4,  0) 구입 없음
,  1) 매우 감소
,  2) 약간 감소
,  3) 비슷
,  4) 약간 증가
,  5) 매우 증가
BG1_5,  0) 구입 없음
,  1) 매우 감소
,  2) 약간 감소
,  3) 비슷
,  4) 약간 증가
,  5) 매우 증가
BG1_6,  0) 구입 없음
,  1) 매우 감소
,  2) 약간 감소
,  3) 비슷
,  4) 약간 증가
,  5) 매우 증가
BG2_1,  1) 가격
,  2) 용량
,  3) 브랜드/상표/제조사
,  4) 제조일자/유통기한
,  5) 품질인증 표시
,  6) 원산지
,  7) 영양성분
,  8) 식품첨가물
,  9) 원재료/성분 함량
, 10) 포장 디자인
, 11) 포장 재활용 여부
, 12) 기능성 표시/식품의 효능
, 13) 섭취 주의사항(알레르기 유발 등)
, 14) 보관방법
, 15) 알코올 도수
, 51) 맛
, 95) 구입하지 않음
BG2_2,  1) 가격
,  2) 용량
,  3) 브랜드/상표/제조사
,  4) 제조일자/유통기한
,  5) 품질인증 표시
,  6) 원산지
,  7) 영양성분
,  8) 식품첨가물
,  9) 원재료/성분 함량
, 10) 포장 디자인
, 11) 포장 재활용 여부
, 12) 기능성 표시/식품의 효능
, 13) 섭취 주의사항(알레르기 유발 등)
, 14) 보관방법
, 15) 알코올 도수
, 51) 맛
, 95) 구입하지 않음
BG2_3,  1) 가격
,  2) 용량
,  3) 브랜드/상표/제조사
,  4) 제조일자/유통기한
,  5) 품질인증 표시
,  6) 원산지
,  7) 영양성분
,  8) 식품첨가물
,  9) 원재료/성분 함량
, 10) 포장 디자인
, 11) 포장 재활용 여부
, 12) 기능성 표시/식품의 효능
, 13) 섭취 주의사항(알레르기 유발 등)
, 14) 보관방법
, 15) 알코올 도수
, 51) 맛
, 95) 구입하지 않음
BG3_1,  1) 가격
,  2) 용량
,  3) 브랜드/상표/제조사
,  4) 제조일자/유통기한
,  5) 품질인증 표시
,  6) 원산지
,  7) 영양성분
,  8) 식품첨가물
,  9) 원재료/성분 함량
, 10) 포장 디자인
, 11) 포장 재활용 여부
, 12) 기능성 표시/식품의 효능
, 13) 섭취 주의사항(알레르기 유발 등)
, 14) 보관방법
, 15) 알코올 도수
, 51) 맛
, 95) 구입하지 않음
BG3_2,  1) 가격
,  2) 용량
,  3) 브랜드/상표/제조사
,  4) 제조일자/유통기한
,  5) 품질인증 표시
,  6) 원산지
,  7) 영양성분
,  8) 식품첨가물
,  9) 원재료/성분 함량
, 10) 포장 디자인
, 11) 포장 재활용 여부
, 12) 기능성 표시/식품의 효능
, 13) 섭취 주의사항(알레르기 유발 등)
, 14) 보관방법
, 15) 알코올 도수
, 51) 맛
, 95) 구입하지 않음
BG3_3,  1) 가격
,  2) 용량
,  3) 브랜드/상표/제조사
,  4) 제조일자/유통기한
,  5) 품질인증 표시
,  6) 원산지
,  7) 영양성분
,  8) 식품첨가물
,  9) 원재료/성분 함량
, 10) 포장 디자인
, 11) 포장 재활용 여부
, 12) 기능성 표시/식품의 효능
, 13) 섭취 주의사항(알레르기 유발 등)
, 14) 보관방법
, 15) 알코올 도수
, 51) 맛
, 95) 구입하지 않음
BG4_1,  1) 가격
,  2) 용량
,  3) 브랜드/상표/제조사
,  4) 제조일자/유통기한
,  5) 품질인증 표시
,  6) 원산지
,  7) 영양성분
,  8) 식품첨가물
,  9) 원재료/성분 함량
, 10) 포장 디자인
, 11) 포장 재활용 여부
, 12) 기능성 표시/식품의 효능
, 13) 섭취 주의사항(알레르기 유발 등)
, 14) 보관방법
, 15) 알코올 도수
, 51) 맛
, 95) 구입하지 않음
BG4_2,  1) 가격
,  2) 용량
,  3) 브랜드/상표/제조사
,  4) 제조일자/유통기한
,  5) 품질인증 표시
,  6) 원산지
,  7) 영양성분
,  8) 식품첨가물
,  9) 원재료/성분 함량
, 10) 포장 디자인
, 11) 포장 재활용 여부
, 12) 기능성 표시/식품의 효능
, 13) 섭취 주의사항(알레르기 유발 등)
, 14) 보관방법
, 15) 알코올 도수
, 51) 맛
, 95) 구입하지 않음
BG4_3,  1) 가격
,  2) 용량
,  3) 브랜드/상표/제조사
,  4) 제조일자/유통기한
,  5) 품질인증 표시
,  6) 원산지
,  7) 영양성분
,  8) 식품첨가물
,  9) 원재료/성분 함량
, 10) 포장 디자인
, 11) 포장 재활용 여부
, 12) 기능성 표시/식품의 효능
, 13) 섭취 주의사항(알레르기 유발 등)
, 14) 보관방법
, 15) 알코올 도수
, 51) 맛
, 95) 구입하지 않음
BH1_1,  0) 구입 없음
,  1) 매우 감소
,  2) 약간 감소
,  3) 비슷
,  4) 약간 증가
,  5) 매우 증가
BH1_2,  0) 구입 없음
,  1) 매우 감소
,  2) 약간 감소
,  3) 비슷
,  4) 약간 증가
,  5) 매우 증가
BH1_3,  0) 구입 없음
,  1) 매우 감소
,  2) 약간 감소
,  3) 비슷
,  4) 약간 증가
,  5) 매우 증가
BH1_4,  0) 구입 없음
,  1) 매우 감소
,  2) 약간 감소
,  3) 비슷
,  4) 약간 증가
,  5) 매우 증가
BH1_5,  0) 구입 없음
,  1) 매우 감소
,  2) 약간 감소
,  3) 비슷
,  4) 약간 증가
,  5) 매우 증가
BH1_6,  0) 구입 없음
,  1) 매우 감소
,  2) 약간 감소
,  3) 비슷
,  4) 약간 증가
,  5) 매우 증가
BH1_7,  0) 구입 없음
,  1) 매우 감소
,  2) 약간 감소
,  3) 비슷
,  4) 약간 증가
,  5) 매우 증가
BH1_8,  0) 구입 없음
,  1) 매우 감소
,  2) 약간 감소
,  3) 비슷
,  4) 약간 증가
,  5) 매우 증가
BH2_1,  1) 가격
,  2) 용량
,  3) 브랜드/상표/제조사
,  4) 제조일자/유통기한
,  5) 품질인증 표시
,  6) 원산지
,  7) 영양성분
,  8) 식품첨가물
,  9) 원재료/성분 함량
, 10) 포장 디자인
, 11) 포장 재활용 여부
, 12) 기능성 표시/식품의 효능
, 13) 섭취 주의사항(알레르기 유발 등)
, 14) 보관방법
, 15) 알코올 도수
, 51) 맛
, 95) 구입하지 않음
BH2_2,  1) 가격
,  2) 용량
,  3) 브랜드/상표/제조사
,  4) 제조일자/유통기한
,  5) 품질인증 표시
,  6) 원산지
,  7) 영양성분
,  8) 식품첨가물
,  9) 원재료/성분 함량
, 10) 포장 디자인
, 11) 포장 재활용 여부
, 12) 기능성 표시/식품의 효능
, 13) 섭취 주의사항(알레르기 유발 등)
, 14) 보관방법
, 15) 알코올 도수
, 51) 맛
, 95) 구입하지 않음
BH2_3,  1) 가격
,  2) 용량
,  3) 브랜드/상표/제조사
,  4) 제조일자/유통기한
,  5) 품질인증 표시
,  6) 원산지
,  7) 영양성분
,  8) 식품첨가물
,  9) 원재료/성분 함량
, 10) 포장 디자인
, 11) 포장 재활용 여부
, 12) 기능성 표시/식품의 효능
, 13) 섭취 주의사항(알레르기 유발 등)
, 14) 보관방법
, 15) 알코올 도수
, 51) 맛
, 95) 구입하지 않음
BH3_1,  1) 가격
,  2) 용량
,  3) 브랜드/상표/제조사
,  4) 제조일자/유통기한
,  5) 품질인증 표시
,  6) 원산지
,  7) 영양성분
,  8) 식품첨가물
,  9) 원재료/성분 함량
, 10) 포장 디자인
, 11) 포장 재활용 여부
, 12) 기능성 표시/식품의 효능
, 13) 섭취 주의사항(알레르기 유발 등)
, 14) 보관방법
, 15) 알코올 도수
, 51) 맛
, 95) 구입하지 않음
BH3_2,  1) 가격
,  2) 용량
,  3) 브랜드/상표/제조사
,  4) 제조일자/유통기한
,  5) 품질인증 표시
,  6) 원산지
,  7) 영양성분
,  8) 식품첨가물
,  9) 원재료/성분 함량
, 10) 포장 디자인
, 11) 포장 재활용 여부
, 12) 기능성 표시/식품의 효능
, 13) 섭취 주의사항(알레르기 유발 등)
, 14) 보관방법
, 15) 알코올 도수
, 51) 맛
, 95) 구입하지 않음
BH3_3,  1) 가격
,  2) 용량
,  3) 브랜드/상표/제조사
,  4) 제조일자/유통기한
,  5) 품질인증 표시
,  6) 원산지
,  7) 영양성분
,  8) 식품첨가물
,  9) 원재료/성분 함량
, 10) 포장 디자인
, 11) 포장 재활용 여부
, 12) 기능성 표시/식품의 효능
, 13) 섭취 주의사항(알레르기 유발 등)
, 14) 보관방법
, 15) 알코올 도수
, 51) 맛
, 95) 구입하지 않음
BI1_1,  0) 구입 없음
,  1) 매우 감소
,  2) 약간 감소
,  3) 비슷
,  4) 약간 증가
,  5) 매우 증가
BI1_2,  0) 구입 없음
,  1) 매우 감소
,  2) 약간 감소
,  3) 비슷
,  4) 약간 증가
,  5) 매우 증가
BI1_3,  0) 구입 없음
,  1) 매우 감소
,  2) 약간 감소
,  3) 비슷
,  4) 약간 증가
,  5) 매우 증가
BI1_4,  0) 구입 없음
,  1) 매우 감소
,  2) 약간 감소
,  3) 비슷
,  4) 약간 증가
,  5) 매우 증가
BI1_5,  0) 구입 없음
,  1) 매우 감소
,  2) 약간 감소
,  3) 비슷
,  4) 약간 증가
,  5) 매우 증가
BI1_6,  0) 구입 없음
,  1) 매우 감소
,  2) 약간 감소
,  3) 비슷
,  4) 약간 증가
,  5) 매우 증가
BI2_1,  1) 가격
,  2) 용량
,  3) 브랜드/상표/제조사
,  4) 제조일자/유통기한
,  5) 품질인증 표시
,  6) 원산지
,  7) 영양성분
,  8) 식품첨가물
,  9) 원재료/성분 함량
, 10) 포장 디자인
, 11) 포장 재활용 여부
, 12) 기능성 표시/식품의 효능
, 13) 섭취 주의사항(알레르기 유발 등)
, 14) 보관방법
, 15) 알코올 도수
, 51) 맛
, 95) 구입하지 않음
BI2_2,  1) 가격
,  2) 용량
,  3) 브랜드/상표/제조사
,  4) 제조일자/유통기한
,  5) 품질인증 표시
,  6) 원산지
,  7) 영양성분
,  8) 식품첨가물
,  9) 원재료/성분 함량
, 10) 포장 디자인
, 11) 포장 재활용 여부
, 12) 기능성 표시/식품의 효능
, 13) 섭취 주의사항(알레르기 유발 등)
, 14) 보관방법
, 15) 알코올 도수
, 51) 맛
, 95) 구입하지 않음
BI2_3,  1) 가격
,  2) 용량
,  3) 브랜드/상표/제조사
,  4) 제조일자/유통기한
,  5) 품질인증 표시
,  6) 원산지
,  7) 영양성분
,  8) 식품첨가물
,  9) 원재료/성분 함량
, 10) 포장 디자인
, 11) 포장 재활용 여부
, 12) 기능성 표시/식품의 효능
, 13) 섭취 주의사항(알레르기 유발 등)
, 14) 보관방법
, 15) 알코올 도수
, 51) 맛
, 95) 구입하지 않음
C1_1,  0) 구입 없음
,  1) 매우 감소
,  2) 약간 감소
,  3) 비슷
,  4) 약간 증가
,  5) 매우 증가
C1_2,  0) 구입 없음
,  1) 매우 감소
,  2) 약간 감소
,  3) 비슷
,  4) 약간 증가
,  5) 매우 증가
C1_3,  0) 구입 없음
,  1) 매우 감소
,  2) 약간 감소
,  3) 비슷
,  4) 약간 증가
,  5) 매우 증가
C1_4,  0) 구입 없음
,  1) 매우 감소
,  2) 약간 감소
,  3) 비슷
,  4) 약간 증가
,  5) 매우 증가
C1_5,  0) 구입 없음
,  1) 매우 감소
,  2) 약간 감소
,  3) 비슷
,  4) 약간 증가
,  5) 매우 증가
C1_6,  0) 구입 없음
,  1) 매우 감소
,  2) 약간 감소
,  3) 비슷
,  4) 약간 증가
,  5) 매우 증가
C1_7,  0) 구입 없음
,  1) 매우 감소
,  2) 약간 감소
,  3) 비슷
,  4) 약간 증가
,  5) 매우 증가
C1_8,  0) 구입 없음
,  1) 매우 감소
,  2) 약간 감소
,  3) 비슷
,  4) 약간 증가
,  5) 매우 증가
C1_9,  0) 구입 없음
,  1) 매우 감소
,  2) 약간 감소
,  3) 비슷
,  4) 약간 증가
,  5) 매우 증가
C1_10,  0) 구입 없음
,  1) 매우 감소
,  2) 약간 감소
,  3) 비슷
,  4) 약간 증가
,  5) 매우 증가
C1_11,  0) 구입 없음
,  1) 매우 감소
,  2) 약간 감소
,  3) 비슷
,  4) 약간 증가
,  5) 매우 증가
C1_12,  0) 구입 없음
,  1) 매우 감소
,  2) 약간 감소
,  3) 비슷
,  4) 약간 증가
,  5) 매우 증가
C1_13,  0) 구입 없음
,  1) 매우 감소
,  2) 약간 감소
,  3) 비슷
,  4) 약간 증가
,  5) 매우 증가
C1_14,  0) 구입 없음
,  1) 매우 감소
,  2) 약간 감소
,  3) 비슷
,  4) 약간 증가
,  5) 매우 증가
C1_15,  0) 구입 없음
,  1) 매우 감소
,  2) 약간 감소
,  3) 비슷
,  4) 약간 증가
,  5) 매우 증가
C1_16,  0) 구입 없음
,  1) 매우 감소
,  2) 약간 감소
,  3) 비슷
,  4) 약간 증가
,  5) 매우 증가
C2_1,  1) 가격
,  2) 용량
,  3) 브랜드/상표/제조사
,  4) 제조일자/유통기한
,  5) 품질인증 표시
,  6) 원산지
,  7) 영양성분
,  8) 식품첨가물
,  9) 원재료/성분 함량
, 10) 포장 디자인
, 11) 포장 재활용 여부
, 12) 기능성 표시/식품의 효능
, 13) 섭취 주의사항(알레르기 유발 등)
, 14) 보관방법
, 15) 알코올 도수
, 51) 맛
, 95) 구입하지 않음
C2_2,  1) 가격
,  2) 용량
,  3) 브랜드/상표/제조사
,  4) 제조일자/유통기한
,  5) 품질인증 표시
,  6) 원산지
,  7) 영양성분
,  8) 식품첨가물
,  9) 원재료/성분 함량
, 10) 포장 디자인
, 11) 포장 재활용 여부
, 12) 기능성 표시/식품의 효능
, 13) 섭취 주의사항(알레르기 유발 등)
, 14) 보관방법
, 15) 알코올 도수
, 51) 맛
, 95) 구입하지 않음
C2_3,  1) 가격
,  2) 용량
,  3) 브랜드/상표/제조사
,  4) 제조일자/유통기한
,  5) 품질인증 표시
,  6) 원산지
,  7) 영양성분
,  8) 식품첨가물
,  9) 원재료/성분 함량
, 10) 포장 디자인
, 11) 포장 재활용 여부
, 12) 기능성 표시/식품의 효능
, 13) 섭취 주의사항(알레르기 유발 등)
, 14) 보관방법
, 15) 알코올 도수
, 51) 맛
, 95) 구입하지 않음
C3_1,  1) 재료를 사서 조리하는 것보다 비용이 적게 들어서
,  2) 간편식이 맛있어서
,  3) 직접 조리할 줄 몰라서
,  4) 직접 조리할 시간이 없어서
,  5) 조리하기 번거롭고 귀찮아서
,  6) 간편식으로 다양한 음식을 맛 볼 수 있어서
,  7) 직접 조리보다 음식물 쓰레기 등 낭비를 줄일 수 있어서
,  8) 보관성/휴대성이 좋아서
,  9) 균형 잡힌 영양소를 섭취할 수 있어서
, 91) 구입하지 않음
C3_2,  1) 재료를 사서 조리하는 것보다 비용이 적게 들어서
,  2) 간편식이 맛있어서
,  3) 직접 조리할 줄 몰라서
,  4) 직접 조리할 시간이 없어서
,  5) 조리하기 번거롭고 귀찮아서
,  6) 간편식으로 다양한 음식을 맛 볼 수 있어서
,  7) 직접 조리보다 음식물 쓰레기 등 낭비를 줄일 수 있어서
,  8) 보관성/휴대성이 좋아서
,  9) 균형 잡힌 영양소를 섭취할 수 있어서
, 91) 구입하지 않음
C4_1,  1) 매일 1회 이상
,  2) 주 4~6회
,  3) 주 2~3회
,  4) 주 1회
,  5) 2주일에 1회
,  6) 1달에 1회
,  7) 그보다 드물게
,  8) 구입하지 않음
C4_2,  1) 매일 1회 이상
,  2) 주 4~6회
,  3) 주 2~3회
,  4) 주 1회
,  5) 2주일에 1회
,  6) 1달에 1회
,  7) 그보다 드물게
,  8) 구입하지 않음
C4_3,  1) 매일 1회 이상
,  2) 주 4~6회
,  3) 주 2~3회
,  4) 주 1회
,  5) 2주일에 1회
,  6) 1달에 1회
,  7) 그보다 드물게
,  8) 구입하지 않음
C4_4,  1) 매일 1회 이상
,  2) 주 4~6회
,  3) 주 2~3회
,  4) 주 1회
,  5) 2주일에 1회
,  6) 1달에 1회
,  7) 그보다 드물게
,  8) 구입하지 않음
C6_1,"  1) 동네 슈퍼마켓, 식자재마트(대기업 운영 제외)"
,"  2) 대기업에서 운영하는 슈퍼마켓(홈플러스 익스프레스, 롯데 슈퍼, 이마트에브리데이, No Brand 등)"
,"  3) 오프라인 대형마트(이마트, 하나로클럽/마트, 홈플러스, 롯데마트, 이마트 트레이더스, 코스트코 등)"
,  4) 전통시장(재래시장)
,  5) 백화점
,"  6) 친환경 식품 전문점(생협, 유기농 전문점, 초록마을, 한살림 등)"
,"  7) 온라인 쇼핑몰(G마켓, 11번가, 쿠팡, 네이버쇼핑 등 인터넷·모바일, 대형마트(이마트, 롯데마트)의 온라인몰, 퀵커머스, 해외직구 등)"
,  8) TV 홈쇼핑(TV 시청 후 홈쇼핑 온라인몰 구입 포함)
,  9) 편의점
," 10) 오프라인 독립된 로컬푸드 마켓(지역 특산물 판매점 포함, 매장 내 샵인샵 형태(통합계산) 제외)"
," 11) 전문판매점(무인 밀키트 매장, 무인 판매점 등)"
, 51) 반찬가게
, 52) 밀키트 전문점
, 53) 식자재마트
, 91) 구입하지 않음
C6_2,"  1) 동네 슈퍼마켓, 식자재마트(대기업 운영 제외)"
,"  2) 대기업에서 운영하는 슈퍼마켓(홈플러스 익스프레스, 롯데 슈퍼, 이마트에브리데이, No Brand 등)"
,"  3) 오프라인 대형마트(이마트, 하나로클럽/마트, 홈플러스, 롯데마트, 이마트 트레이더스, 코스트코 등)"
,  4) 전통시장(재래시장)
,  5) 백화점
,"  6) 친환경 식품 전문점(생협, 유기농 전문점, 초록마을, 한살림 등)"
,"  7) 온라인 쇼핑몰(G마켓, 11번가, 쿠팡, 네이버쇼핑 등 인터넷·모바일, 대형마트(이마트, 롯데마트)의 온라인몰, 퀵커머스, 해외직구 등)"
,  8) TV 홈쇼핑(TV 시청 후 홈쇼핑 온라인몰 구입 포함)
,  9) 편의점
," 10) 오프라인 독립된 로컬푸드 마켓(지역 특산물 판매점 포함, 매장 내 샵인샵 형태(통합계산) 제외)"
," 11) 전문판매점(무인 밀키트 매장, 무인 판매점 등)"
, 51) 반찬가게
, 52) 밀키트 전문점
, 53) 식자재마트
, 91) 구입하지 않음
C6_3,"  1) 동네 슈퍼마켓, 식자재마트(대기업 운영 제외)"
,"  2) 대기업에서 운영하는 슈퍼마켓(홈플러스 익스프레스, 롯데 슈퍼, 이마트에브리데이, No Brand 등)"
,"  3) 오프라인 대형마트(이마트, 하나로클럽/마트, 홈플러스, 롯데마트, 이마트 트레이더스, 코스트코 등)"
,  4) 전통시장(재래시장)
,  5) 백화점
,"  6) 친환경 식품 전문점(생협, 유기농 전문점, 초록마을, 한살림 등)"
,"  7) 온라인 쇼핑몰(G마켓, 11번가, 쿠팡, 네이버쇼핑 등 인터넷·모바일, 대형마트(이마트, 롯데마트)의 온라인몰, 퀵커머스, 해외직구 등)"
,  8) TV 홈쇼핑(TV 시청 후 홈쇼핑 온라인몰 구입 포함)
,  9) 편의점
," 10) 오프라인 독립된 로컬푸드 마켓(지역 특산물 판매점 포함, 매장 내 샵인샵 형태(통합계산) 제외)"
," 11) 전문판매점(무인 밀키트 매장, 무인 판매점 등)"
, 51) 반찬가게
, 52) 밀키트 전문점
, 53) 식자재마트
, 91) 구입하지 않음
C6_4,"  1) 동네 슈퍼마켓, 식자재마트(대기업 운영 제외)"
,"  2) 대기업에서 운영하는 슈퍼마켓(홈플러스 익스프레스, 롯데 슈퍼, 이마트에브리데이, No Brand 등)"
,"  3) 오프라인 대형마트(이마트, 하나로클럽/마트, 홈플러스, 롯데마트, 이마트 트레이더스, 코스트코 등)"
,  4) 전통시장(재래시장)
,  5) 백화점
,"  6) 친환경 식품 전문점(생협, 유기농 전문점, 초록마을, 한살림 등)"
,"  7) 온라인 쇼핑몰(G마켓, 11번가, 쿠팡, 네이버쇼핑 등 인터넷·모바일, 대형마트(이마트, 롯데마트)의 온라인몰, 퀵커머스, 해외직구 등)"
,  8) TV 홈쇼핑(TV 시청 후 홈쇼핑 온라인몰 구입 포함)
,  9) 편의점
," 10) 오프라인 독립된 로컬푸드 마켓(지역 특산물 판매점 포함, 매장 내 샵인샵 형태(통합계산) 제외)"
," 11) 전문판매점(무인 밀키트 매장, 무인 판매점 등)"
, 51) 반찬가게
, 52) 밀키트 전문점
, 53) 식자재마트
, 91) 구입하지 않음
C7_1,  1) 일상 식사용
,  2) 일상 간식용
,  3) 안주용
,  4) 캠핑/여행용
, 21) 손님 방문용
, 22) 비상용
, 91) 구입하지 않음
, 98) 없음
C7_2,  1) 일상 식사용
,  2) 일상 간식용
,  3) 안주용
,  4) 캠핑/여행용
, 21) 손님 방문용
, 22) 비상용
, 91) 구입하지 않음
, 98) 없음
C7_3,  1) 일상 식사용
,  2) 일상 간식용
,  3) 안주용
,  4) 캠핑/여행용
, 21) 손님 방문용
, 22) 비상용
, 91) 구입하지 않음
, 98) 없음
C7_4,  1) 일상 식사용
,  2) 일상 간식용
,  3) 안주용
,  4) 캠핑/여행용
, 21) 손님 방문용
, 22) 비상용
, 91) 구입하지 않음
, 98) 없음
C8_1,"  1) 즉석밥류 (즉석밥, 볶음밥, 덮밥류, 냉동볶음밥/비빔밥류 등)"
,"  2) 즉석 국류/찌개/탕류(해장국, 갈비탕, 삼계탕, 육개장, 김치찌개, 냉동탕/국/찌개류 등)"
,"  3) 죽/스프류 (단팥죽, 전복죽, 양송이스프 등) ※ 분말제외"
,"  4) 만두/피자류 (냉동만두/딤섬류, 냉동피자류/ 핫도그류)"
,"  5) 육류 (순대, 치킨, (냉동)돈까스, 떡갈비 등)"
,"  6) 수산물 (낙지볶음, 해물찜, 생선조림류 등)"
,"  7) 소스/양념류(찌개양념, 볶음양념, 떡볶이 소스, 스파게티 소스, 3분카레, 3분짜장 등)"
,"  8) 즉석 떡볶이/면류 (떡볶이, 생라면, 생짜장면, 파스타, 냉면 등)"
,"  9) 즉석섭취 식사류(도시락, 김밥류, 샌드위치/햄버거류 등)"
, 10) 즉석섭취 반찬류
, 11) 한식밀키트
, 12) 동양식밀키트
, 13) 서양식밀키트
, 14) 샐러드
," 15) 신선편의채소(절단채소, 깐마늘, 세척당근, 깐양파 등)"
," 16) 신선편의과일(컵과일, 컷과일, 과일파우치 등)"
C8_2,"  1) 즉석밥류 (즉석밥, 볶음밥, 덮밥류, 냉동볶음밥/비빔밥류 등)"
,"  2) 즉석 국류/찌개/탕류(해장국, 갈비탕, 삼계탕, 육개장, 김치찌개, 냉동탕/국/찌개류 등)"
,"  3) 죽/스프류 (단팥죽, 전복죽, 양송이스프 등) ※ 분말제외"
,"  4) 만두/피자류 (냉동만두/딤섬류, 냉동피자류/ 핫도그류)"
,"  5) 육류 (순대, 치킨, (냉동)돈까스, 떡갈비 등)"
,"  6) 수산물 (낙지볶음, 해물찜, 생선조림류 등)"
,"  7) 소스/양념류(찌개양념, 볶음양념, 떡볶이 소스, 스파게티 소스, 3분카레, 3분짜장 등)"
,"  8) 즉석 떡볶이/면류 (떡볶이, 생라면, 생짜장면, 파스타, 냉면 등)"
,"  9) 즉석섭취 식사류(도시락, 김밥류, 샌드위치/햄버거류 등)"
, 10) 즉석섭취 반찬류
, 11) 한식밀키트
, 12) 동양식밀키트
, 13) 서양식밀키트
, 14) 샐러드
," 15) 신선편의채소(절단채소, 깐마늘, 세척당근, 깐양파 등)"
," 16) 신선편의과일(컵과일, 컷과일, 과일파우치 등)"
C8_3,"  1) 즉석밥류 (즉석밥, 볶음밥, 덮밥류, 냉동볶음밥/비빔밥류 등)"
,"  2) 즉석 국류/찌개/탕류(해장국, 갈비탕, 삼계탕, 육개장, 김치찌개, 냉동탕/국/찌개류 등)"
,"  3) 죽/스프류 (단팥죽, 전복죽, 양송이스프 등) ※ 분말제외"
,"  4) 만두/피자류 (냉동만두/딤섬류, 냉동피자류/ 핫도그류)"
,"  5) 육류 (순대, 치킨, (냉동)돈까스, 떡갈비 등)"
,"  6) 수산물 (낙지볶음, 해물찜, 생선조림류 등)"
,"  7) 소스/양념류(찌개양념, 볶음양념, 떡볶이 소스, 스파게티 소스, 3분카레, 3분짜장 등)"
,"  8) 즉석 떡볶이/면류 (떡볶이, 생라면, 생짜장면, 파스타, 냉면 등)"
,"  9) 즉석섭취 식사류(도시락, 김밥류, 샌드위치/햄버거류 등)"
, 10) 즉석섭취 반찬류
, 11) 한식밀키트
, 12) 동양식밀키트
, 13) 서양식밀키트
, 14) 샐러드
," 15) 신선편의채소(절단채소, 깐마늘, 세척당근, 깐양파 등)"
," 16) 신선편의과일(컵과일, 컷과일, 과일파우치 등)"
C9_1,  1) 매우 불만족 한다
,  2) 불만족하는 편이다
,  3) 보통이다
,  4) 만족하는 편이다
,  5) 매우 만족한다
C9_2,  1) 매우 불만족 한다
,  2) 불만족하는 편이다
,  3) 보통이다
,  4) 만족하는 편이다
,  5) 매우 만족한다
C9_3,  1) 매우 불만족 한다
,  2) 불만족하는 편이다
,  3) 보통이다
,  4) 만족하는 편이다
,  5) 매우 만족한다
C9_4,  1) 매우 불만족 한다
,  2) 불만족하는 편이다
,  3) 보통이다
,  4) 만족하는 편이다
,  5) 매우 만족한다
C9_5,  1) 매우 불만족 한다
,  2) 불만족하는 편이다
,  3) 보통이다
,  4) 만족하는 편이다
,  5) 매우 만족한다
C9_6,  1) 매우 불만족 한다
,  2) 불만족하는 편이다
,  3) 보통이다
,  4) 만족하는 편이다
,  5) 매우 만족한다
C9_7,  1) 매우 불만족 한다
,  2) 불만족하는 편이다
,  3) 보통이다
,  4) 만족하는 편이다
,  5) 매우 만족한다
C10_1,  1) 가격이 비싸서
,  2) 가족의 식사는 직접 조리(요리)해야 한다고 생각해서
,  3) 맛이 없어서
,  4) 원재료의 원산지와 품질이 의심스러워서/믿음이 가지 않아서
,  5) 균형잡힌 영양섭취를 할 수 없을 것 같아서
,"  6) 어떤 제품이 있는지, 어디서 파는지 몰라서"
,"  7) 안전성(신선도, 소비/유통기한 등)이 염려되어서"
,  8) 첨가물이 걱정되어서
,  9) 제품이 다양하지 않아서
, 21) 음식을 남기기 싫어서
, 22) 음식 양이 많아서
, 23) 가족이 선호하지 않아서
, 81) 집에서 조리를 하지 않아서
, 97) 구입함
, 98) 없음
, 99) 모름
C10_2,  1) 가격이 비싸서
,  2) 가족의 식사는 직접 조리(요리)해야 한다고 생각해서
,  3) 맛이 없어서
,  4) 원재료의 원산지와 품질이 의심스러워서/믿음이 가지 않아서
,  5) 균형잡힌 영양섭취를 할 수 없을 것 같아서
,"  6) 어떤 제품이 있는지, 어디서 파는지 몰라서"
,"  7) 안전성(신선도, 소비/유통기한 등)이 염려되어서"
,  8) 첨가물이 걱정되어서
,  9) 제품이 다양하지 않아서
, 21) 음식을 남기기 싫어서
, 22) 음식 양이 많아서
, 23) 가족이 선호하지 않아서
, 81) 집에서 조리를 하지 않아서
, 97) 구입함
, 98) 없음
, 99) 모름
C11,  1) 매우 감소할 것이다
,  2) 약간 감소할 것이다
,  3) 현 수준을 유지할 것이다
,  4) 약간 증가할 것이다
,  5) 매우 증가할 것이다
D1,  1) 알고 있다
,  2) 들어본 적은 있다
,  3) 모른다
D1_1,  1) 알고 있다
,  2) 모른다
D2_1,  0) 구입 없음
,  1) 매우 감소
,  2) 약간 감소
,  3) 비슷
,  4) 약간 증가
,  5) 매우 증가
D2_2,  0) 구입 없음
,  1) 매우 감소
,  2) 약간 감소
,  3) 비슷
,  4) 약간 증가
,  5) 매우 증가
D2_3,  0) 구입 없음
,  1) 매우 감소
,  2) 약간 감소
,  3) 비슷
,  4) 약간 증가
,  5) 매우 증가
D2_4,  0) 구입 없음
,  1) 매우 감소
,  2) 약간 감소
,  3) 비슷
,  4) 약간 증가
,  5) 매우 증가
D2_5,  0) 구입 없음
,  1) 매우 감소
,  2) 약간 감소
,  3) 비슷
,  4) 약간 증가
,  5) 매우 증가
D2_6,  0) 구입 없음
,  1) 매우 감소
,  2) 약간 감소
,  3) 비슷
,  4) 약간 증가
,  5) 매우 증가
D3_1,  1) 가격
,  2) 용량
,  3) 브랜드/상표/제조사
,  4) 제조일자/유통기한
,  5) 품질인증 표시
,  6) 원산지
,  7) 영양성분
,  8) 식품첨가물
,  9) 원재료/성분 함량
, 10) 포장 디자인
, 11) 포장 재활용 여부
, 12) 기능성 표시/식품의 효능
, 13) 섭취 주의사항(알레르기 유발 등)
, 14) 보관방법
," 15) 구매후기(리뷰), 평점 등"
D3_2,  1) 가격
,  2) 용량
,  3) 브랜드/상표/제조사
,  4) 제조일자/유통기한
,  5) 품질인증 표시
,  6) 원산지
,  7) 영양성분
,  8) 식품첨가물
,  9) 원재료/성분 함량
, 10) 포장 디자인
, 11) 포장 재활용 여부
, 12) 기능성 표시/식품의 효능
, 13) 섭취 주의사항(알레르기 유발 등)
, 14) 보관방법
," 15) 구매후기(리뷰), 평점 등"
D3_3,  1) 가격
,  2) 용량
,  3) 브랜드/상표/제조사
,  4) 제조일자/유통기한
,  5) 품질인증 표시
,  6) 원산지
,  7) 영양성분
,  8) 식품첨가물
,  9) 원재료/성분 함량
, 10) 포장 디자인
, 11) 포장 재활용 여부
, 12) 기능성 표시/식품의 효능
, 13) 섭취 주의사항(알레르기 유발 등)
, 14) 보관방법
," 15) 구매후기(리뷰), 평점 등"
D5_1,"  1) 인삼류(인삼, 홍삼)"
,  2) 유산균류(프로바이오틱스 등)
,  3) 비타민 및 무기질
,"  4) EPA 및 DHA 함유 유지(오메가3, 크릴오일 등)"
,  5) 단백질
,  6) 엠에스엠(MSM)
,  7) 밀크씨슬
,  8) 가르시니아캄보지아
,  9) 식이섬유
, 10) 쏘팔메토
, 11) 홍국
, 12) 마리골드꽃추출물/루테인지아잔틴추출물
, 13) 프로폴리스
, 14) 프락토올리고당
, 15) 알로에
, 16) 녹차추출물
, 17) 난소화성말토덱스트린
, 18) 코엔자임Q10
, 19) 콜라겐
, 20) 당귀추출물(헤모힘)
, 51) 관절팔팔
, 52) 이노치노하하
, 72) 침향
, 81) 눈 영양제
D5_2,"  1) 인삼류(인삼, 홍삼)"
,  2) 유산균류(프로바이오틱스 등)
,  3) 비타민 및 무기질
,"  4) EPA 및 DHA 함유 유지(오메가3, 크릴오일 등)"
,  5) 단백질
,  6) 엠에스엠(MSM)
,  7) 밀크씨슬
,  8) 가르시니아캄보지아
,  9) 식이섬유
, 10) 쏘팔메토
, 11) 홍국
, 12) 마리골드꽃추출물/루테인지아잔틴추출물
, 13) 프로폴리스
, 14) 프락토올리고당
, 15) 알로에
, 16) 녹차추출물
, 17) 난소화성말토덱스트린
, 18) 코엔자임Q10
, 19) 콜라겐
, 20) 당귀추출물(헤모힘)
, 51) 관절팔팔
, 52) 이노치노하하
, 72) 침향
, 81) 눈 영양제
D6_1,"  1) 동네 슈퍼마켓, 식자재마트(대기업 운영 제외)"
,"  2) 대기업에서 운영하는 슈퍼마켓(홈플러스 익스프레스, 롯데 슈퍼, 이마트에브리데이, No Brand 등)"
,"  3) 오프라인 대형마트(이마트, 하나로클럽/마트, 홈플러스, 롯데마트, 이마트 트레이더스, 코스트코 등)"
,"  4) 전통시장(재래시장, 약령시장)"
,  5) 백화점
,"  6) 친환경 식품 전문점(생협, 유기농 전문점, 초록마을, 한살림 등)"
,"  7) 국내 온라인 쇼핑몰(G마켓, 11번가, 쿠팡, 네이버 쇼핑 등 인터넷·모바일, 대형마트(이마트, 롯데마트)의 온라인몰 등)"
,  8) TV 홈쇼핑(TV 시청 후 홈쇼핑 온라인몰 구입 포함)
,"  9) 약국(백화점, 마트 내에 입점한 매장 포함)"
," 10) 특정상표 대리점(정관장, 한삼인, 암웨이 등 독립매장, 백화점·마트 내 입점한 대리점 포함)"
, 11) 방문판매
," 12) 해외직구 사이트(아마존, 이베이, 아이허브, 오플 등)"
, 51) 드럭스토어
, 52) 해외 오프라인 구매
, 81) 자녀가 구매
, 82) 지인
, 91) 선물 받음
D6_2,"  1) 동네 슈퍼마켓, 식자재마트(대기업 운영 제외)"
,"  2) 대기업에서 운영하는 슈퍼마켓(홈플러스 익스프레스, 롯데 슈퍼, 이마트에브리데이, No Brand 등)"
,"  3) 오프라인 대형마트(이마트, 하나로클럽/마트, 홈플러스, 롯데마트, 이마트 트레이더스, 코스트코 등)"
,"  4) 전통시장(재래시장, 약령시장)"
,  5) 백화점
,"  6) 친환경 식품 전문점(생협, 유기농 전문점, 초록마을, 한살림 등)"
,"  7) 국내 온라인 쇼핑몰(G마켓, 11번가, 쿠팡, 네이버 쇼핑 등 인터넷·모바일, 대형마트(이마트, 롯데마트)의 온라인몰 등)"
,  8) TV 홈쇼핑(TV 시청 후 홈쇼핑 온라인몰 구입 포함)
,"  9) 약국(백화점, 마트 내에 입점한 매장 포함)"
," 10) 특정상표 대리점(정관장, 한삼인, 암웨이 등 독립매장, 백화점·마트 내 입점한 대리점 포함)"
, 11) 방문판매
," 12) 해외직구 사이트(아마존, 이베이, 아이허브, 오플 등)"
, 51) 드럭스토어
, 52) 해외 오프라인 구매
, 81) 자녀가 구매
, 82) 지인
, 91) 선물 받음
D6_1_1,  1) 우수한 품질의 제품을 살 수 있어서
,  2) 가격이 더 저렴해서
,  3) 이벤트/할인행사 등을 자주해서
,  4) 유명하고 신뢰할만한 곳이라서
,  5) 다양한 상품이 있어서
,  6) 거리가 가깝거나 교통이 편해서
,  7) 주변사람이 추천해서
,  8) 자세한 설명을 들을 수 있어서
,  9) 다른 곳에서는 원하는 상품을 살 수 없어서
D6_1_2,  1) 우수한 품질의 제품을 살 수 있어서
,  2) 가격이 더 저렴해서
,  3) 이벤트/할인행사 등을 자주해서
,  4) 유명하고 신뢰할만한 곳이라서
,  5) 다양한 상품이 있어서
,  6) 거리가 가깝거나 교통이 편해서
,  7) 주변사람이 추천해서
,  8) 자세한 설명을 들을 수 있어서
,  9) 다른 곳에서는 원하는 상품을 살 수 없어서
D7_1,  1) SNS 정보(온라인 블로그/카페/유튜브/인스타)
,"  2) 제품 포장재 설명, 브랜드 등"
,  3) 가족/지인/친구 등의 추천
,  4) TV·라디오 프로그램/신문잡지 광고
,"  5) 마트, 백화점 등의 점원 설명"
,  6) 약국의 약사 설명
,  7) 홈쇼핑 등에서의 판매 정보
, 21) 방문 판매 정보
D7_2,  1) SNS 정보(온라인 블로그/카페/유튜브/인스타)
,"  2) 제품 포장재 설명, 브랜드 등"
,  3) 가족/지인/친구 등의 추천
,  4) TV·라디오 프로그램/신문잡지 광고
,"  5) 마트, 백화점 등의 점원 설명"
,  6) 약국의 약사 설명
,  7) 홈쇼핑 등에서의 판매 정보
, 21) 방문 판매 정보
D8_1,  1) 기능성 내용에 대한 의심
,  2) 제품의 안전성 의심
,  3) 인증받지 않은 제품의 유통 의심
,  4) 구입처 및 구입방법에 대한 정보 부족
,  5) 잦은 신제품 출시
,  6) 소용량(1개월 미만 복용) 제품 부족
,"  7) 맛, 향, 크기 등에 대한 거부감"
,  8) 수입산 건강기능식품에 비해 높은 가격
,  9) 이상 사례/부작용 발생
, 98) 없음
D8_2,  1) 기능성 내용에 대한 의심
,  2) 제품의 안전성 의심
,  3) 인증받지 않은 제품의 유통 의심
,  4) 구입처 및 구입방법에 대한 정보 부족
,  5) 잦은 신제품 출시
,  6) 소용량(1개월 미만 복용) 제품 부족
,"  7) 맛, 향, 크기 등에 대한 거부감"
,  8) 수입산 건강기능식품에 비해 높은 가격
,  9) 이상 사례/부작용 발생
, 98) 없음
D8_3,  1) 기능성 내용에 대한 의심
,  2) 제품의 안전성 의심
,  3) 인증받지 않은 제품의 유통 의심
,  4) 구입처 및 구입방법에 대한 정보 부족
,  5) 잦은 신제품 출시
,  6) 소용량(1개월 미만 복용) 제품 부족
,"  7) 맛, 향, 크기 등에 대한 거부감"
,  8) 수입산 건강기능식품에 비해 높은 가격
,  9) 이상 사례/부작용 발생
, 98) 없음
D8_4,  1) 기능성 내용에 대한 의심
,  2) 제품의 안전성 의심
,  3) 인증받지 않은 제품의 유통 의심
,  4) 구입처 및 구입방법에 대한 정보 부족
,  5) 잦은 신제품 출시
,  6) 소용량(1개월 미만 복용) 제품 부족
,"  7) 맛, 향, 크기 등에 대한 거부감"
,  8) 수입산 건강기능식품에 비해 높은 가격
,  9) 이상 사례/부작용 발생
, 98) 없음
D8_5,  1) 기능성 내용에 대한 의심
,  2) 제품의 안전성 의심
,  3) 인증받지 않은 제품의 유통 의심
,  4) 구입처 및 구입방법에 대한 정보 부족
,  5) 잦은 신제품 출시
,  6) 소용량(1개월 미만 복용) 제품 부족
,"  7) 맛, 향, 크기 등에 대한 거부감"
,  8) 수입산 건강기능식품에 비해 높은 가격
,  9) 이상 사례/부작용 발생
, 98) 없음
D8_6,  1) 기능성 내용에 대한 의심
,  2) 제품의 안전성 의심
,  3) 인증받지 않은 제품의 유통 의심
,  4) 구입처 및 구입방법에 대한 정보 부족
,  5) 잦은 신제품 출시
,  6) 소용량(1개월 미만 복용) 제품 부족
,"  7) 맛, 향, 크기 등에 대한 거부감"
,  8) 수입산 건강기능식품에 비해 높은 가격
,  9) 이상 사례/부작용 발생
, 98) 없음
D8_7,  1) 기능성 내용에 대한 의심
,  2) 제품의 안전성 의심
,  3) 인증받지 않은 제품의 유통 의심
,  4) 구입처 및 구입방법에 대한 정보 부족
,  5) 잦은 신제품 출시
,  6) 소용량(1개월 미만 복용) 제품 부족
,"  7) 맛, 향, 크기 등에 대한 거부감"
,  8) 수입산 건강기능식품에 비해 높은 가격
,  9) 이상 사례/부작용 발생
, 98) 없음
D8_8,  1) 기능성 내용에 대한 의심
,  2) 제품의 안전성 의심
,  3) 인증받지 않은 제품의 유통 의심
,  4) 구입처 및 구입방법에 대한 정보 부족
,  5) 잦은 신제품 출시
,  6) 소용량(1개월 미만 복용) 제품 부족
,"  7) 맛, 향, 크기 등에 대한 거부감"
,  8) 수입산 건강기능식품에 비해 높은 가격
,  9) 이상 사례/부작용 발생
, 98) 없음
D8_9,  1) 기능성 내용에 대한 의심
,  2) 제품의 안전성 의심
,  3) 인증받지 않은 제품의 유통 의심
,  4) 구입처 및 구입방법에 대한 정보 부족
,  5) 잦은 신제품 출시
,  6) 소용량(1개월 미만 복용) 제품 부족
,"  7) 맛, 향, 크기 등에 대한 거부감"
,  8) 수입산 건강기능식품에 비해 높은 가격
,  9) 이상 사례/부작용 발생
, 98) 없음
D8_10,  1) 기능성 내용에 대한 의심
,  2) 제품의 안전성 의심
,  3) 인증받지 않은 제품의 유통 의심
,  4) 구입처 및 구입방법에 대한 정보 부족
,  5) 잦은 신제품 출시
,  6) 소용량(1개월 미만 복용) 제품 부족
,"  7) 맛, 향, 크기 등에 대한 거부감"
,  8) 수입산 건강기능식품에 비해 높은 가격
,  9) 이상 사례/부작용 발생
, 98) 없음
D9,  1) 먹고 있다
,  2) 먹고 있지 않다
D9_1_1_1,  1) 남자
,  2) 여자
D9_1_4_1_1,"  1) 인삼류(인삼, 홍삼)"
,  2) 유산균류(프로바이오틱스 등)
,  3) 비타민 및 무기질
,"  4) EPA 및 DHA 함유 유지(오메가3, 크릴오일 등)"
,  5) 단백질
,  6) 엠에스엠(MSM)
,  7) 밀크씨슬
,  8) 가르시니아캄보지아
,  9) 식이섬유
, 10) 쏘팔메토
, 11) 홍국
, 12) 마리골드꽃추출물/루테인지아잔틴추출물
, 13) 프로폴리스
, 14) 프락토올리고당
, 15) 알로에
, 16) 녹차추출물
, 17) 난소화성말토덱스트린
, 18) 코엔자임Q10
, 19) 콜라겐
, 20) 당귀추출물(헤모힘)
, 51) 관절팔팔
, 52) 이노치노하하
, 72) 침향
, 81) 눈 영양제
D9_1_4_2_1,"  1) 인삼류(인삼, 홍삼)"
,  2) 유산균류(프로바이오틱스 등)
,  3) 비타민 및 무기질
,"  4) EPA 및 DHA 함유 유지(오메가3, 크릴오일 등)"
,  5) 단백질
,  6) 엠에스엠(MSM)
,  7) 밀크씨슬
,  8) 가르시니아캄보지아
,  9) 식이섬유
, 10) 쏘팔메토
, 11) 홍국
, 12) 마리골드꽃추출물/루테인지아잔틴추출물
, 13) 프로폴리스
, 14) 프락토올리고당
, 15) 알로에
, 16) 녹차추출물
, 17) 난소화성말토덱스트린
, 18) 코엔자임Q10
, 19) 콜라겐
, 20) 당귀추출물(헤모힘)
, 51) 관절팔팔
, 52) 이노치노하하
, 72) 침향
, 81) 눈 영양제
D9_1_4_3_1,"  1) 인삼류(인삼, 홍삼)"
,  2) 유산균류(프로바이오틱스 등)
,  3) 비타민 및 무기질
,"  4) EPA 및 DHA 함유 유지(오메가3, 크릴오일 등)"
,  5) 단백질
,  6) 엠에스엠(MSM)
,  7) 밀크씨슬
,  8) 가르시니아캄보지아
,  9) 식이섬유
, 10) 쏘팔메토
, 11) 홍국
, 12) 마리골드꽃추출물/루테인지아잔틴추출물
, 13) 프로폴리스
, 14) 프락토올리고당
, 15) 알로에
, 16) 녹차추출물
, 17) 난소화성말토덱스트린
, 18) 코엔자임Q10
, 19) 콜라겐
, 20) 당귀추출물(헤모힘)
, 51) 관절팔팔
, 52) 이노치노하하
, 72) 침향
, 81) 눈 영양제
D9_1_4_4_1,"  1) 인삼류(인삼, 홍삼)"
,  2) 유산균류(프로바이오틱스 등)
,  3) 비타민 및 무기질
,"  4) EPA 및 DHA 함유 유지(오메가3, 크릴오일 등)"
,  5) 단백질
,  6) 엠에스엠(MSM)
,  7) 밀크씨슬
,  8) 가르시니아캄보지아
,  9) 식이섬유
, 10) 쏘팔메토
, 11) 홍국
, 12) 마리골드꽃추출물/루테인지아잔틴추출물
, 13) 프로폴리스
, 14) 프락토올리고당
, 15) 알로에
, 16) 녹차추출물
, 17) 난소화성말토덱스트린
, 18) 코엔자임Q10
, 19) 콜라겐
, 20) 당귀추출물(헤모힘)
, 51) 관절팔팔
, 52) 이노치노하하
, 72) 침향
, 81) 눈 영양제
D9_1_4_5_1,"  1) 인삼류(인삼, 홍삼)"
,  2) 유산균류(프로바이오틱스 등)
,  3) 비타민 및 무기질
,"  4) EPA 및 DHA 함유 유지(오메가3, 크릴오일 등)"
,  5) 단백질
,  6) 엠에스엠(MSM)
,  7) 밀크씨슬
,  8) 가르시니아캄보지아
,  9) 식이섬유
, 10) 쏘팔메토
, 11) 홍국
, 12) 마리골드꽃추출물/루테인지아잔틴추출물
, 13) 프로폴리스
, 14) 프락토올리고당
, 15) 알로에
, 16) 녹차추출물
, 17) 난소화성말토덱스트린
, 18) 코엔자임Q10
, 19) 콜라겐
, 20) 당귀추출물(헤모힘)
, 51) 관절팔팔
, 52) 이노치노하하
, 72) 침향
, 81) 눈 영양제
D9_1_4_6_1,"  1) 인삼류(인삼, 홍삼)"
,  2) 유산균류(프로바이오틱스 등)
,  3) 비타민 및 무기질
,"  4) EPA 및 DHA 함유 유지(오메가3, 크릴오일 등)"
,  5) 단백질
,  6) 엠에스엠(MSM)
,  7) 밀크씨슬
,  8) 가르시니아캄보지아
,  9) 식이섬유
, 10) 쏘팔메토
, 11) 홍국
, 12) 마리골드꽃추출물/루테인지아잔틴추출물
, 13) 프로폴리스
, 14) 프락토올리고당
, 15) 알로에
, 16) 녹차추출물
, 17) 난소화성말토덱스트린
, 18) 코엔자임Q10
, 19) 콜라겐
, 20) 당귀추출물(헤모힘)
, 51) 관절팔팔
, 52) 이노치노하하
, 72) 침향
, 81) 눈 영양제
D9_1_4_7_1,"  1) 인삼류(인삼, 홍삼)"
,  2) 유산균류(프로바이오틱스 등)
,  3) 비타민 및 무기질
,"  4) EPA 및 DHA 함유 유지(오메가3, 크릴오일 등)"
,  5) 단백질
,  6) 엠에스엠(MSM)
,  7) 밀크씨슬
,  8) 가르시니아캄보지아
,  9) 식이섬유
, 10) 쏘팔메토
, 11) 홍국
, 12) 마리골드꽃추출물/루테인지아잔틴추출물
, 13) 프로폴리스
, 14) 프락토올리고당
, 15) 알로에
, 16) 녹차추출물
, 17) 난소화성말토덱스트린
, 18) 코엔자임Q10
, 19) 콜라겐
, 20) 당귀추출물(헤모힘)
, 51) 관절팔팔
, 52) 이노치노하하
, 72) 침향
, 81) 눈 영양제
D9_1_4_8_1,"  1) 인삼류(인삼, 홍삼)"
,  2) 유산균류(프로바이오틱스 등)
,  3) 비타민 및 무기질
,"  4) EPA 및 DHA 함유 유지(오메가3, 크릴오일 등)"
,  5) 단백질
,  6) 엠에스엠(MSM)
,  7) 밀크씨슬
,  8) 가르시니아캄보지아
,  9) 식이섬유
, 10) 쏘팔메토
, 11) 홍국
, 12) 마리골드꽃추출물/루테인지아잔틴추출물
, 13) 프로폴리스
, 14) 프락토올리고당
, 15) 알로에
, 16) 녹차추출물
, 17) 난소화성말토덱스트린
, 18) 코엔자임Q10
, 19) 콜라겐
, 20) 당귀추출물(헤모힘)
, 51) 관절팔팔
, 52) 이노치노하하
, 72) 침향
, 81) 눈 영양제
D9_1_4_9_1,"  1) 인삼류(인삼, 홍삼)"
,  2) 유산균류(프로바이오틱스 등)
,  3) 비타민 및 무기질
,"  4) EPA 및 DHA 함유 유지(오메가3, 크릴오일 등)"
,  5) 단백질
,  6) 엠에스엠(MSM)
,  7) 밀크씨슬
,  8) 가르시니아캄보지아
,  9) 식이섬유
, 10) 쏘팔메토
, 11) 홍국
, 12) 마리골드꽃추출물/루테인지아잔틴추출물
, 13) 프로폴리스
, 14) 프락토올리고당
, 15) 알로에
, 16) 녹차추출물
, 17) 난소화성말토덱스트린
, 18) 코엔자임Q10
, 19) 콜라겐
, 20) 당귀추출물(헤모힘)
, 51) 관절팔팔
, 52) 이노치노하하
, 72) 침향
, 81) 눈 영양제
D9_1_4_10_1,"  1) 인삼류(인삼, 홍삼)"
,  2) 유산균류(프로바이오틱스 등)
,  3) 비타민 및 무기질
,"  4) EPA 및 DHA 함유 유지(오메가3, 크릴오일 등)"
,  5) 단백질
,  6) 엠에스엠(MSM)
,  7) 밀크씨슬
,  8) 가르시니아캄보지아
,  9) 식이섬유
, 10) 쏘팔메토
, 11) 홍국
, 12) 마리골드꽃추출물/루테인지아잔틴추출물
, 13) 프로폴리스
, 14) 프락토올리고당
, 15) 알로에
, 16) 녹차추출물
, 17) 난소화성말토덱스트린
, 18) 코엔자임Q10
, 19) 콜라겐
, 20) 당귀추출물(헤모힘)
, 51) 관절팔팔
, 52) 이노치노하하
, 72) 침향
, 81) 눈 영양제
D9_1_4_11_1,"  1) 인삼류(인삼, 홍삼)"
,  2) 유산균류(프로바이오틱스 등)
,  3) 비타민 및 무기질
,"  4) EPA 및 DHA 함유 유지(오메가3, 크릴오일 등)"
,  5) 단백질
,  6) 엠에스엠(MSM)
,  7) 밀크씨슬
,  8) 가르시니아캄보지아
,  9) 식이섬유
, 10) 쏘팔메토
, 11) 홍국
, 12) 마리골드꽃추출물/루테인지아잔틴추출물
, 13) 프로폴리스
, 14) 프락토올리고당
, 15) 알로에
, 16) 녹차추출물
, 17) 난소화성말토덱스트린
, 18) 코엔자임Q10
, 19) 콜라겐
, 20) 당귀추출물(헤모힘)
, 51) 관절팔팔
, 52) 이노치노하하
, 72) 침향
, 81) 눈 영양제
D9_1_4_12_1,"  1) 인삼류(인삼, 홍삼)"
,  2) 유산균류(프로바이오틱스 등)
,  3) 비타민 및 무기질
,"  4) EPA 및 DHA 함유 유지(오메가3, 크릴오일 등)"
,  5) 단백질
,  6) 엠에스엠(MSM)
,  7) 밀크씨슬
,  8) 가르시니아캄보지아
,  9) 식이섬유
, 10) 쏘팔메토
, 11) 홍국
, 12) 마리골드꽃추출물/루테인지아잔틴추출물
, 13) 프로폴리스
, 14) 프락토올리고당
, 15) 알로에
, 16) 녹차추출물
, 17) 난소화성말토덱스트린
, 18) 코엔자임Q10
, 19) 콜라겐
, 20) 당귀추출물(헤모힘)
, 51) 관절팔팔
, 52) 이노치노하하
, 72) 침향
, 81) 눈 영양제
D9_1_4_13_1,"  1) 인삼류(인삼, 홍삼)"
,  2) 유산균류(프로바이오틱스 등)
,  3) 비타민 및 무기질
,"  4) EPA 및 DHA 함유 유지(오메가3, 크릴오일 등)"
,  5) 단백질
,  6) 엠에스엠(MSM)
,  7) 밀크씨슬
,  8) 가르시니아캄보지아
,  9) 식이섬유
, 10) 쏘팔메토
, 11) 홍국
, 12) 마리골드꽃추출물/루테인지아잔틴추출물
, 13) 프로폴리스
, 14) 프락토올리고당
, 15) 알로에
, 16) 녹차추출물
, 17) 난소화성말토덱스트린
, 18) 코엔자임Q10
, 19) 콜라겐
, 20) 당귀추출물(헤모힘)
, 51) 관절팔팔
, 52) 이노치노하하
, 72) 침향
, 81) 눈 영양제
D9_1_4_14_1,"  1) 인삼류(인삼, 홍삼)"
,  2) 유산균류(프로바이오틱스 등)
,  3) 비타민 및 무기질
,"  4) EPA 및 DHA 함유 유지(오메가3, 크릴오일 등)"
,  5) 단백질
,  6) 엠에스엠(MSM)
,  7) 밀크씨슬
,  8) 가르시니아캄보지아
,  9) 식이섬유
, 10) 쏘팔메토
, 11) 홍국
, 12) 마리골드꽃추출물/루테인지아잔틴추출물
, 13) 프로폴리스
, 14) 프락토올리고당
, 15) 알로에
, 16) 녹차추출물
, 17) 난소화성말토덱스트린
, 18) 코엔자임Q10
, 19) 콜라겐
, 20) 당귀추출물(헤모힘)
, 51) 관절팔팔
, 52) 이노치노하하
, 72) 침향
, 81) 눈 영양제
D9_1_4_15_1,"  1) 인삼류(인삼, 홍삼)"
,  2) 유산균류(프로바이오틱스 등)
,  3) 비타민 및 무기질
,"  4) EPA 및 DHA 함유 유지(오메가3, 크릴오일 등)"
,  5) 단백질
,  6) 엠에스엠(MSM)
,  7) 밀크씨슬
,  8) 가르시니아캄보지아
,  9) 식이섬유
, 10) 쏘팔메토
, 11) 홍국
, 12) 마리골드꽃추출물/루테인지아잔틴추출물
, 13) 프로폴리스
, 14) 프락토올리고당
, 15) 알로에
, 16) 녹차추출물
, 17) 난소화성말토덱스트린
, 18) 코엔자임Q10
, 19) 콜라겐
, 20) 당귀추출물(헤모힘)
, 51) 관절팔팔
, 52) 이노치노하하
, 72) 침향
, 81) 눈 영양제
D9_1_4_16_1,"  1) 인삼류(인삼, 홍삼)"
,  2) 유산균류(프로바이오틱스 등)
,  3) 비타민 및 무기질
,"  4) EPA 및 DHA 함유 유지(오메가3, 크릴오일 등)"
,  5) 단백질
,  6) 엠에스엠(MSM)
,  7) 밀크씨슬
,  8) 가르시니아캄보지아
,  9) 식이섬유
, 10) 쏘팔메토
, 11) 홍국
, 12) 마리골드꽃추출물/루테인지아잔틴추출물
, 13) 프로폴리스
, 14) 프락토올리고당
, 15) 알로에
, 16) 녹차추출물
, 17) 난소화성말토덱스트린
, 18) 코엔자임Q10
, 19) 콜라겐
, 20) 당귀추출물(헤모힘)
, 51) 관절팔팔
, 52) 이노치노하하
, 72) 침향
, 81) 눈 영양제
D9_1_4_17_1,"  1) 인삼류(인삼, 홍삼)"
,  2) 유산균류(프로바이오틱스 등)
,  3) 비타민 및 무기질
,"  4) EPA 및 DHA 함유 유지(오메가3, 크릴오일 등)"
,  5) 단백질
,  6) 엠에스엠(MSM)
,  7) 밀크씨슬
,  8) 가르시니아캄보지아
,  9) 식이섬유
, 10) 쏘팔메토
, 11) 홍국
, 12) 마리골드꽃추출물/루테인지아잔틴추출물
, 13) 프로폴리스
, 14) 프락토올리고당
, 15) 알로에
, 16) 녹차추출물
, 17) 난소화성말토덱스트린
, 18) 코엔자임Q10
, 19) 콜라겐
, 20) 당귀추출물(헤모힘)
, 51) 관절팔팔
, 52) 이노치노하하
, 72) 침향
, 81) 눈 영양제
D9_1_4_18_1,"  1) 인삼류(인삼, 홍삼)"
,  2) 유산균류(프로바이오틱스 등)
,  3) 비타민 및 무기질
,"  4) EPA 및 DHA 함유 유지(오메가3, 크릴오일 등)"
,  5) 단백질
,  6) 엠에스엠(MSM)
,  7) 밀크씨슬
,  8) 가르시니아캄보지아
,  9) 식이섬유
, 10) 쏘팔메토
, 11) 홍국
, 12) 마리골드꽃추출물/루테인지아잔틴추출물
, 13) 프로폴리스
, 14) 프락토올리고당
, 15) 알로에
, 16) 녹차추출물
, 17) 난소화성말토덱스트린
, 18) 코엔자임Q10
, 19) 콜라겐
, 20) 당귀추출물(헤모힘)
, 51) 관절팔팔
, 52) 이노치노하하
, 72) 침향
, 81) 눈 영양제
D9_1_4_19_1,"  1) 인삼류(인삼, 홍삼)"
,  2) 유산균류(프로바이오틱스 등)
,  3) 비타민 및 무기질
,"  4) EPA 및 DHA 함유 유지(오메가3, 크릴오일 등)"
,  5) 단백질
,  6) 엠에스엠(MSM)
,  7) 밀크씨슬
,  8) 가르시니아캄보지아
,  9) 식이섬유
, 10) 쏘팔메토
, 11) 홍국
, 12) 마리골드꽃추출물/루테인지아잔틴추출물
, 13) 프로폴리스
, 14) 프락토올리고당
, 15) 알로에
, 16) 녹차추출물
, 17) 난소화성말토덱스트린
, 18) 코엔자임Q10
, 19) 콜라겐
, 20) 당귀추출물(헤모힘)
, 51) 관절팔팔
, 52) 이노치노하하
, 72) 침향
, 81) 눈 영양제
D9_1_4_20_1,"  1) 인삼류(인삼, 홍삼)"
,  2) 유산균류(프로바이오틱스 등)
,  3) 비타민 및 무기질
,"  4) EPA 및 DHA 함유 유지(오메가3, 크릴오일 등)"
,  5) 단백질
,  6) 엠에스엠(MSM)
,  7) 밀크씨슬
,  8) 가르시니아캄보지아
,  9) 식이섬유
, 10) 쏘팔메토
, 11) 홍국
, 12) 마리골드꽃추출물/루테인지아잔틴추출물
, 13) 프로폴리스
, 14) 프락토올리고당
, 15) 알로에
, 16) 녹차추출물
, 17) 난소화성말토덱스트린
, 18) 코엔자임Q10
, 19) 콜라겐
, 20) 당귀추출물(헤모힘)
, 51) 관절팔팔
, 52) 이노치노하하
, 72) 침향
, 81) 눈 영양제
D9_1_4_21_1,"  1) 인삼류(인삼, 홍삼)"
,  2) 유산균류(프로바이오틱스 등)
,  3) 비타민 및 무기질
,"  4) EPA 및 DHA 함유 유지(오메가3, 크릴오일 등)"
,  5) 단백질
,  6) 엠에스엠(MSM)
,  7) 밀크씨슬
,  8) 가르시니아캄보지아
,  9) 식이섬유
, 10) 쏘팔메토
, 11) 홍국
, 12) 마리골드꽃추출물/루테인지아잔틴추출물
, 13) 프로폴리스
, 14) 프락토올리고당
, 15) 알로에
, 16) 녹차추출물
, 17) 난소화성말토덱스트린
, 18) 코엔자임Q10
, 19) 콜라겐
, 20) 당귀추출물(헤모힘)
, 51) 관절팔팔
, 52) 이노치노하하
, 72) 침향
, 81) 눈 영양제
D9_1_1_2,  1) 남자
,  2) 여자
D9_1_4_1_2,"  1) 인삼류(인삼, 홍삼)"
,  2) 유산균류(프로바이오틱스 등)
,  3) 비타민 및 무기질
,"  4) EPA 및 DHA 함유 유지(오메가3, 크릴오일 등)"
,  5) 단백질
,  6) 엠에스엠(MSM)
,  7) 밀크씨슬
,  8) 가르시니아캄보지아
,  9) 식이섬유
, 10) 쏘팔메토
, 11) 홍국
, 12) 마리골드꽃추출물/루테인지아잔틴추출물
, 13) 프로폴리스
, 14) 프락토올리고당
, 15) 알로에
, 16) 녹차추출물
, 17) 난소화성말토덱스트린
, 18) 코엔자임Q10
, 19) 콜라겐
, 20) 당귀추출물(헤모힘)
, 51) 관절팔팔
, 52) 이노치노하하
, 72) 침향
, 81) 눈 영양제
D9_1_4_2_2,"  1) 인삼류(인삼, 홍삼)"
,  2) 유산균류(프로바이오틱스 등)
,  3) 비타민 및 무기질
,"  4) EPA 및 DHA 함유 유지(오메가3, 크릴오일 등)"
,  5) 단백질
,  6) 엠에스엠(MSM)
,  7) 밀크씨슬
,  8) 가르시니아캄보지아
,  9) 식이섬유
, 10) 쏘팔메토
, 11) 홍국
, 12) 마리골드꽃추출물/루테인지아잔틴추출물
, 13) 프로폴리스
, 14) 프락토올리고당
, 15) 알로에
, 16) 녹차추출물
, 17) 난소화성말토덱스트린
, 18) 코엔자임Q10
, 19) 콜라겐
, 20) 당귀추출물(헤모힘)
, 51) 관절팔팔
, 52) 이노치노하하
, 72) 침향
, 81) 눈 영양제
D9_1_4_3_2,"  1) 인삼류(인삼, 홍삼)"
,  2) 유산균류(프로바이오틱스 등)
,  3) 비타민 및 무기질
,"  4) EPA 및 DHA 함유 유지(오메가3, 크릴오일 등)"
,  5) 단백질
,  6) 엠에스엠(MSM)
,  7) 밀크씨슬
,  8) 가르시니아캄보지아
,  9) 식이섬유
, 10) 쏘팔메토
, 11) 홍국
, 12) 마리골드꽃추출물/루테인지아잔틴추출물
, 13) 프로폴리스
, 14) 프락토올리고당
, 15) 알로에
, 16) 녹차추출물
, 17) 난소화성말토덱스트린
, 18) 코엔자임Q10
, 19) 콜라겐
, 20) 당귀추출물(헤모힘)
, 51) 관절팔팔
, 52) 이노치노하하
, 72) 침향
, 81) 눈 영양제
D9_1_4_4_2,"  1) 인삼류(인삼, 홍삼)"
,  2) 유산균류(프로바이오틱스 등)
,  3) 비타민 및 무기질
,"  4) EPA 및 DHA 함유 유지(오메가3, 크릴오일 등)"
,  5) 단백질
,  6) 엠에스엠(MSM)
,  7) 밀크씨슬
,  8) 가르시니아캄보지아
,  9) 식이섬유
, 10) 쏘팔메토
, 11) 홍국
, 12) 마리골드꽃추출물/루테인지아잔틴추출물
, 13) 프로폴리스
, 14) 프락토올리고당
, 15) 알로에
, 16) 녹차추출물
, 17) 난소화성말토덱스트린
, 18) 코엔자임Q10
, 19) 콜라겐
, 20) 당귀추출물(헤모힘)
, 51) 관절팔팔
, 52) 이노치노하하
, 72) 침향
, 81) 눈 영양제
D9_1_4_5_2,"  1) 인삼류(인삼, 홍삼)"
,  2) 유산균류(프로바이오틱스 등)
,  3) 비타민 및 무기질
,"  4) EPA 및 DHA 함유 유지(오메가3, 크릴오일 등)"
,  5) 단백질
,  6) 엠에스엠(MSM)
,  7) 밀크씨슬
,  8) 가르시니아캄보지아
,  9) 식이섬유
, 10) 쏘팔메토
, 11) 홍국
, 12) 마리골드꽃추출물/루테인지아잔틴추출물
, 13) 프로폴리스
, 14) 프락토올리고당
, 15) 알로에
, 16) 녹차추출물
, 17) 난소화성말토덱스트린
, 18) 코엔자임Q10
, 19) 콜라겐
, 20) 당귀추출물(헤모힘)
, 51) 관절팔팔
, 52) 이노치노하하
, 72) 침향
, 81) 눈 영양제
D9_1_4_6_2,"  1) 인삼류(인삼, 홍삼)"
,  2) 유산균류(프로바이오틱스 등)
,  3) 비타민 및 무기질
,"  4) EPA 및 DHA 함유 유지(오메가3, 크릴오일 등)"
,  5) 단백질
,  6) 엠에스엠(MSM)
,  7) 밀크씨슬
,  8) 가르시니아캄보지아
,  9) 식이섬유
, 10) 쏘팔메토
, 11) 홍국
, 12) 마리골드꽃추출물/루테인지아잔틴추출물
, 13) 프로폴리스
, 14) 프락토올리고당
, 15) 알로에
, 16) 녹차추출물
, 17) 난소화성말토덱스트린
, 18) 코엔자임Q10
, 19) 콜라겐
, 20) 당귀추출물(헤모힘)
, 51) 관절팔팔
, 52) 이노치노하하
, 72) 침향
, 81) 눈 영양제
D9_1_4_7_2,"  1) 인삼류(인삼, 홍삼)"
,  2) 유산균류(프로바이오틱스 등)
,  3) 비타민 및 무기질
,"  4) EPA 및 DHA 함유 유지(오메가3, 크릴오일 등)"
,  5) 단백질
,  6) 엠에스엠(MSM)
,  7) 밀크씨슬
,  8) 가르시니아캄보지아
,  9) 식이섬유
, 10) 쏘팔메토
, 11) 홍국
, 12) 마리골드꽃추출물/루테인지아잔틴추출물
, 13) 프로폴리스
, 14) 프락토올리고당
, 15) 알로에
, 16) 녹차추출물
, 17) 난소화성말토덱스트린
, 18) 코엔자임Q10
, 19) 콜라겐
, 20) 당귀추출물(헤모힘)
, 51) 관절팔팔
, 52) 이노치노하하
, 72) 침향
, 81) 눈 영양제
D9_1_4_8_2,"  1) 인삼류(인삼, 홍삼)"
,  2) 유산균류(프로바이오틱스 등)
,  3) 비타민 및 무기질
,"  4) EPA 및 DHA 함유 유지(오메가3, 크릴오일 등)"
,  5) 단백질
,  6) 엠에스엠(MSM)
,  7) 밀크씨슬
,  8) 가르시니아캄보지아
,  9) 식이섬유
, 10) 쏘팔메토
, 11) 홍국
, 12) 마리골드꽃추출물/루테인지아잔틴추출물
, 13) 프로폴리스
, 14) 프락토올리고당
, 15) 알로에
, 16) 녹차추출물
, 17) 난소화성말토덱스트린
, 18) 코엔자임Q10
, 19) 콜라겐
, 20) 당귀추출물(헤모힘)
, 51) 관절팔팔
, 52) 이노치노하하
, 72) 침향
, 81) 눈 영양제
D9_1_4_9_2,"  1) 인삼류(인삼, 홍삼)"
,  2) 유산균류(프로바이오틱스 등)
,  3) 비타민 및 무기질
,"  4) EPA 및 DHA 함유 유지(오메가3, 크릴오일 등)"
,  5) 단백질
,  6) 엠에스엠(MSM)
,  7) 밀크씨슬
,  8) 가르시니아캄보지아
,  9) 식이섬유
, 10) 쏘팔메토
, 11) 홍국
, 12) 마리골드꽃추출물/루테인지아잔틴추출물
, 13) 프로폴리스
, 14) 프락토올리고당
, 15) 알로에
, 16) 녹차추출물
, 17) 난소화성말토덱스트린
, 18) 코엔자임Q10
, 19) 콜라겐
, 20) 당귀추출물(헤모힘)
, 51) 관절팔팔
, 52) 이노치노하하
, 72) 침향
, 81) 눈 영양제
D9_1_4_10_2,"  1) 인삼류(인삼, 홍삼)"
,  2) 유산균류(프로바이오틱스 등)
,  3) 비타민 및 무기질
,"  4) EPA 및 DHA 함유 유지(오메가3, 크릴오일 등)"
,  5) 단백질
,  6) 엠에스엠(MSM)
,  7) 밀크씨슬
,  8) 가르시니아캄보지아
,  9) 식이섬유
, 10) 쏘팔메토
, 11) 홍국
, 12) 마리골드꽃추출물/루테인지아잔틴추출물
, 13) 프로폴리스
, 14) 프락토올리고당
, 15) 알로에
, 16) 녹차추출물
, 17) 난소화성말토덱스트린
, 18) 코엔자임Q10
, 19) 콜라겐
, 20) 당귀추출물(헤모힘)
, 51) 관절팔팔
, 52) 이노치노하하
, 72) 침향
, 81) 눈 영양제
D9_1_4_11_2,"  1) 인삼류(인삼, 홍삼)"
,  2) 유산균류(프로바이오틱스 등)
,  3) 비타민 및 무기질
,"  4) EPA 및 DHA 함유 유지(오메가3, 크릴오일 등)"
,  5) 단백질
,  6) 엠에스엠(MSM)
,  7) 밀크씨슬
,  8) 가르시니아캄보지아
,  9) 식이섬유
, 10) 쏘팔메토
, 11) 홍국
, 12) 마리골드꽃추출물/루테인지아잔틴추출물
, 13) 프로폴리스
, 14) 프락토올리고당
, 15) 알로에
, 16) 녹차추출물
, 17) 난소화성말토덱스트린
, 18) 코엔자임Q10
, 19) 콜라겐
, 20) 당귀추출물(헤모힘)
, 51) 관절팔팔
, 52) 이노치노하하
, 72) 침향
, 81) 눈 영양제
D9_1_4_12_2,"  1) 인삼류(인삼, 홍삼)"
,  2) 유산균류(프로바이오틱스 등)
,  3) 비타민 및 무기질
,"  4) EPA 및 DHA 함유 유지(오메가3, 크릴오일 등)"
,  5) 단백질
,  6) 엠에스엠(MSM)
,  7) 밀크씨슬
,  8) 가르시니아캄보지아
,  9) 식이섬유
, 10) 쏘팔메토
, 11) 홍국
, 12) 마리골드꽃추출물/루테인지아잔틴추출물
, 13) 프로폴리스
, 14) 프락토올리고당
, 15) 알로에
, 16) 녹차추출물
, 17) 난소화성말토덱스트린
, 18) 코엔자임Q10
, 19) 콜라겐
, 20) 당귀추출물(헤모힘)
, 51) 관절팔팔
, 52) 이노치노하하
, 72) 침향
, 81) 눈 영양제
D9_1_4_13_2,"  1) 인삼류(인삼, 홍삼)"
,  2) 유산균류(프로바이오틱스 등)
,  3) 비타민 및 무기질
,"  4) EPA 및 DHA 함유 유지(오메가3, 크릴오일 등)"
,  5) 단백질
,  6) 엠에스엠(MSM)
,  7) 밀크씨슬
,  8) 가르시니아캄보지아
,  9) 식이섬유
, 10) 쏘팔메토
, 11) 홍국
, 12) 마리골드꽃추출물/루테인지아잔틴추출물
, 13) 프로폴리스
, 14) 프락토올리고당
, 15) 알로에
, 16) 녹차추출물
, 17) 난소화성말토덱스트린
, 18) 코엔자임Q10
, 19) 콜라겐
, 20) 당귀추출물(헤모힘)
, 51) 관절팔팔
, 52) 이노치노하하
, 72) 침향
, 81) 눈 영양제
D9_1_4_14_2,"  1) 인삼류(인삼, 홍삼)"
,  2) 유산균류(프로바이오틱스 등)
,  3) 비타민 및 무기질
,"  4) EPA 및 DHA 함유 유지(오메가3, 크릴오일 등)"
,  5) 단백질
,  6) 엠에스엠(MSM)
,  7) 밀크씨슬
,  8) 가르시니아캄보지아
,  9) 식이섬유
, 10) 쏘팔메토
, 11) 홍국
, 12) 마리골드꽃추출물/루테인지아잔틴추출물
, 13) 프로폴리스
, 14) 프락토올리고당
, 15) 알로에
, 16) 녹차추출물
, 17) 난소화성말토덱스트린
, 18) 코엔자임Q10
, 19) 콜라겐
, 20) 당귀추출물(헤모힘)
, 51) 관절팔팔
, 52) 이노치노하하
, 72) 침향
, 81) 눈 영양제
D9_1_4_15_2,"  1) 인삼류(인삼, 홍삼)"
,  2) 유산균류(프로바이오틱스 등)
,  3) 비타민 및 무기질
,"  4) EPA 및 DHA 함유 유지(오메가3, 크릴오일 등)"
,  5) 단백질
,  6) 엠에스엠(MSM)
,  7) 밀크씨슬
,  8) 가르시니아캄보지아
,  9) 식이섬유
, 10) 쏘팔메토
, 11) 홍국
, 12) 마리골드꽃추출물/루테인지아잔틴추출물
, 13) 프로폴리스
, 14) 프락토올리고당
, 15) 알로에
, 16) 녹차추출물
, 17) 난소화성말토덱스트린
, 18) 코엔자임Q10
, 19) 콜라겐
, 20) 당귀추출물(헤모힘)
, 51) 관절팔팔
, 52) 이노치노하하
, 72) 침향
, 81) 눈 영양제
D9_1_4_16_2,"  1) 인삼류(인삼, 홍삼)"
,  2) 유산균류(프로바이오틱스 등)
,  3) 비타민 및 무기질
,"  4) EPA 및 DHA 함유 유지(오메가3, 크릴오일 등)"
,  5) 단백질
,  6) 엠에스엠(MSM)
,  7) 밀크씨슬
,  8) 가르시니아캄보지아
,  9) 식이섬유
, 10) 쏘팔메토
, 11) 홍국
, 12) 마리골드꽃추출물/루테인지아잔틴추출물
, 13) 프로폴리스
, 14) 프락토올리고당
, 15) 알로에
, 16) 녹차추출물
, 17) 난소화성말토덱스트린
, 18) 코엔자임Q10
, 19) 콜라겐
, 20) 당귀추출물(헤모힘)
, 51) 관절팔팔
, 52) 이노치노하하
, 72) 침향
, 81) 눈 영양제
D9_1_4_17_2,"  1) 인삼류(인삼, 홍삼)"
,  2) 유산균류(프로바이오틱스 등)
,  3) 비타민 및 무기질
,"  4) EPA 및 DHA 함유 유지(오메가3, 크릴오일 등)"
,  5) 단백질
,  6) 엠에스엠(MSM)
,  7) 밀크씨슬
,  8) 가르시니아캄보지아
,  9) 식이섬유
, 10) 쏘팔메토
, 11) 홍국
, 12) 마리골드꽃추출물/루테인지아잔틴추출물
, 13) 프로폴리스
, 14) 프락토올리고당
, 15) 알로에
, 16) 녹차추출물
, 17) 난소화성말토덱스트린
, 18) 코엔자임Q10
, 19) 콜라겐
, 20) 당귀추출물(헤모힘)
, 51) 관절팔팔
, 52) 이노치노하하
, 72) 침향
, 81) 눈 영양제
D9_1_4_18_2,"  1) 인삼류(인삼, 홍삼)"
,  2) 유산균류(프로바이오틱스 등)
,  3) 비타민 및 무기질
,"  4) EPA 및 DHA 함유 유지(오메가3, 크릴오일 등)"
,  5) 단백질
,  6) 엠에스엠(MSM)
,  7) 밀크씨슬
,  8) 가르시니아캄보지아
,  9) 식이섬유
, 10) 쏘팔메토
, 11) 홍국
, 12) 마리골드꽃추출물/루테인지아잔틴추출물
, 13) 프로폴리스
, 14) 프락토올리고당
, 15) 알로에
, 16) 녹차추출물
, 17) 난소화성말토덱스트린
, 18) 코엔자임Q10
, 19) 콜라겐
, 20) 당귀추출물(헤모힘)
, 51) 관절팔팔
, 52) 이노치노하하
, 72) 침향
, 81) 눈 영양제
D9_1_4_19_2,"  1) 인삼류(인삼, 홍삼)"
,  2) 유산균류(프로바이오틱스 등)
,  3) 비타민 및 무기질
,"  4) EPA 및 DHA 함유 유지(오메가3, 크릴오일 등)"
,  5) 단백질
,  6) 엠에스엠(MSM)
,  7) 밀크씨슬
,  8) 가르시니아캄보지아
,  9) 식이섬유
, 10) 쏘팔메토
, 11) 홍국
, 12) 마리골드꽃추출물/루테인지아잔틴추출물
, 13) 프로폴리스
, 14) 프락토올리고당
, 15) 알로에
, 16) 녹차추출물
, 17) 난소화성말토덱스트린
, 18) 코엔자임Q10
, 19) 콜라겐
, 20) 당귀추출물(헤모힘)
, 51) 관절팔팔
, 52) 이노치노하하
, 72) 침향
, 81) 눈 영양제
D9_1_4_20_2,"  1) 인삼류(인삼, 홍삼)"
,  2) 유산균류(프로바이오틱스 등)
,  3) 비타민 및 무기질
,"  4) EPA 및 DHA 함유 유지(오메가3, 크릴오일 등)"
,  5) 단백질
,  6) 엠에스엠(MSM)
,  7) 밀크씨슬
,  8) 가르시니아캄보지아
,  9) 식이섬유
, 10) 쏘팔메토
, 11) 홍국
, 12) 마리골드꽃추출물/루테인지아잔틴추출물
, 13) 프로폴리스
, 14) 프락토올리고당
, 15) 알로에
, 16) 녹차추출물
, 17) 난소화성말토덱스트린
, 18) 코엔자임Q10
, 19) 콜라겐
, 20) 당귀추출물(헤모힘)
, 51) 관절팔팔
, 52) 이노치노하하
, 72) 침향
, 81) 눈 영양제
D9_1_4_21_2,"  1) 인삼류(인삼, 홍삼)"
,  2) 유산균류(프로바이오틱스 등)
,  3) 비타민 및 무기질
,"  4) EPA 및 DHA 함유 유지(오메가3, 크릴오일 등)"
,  5) 단백질
,  6) 엠에스엠(MSM)
,  7) 밀크씨슬
,  8) 가르시니아캄보지아
,  9) 식이섬유
, 10) 쏘팔메토
, 11) 홍국
, 12) 마리골드꽃추출물/루테인지아잔틴추출물
, 13) 프로폴리스
, 14) 프락토올리고당
, 15) 알로에
, 16) 녹차추출물
, 17) 난소화성말토덱스트린
, 18) 코엔자임Q10
, 19) 콜라겐
, 20) 당귀추출물(헤모힘)
, 51) 관절팔팔
, 52) 이노치노하하
, 72) 침향
, 81) 눈 영양제
D9_1_1_31,  1) 남자
,  2) 여자
D9_1_4_1_31,"  1) 인삼류(인삼, 홍삼)"
,  2) 유산균류(프로바이오틱스 등)
,  3) 비타민 및 무기질
,"  4) EPA 및 DHA 함유 유지(오메가3, 크릴오일 등)"
,  5) 단백질
,  6) 엠에스엠(MSM)
,  7) 밀크씨슬
,  8) 가르시니아캄보지아
,  9) 식이섬유
, 10) 쏘팔메토
, 11) 홍국
, 12) 마리골드꽃추출물/루테인지아잔틴추출물
, 13) 프로폴리스
, 14) 프락토올리고당
, 15) 알로에
, 16) 녹차추출물
, 17) 난소화성말토덱스트린
, 18) 코엔자임Q10
, 19) 콜라겐
, 20) 당귀추출물(헤모힘)
, 51) 관절팔팔
, 52) 이노치노하하
, 72) 침향
, 81) 눈 영양제
D9_1_4_2_31,"  1) 인삼류(인삼, 홍삼)"
,  2) 유산균류(프로바이오틱스 등)
,  3) 비타민 및 무기질
,"  4) EPA 및 DHA 함유 유지(오메가3, 크릴오일 등)"
,  5) 단백질
,  6) 엠에스엠(MSM)
,  7) 밀크씨슬
,  8) 가르시니아캄보지아
,  9) 식이섬유
, 10) 쏘팔메토
, 11) 홍국
, 12) 마리골드꽃추출물/루테인지아잔틴추출물
, 13) 프로폴리스
, 14) 프락토올리고당
, 15) 알로에
, 16) 녹차추출물
, 17) 난소화성말토덱스트린
, 18) 코엔자임Q10
, 19) 콜라겐
, 20) 당귀추출물(헤모힘)
, 51) 관절팔팔
, 52) 이노치노하하
, 72) 침향
, 81) 눈 영양제
D9_1_4_3_31,"  1) 인삼류(인삼, 홍삼)"
,  2) 유산균류(프로바이오틱스 등)
,  3) 비타민 및 무기질
,"  4) EPA 및 DHA 함유 유지(오메가3, 크릴오일 등)"
,  5) 단백질
,  6) 엠에스엠(MSM)
,  7) 밀크씨슬
,  8) 가르시니아캄보지아
,  9) 식이섬유
, 10) 쏘팔메토
, 11) 홍국
, 12) 마리골드꽃추출물/루테인지아잔틴추출물
, 13) 프로폴리스
, 14) 프락토올리고당
, 15) 알로에
, 16) 녹차추출물
, 17) 난소화성말토덱스트린
, 18) 코엔자임Q10
, 19) 콜라겐
, 20) 당귀추출물(헤모힘)
, 51) 관절팔팔
, 52) 이노치노하하
, 72) 침향
, 81) 눈 영양제
D9_1_4_4_31,"  1) 인삼류(인삼, 홍삼)"
,  2) 유산균류(프로바이오틱스 등)
,  3) 비타민 및 무기질
,"  4) EPA 및 DHA 함유 유지(오메가3, 크릴오일 등)"
,  5) 단백질
,  6) 엠에스엠(MSM)
,  7) 밀크씨슬
,  8) 가르시니아캄보지아
,  9) 식이섬유
, 10) 쏘팔메토
, 11) 홍국
, 12) 마리골드꽃추출물/루테인지아잔틴추출물
, 13) 프로폴리스
, 14) 프락토올리고당
, 15) 알로에
, 16) 녹차추출물
, 17) 난소화성말토덱스트린
, 18) 코엔자임Q10
, 19) 콜라겐
, 20) 당귀추출물(헤모힘)
, 51) 관절팔팔
, 52) 이노치노하하
, 72) 침향
, 81) 눈 영양제
D9_1_4_5_31,"  1) 인삼류(인삼, 홍삼)"
,  2) 유산균류(프로바이오틱스 등)
,  3) 비타민 및 무기질
,"  4) EPA 및 DHA 함유 유지(오메가3, 크릴오일 등)"
,  5) 단백질
,  6) 엠에스엠(MSM)
,  7) 밀크씨슬
,  8) 가르시니아캄보지아
,  9) 식이섬유
, 10) 쏘팔메토
, 11) 홍국
, 12) 마리골드꽃추출물/루테인지아잔틴추출물
, 13) 프로폴리스
, 14) 프락토올리고당
, 15) 알로에
, 16) 녹차추출물
, 17) 난소화성말토덱스트린
, 18) 코엔자임Q10
, 19) 콜라겐
, 20) 당귀추출물(헤모힘)
, 51) 관절팔팔
, 52) 이노치노하하
, 72) 침향
, 81) 눈 영양제
D9_1_4_6_31,"  1) 인삼류(인삼, 홍삼)"
,  2) 유산균류(프로바이오틱스 등)
,  3) 비타민 및 무기질
,"  4) EPA 및 DHA 함유 유지(오메가3, 크릴오일 등)"
,  5) 단백질
,  6) 엠에스엠(MSM)
,  7) 밀크씨슬
,  8) 가르시니아캄보지아
,  9) 식이섬유
, 10) 쏘팔메토
, 11) 홍국
, 12) 마리골드꽃추출물/루테인지아잔틴추출물
, 13) 프로폴리스
, 14) 프락토올리고당
, 15) 알로에
, 16) 녹차추출물
, 17) 난소화성말토덱스트린
, 18) 코엔자임Q10
, 19) 콜라겐
, 20) 당귀추출물(헤모힘)
, 51) 관절팔팔
, 52) 이노치노하하
, 72) 침향
, 81) 눈 영양제
D9_1_4_7_31,"  1) 인삼류(인삼, 홍삼)"
,  2) 유산균류(프로바이오틱스 등)
,  3) 비타민 및 무기질
,"  4) EPA 및 DHA 함유 유지(오메가3, 크릴오일 등)"
,  5) 단백질
,  6) 엠에스엠(MSM)
,  7) 밀크씨슬
,  8) 가르시니아캄보지아
,  9) 식이섬유
, 10) 쏘팔메토
, 11) 홍국
, 12) 마리골드꽃추출물/루테인지아잔틴추출물
, 13) 프로폴리스
, 14) 프락토올리고당
, 15) 알로에
, 16) 녹차추출물
, 17) 난소화성말토덱스트린
, 18) 코엔자임Q10
, 19) 콜라겐
, 20) 당귀추출물(헤모힘)
, 51) 관절팔팔
, 52) 이노치노하하
, 72) 침향
, 81) 눈 영양제
D9_1_4_8_31,"  1) 인삼류(인삼, 홍삼)"
,  2) 유산균류(프로바이오틱스 등)
,  3) 비타민 및 무기질
,"  4) EPA 및 DHA 함유 유지(오메가3, 크릴오일 등)"
,  5) 단백질
,  6) 엠에스엠(MSM)
,  7) 밀크씨슬
,  8) 가르시니아캄보지아
,  9) 식이섬유
, 10) 쏘팔메토
, 11) 홍국
, 12) 마리골드꽃추출물/루테인지아잔틴추출물
, 13) 프로폴리스
, 14) 프락토올리고당
, 15) 알로에
, 16) 녹차추출물
, 17) 난소화성말토덱스트린
, 18) 코엔자임Q10
, 19) 콜라겐
, 20) 당귀추출물(헤모힘)
, 51) 관절팔팔
, 52) 이노치노하하
, 72) 침향
, 81) 눈 영양제
D9_1_4_9_31,"  1) 인삼류(인삼, 홍삼)"
,  2) 유산균류(프로바이오틱스 등)
,  3) 비타민 및 무기질
,"  4) EPA 및 DHA 함유 유지(오메가3, 크릴오일 등)"
,  5) 단백질
,  6) 엠에스엠(MSM)
,  7) 밀크씨슬
,  8) 가르시니아캄보지아
,  9) 식이섬유
, 10) 쏘팔메토
, 11) 홍국
, 12) 마리골드꽃추출물/루테인지아잔틴추출물
, 13) 프로폴리스
, 14) 프락토올리고당
, 15) 알로에
, 16) 녹차추출물
, 17) 난소화성말토덱스트린
, 18) 코엔자임Q10
, 19) 콜라겐
, 20) 당귀추출물(헤모힘)
, 51) 관절팔팔
, 52) 이노치노하하
, 72) 침향
, 81) 눈 영양제
D9_1_4_10_31,"  1) 인삼류(인삼, 홍삼)"
,  2) 유산균류(프로바이오틱스 등)
,  3) 비타민 및 무기질
,"  4) EPA 및 DHA 함유 유지(오메가3, 크릴오일 등)"
,  5) 단백질
,  6) 엠에스엠(MSM)
,  7) 밀크씨슬
,  8) 가르시니아캄보지아
,  9) 식이섬유
, 10) 쏘팔메토
, 11) 홍국
, 12) 마리골드꽃추출물/루테인지아잔틴추출물
, 13) 프로폴리스
, 14) 프락토올리고당
, 15) 알로에
, 16) 녹차추출물
, 17) 난소화성말토덱스트린
, 18) 코엔자임Q10
, 19) 콜라겐
, 20) 당귀추출물(헤모힘)
, 51) 관절팔팔
, 52) 이노치노하하
, 72) 침향
, 81) 눈 영양제
D9_1_4_11_31,"  1) 인삼류(인삼, 홍삼)"
,  2) 유산균류(프로바이오틱스 등)
,  3) 비타민 및 무기질
,"  4) EPA 및 DHA 함유 유지(오메가3, 크릴오일 등)"
,  5) 단백질
,  6) 엠에스엠(MSM)
,  7) 밀크씨슬
,  8) 가르시니아캄보지아
,  9) 식이섬유
, 10) 쏘팔메토
, 11) 홍국
, 12) 마리골드꽃추출물/루테인지아잔틴추출물
, 13) 프로폴리스
, 14) 프락토올리고당
, 15) 알로에
, 16) 녹차추출물
, 17) 난소화성말토덱스트린
, 18) 코엔자임Q10
, 19) 콜라겐
, 20) 당귀추출물(헤모힘)
, 51) 관절팔팔
, 52) 이노치노하하
, 72) 침향
, 81) 눈 영양제
D9_1_4_12_31,"  1) 인삼류(인삼, 홍삼)"
,  2) 유산균류(프로바이오틱스 등)
,  3) 비타민 및 무기질
,"  4) EPA 및 DHA 함유 유지(오메가3, 크릴오일 등)"
,  5) 단백질
,  6) 엠에스엠(MSM)
,  7) 밀크씨슬
,  8) 가르시니아캄보지아
,  9) 식이섬유
, 10) 쏘팔메토
, 11) 홍국
, 12) 마리골드꽃추출물/루테인지아잔틴추출물
, 13) 프로폴리스
, 14) 프락토올리고당
, 15) 알로에
, 16) 녹차추출물
, 17) 난소화성말토덱스트린
, 18) 코엔자임Q10
, 19) 콜라겐
, 20) 당귀추출물(헤모힘)
, 51) 관절팔팔
, 52) 이노치노하하
, 72) 침향
, 81) 눈 영양제
D9_1_4_13_31,"  1) 인삼류(인삼, 홍삼)"
,  2) 유산균류(프로바이오틱스 등)
,  3) 비타민 및 무기질
,"  4) EPA 및 DHA 함유 유지(오메가3, 크릴오일 등)"
,  5) 단백질
,  6) 엠에스엠(MSM)
,  7) 밀크씨슬
,  8) 가르시니아캄보지아
,  9) 식이섬유
, 10) 쏘팔메토
, 11) 홍국
, 12) 마리골드꽃추출물/루테인지아잔틴추출물
, 13) 프로폴리스
, 14) 프락토올리고당
, 15) 알로에
, 16) 녹차추출물
, 17) 난소화성말토덱스트린
, 18) 코엔자임Q10
, 19) 콜라겐
, 20) 당귀추출물(헤모힘)
, 51) 관절팔팔
, 52) 이노치노하하
, 72) 침향
, 81) 눈 영양제
D9_1_4_14_31,"  1) 인삼류(인삼, 홍삼)"
,  2) 유산균류(프로바이오틱스 등)
,  3) 비타민 및 무기질
,"  4) EPA 및 DHA 함유 유지(오메가3, 크릴오일 등)"
,  5) 단백질
,  6) 엠에스엠(MSM)
,  7) 밀크씨슬
,  8) 가르시니아캄보지아
,  9) 식이섬유
, 10) 쏘팔메토
, 11) 홍국
, 12) 마리골드꽃추출물/루테인지아잔틴추출물
, 13) 프로폴리스
, 14) 프락토올리고당
, 15) 알로에
, 16) 녹차추출물
, 17) 난소화성말토덱스트린
, 18) 코엔자임Q10
, 19) 콜라겐
, 20) 당귀추출물(헤모힘)
, 51) 관절팔팔
, 52) 이노치노하하
, 72) 침향
, 81) 눈 영양제
D9_1_4_15_31,"  1) 인삼류(인삼, 홍삼)"
,  2) 유산균류(프로바이오틱스 등)
,  3) 비타민 및 무기질
,"  4) EPA 및 DHA 함유 유지(오메가3, 크릴오일 등)"
,  5) 단백질
,  6) 엠에스엠(MSM)
,  7) 밀크씨슬
,  8) 가르시니아캄보지아
,  9) 식이섬유
, 10) 쏘팔메토
, 11) 홍국
, 12) 마리골드꽃추출물/루테인지아잔틴추출물
, 13) 프로폴리스
, 14) 프락토올리고당
, 15) 알로에
, 16) 녹차추출물
, 17) 난소화성말토덱스트린
, 18) 코엔자임Q10
, 19) 콜라겐
, 20) 당귀추출물(헤모힘)
, 51) 관절팔팔
, 52) 이노치노하하
, 72) 침향
, 81) 눈 영양제
D9_1_4_16_31,"  1) 인삼류(인삼, 홍삼)"
,  2) 유산균류(프로바이오틱스 등)
,  3) 비타민 및 무기질
,"  4) EPA 및 DHA 함유 유지(오메가3, 크릴오일 등)"
,  5) 단백질
,  6) 엠에스엠(MSM)
,  7) 밀크씨슬
,  8) 가르시니아캄보지아
,  9) 식이섬유
, 10) 쏘팔메토
, 11) 홍국
, 12) 마리골드꽃추출물/루테인지아잔틴추출물
, 13) 프로폴리스
, 14) 프락토올리고당
, 15) 알로에
, 16) 녹차추출물
, 17) 난소화성말토덱스트린
, 18) 코엔자임Q10
, 19) 콜라겐
, 20) 당귀추출물(헤모힘)
, 51) 관절팔팔
, 52) 이노치노하하
, 72) 침향
, 81) 눈 영양제
D9_1_4_17_31,"  1) 인삼류(인삼, 홍삼)"
,  2) 유산균류(프로바이오틱스 등)
,  3) 비타민 및 무기질
,"  4) EPA 및 DHA 함유 유지(오메가3, 크릴오일 등)"
,  5) 단백질
,  6) 엠에스엠(MSM)
,  7) 밀크씨슬
,  8) 가르시니아캄보지아
,  9) 식이섬유
, 10) 쏘팔메토
, 11) 홍국
, 12) 마리골드꽃추출물/루테인지아잔틴추출물
, 13) 프로폴리스
, 14) 프락토올리고당
, 15) 알로에
, 16) 녹차추출물
, 17) 난소화성말토덱스트린
, 18) 코엔자임Q10
, 19) 콜라겐
, 20) 당귀추출물(헤모힘)
, 51) 관절팔팔
, 52) 이노치노하하
, 72) 침향
, 81) 눈 영양제
D9_1_4_18_31,"  1) 인삼류(인삼, 홍삼)"
,  2) 유산균류(프로바이오틱스 등)
,  3) 비타민 및 무기질
,"  4) EPA 및 DHA 함유 유지(오메가3, 크릴오일 등)"
,  5) 단백질
,  6) 엠에스엠(MSM)
,  7) 밀크씨슬
,  8) 가르시니아캄보지아
,  9) 식이섬유
, 10) 쏘팔메토
, 11) 홍국
, 12) 마리골드꽃추출물/루테인지아잔틴추출물
, 13) 프로폴리스
, 14) 프락토올리고당
, 15) 알로에
, 16) 녹차추출물
, 17) 난소화성말토덱스트린
, 18) 코엔자임Q10
, 19) 콜라겐
, 20) 당귀추출물(헤모힘)
, 51) 관절팔팔
, 52) 이노치노하하
, 72) 침향
, 81) 눈 영양제
D9_1_4_19_31,"  1) 인삼류(인삼, 홍삼)"
,  2) 유산균류(프로바이오틱스 등)
,  3) 비타민 및 무기질
,"  4) EPA 및 DHA 함유 유지(오메가3, 크릴오일 등)"
,  5) 단백질
,  6) 엠에스엠(MSM)
,  7) 밀크씨슬
,  8) 가르시니아캄보지아
,  9) 식이섬유
, 10) 쏘팔메토
, 11) 홍국
, 12) 마리골드꽃추출물/루테인지아잔틴추출물
, 13) 프로폴리스
, 14) 프락토올리고당
, 15) 알로에
, 16) 녹차추출물
, 17) 난소화성말토덱스트린
, 18) 코엔자임Q10
, 19) 콜라겐
, 20) 당귀추출물(헤모힘)
, 51) 관절팔팔
, 52) 이노치노하하
, 72) 침향
, 81) 눈 영양제
D9_1_4_20_31,"  1) 인삼류(인삼, 홍삼)"
,  2) 유산균류(프로바이오틱스 등)
,  3) 비타민 및 무기질
,"  4) EPA 및 DHA 함유 유지(오메가3, 크릴오일 등)"
,  5) 단백질
,  6) 엠에스엠(MSM)
,  7) 밀크씨슬
,  8) 가르시니아캄보지아
,  9) 식이섬유
, 10) 쏘팔메토
, 11) 홍국
, 12) 마리골드꽃추출물/루테인지아잔틴추출물
, 13) 프로폴리스
, 14) 프락토올리고당
, 15) 알로에
, 16) 녹차추출물
, 17) 난소화성말토덱스트린
, 18) 코엔자임Q10
, 19) 콜라겐
, 20) 당귀추출물(헤모힘)
, 51) 관절팔팔
, 52) 이노치노하하
, 72) 침향
, 81) 눈 영양제
D9_1_4_21_31,"  1) 인삼류(인삼, 홍삼)"
,  2) 유산균류(프로바이오틱스 등)
,  3) 비타민 및 무기질
,"  4) EPA 및 DHA 함유 유지(오메가3, 크릴오일 등)"
,  5) 단백질
,  6) 엠에스엠(MSM)
,  7) 밀크씨슬
,  8) 가르시니아캄보지아
,  9) 식이섬유
, 10) 쏘팔메토
, 11) 홍국
, 12) 마리골드꽃추출물/루테인지아잔틴추출물
, 13) 프로폴리스
, 14) 프락토올리고당
, 15) 알로에
, 16) 녹차추출물
, 17) 난소화성말토덱스트린
, 18) 코엔자임Q10
, 19) 콜라겐
, 20) 당귀추출물(헤모힘)
, 51) 관절팔팔
, 52) 이노치노하하
, 72) 침향
, 81) 눈 영양제
D9_1_1_32,  1) 남자
,  2) 여자
D9_1_4_1_32,"  1) 인삼류(인삼, 홍삼)"
,  2) 유산균류(프로바이오틱스 등)
,  3) 비타민 및 무기질
,"  4) EPA 및 DHA 함유 유지(오메가3, 크릴오일 등)"
,  5) 단백질
,  6) 엠에스엠(MSM)
,  7) 밀크씨슬
,  8) 가르시니아캄보지아
,  9) 식이섬유
, 10) 쏘팔메토
, 11) 홍국
, 12) 마리골드꽃추출물/루테인지아잔틴추출물
, 13) 프로폴리스
, 14) 프락토올리고당
, 15) 알로에
, 16) 녹차추출물
, 17) 난소화성말토덱스트린
, 18) 코엔자임Q10
, 19) 콜라겐
, 20) 당귀추출물(헤모힘)
, 51) 관절팔팔
, 52) 이노치노하하
, 72) 침향
, 81) 눈 영양제
D9_1_4_2_32,"  1) 인삼류(인삼, 홍삼)"
,  2) 유산균류(프로바이오틱스 등)
,  3) 비타민 및 무기질
,"  4) EPA 및 DHA 함유 유지(오메가3, 크릴오일 등)"
,  5) 단백질
,  6) 엠에스엠(MSM)
,  7) 밀크씨슬
,  8) 가르시니아캄보지아
,  9) 식이섬유
, 10) 쏘팔메토
, 11) 홍국
, 12) 마리골드꽃추출물/루테인지아잔틴추출물
, 13) 프로폴리스
, 14) 프락토올리고당
, 15) 알로에
, 16) 녹차추출물
, 17) 난소화성말토덱스트린
, 18) 코엔자임Q10
, 19) 콜라겐
, 20) 당귀추출물(헤모힘)
, 51) 관절팔팔
, 52) 이노치노하하
, 72) 침향
, 81) 눈 영양제
D9_1_4_3_32,"  1) 인삼류(인삼, 홍삼)"
,  2) 유산균류(프로바이오틱스 등)
,  3) 비타민 및 무기질
,"  4) EPA 및 DHA 함유 유지(오메가3, 크릴오일 등)"
,  5) 단백질
,  6) 엠에스엠(MSM)
,  7) 밀크씨슬
,  8) 가르시니아캄보지아
,  9) 식이섬유
, 10) 쏘팔메토
, 11) 홍국
, 12) 마리골드꽃추출물/루테인지아잔틴추출물
, 13) 프로폴리스
, 14) 프락토올리고당
, 15) 알로에
, 16) 녹차추출물
, 17) 난소화성말토덱스트린
, 18) 코엔자임Q10
, 19) 콜라겐
, 20) 당귀추출물(헤모힘)
, 51) 관절팔팔
, 52) 이노치노하하
, 72) 침향
, 81) 눈 영양제
D9_1_4_4_32,"  1) 인삼류(인삼, 홍삼)"
,  2) 유산균류(프로바이오틱스 등)
,  3) 비타민 및 무기질
,"  4) EPA 및 DHA 함유 유지(오메가3, 크릴오일 등)"
,  5) 단백질
,  6) 엠에스엠(MSM)
,  7) 밀크씨슬
,  8) 가르시니아캄보지아
,  9) 식이섬유
, 10) 쏘팔메토
, 11) 홍국
, 12) 마리골드꽃추출물/루테인지아잔틴추출물
, 13) 프로폴리스
, 14) 프락토올리고당
, 15) 알로에
, 16) 녹차추출물
, 17) 난소화성말토덱스트린
, 18) 코엔자임Q10
, 19) 콜라겐
, 20) 당귀추출물(헤모힘)
, 51) 관절팔팔
, 52) 이노치노하하
, 72) 침향
, 81) 눈 영양제
D9_1_4_5_32,"  1) 인삼류(인삼, 홍삼)"
,  2) 유산균류(프로바이오틱스 등)
,  3) 비타민 및 무기질
,"  4) EPA 및 DHA 함유 유지(오메가3, 크릴오일 등)"
,  5) 단백질
,  6) 엠에스엠(MSM)
,  7) 밀크씨슬
,  8) 가르시니아캄보지아
,  9) 식이섬유
, 10) 쏘팔메토
, 11) 홍국
, 12) 마리골드꽃추출물/루테인지아잔틴추출물
, 13) 프로폴리스
, 14) 프락토올리고당
, 15) 알로에
, 16) 녹차추출물
, 17) 난소화성말토덱스트린
, 18) 코엔자임Q10
, 19) 콜라겐
, 20) 당귀추출물(헤모힘)
, 51) 관절팔팔
, 52) 이노치노하하
, 72) 침향
, 81) 눈 영양제
D9_1_4_6_32,"  1) 인삼류(인삼, 홍삼)"
,  2) 유산균류(프로바이오틱스 등)
,  3) 비타민 및 무기질
,"  4) EPA 및 DHA 함유 유지(오메가3, 크릴오일 등)"
,  5) 단백질
,  6) 엠에스엠(MSM)
,  7) 밀크씨슬
,  8) 가르시니아캄보지아
,  9) 식이섬유
, 10) 쏘팔메토
, 11) 홍국
, 12) 마리골드꽃추출물/루테인지아잔틴추출물
, 13) 프로폴리스
, 14) 프락토올리고당
, 15) 알로에
, 16) 녹차추출물
, 17) 난소화성말토덱스트린
, 18) 코엔자임Q10
, 19) 콜라겐
, 20) 당귀추출물(헤모힘)
, 51) 관절팔팔
, 52) 이노치노하하
, 72) 침향
, 81) 눈 영양제
D9_1_4_7_32,"  1) 인삼류(인삼, 홍삼)"
,  2) 유산균류(프로바이오틱스 등)
,  3) 비타민 및 무기질
,"  4) EPA 및 DHA 함유 유지(오메가3, 크릴오일 등)"
,  5) 단백질
,  6) 엠에스엠(MSM)
,  7) 밀크씨슬
,  8) 가르시니아캄보지아
,  9) 식이섬유
, 10) 쏘팔메토
, 11) 홍국
, 12) 마리골드꽃추출물/루테인지아잔틴추출물
, 13) 프로폴리스
, 14) 프락토올리고당
, 15) 알로에
, 16) 녹차추출물
, 17) 난소화성말토덱스트린
, 18) 코엔자임Q10
, 19) 콜라겐
, 20) 당귀추출물(헤모힘)
, 51) 관절팔팔
, 52) 이노치노하하
, 72) 침향
, 81) 눈 영양제
D9_1_4_8_32,"  1) 인삼류(인삼, 홍삼)"
,  2) 유산균류(프로바이오틱스 등)
,  3) 비타민 및 무기질
,"  4) EPA 및 DHA 함유 유지(오메가3, 크릴오일 등)"
,  5) 단백질
,  6) 엠에스엠(MSM)
,  7) 밀크씨슬
,  8) 가르시니아캄보지아
,  9) 식이섬유
, 10) 쏘팔메토
, 11) 홍국
, 12) 마리골드꽃추출물/루테인지아잔틴추출물
, 13) 프로폴리스
, 14) 프락토올리고당
, 15) 알로에
, 16) 녹차추출물
, 17) 난소화성말토덱스트린
, 18) 코엔자임Q10
, 19) 콜라겐
, 20) 당귀추출물(헤모힘)
, 51) 관절팔팔
, 52) 이노치노하하
, 72) 침향
, 81) 눈 영양제
D9_1_4_9_32,"  1) 인삼류(인삼, 홍삼)"
,  2) 유산균류(프로바이오틱스 등)
,  3) 비타민 및 무기질
,"  4) EPA 및 DHA 함유 유지(오메가3, 크릴오일 등)"
,  5) 단백질
,  6) 엠에스엠(MSM)
,  7) 밀크씨슬
,  8) 가르시니아캄보지아
,  9) 식이섬유
, 10) 쏘팔메토
, 11) 홍국
, 12) 마리골드꽃추출물/루테인지아잔틴추출물
, 13) 프로폴리스
, 14) 프락토올리고당
, 15) 알로에
, 16) 녹차추출물
, 17) 난소화성말토덱스트린
, 18) 코엔자임Q10
, 19) 콜라겐
, 20) 당귀추출물(헤모힘)
, 51) 관절팔팔
, 52) 이노치노하하
, 72) 침향
, 81) 눈 영양제
D9_1_4_10_32,"  1) 인삼류(인삼, 홍삼)"
,  2) 유산균류(프로바이오틱스 등)
,  3) 비타민 및 무기질
,"  4) EPA 및 DHA 함유 유지(오메가3, 크릴오일 등)"
,  5) 단백질
,  6) 엠에스엠(MSM)
,  7) 밀크씨슬
,  8) 가르시니아캄보지아
,  9) 식이섬유
, 10) 쏘팔메토
, 11) 홍국
, 12) 마리골드꽃추출물/루테인지아잔틴추출물
, 13) 프로폴리스
, 14) 프락토올리고당
, 15) 알로에
, 16) 녹차추출물
, 17) 난소화성말토덱스트린
, 18) 코엔자임Q10
, 19) 콜라겐
, 20) 당귀추출물(헤모힘)
, 51) 관절팔팔
, 52) 이노치노하하
, 72) 침향
, 81) 눈 영양제
D9_1_4_11_32,"  1) 인삼류(인삼, 홍삼)"
,  2) 유산균류(프로바이오틱스 등)
,  3) 비타민 및 무기질
,"  4) EPA 및 DHA 함유 유지(오메가3, 크릴오일 등)"
,  5) 단백질
,  6) 엠에스엠(MSM)
,  7) 밀크씨슬
,  8) 가르시니아캄보지아
,  9) 식이섬유
, 10) 쏘팔메토
, 11) 홍국
, 12) 마리골드꽃추출물/루테인지아잔틴추출물
, 13) 프로폴리스
, 14) 프락토올리고당
, 15) 알로에
, 16) 녹차추출물
, 17) 난소화성말토덱스트린
, 18) 코엔자임Q10
, 19) 콜라겐
, 20) 당귀추출물(헤모힘)
, 51) 관절팔팔
, 52) 이노치노하하
, 72) 침향
, 81) 눈 영양제
D9_1_4_12_32,"  1) 인삼류(인삼, 홍삼)"
,  2) 유산균류(프로바이오틱스 등)
,  3) 비타민 및 무기질
,"  4) EPA 및 DHA 함유 유지(오메가3, 크릴오일 등)"
,  5) 단백질
,  6) 엠에스엠(MSM)
,  7) 밀크씨슬
,  8) 가르시니아캄보지아
,  9) 식이섬유
, 10) 쏘팔메토
, 11) 홍국
, 12) 마리골드꽃추출물/루테인지아잔틴추출물
, 13) 프로폴리스
, 14) 프락토올리고당
, 15) 알로에
, 16) 녹차추출물
, 17) 난소화성말토덱스트린
, 18) 코엔자임Q10
, 19) 콜라겐
, 20) 당귀추출물(헤모힘)
, 51) 관절팔팔
, 52) 이노치노하하
, 72) 침향
, 81) 눈 영양제
D9_1_4_13_32,"  1) 인삼류(인삼, 홍삼)"
,  2) 유산균류(프로바이오틱스 등)
,  3) 비타민 및 무기질
,"  4) EPA 및 DHA 함유 유지(오메가3, 크릴오일 등)"
,  5) 단백질
,  6) 엠에스엠(MSM)
,  7) 밀크씨슬
,  8) 가르시니아캄보지아
,  9) 식이섬유
, 10) 쏘팔메토
, 11) 홍국
, 12) 마리골드꽃추출물/루테인지아잔틴추출물
, 13) 프로폴리스
, 14) 프락토올리고당
, 15) 알로에
, 16) 녹차추출물
, 17) 난소화성말토덱스트린
, 18) 코엔자임Q10
, 19) 콜라겐
, 20) 당귀추출물(헤모힘)
, 51) 관절팔팔
, 52) 이노치노하하
, 72) 침향
, 81) 눈 영양제
D9_1_4_14_32,"  1) 인삼류(인삼, 홍삼)"
,  2) 유산균류(프로바이오틱스 등)
,  3) 비타민 및 무기질
,"  4) EPA 및 DHA 함유 유지(오메가3, 크릴오일 등)"
,  5) 단백질
,  6) 엠에스엠(MSM)
,  7) 밀크씨슬
,  8) 가르시니아캄보지아
,  9) 식이섬유
, 10) 쏘팔메토
, 11) 홍국
, 12) 마리골드꽃추출물/루테인지아잔틴추출물
, 13) 프로폴리스
, 14) 프락토올리고당
, 15) 알로에
, 16) 녹차추출물
, 17) 난소화성말토덱스트린
, 18) 코엔자임Q10
, 19) 콜라겐
, 20) 당귀추출물(헤모힘)
, 51) 관절팔팔
, 52) 이노치노하하
, 72) 침향
, 81) 눈 영양제
D9_1_4_15_32,"  1) 인삼류(인삼, 홍삼)"
,  2) 유산균류(프로바이오틱스 등)
,  3) 비타민 및 무기질
,"  4) EPA 및 DHA 함유 유지(오메가3, 크릴오일 등)"
,  5) 단백질
,  6) 엠에스엠(MSM)
,  7) 밀크씨슬
,  8) 가르시니아캄보지아
,  9) 식이섬유
, 10) 쏘팔메토
, 11) 홍국
, 12) 마리골드꽃추출물/루테인지아잔틴추출물
, 13) 프로폴리스
, 14) 프락토올리고당
, 15) 알로에
, 16) 녹차추출물
, 17) 난소화성말토덱스트린
, 18) 코엔자임Q10
, 19) 콜라겐
, 20) 당귀추출물(헤모힘)
, 51) 관절팔팔
, 52) 이노치노하하
, 72) 침향
, 81) 눈 영양제
D9_1_4_16_32,"  1) 인삼류(인삼, 홍삼)"
,  2) 유산균류(프로바이오틱스 등)
,  3) 비타민 및 무기질
,"  4) EPA 및 DHA 함유 유지(오메가3, 크릴오일 등)"
,  5) 단백질
,  6) 엠에스엠(MSM)
,  7) 밀크씨슬
,  8) 가르시니아캄보지아
,  9) 식이섬유
, 10) 쏘팔메토
, 11) 홍국
, 12) 마리골드꽃추출물/루테인지아잔틴추출물
, 13) 프로폴리스
, 14) 프락토올리고당
, 15) 알로에
, 16) 녹차추출물
, 17) 난소화성말토덱스트린
, 18) 코엔자임Q10
, 19) 콜라겐
, 20) 당귀추출물(헤모힘)
, 51) 관절팔팔
, 52) 이노치노하하
, 72) 침향
, 81) 눈 영양제
D9_1_4_17_32,"  1) 인삼류(인삼, 홍삼)"
,  2) 유산균류(프로바이오틱스 등)
,  3) 비타민 및 무기질
,"  4) EPA 및 DHA 함유 유지(오메가3, 크릴오일 등)"
,  5) 단백질
,  6) 엠에스엠(MSM)
,  7) 밀크씨슬
,  8) 가르시니아캄보지아
,  9) 식이섬유
, 10) 쏘팔메토
, 11) 홍국
, 12) 마리골드꽃추출물/루테인지아잔틴추출물
, 13) 프로폴리스
, 14) 프락토올리고당
, 15) 알로에
, 16) 녹차추출물
, 17) 난소화성말토덱스트린
, 18) 코엔자임Q10
, 19) 콜라겐
, 20) 당귀추출물(헤모힘)
, 51) 관절팔팔
, 52) 이노치노하하
, 72) 침향
, 81) 눈 영양제
D9_1_4_18_32,"  1) 인삼류(인삼, 홍삼)"
,  2) 유산균류(프로바이오틱스 등)
,  3) 비타민 및 무기질
,"  4) EPA 및 DHA 함유 유지(오메가3, 크릴오일 등)"
,  5) 단백질
,  6) 엠에스엠(MSM)
,  7) 밀크씨슬
,  8) 가르시니아캄보지아
,  9) 식이섬유
, 10) 쏘팔메토
, 11) 홍국
, 12) 마리골드꽃추출물/루테인지아잔틴추출물
, 13) 프로폴리스
, 14) 프락토올리고당
, 15) 알로에
, 16) 녹차추출물
, 17) 난소화성말토덱스트린
, 18) 코엔자임Q10
, 19) 콜라겐
, 20) 당귀추출물(헤모힘)
, 51) 관절팔팔
, 52) 이노치노하하
, 72) 침향
, 81) 눈 영양제
D9_1_4_19_32,"  1) 인삼류(인삼, 홍삼)"
,  2) 유산균류(프로바이오틱스 등)
,  3) 비타민 및 무기질
,"  4) EPA 및 DHA 함유 유지(오메가3, 크릴오일 등)"
,  5) 단백질
,  6) 엠에스엠(MSM)
,  7) 밀크씨슬
,  8) 가르시니아캄보지아
,  9) 식이섬유
, 10) 쏘팔메토
, 11) 홍국
, 12) 마리골드꽃추출물/루테인지아잔틴추출물
, 13) 프로폴리스
, 14) 프락토올리고당
, 15) 알로에
, 16) 녹차추출물
, 17) 난소화성말토덱스트린
, 18) 코엔자임Q10
, 19) 콜라겐
, 20) 당귀추출물(헤모힘)
, 51) 관절팔팔
, 52) 이노치노하하
, 72) 침향
, 81) 눈 영양제
D9_1_4_20_32,"  1) 인삼류(인삼, 홍삼)"
,  2) 유산균류(프로바이오틱스 등)
,  3) 비타민 및 무기질
,"  4) EPA 및 DHA 함유 유지(오메가3, 크릴오일 등)"
,  5) 단백질
,  6) 엠에스엠(MSM)
,  7) 밀크씨슬
,  8) 가르시니아캄보지아
,  9) 식이섬유
, 10) 쏘팔메토
, 11) 홍국
, 12) 마리골드꽃추출물/루테인지아잔틴추출물
, 13) 프로폴리스
, 14) 프락토올리고당
, 15) 알로에
, 16) 녹차추출물
, 17) 난소화성말토덱스트린
, 18) 코엔자임Q10
, 19) 콜라겐
, 20) 당귀추출물(헤모힘)
, 51) 관절팔팔
, 52) 이노치노하하
, 72) 침향
, 81) 눈 영양제
D9_1_4_21_32,"  1) 인삼류(인삼, 홍삼)"
,  2) 유산균류(프로바이오틱스 등)
,  3) 비타민 및 무기질
,"  4) EPA 및 DHA 함유 유지(오메가3, 크릴오일 등)"
,  5) 단백질
,  6) 엠에스엠(MSM)
,  7) 밀크씨슬
,  8) 가르시니아캄보지아
,  9) 식이섬유
, 10) 쏘팔메토
, 11) 홍국
, 12) 마리골드꽃추출물/루테인지아잔틴추출물
, 13) 프로폴리스
, 14) 프락토올리고당
, 15) 알로에
, 16) 녹차추출물
, 17) 난소화성말토덱스트린
, 18) 코엔자임Q10
, 19) 콜라겐
, 20) 당귀추출물(헤모힘)
, 51) 관절팔팔
, 52) 이노치노하하
, 72) 침향
, 81) 눈 영양제
D9_1_1_33,  1) 남자
,  2) 여자
D9_1_4_1_33,"  1) 인삼류(인삼, 홍삼)"
,  2) 유산균류(프로바이오틱스 등)
,  3) 비타민 및 무기질
,"  4) EPA 및 DHA 함유 유지(오메가3, 크릴오일 등)"
,  5) 단백질
,  6) 엠에스엠(MSM)
,  7) 밀크씨슬
,  8) 가르시니아캄보지아
,  9) 식이섬유
, 10) 쏘팔메토
, 11) 홍국
, 12) 마리골드꽃추출물/루테인지아잔틴추출물
, 13) 프로폴리스
, 14) 프락토올리고당
, 15) 알로에
, 16) 녹차추출물
, 17) 난소화성말토덱스트린
, 18) 코엔자임Q10
, 19) 콜라겐
, 20) 당귀추출물(헤모힘)
, 51) 관절팔팔
, 52) 이노치노하하
, 72) 침향
, 81) 눈 영양제
D9_1_4_2_33,"  1) 인삼류(인삼, 홍삼)"
,  2) 유산균류(프로바이오틱스 등)
,  3) 비타민 및 무기질
,"  4) EPA 및 DHA 함유 유지(오메가3, 크릴오일 등)"
,  5) 단백질
,  6) 엠에스엠(MSM)
,  7) 밀크씨슬
,  8) 가르시니아캄보지아
,  9) 식이섬유
, 10) 쏘팔메토
, 11) 홍국
, 12) 마리골드꽃추출물/루테인지아잔틴추출물
, 13) 프로폴리스
, 14) 프락토올리고당
, 15) 알로에
, 16) 녹차추출물
, 17) 난소화성말토덱스트린
, 18) 코엔자임Q10
, 19) 콜라겐
, 20) 당귀추출물(헤모힘)
, 51) 관절팔팔
, 52) 이노치노하하
, 72) 침향
, 81) 눈 영양제
D9_1_4_3_33,"  1) 인삼류(인삼, 홍삼)"
,  2) 유산균류(프로바이오틱스 등)
,  3) 비타민 및 무기질
,"  4) EPA 및 DHA 함유 유지(오메가3, 크릴오일 등)"
,  5) 단백질
,  6) 엠에스엠(MSM)
,  7) 밀크씨슬
,  8) 가르시니아캄보지아
,  9) 식이섬유
, 10) 쏘팔메토
, 11) 홍국
, 12) 마리골드꽃추출물/루테인지아잔틴추출물
, 13) 프로폴리스
, 14) 프락토올리고당
, 15) 알로에
, 16) 녹차추출물
, 17) 난소화성말토덱스트린
, 18) 코엔자임Q10
, 19) 콜라겐
, 20) 당귀추출물(헤모힘)
, 51) 관절팔팔
, 52) 이노치노하하
, 72) 침향
, 81) 눈 영양제
D9_1_4_4_33,"  1) 인삼류(인삼, 홍삼)"
,  2) 유산균류(프로바이오틱스 등)
,  3) 비타민 및 무기질
,"  4) EPA 및 DHA 함유 유지(오메가3, 크릴오일 등)"
,  5) 단백질
,  6) 엠에스엠(MSM)
,  7) 밀크씨슬
,  8) 가르시니아캄보지아
,  9) 식이섬유
, 10) 쏘팔메토
, 11) 홍국
, 12) 마리골드꽃추출물/루테인지아잔틴추출물
, 13) 프로폴리스
, 14) 프락토올리고당
, 15) 알로에
, 16) 녹차추출물
, 17) 난소화성말토덱스트린
, 18) 코엔자임Q10
, 19) 콜라겐
, 20) 당귀추출물(헤모힘)
, 51) 관절팔팔
, 52) 이노치노하하
, 72) 침향
, 81) 눈 영양제
D9_1_4_5_33,"  1) 인삼류(인삼, 홍삼)"
,  2) 유산균류(프로바이오틱스 등)
,  3) 비타민 및 무기질
,"  4) EPA 및 DHA 함유 유지(오메가3, 크릴오일 등)"
,  5) 단백질
,  6) 엠에스엠(MSM)
,  7) 밀크씨슬
,  8) 가르시니아캄보지아
,  9) 식이섬유
, 10) 쏘팔메토
, 11) 홍국
, 12) 마리골드꽃추출물/루테인지아잔틴추출물
, 13) 프로폴리스
, 14) 프락토올리고당
, 15) 알로에
, 16) 녹차추출물
, 17) 난소화성말토덱스트린
, 18) 코엔자임Q10
, 19) 콜라겐
, 20) 당귀추출물(헤모힘)
, 51) 관절팔팔
, 52) 이노치노하하
, 72) 침향
, 81) 눈 영양제
D9_1_4_6_33,"  1) 인삼류(인삼, 홍삼)"
,  2) 유산균류(프로바이오틱스 등)
,  3) 비타민 및 무기질
,"  4) EPA 및 DHA 함유 유지(오메가3, 크릴오일 등)"
,  5) 단백질
,  6) 엠에스엠(MSM)
,  7) 밀크씨슬
,  8) 가르시니아캄보지아
,  9) 식이섬유
, 10) 쏘팔메토
, 11) 홍국
, 12) 마리골드꽃추출물/루테인지아잔틴추출물
, 13) 프로폴리스
, 14) 프락토올리고당
, 15) 알로에
, 16) 녹차추출물
, 17) 난소화성말토덱스트린
, 18) 코엔자임Q10
, 19) 콜라겐
, 20) 당귀추출물(헤모힘)
, 51) 관절팔팔
, 52) 이노치노하하
, 72) 침향
, 81) 눈 영양제
D9_1_4_7_33,"  1) 인삼류(인삼, 홍삼)"
,  2) 유산균류(프로바이오틱스 등)
,  3) 비타민 및 무기질
,"  4) EPA 및 DHA 함유 유지(오메가3, 크릴오일 등)"
,  5) 단백질
,  6) 엠에스엠(MSM)
,  7) 밀크씨슬
,  8) 가르시니아캄보지아
,  9) 식이섬유
, 10) 쏘팔메토
, 11) 홍국
, 12) 마리골드꽃추출물/루테인지아잔틴추출물
, 13) 프로폴리스
, 14) 프락토올리고당
, 15) 알로에
, 16) 녹차추출물
, 17) 난소화성말토덱스트린
, 18) 코엔자임Q10
, 19) 콜라겐
, 20) 당귀추출물(헤모힘)
, 51) 관절팔팔
, 52) 이노치노하하
, 72) 침향
, 81) 눈 영양제
D9_1_4_8_33,"  1) 인삼류(인삼, 홍삼)"
,  2) 유산균류(프로바이오틱스 등)
,  3) 비타민 및 무기질
,"  4) EPA 및 DHA 함유 유지(오메가3, 크릴오일 등)"
,  5) 단백질
,  6) 엠에스엠(MSM)
,  7) 밀크씨슬
,  8) 가르시니아캄보지아
,  9) 식이섬유
, 10) 쏘팔메토
, 11) 홍국
, 12) 마리골드꽃추출물/루테인지아잔틴추출물
, 13) 프로폴리스
, 14) 프락토올리고당
, 15) 알로에
, 16) 녹차추출물
, 17) 난소화성말토덱스트린
, 18) 코엔자임Q10
, 19) 콜라겐
, 20) 당귀추출물(헤모힘)
, 51) 관절팔팔
, 52) 이노치노하하
, 72) 침향
, 81) 눈 영양제
D9_1_4_9_33,"  1) 인삼류(인삼, 홍삼)"
,  2) 유산균류(프로바이오틱스 등)
,  3) 비타민 및 무기질
,"  4) EPA 및 DHA 함유 유지(오메가3, 크릴오일 등)"
,  5) 단백질
,  6) 엠에스엠(MSM)
,  7) 밀크씨슬
,  8) 가르시니아캄보지아
,  9) 식이섬유
, 10) 쏘팔메토
, 11) 홍국
, 12) 마리골드꽃추출물/루테인지아잔틴추출물
, 13) 프로폴리스
, 14) 프락토올리고당
, 15) 알로에
, 16) 녹차추출물
, 17) 난소화성말토덱스트린
, 18) 코엔자임Q10
, 19) 콜라겐
, 20) 당귀추출물(헤모힘)
, 51) 관절팔팔
, 52) 이노치노하하
, 72) 침향
, 81) 눈 영양제
D9_1_4_10_33,"  1) 인삼류(인삼, 홍삼)"
,  2) 유산균류(프로바이오틱스 등)
,  3) 비타민 및 무기질
,"  4) EPA 및 DHA 함유 유지(오메가3, 크릴오일 등)"
,  5) 단백질
,  6) 엠에스엠(MSM)
,  7) 밀크씨슬
,  8) 가르시니아캄보지아
,  9) 식이섬유
, 10) 쏘팔메토
, 11) 홍국
, 12) 마리골드꽃추출물/루테인지아잔틴추출물
, 13) 프로폴리스
, 14) 프락토올리고당
, 15) 알로에
, 16) 녹차추출물
, 17) 난소화성말토덱스트린
, 18) 코엔자임Q10
, 19) 콜라겐
, 20) 당귀추출물(헤모힘)
, 51) 관절팔팔
, 52) 이노치노하하
, 72) 침향
, 81) 눈 영양제
D9_1_4_11_33,"  1) 인삼류(인삼, 홍삼)"
,  2) 유산균류(프로바이오틱스 등)
,  3) 비타민 및 무기질
,"  4) EPA 및 DHA 함유 유지(오메가3, 크릴오일 등)"
,  5) 단백질
,  6) 엠에스엠(MSM)
,  7) 밀크씨슬
,  8) 가르시니아캄보지아
,  9) 식이섬유
, 10) 쏘팔메토
, 11) 홍국
, 12) 마리골드꽃추출물/루테인지아잔틴추출물
, 13) 프로폴리스
, 14) 프락토올리고당
, 15) 알로에
, 16) 녹차추출물
, 17) 난소화성말토덱스트린
, 18) 코엔자임Q10
, 19) 콜라겐
, 20) 당귀추출물(헤모힘)
, 51) 관절팔팔
, 52) 이노치노하하
, 72) 침향
, 81) 눈 영양제
D9_1_4_12_33,"  1) 인삼류(인삼, 홍삼)"
,  2) 유산균류(프로바이오틱스 등)
,  3) 비타민 및 무기질
,"  4) EPA 및 DHA 함유 유지(오메가3, 크릴오일 등)"
,  5) 단백질
,  6) 엠에스엠(MSM)
,  7) 밀크씨슬
,  8) 가르시니아캄보지아
,  9) 식이섬유
, 10) 쏘팔메토
, 11) 홍국
, 12) 마리골드꽃추출물/루테인지아잔틴추출물
, 13) 프로폴리스
, 14) 프락토올리고당
, 15) 알로에
, 16) 녹차추출물
, 17) 난소화성말토덱스트린
, 18) 코엔자임Q10
, 19) 콜라겐
, 20) 당귀추출물(헤모힘)
, 51) 관절팔팔
, 52) 이노치노하하
, 72) 침향
, 81) 눈 영양제
D9_1_4_13_33,"  1) 인삼류(인삼, 홍삼)"
,  2) 유산균류(프로바이오틱스 등)
,  3) 비타민 및 무기질
,"  4) EPA 및 DHA 함유 유지(오메가3, 크릴오일 등)"
,  5) 단백질
,  6) 엠에스엠(MSM)
,  7) 밀크씨슬
,  8) 가르시니아캄보지아
,  9) 식이섬유
, 10) 쏘팔메토
, 11) 홍국
, 12) 마리골드꽃추출물/루테인지아잔틴추출물
, 13) 프로폴리스
, 14) 프락토올리고당
, 15) 알로에
, 16) 녹차추출물
, 17) 난소화성말토덱스트린
, 18) 코엔자임Q10
, 19) 콜라겐
, 20) 당귀추출물(헤모힘)
, 51) 관절팔팔
, 52) 이노치노하하
, 72) 침향
, 81) 눈 영양제
D9_1_4_14_33,"  1) 인삼류(인삼, 홍삼)"
,  2) 유산균류(프로바이오틱스 등)
,  3) 비타민 및 무기질
,"  4) EPA 및 DHA 함유 유지(오메가3, 크릴오일 등)"
,  5) 단백질
,  6) 엠에스엠(MSM)
,  7) 밀크씨슬
,  8) 가르시니아캄보지아
,  9) 식이섬유
, 10) 쏘팔메토
, 11) 홍국
, 12) 마리골드꽃추출물/루테인지아잔틴추출물
, 13) 프로폴리스
, 14) 프락토올리고당
, 15) 알로에
, 16) 녹차추출물
, 17) 난소화성말토덱스트린
, 18) 코엔자임Q10
, 19) 콜라겐
, 20) 당귀추출물(헤모힘)
, 51) 관절팔팔
, 52) 이노치노하하
, 72) 침향
, 81) 눈 영양제
D9_1_4_15_33,"  1) 인삼류(인삼, 홍삼)"
,  2) 유산균류(프로바이오틱스 등)
,  3) 비타민 및 무기질
,"  4) EPA 및 DHA 함유 유지(오메가3, 크릴오일 등)"
,  5) 단백질
,  6) 엠에스엠(MSM)
,  7) 밀크씨슬
,  8) 가르시니아캄보지아
,  9) 식이섬유
, 10) 쏘팔메토
, 11) 홍국
, 12) 마리골드꽃추출물/루테인지아잔틴추출물
, 13) 프로폴리스
, 14) 프락토올리고당
, 15) 알로에
, 16) 녹차추출물
, 17) 난소화성말토덱스트린
, 18) 코엔자임Q10
, 19) 콜라겐
, 20) 당귀추출물(헤모힘)
, 51) 관절팔팔
, 52) 이노치노하하
, 72) 침향
, 81) 눈 영양제
D9_1_4_16_33,"  1) 인삼류(인삼, 홍삼)"
,  2) 유산균류(프로바이오틱스 등)
,  3) 비타민 및 무기질
,"  4) EPA 및 DHA 함유 유지(오메가3, 크릴오일 등)"
,  5) 단백질
,  6) 엠에스엠(MSM)
,  7) 밀크씨슬
,  8) 가르시니아캄보지아
,  9) 식이섬유
, 10) 쏘팔메토
, 11) 홍국
, 12) 마리골드꽃추출물/루테인지아잔틴추출물
, 13) 프로폴리스
, 14) 프락토올리고당
, 15) 알로에
, 16) 녹차추출물
, 17) 난소화성말토덱스트린
, 18) 코엔자임Q10
, 19) 콜라겐
, 20) 당귀추출물(헤모힘)
, 51) 관절팔팔
, 52) 이노치노하하
, 72) 침향
, 81) 눈 영양제
D9_1_4_17_33,"  1) 인삼류(인삼, 홍삼)"
,  2) 유산균류(프로바이오틱스 등)
,  3) 비타민 및 무기질
,"  4) EPA 및 DHA 함유 유지(오메가3, 크릴오일 등)"
,  5) 단백질
,  6) 엠에스엠(MSM)
,  7) 밀크씨슬
,  8) 가르시니아캄보지아
,  9) 식이섬유
, 10) 쏘팔메토
, 11) 홍국
, 12) 마리골드꽃추출물/루테인지아잔틴추출물
, 13) 프로폴리스
, 14) 프락토올리고당
, 15) 알로에
, 16) 녹차추출물
, 17) 난소화성말토덱스트린
, 18) 코엔자임Q10
, 19) 콜라겐
, 20) 당귀추출물(헤모힘)
, 51) 관절팔팔
, 52) 이노치노하하
, 72) 침향
, 81) 눈 영양제
D9_1_4_18_33,"  1) 인삼류(인삼, 홍삼)"
,  2) 유산균류(프로바이오틱스 등)
,  3) 비타민 및 무기질
,"  4) EPA 및 DHA 함유 유지(오메가3, 크릴오일 등)"
,  5) 단백질
,  6) 엠에스엠(MSM)
,  7) 밀크씨슬
,  8) 가르시니아캄보지아
,  9) 식이섬유
, 10) 쏘팔메토
, 11) 홍국
, 12) 마리골드꽃추출물/루테인지아잔틴추출물
, 13) 프로폴리스
, 14) 프락토올리고당
, 15) 알로에
, 16) 녹차추출물
, 17) 난소화성말토덱스트린
, 18) 코엔자임Q10
, 19) 콜라겐
, 20) 당귀추출물(헤모힘)
, 51) 관절팔팔
, 52) 이노치노하하
, 72) 침향
, 81) 눈 영양제
D9_1_4_19_33,"  1) 인삼류(인삼, 홍삼)"
,  2) 유산균류(프로바이오틱스 등)
,  3) 비타민 및 무기질
,"  4) EPA 및 DHA 함유 유지(오메가3, 크릴오일 등)"
,  5) 단백질
,  6) 엠에스엠(MSM)
,  7) 밀크씨슬
,  8) 가르시니아캄보지아
,  9) 식이섬유
, 10) 쏘팔메토
, 11) 홍국
, 12) 마리골드꽃추출물/루테인지아잔틴추출물
, 13) 프로폴리스
, 14) 프락토올리고당
, 15) 알로에
, 16) 녹차추출물
, 17) 난소화성말토덱스트린
, 18) 코엔자임Q10
, 19) 콜라겐
, 20) 당귀추출물(헤모힘)
, 51) 관절팔팔
, 52) 이노치노하하
, 72) 침향
, 81) 눈 영양제
D9_1_4_20_33,"  1) 인삼류(인삼, 홍삼)"
,  2) 유산균류(프로바이오틱스 등)
,  3) 비타민 및 무기질
,"  4) EPA 및 DHA 함유 유지(오메가3, 크릴오일 등)"
,  5) 단백질
,  6) 엠에스엠(MSM)
,  7) 밀크씨슬
,  8) 가르시니아캄보지아
,  9) 식이섬유
, 10) 쏘팔메토
, 11) 홍국
, 12) 마리골드꽃추출물/루테인지아잔틴추출물
, 13) 프로폴리스
, 14) 프락토올리고당
, 15) 알로에
, 16) 녹차추출물
, 17) 난소화성말토덱스트린
, 18) 코엔자임Q10
, 19) 콜라겐
, 20) 당귀추출물(헤모힘)
, 51) 관절팔팔
, 52) 이노치노하하
, 72) 침향
, 81) 눈 영양제
D9_1_4_21_33,"  1) 인삼류(인삼, 홍삼)"
,  2) 유산균류(프로바이오틱스 등)
,  3) 비타민 및 무기질
,"  4) EPA 및 DHA 함유 유지(오메가3, 크릴오일 등)"
,  5) 단백질
,  6) 엠에스엠(MSM)
,  7) 밀크씨슬
,  8) 가르시니아캄보지아
,  9) 식이섬유
, 10) 쏘팔메토
, 11) 홍국
, 12) 마리골드꽃추출물/루테인지아잔틴추출물
, 13) 프로폴리스
, 14) 프락토올리고당
, 15) 알로에
, 16) 녹차추출물
, 17) 난소화성말토덱스트린
, 18) 코엔자임Q10
, 19) 콜라겐
, 20) 당귀추출물(헤모힘)
, 51) 관절팔팔
, 52) 이노치노하하
, 72) 침향
, 81) 눈 영양제
D9_1_1_34,  1) 남자
,  2) 여자
D9_1_4_1_34,"  1) 인삼류(인삼, 홍삼)"
,  2) 유산균류(프로바이오틱스 등)
,  3) 비타민 및 무기질
,"  4) EPA 및 DHA 함유 유지(오메가3, 크릴오일 등)"
,  5) 단백질
,  6) 엠에스엠(MSM)
,  7) 밀크씨슬
,  8) 가르시니아캄보지아
,  9) 식이섬유
, 10) 쏘팔메토
, 11) 홍국
, 12) 마리골드꽃추출물/루테인지아잔틴추출물
, 13) 프로폴리스
, 14) 프락토올리고당
, 15) 알로에
, 16) 녹차추출물
, 17) 난소화성말토덱스트린
, 18) 코엔자임Q10
, 19) 콜라겐
, 20) 당귀추출물(헤모힘)
, 51) 관절팔팔
, 52) 이노치노하하
, 72) 침향
, 81) 눈 영양제
D9_1_4_2_34,"  1) 인삼류(인삼, 홍삼)"
,  2) 유산균류(프로바이오틱스 등)
,  3) 비타민 및 무기질
,"  4) EPA 및 DHA 함유 유지(오메가3, 크릴오일 등)"
,  5) 단백질
,  6) 엠에스엠(MSM)
,  7) 밀크씨슬
,  8) 가르시니아캄보지아
,  9) 식이섬유
, 10) 쏘팔메토
, 11) 홍국
, 12) 마리골드꽃추출물/루테인지아잔틴추출물
, 13) 프로폴리스
, 14) 프락토올리고당
, 15) 알로에
, 16) 녹차추출물
, 17) 난소화성말토덱스트린
, 18) 코엔자임Q10
, 19) 콜라겐
, 20) 당귀추출물(헤모힘)
, 51) 관절팔팔
, 52) 이노치노하하
, 72) 침향
, 81) 눈 영양제
D9_1_4_3_34,"  1) 인삼류(인삼, 홍삼)"
,  2) 유산균류(프로바이오틱스 등)
,  3) 비타민 및 무기질
,"  4) EPA 및 DHA 함유 유지(오메가3, 크릴오일 등)"
,  5) 단백질
,  6) 엠에스엠(MSM)
,  7) 밀크씨슬
,  8) 가르시니아캄보지아
,  9) 식이섬유
, 10) 쏘팔메토
, 11) 홍국
, 12) 마리골드꽃추출물/루테인지아잔틴추출물
, 13) 프로폴리스
, 14) 프락토올리고당
, 15) 알로에
, 16) 녹차추출물
, 17) 난소화성말토덱스트린
, 18) 코엔자임Q10
, 19) 콜라겐
, 20) 당귀추출물(헤모힘)
, 51) 관절팔팔
, 52) 이노치노하하
, 72) 침향
, 81) 눈 영양제
D9_1_4_4_34,"  1) 인삼류(인삼, 홍삼)"
,  2) 유산균류(프로바이오틱스 등)
,  3) 비타민 및 무기질
,"  4) EPA 및 DHA 함유 유지(오메가3, 크릴오일 등)"
,  5) 단백질
,  6) 엠에스엠(MSM)
,  7) 밀크씨슬
,  8) 가르시니아캄보지아
,  9) 식이섬유
, 10) 쏘팔메토
, 11) 홍국
, 12) 마리골드꽃추출물/루테인지아잔틴추출물
, 13) 프로폴리스
, 14) 프락토올리고당
, 15) 알로에
, 16) 녹차추출물
, 17) 난소화성말토덱스트린
, 18) 코엔자임Q10
, 19) 콜라겐
, 20) 당귀추출물(헤모힘)
, 51) 관절팔팔
, 52) 이노치노하하
, 72) 침향
, 81) 눈 영양제
D9_1_4_5_34,"  1) 인삼류(인삼, 홍삼)"
,  2) 유산균류(프로바이오틱스 등)
,  3) 비타민 및 무기질
,"  4) EPA 및 DHA 함유 유지(오메가3, 크릴오일 등)"
,  5) 단백질
,  6) 엠에스엠(MSM)
,  7) 밀크씨슬
,  8) 가르시니아캄보지아
,  9) 식이섬유
, 10) 쏘팔메토
, 11) 홍국
, 12) 마리골드꽃추출물/루테인지아잔틴추출물
, 13) 프로폴리스
, 14) 프락토올리고당
, 15) 알로에
, 16) 녹차추출물
, 17) 난소화성말토덱스트린
, 18) 코엔자임Q10
, 19) 콜라겐
, 20) 당귀추출물(헤모힘)
, 51) 관절팔팔
, 52) 이노치노하하
, 72) 침향
, 81) 눈 영양제
D9_1_4_6_34,"  1) 인삼류(인삼, 홍삼)"
,  2) 유산균류(프로바이오틱스 등)
,  3) 비타민 및 무기질
,"  4) EPA 및 DHA 함유 유지(오메가3, 크릴오일 등)"
,  5) 단백질
,  6) 엠에스엠(MSM)
,  7) 밀크씨슬
,  8) 가르시니아캄보지아
,  9) 식이섬유
, 10) 쏘팔메토
, 11) 홍국
, 12) 마리골드꽃추출물/루테인지아잔틴추출물
, 13) 프로폴리스
, 14) 프락토올리고당
, 15) 알로에
, 16) 녹차추출물
, 17) 난소화성말토덱스트린
, 18) 코엔자임Q10
, 19) 콜라겐
, 20) 당귀추출물(헤모힘)
, 51) 관절팔팔
, 52) 이노치노하하
, 72) 침향
, 81) 눈 영양제
D9_1_4_7_34,"  1) 인삼류(인삼, 홍삼)"
,  2) 유산균류(프로바이오틱스 등)
,  3) 비타민 및 무기질
,"  4) EPA 및 DHA 함유 유지(오메가3, 크릴오일 등)"
,  5) 단백질
,  6) 엠에스엠(MSM)
,  7) 밀크씨슬
,  8) 가르시니아캄보지아
,  9) 식이섬유
, 10) 쏘팔메토
, 11) 홍국
, 12) 마리골드꽃추출물/루테인지아잔틴추출물
, 13) 프로폴리스
, 14) 프락토올리고당
, 15) 알로에
, 16) 녹차추출물
, 17) 난소화성말토덱스트린
, 18) 코엔자임Q10
, 19) 콜라겐
, 20) 당귀추출물(헤모힘)
, 51) 관절팔팔
, 52) 이노치노하하
, 72) 침향
, 81) 눈 영양제
D9_1_4_8_34,"  1) 인삼류(인삼, 홍삼)"
,  2) 유산균류(프로바이오틱스 등)
,  3) 비타민 및 무기질
,"  4) EPA 및 DHA 함유 유지(오메가3, 크릴오일 등)"
,  5) 단백질
,  6) 엠에스엠(MSM)
,  7) 밀크씨슬
,  8) 가르시니아캄보지아
,  9) 식이섬유
, 10) 쏘팔메토
, 11) 홍국
, 12) 마리골드꽃추출물/루테인지아잔틴추출물
, 13) 프로폴리스
, 14) 프락토올리고당
, 15) 알로에
, 16) 녹차추출물
, 17) 난소화성말토덱스트린
, 18) 코엔자임Q10
, 19) 콜라겐
, 20) 당귀추출물(헤모힘)
, 51) 관절팔팔
, 52) 이노치노하하
, 72) 침향
, 81) 눈 영양제
D9_1_4_9_34,"  1) 인삼류(인삼, 홍삼)"
,  2) 유산균류(프로바이오틱스 등)
,  3) 비타민 및 무기질
,"  4) EPA 및 DHA 함유 유지(오메가3, 크릴오일 등)"
,  5) 단백질
,  6) 엠에스엠(MSM)
,  7) 밀크씨슬
,  8) 가르시니아캄보지아
,  9) 식이섬유
, 10) 쏘팔메토
, 11) 홍국
, 12) 마리골드꽃추출물/루테인지아잔틴추출물
, 13) 프로폴리스
, 14) 프락토올리고당
, 15) 알로에
, 16) 녹차추출물
, 17) 난소화성말토덱스트린
, 18) 코엔자임Q10
, 19) 콜라겐
, 20) 당귀추출물(헤모힘)
, 51) 관절팔팔
, 52) 이노치노하하
, 72) 침향
, 81) 눈 영양제
D9_1_4_10_34,"  1) 인삼류(인삼, 홍삼)"
,  2) 유산균류(프로바이오틱스 등)
,  3) 비타민 및 무기질
,"  4) EPA 및 DHA 함유 유지(오메가3, 크릴오일 등)"
,  5) 단백질
,  6) 엠에스엠(MSM)
,  7) 밀크씨슬
,  8) 가르시니아캄보지아
,  9) 식이섬유
, 10) 쏘팔메토
, 11) 홍국
, 12) 마리골드꽃추출물/루테인지아잔틴추출물
, 13) 프로폴리스
, 14) 프락토올리고당
, 15) 알로에
, 16) 녹차추출물
, 17) 난소화성말토덱스트린
, 18) 코엔자임Q10
, 19) 콜라겐
, 20) 당귀추출물(헤모힘)
, 51) 관절팔팔
, 52) 이노치노하하
, 72) 침향
, 81) 눈 영양제
D9_1_4_11_34,"  1) 인삼류(인삼, 홍삼)"
,  2) 유산균류(프로바이오틱스 등)
,  3) 비타민 및 무기질
,"  4) EPA 및 DHA 함유 유지(오메가3, 크릴오일 등)"
,  5) 단백질
,  6) 엠에스엠(MSM)
,  7) 밀크씨슬
,  8) 가르시니아캄보지아
,  9) 식이섬유
, 10) 쏘팔메토
, 11) 홍국
, 12) 마리골드꽃추출물/루테인지아잔틴추출물
, 13) 프로폴리스
, 14) 프락토올리고당
, 15) 알로에
, 16) 녹차추출물
, 17) 난소화성말토덱스트린
, 18) 코엔자임Q10
, 19) 콜라겐
, 20) 당귀추출물(헤모힘)
, 51) 관절팔팔
, 52) 이노치노하하
, 72) 침향
, 81) 눈 영양제
D9_1_4_12_34,"  1) 인삼류(인삼, 홍삼)"
,  2) 유산균류(프로바이오틱스 등)
,  3) 비타민 및 무기질
,"  4) EPA 및 DHA 함유 유지(오메가3, 크릴오일 등)"
,  5) 단백질
,  6) 엠에스엠(MSM)
,  7) 밀크씨슬
,  8) 가르시니아캄보지아
,  9) 식이섬유
, 10) 쏘팔메토
, 11) 홍국
, 12) 마리골드꽃추출물/루테인지아잔틴추출물
, 13) 프로폴리스
, 14) 프락토올리고당
, 15) 알로에
, 16) 녹차추출물
, 17) 난소화성말토덱스트린
, 18) 코엔자임Q10
, 19) 콜라겐
, 20) 당귀추출물(헤모힘)
, 51) 관절팔팔
, 52) 이노치노하하
, 72) 침향
, 81) 눈 영양제
D9_1_4_13_34,"  1) 인삼류(인삼, 홍삼)"
,  2) 유산균류(프로바이오틱스 등)
,  3) 비타민 및 무기질
,"  4) EPA 및 DHA 함유 유지(오메가3, 크릴오일 등)"
,  5) 단백질
,  6) 엠에스엠(MSM)
,  7) 밀크씨슬
,  8) 가르시니아캄보지아
,  9) 식이섬유
, 10) 쏘팔메토
, 11) 홍국
, 12) 마리골드꽃추출물/루테인지아잔틴추출물
, 13) 프로폴리스
, 14) 프락토올리고당
, 15) 알로에
, 16) 녹차추출물
, 17) 난소화성말토덱스트린
, 18) 코엔자임Q10
, 19) 콜라겐
, 20) 당귀추출물(헤모힘)
, 51) 관절팔팔
, 52) 이노치노하하
, 72) 침향
, 81) 눈 영양제
D9_1_4_14_34,"  1) 인삼류(인삼, 홍삼)"
,  2) 유산균류(프로바이오틱스 등)
,  3) 비타민 및 무기질
,"  4) EPA 및 DHA 함유 유지(오메가3, 크릴오일 등)"
,  5) 단백질
,  6) 엠에스엠(MSM)
,  7) 밀크씨슬
,  8) 가르시니아캄보지아
,  9) 식이섬유
, 10) 쏘팔메토
, 11) 홍국
, 12) 마리골드꽃추출물/루테인지아잔틴추출물
, 13) 프로폴리스
, 14) 프락토올리고당
, 15) 알로에
, 16) 녹차추출물
, 17) 난소화성말토덱스트린
, 18) 코엔자임Q10
, 19) 콜라겐
, 20) 당귀추출물(헤모힘)
, 51) 관절팔팔
, 52) 이노치노하하
, 72) 침향
, 81) 눈 영양제
D9_1_4_15_34,"  1) 인삼류(인삼, 홍삼)"
,  2) 유산균류(프로바이오틱스 등)
,  3) 비타민 및 무기질
,"  4) EPA 및 DHA 함유 유지(오메가3, 크릴오일 등)"
,  5) 단백질
,  6) 엠에스엠(MSM)
,  7) 밀크씨슬
,  8) 가르시니아캄보지아
,  9) 식이섬유
, 10) 쏘팔메토
, 11) 홍국
, 12) 마리골드꽃추출물/루테인지아잔틴추출물
, 13) 프로폴리스
, 14) 프락토올리고당
, 15) 알로에
, 16) 녹차추출물
, 17) 난소화성말토덱스트린
, 18) 코엔자임Q10
, 19) 콜라겐
, 20) 당귀추출물(헤모힘)
, 51) 관절팔팔
, 52) 이노치노하하
, 72) 침향
, 81) 눈 영양제
D9_1_4_16_34,"  1) 인삼류(인삼, 홍삼)"
,  2) 유산균류(프로바이오틱스 등)
,  3) 비타민 및 무기질
,"  4) EPA 및 DHA 함유 유지(오메가3, 크릴오일 등)"
,  5) 단백질
,  6) 엠에스엠(MSM)
,  7) 밀크씨슬
,  8) 가르시니아캄보지아
,  9) 식이섬유
, 10) 쏘팔메토
, 11) 홍국
, 12) 마리골드꽃추출물/루테인지아잔틴추출물
, 13) 프로폴리스
, 14) 프락토올리고당
, 15) 알로에
, 16) 녹차추출물
, 17) 난소화성말토덱스트린
, 18) 코엔자임Q10
, 19) 콜라겐
, 20) 당귀추출물(헤모힘)
, 51) 관절팔팔
, 52) 이노치노하하
, 72) 침향
, 81) 눈 영양제
D9_1_4_17_34,"  1) 인삼류(인삼, 홍삼)"
,  2) 유산균류(프로바이오틱스 등)
,  3) 비타민 및 무기질
,"  4) EPA 및 DHA 함유 유지(오메가3, 크릴오일 등)"
,  5) 단백질
,  6) 엠에스엠(MSM)
,  7) 밀크씨슬
,  8) 가르시니아캄보지아
,  9) 식이섬유
, 10) 쏘팔메토
, 11) 홍국
, 12) 마리골드꽃추출물/루테인지아잔틴추출물
, 13) 프로폴리스
, 14) 프락토올리고당
, 15) 알로에
, 16) 녹차추출물
, 17) 난소화성말토덱스트린
, 18) 코엔자임Q10
, 19) 콜라겐
, 20) 당귀추출물(헤모힘)
, 51) 관절팔팔
, 52) 이노치노하하
, 72) 침향
, 81) 눈 영양제
D9_1_4_18_34,"  1) 인삼류(인삼, 홍삼)"
,  2) 유산균류(프로바이오틱스 등)
,  3) 비타민 및 무기질
,"  4) EPA 및 DHA 함유 유지(오메가3, 크릴오일 등)"
,  5) 단백질
,  6) 엠에스엠(MSM)
,  7) 밀크씨슬
,  8) 가르시니아캄보지아
,  9) 식이섬유
, 10) 쏘팔메토
, 11) 홍국
, 12) 마리골드꽃추출물/루테인지아잔틴추출물
, 13) 프로폴리스
, 14) 프락토올리고당
, 15) 알로에
, 16) 녹차추출물
, 17) 난소화성말토덱스트린
, 18) 코엔자임Q10
, 19) 콜라겐
, 20) 당귀추출물(헤모힘)
, 51) 관절팔팔
, 52) 이노치노하하
, 72) 침향
, 81) 눈 영양제
D9_1_4_19_34,"  1) 인삼류(인삼, 홍삼)"
,  2) 유산균류(프로바이오틱스 등)
,  3) 비타민 및 무기질
,"  4) EPA 및 DHA 함유 유지(오메가3, 크릴오일 등)"
,  5) 단백질
,  6) 엠에스엠(MSM)
,  7) 밀크씨슬
,  8) 가르시니아캄보지아
,  9) 식이섬유
, 10) 쏘팔메토
, 11) 홍국
, 12) 마리골드꽃추출물/루테인지아잔틴추출물
, 13) 프로폴리스
, 14) 프락토올리고당
, 15) 알로에
, 16) 녹차추출물
, 17) 난소화성말토덱스트린
, 18) 코엔자임Q10
, 19) 콜라겐
, 20) 당귀추출물(헤모힘)
, 51) 관절팔팔
, 52) 이노치노하하
, 72) 침향
, 81) 눈 영양제
D9_1_4_20_34,"  1) 인삼류(인삼, 홍삼)"
,  2) 유산균류(프로바이오틱스 등)
,  3) 비타민 및 무기질
,"  4) EPA 및 DHA 함유 유지(오메가3, 크릴오일 등)"
,  5) 단백질
,  6) 엠에스엠(MSM)
,  7) 밀크씨슬
,  8) 가르시니아캄보지아
,  9) 식이섬유
, 10) 쏘팔메토
, 11) 홍국
, 12) 마리골드꽃추출물/루테인지아잔틴추출물
, 13) 프로폴리스
, 14) 프락토올리고당
, 15) 알로에
, 16) 녹차추출물
, 17) 난소화성말토덱스트린
, 18) 코엔자임Q10
, 19) 콜라겐
, 20) 당귀추출물(헤모힘)
, 51) 관절팔팔
, 52) 이노치노하하
, 72) 침향
, 81) 눈 영양제
D9_1_4_21_34,"  1) 인삼류(인삼, 홍삼)"
,  2) 유산균류(프로바이오틱스 등)
,  3) 비타민 및 무기질
,"  4) EPA 및 DHA 함유 유지(오메가3, 크릴오일 등)"
,  5) 단백질
,  6) 엠에스엠(MSM)
,  7) 밀크씨슬
,  8) 가르시니아캄보지아
,  9) 식이섬유
, 10) 쏘팔메토
, 11) 홍국
, 12) 마리골드꽃추출물/루테인지아잔틴추출물
, 13) 프로폴리스
, 14) 프락토올리고당
, 15) 알로에
, 16) 녹차추출물
, 17) 난소화성말토덱스트린
, 18) 코엔자임Q10
, 19) 콜라겐
, 20) 당귀추출물(헤모힘)
, 51) 관절팔팔
, 52) 이노치노하하
, 72) 침향
, 81) 눈 영양제
D9_1_1_41,  1) 남자
,  2) 여자
D9_1_4_1_41,"  1) 인삼류(인삼, 홍삼)"
,  2) 유산균류(프로바이오틱스 등)
,  3) 비타민 및 무기질
,"  4) EPA 및 DHA 함유 유지(오메가3, 크릴오일 등)"
,  5) 단백질
,  6) 엠에스엠(MSM)
,  7) 밀크씨슬
,  8) 가르시니아캄보지아
,  9) 식이섬유
, 10) 쏘팔메토
, 11) 홍국
, 12) 마리골드꽃추출물/루테인지아잔틴추출물
, 13) 프로폴리스
, 14) 프락토올리고당
, 15) 알로에
, 16) 녹차추출물
, 17) 난소화성말토덱스트린
, 18) 코엔자임Q10
, 19) 콜라겐
, 20) 당귀추출물(헤모힘)
, 51) 관절팔팔
, 52) 이노치노하하
, 72) 침향
, 81) 눈 영양제
D9_1_4_2_41,"  1) 인삼류(인삼, 홍삼)"
,  2) 유산균류(프로바이오틱스 등)
,  3) 비타민 및 무기질
,"  4) EPA 및 DHA 함유 유지(오메가3, 크릴오일 등)"
,  5) 단백질
,  6) 엠에스엠(MSM)
,  7) 밀크씨슬
,  8) 가르시니아캄보지아
,  9) 식이섬유
, 10) 쏘팔메토
, 11) 홍국
, 12) 마리골드꽃추출물/루테인지아잔틴추출물
, 13) 프로폴리스
, 14) 프락토올리고당
, 15) 알로에
, 16) 녹차추출물
, 17) 난소화성말토덱스트린
, 18) 코엔자임Q10
, 19) 콜라겐
, 20) 당귀추출물(헤모힘)
, 51) 관절팔팔
, 52) 이노치노하하
, 72) 침향
, 81) 눈 영양제
D9_1_4_3_41,"  1) 인삼류(인삼, 홍삼)"
,  2) 유산균류(프로바이오틱스 등)
,  3) 비타민 및 무기질
,"  4) EPA 및 DHA 함유 유지(오메가3, 크릴오일 등)"
,  5) 단백질
,  6) 엠에스엠(MSM)
,  7) 밀크씨슬
,  8) 가르시니아캄보지아
,  9) 식이섬유
, 10) 쏘팔메토
, 11) 홍국
, 12) 마리골드꽃추출물/루테인지아잔틴추출물
, 13) 프로폴리스
, 14) 프락토올리고당
, 15) 알로에
, 16) 녹차추출물
, 17) 난소화성말토덱스트린
, 18) 코엔자임Q10
, 19) 콜라겐
, 20) 당귀추출물(헤모힘)
, 51) 관절팔팔
, 52) 이노치노하하
, 72) 침향
, 81) 눈 영양제
D9_1_4_4_41,"  1) 인삼류(인삼, 홍삼)"
,  2) 유산균류(프로바이오틱스 등)
,  3) 비타민 및 무기질
,"  4) EPA 및 DHA 함유 유지(오메가3, 크릴오일 등)"
,  5) 단백질
,  6) 엠에스엠(MSM)
,  7) 밀크씨슬
,  8) 가르시니아캄보지아
,  9) 식이섬유
, 10) 쏘팔메토
, 11) 홍국
, 12) 마리골드꽃추출물/루테인지아잔틴추출물
, 13) 프로폴리스
, 14) 프락토올리고당
, 15) 알로에
, 16) 녹차추출물
, 17) 난소화성말토덱스트린
, 18) 코엔자임Q10
, 19) 콜라겐
, 20) 당귀추출물(헤모힘)
, 51) 관절팔팔
, 52) 이노치노하하
, 72) 침향
, 81) 눈 영양제
D9_1_4_5_41,"  1) 인삼류(인삼, 홍삼)"
,  2) 유산균류(프로바이오틱스 등)
,  3) 비타민 및 무기질
,"  4) EPA 및 DHA 함유 유지(오메가3, 크릴오일 등)"
,  5) 단백질
,  6) 엠에스엠(MSM)
,  7) 밀크씨슬
,  8) 가르시니아캄보지아
,  9) 식이섬유
, 10) 쏘팔메토
, 11) 홍국
, 12) 마리골드꽃추출물/루테인지아잔틴추출물
, 13) 프로폴리스
, 14) 프락토올리고당
, 15) 알로에
, 16) 녹차추출물
, 17) 난소화성말토덱스트린
, 18) 코엔자임Q10
, 19) 콜라겐
, 20) 당귀추출물(헤모힘)
, 51) 관절팔팔
, 52) 이노치노하하
, 72) 침향
, 81) 눈 영양제
D9_1_4_6_41,"  1) 인삼류(인삼, 홍삼)"
,  2) 유산균류(프로바이오틱스 등)
,  3) 비타민 및 무기질
,"  4) EPA 및 DHA 함유 유지(오메가3, 크릴오일 등)"
,  5) 단백질
,  6) 엠에스엠(MSM)
,  7) 밀크씨슬
,  8) 가르시니아캄보지아
,  9) 식이섬유
, 10) 쏘팔메토
, 11) 홍국
, 12) 마리골드꽃추출물/루테인지아잔틴추출물
, 13) 프로폴리스
, 14) 프락토올리고당
, 15) 알로에
, 16) 녹차추출물
, 17) 난소화성말토덱스트린
, 18) 코엔자임Q10
, 19) 콜라겐
, 20) 당귀추출물(헤모힘)
, 51) 관절팔팔
, 52) 이노치노하하
, 72) 침향
, 81) 눈 영양제
D9_1_4_7_41,"  1) 인삼류(인삼, 홍삼)"
,  2) 유산균류(프로바이오틱스 등)
,  3) 비타민 및 무기질
,"  4) EPA 및 DHA 함유 유지(오메가3, 크릴오일 등)"
,  5) 단백질
,  6) 엠에스엠(MSM)
,  7) 밀크씨슬
,  8) 가르시니아캄보지아
,  9) 식이섬유
, 10) 쏘팔메토
, 11) 홍국
, 12) 마리골드꽃추출물/루테인지아잔틴추출물
, 13) 프로폴리스
, 14) 프락토올리고당
, 15) 알로에
, 16) 녹차추출물
, 17) 난소화성말토덱스트린
, 18) 코엔자임Q10
, 19) 콜라겐
, 20) 당귀추출물(헤모힘)
, 51) 관절팔팔
, 52) 이노치노하하
, 72) 침향
, 81) 눈 영양제
D9_1_4_8_41,"  1) 인삼류(인삼, 홍삼)"
,  2) 유산균류(프로바이오틱스 등)
,  3) 비타민 및 무기질
,"  4) EPA 및 DHA 함유 유지(오메가3, 크릴오일 등)"
,  5) 단백질
,  6) 엠에스엠(MSM)
,  7) 밀크씨슬
,  8) 가르시니아캄보지아
,  9) 식이섬유
, 10) 쏘팔메토
, 11) 홍국
, 12) 마리골드꽃추출물/루테인지아잔틴추출물
, 13) 프로폴리스
, 14) 프락토올리고당
, 15) 알로에
, 16) 녹차추출물
, 17) 난소화성말토덱스트린
, 18) 코엔자임Q10
, 19) 콜라겐
, 20) 당귀추출물(헤모힘)
, 51) 관절팔팔
, 52) 이노치노하하
, 72) 침향
, 81) 눈 영양제
D9_1_4_9_41,"  1) 인삼류(인삼, 홍삼)"
,  2) 유산균류(프로바이오틱스 등)
,  3) 비타민 및 무기질
,"  4) EPA 및 DHA 함유 유지(오메가3, 크릴오일 등)"
,  5) 단백질
,  6) 엠에스엠(MSM)
,  7) 밀크씨슬
,  8) 가르시니아캄보지아
,  9) 식이섬유
, 10) 쏘팔메토
, 11) 홍국
, 12) 마리골드꽃추출물/루테인지아잔틴추출물
, 13) 프로폴리스
, 14) 프락토올리고당
, 15) 알로에
, 16) 녹차추출물
, 17) 난소화성말토덱스트린
, 18) 코엔자임Q10
, 19) 콜라겐
, 20) 당귀추출물(헤모힘)
, 51) 관절팔팔
, 52) 이노치노하하
, 72) 침향
, 81) 눈 영양제
D9_1_4_10_41,"  1) 인삼류(인삼, 홍삼)"
,  2) 유산균류(프로바이오틱스 등)
,  3) 비타민 및 무기질
,"  4) EPA 및 DHA 함유 유지(오메가3, 크릴오일 등)"
,  5) 단백질
,  6) 엠에스엠(MSM)
,  7) 밀크씨슬
,  8) 가르시니아캄보지아
,  9) 식이섬유
, 10) 쏘팔메토
, 11) 홍국
, 12) 마리골드꽃추출물/루테인지아잔틴추출물
, 13) 프로폴리스
, 14) 프락토올리고당
, 15) 알로에
, 16) 녹차추출물
, 17) 난소화성말토덱스트린
, 18) 코엔자임Q10
, 19) 콜라겐
, 20) 당귀추출물(헤모힘)
, 51) 관절팔팔
, 52) 이노치노하하
, 72) 침향
, 81) 눈 영양제
D9_1_4_11_41,"  1) 인삼류(인삼, 홍삼)"
,  2) 유산균류(프로바이오틱스 등)
,  3) 비타민 및 무기질
,"  4) EPA 및 DHA 함유 유지(오메가3, 크릴오일 등)"
,  5) 단백질
,  6) 엠에스엠(MSM)
,  7) 밀크씨슬
,  8) 가르시니아캄보지아
,  9) 식이섬유
, 10) 쏘팔메토
, 11) 홍국
, 12) 마리골드꽃추출물/루테인지아잔틴추출물
, 13) 프로폴리스
, 14) 프락토올리고당
, 15) 알로에
, 16) 녹차추출물
, 17) 난소화성말토덱스트린
, 18) 코엔자임Q10
, 19) 콜라겐
, 20) 당귀추출물(헤모힘)
, 51) 관절팔팔
, 52) 이노치노하하
, 72) 침향
, 81) 눈 영양제
D9_1_4_12_41,"  1) 인삼류(인삼, 홍삼)"
,  2) 유산균류(프로바이오틱스 등)
,  3) 비타민 및 무기질
,"  4) EPA 및 DHA 함유 유지(오메가3, 크릴오일 등)"
,  5) 단백질
,  6) 엠에스엠(MSM)
,  7) 밀크씨슬
,  8) 가르시니아캄보지아
,  9) 식이섬유
, 10) 쏘팔메토
, 11) 홍국
, 12) 마리골드꽃추출물/루테인지아잔틴추출물
, 13) 프로폴리스
, 14) 프락토올리고당
, 15) 알로에
, 16) 녹차추출물
, 17) 난소화성말토덱스트린
, 18) 코엔자임Q10
, 19) 콜라겐
, 20) 당귀추출물(헤모힘)
, 51) 관절팔팔
, 52) 이노치노하하
, 72) 침향
, 81) 눈 영양제
D9_1_4_13_41,"  1) 인삼류(인삼, 홍삼)"
,  2) 유산균류(프로바이오틱스 등)
,  3) 비타민 및 무기질
,"  4) EPA 및 DHA 함유 유지(오메가3, 크릴오일 등)"
,  5) 단백질
,  6) 엠에스엠(MSM)
,  7) 밀크씨슬
,  8) 가르시니아캄보지아
,  9) 식이섬유
, 10) 쏘팔메토
, 11) 홍국
, 12) 마리골드꽃추출물/루테인지아잔틴추출물
, 13) 프로폴리스
, 14) 프락토올리고당
, 15) 알로에
, 16) 녹차추출물
, 17) 난소화성말토덱스트린
, 18) 코엔자임Q10
, 19) 콜라겐
, 20) 당귀추출물(헤모힘)
, 51) 관절팔팔
, 52) 이노치노하하
, 72) 침향
, 81) 눈 영양제
D9_1_4_14_41,"  1) 인삼류(인삼, 홍삼)"
,  2) 유산균류(프로바이오틱스 등)
,  3) 비타민 및 무기질
,"  4) EPA 및 DHA 함유 유지(오메가3, 크릴오일 등)"
,  5) 단백질
,  6) 엠에스엠(MSM)
,  7) 밀크씨슬
,  8) 가르시니아캄보지아
,  9) 식이섬유
, 10) 쏘팔메토
, 11) 홍국
, 12) 마리골드꽃추출물/루테인지아잔틴추출물
, 13) 프로폴리스
, 14) 프락토올리고당
, 15) 알로에
, 16) 녹차추출물
, 17) 난소화성말토덱스트린
, 18) 코엔자임Q10
, 19) 콜라겐
, 20) 당귀추출물(헤모힘)
, 51) 관절팔팔
, 52) 이노치노하하
, 72) 침향
, 81) 눈 영양제
D9_1_4_15_41,"  1) 인삼류(인삼, 홍삼)"
,  2) 유산균류(프로바이오틱스 등)
,  3) 비타민 및 무기질
,"  4) EPA 및 DHA 함유 유지(오메가3, 크릴오일 등)"
,  5) 단백질
,  6) 엠에스엠(MSM)
,  7) 밀크씨슬
,  8) 가르시니아캄보지아
,  9) 식이섬유
, 10) 쏘팔메토
, 11) 홍국
, 12) 마리골드꽃추출물/루테인지아잔틴추출물
, 13) 프로폴리스
, 14) 프락토올리고당
, 15) 알로에
, 16) 녹차추출물
, 17) 난소화성말토덱스트린
, 18) 코엔자임Q10
, 19) 콜라겐
, 20) 당귀추출물(헤모힘)
, 51) 관절팔팔
, 52) 이노치노하하
, 72) 침향
, 81) 눈 영양제
D9_1_4_16_41,"  1) 인삼류(인삼, 홍삼)"
,  2) 유산균류(프로바이오틱스 등)
,  3) 비타민 및 무기질
,"  4) EPA 및 DHA 함유 유지(오메가3, 크릴오일 등)"
,  5) 단백질
,  6) 엠에스엠(MSM)
,  7) 밀크씨슬
,  8) 가르시니아캄보지아
,  9) 식이섬유
, 10) 쏘팔메토
, 11) 홍국
, 12) 마리골드꽃추출물/루테인지아잔틴추출물
, 13) 프로폴리스
, 14) 프락토올리고당
, 15) 알로에
, 16) 녹차추출물
, 17) 난소화성말토덱스트린
, 18) 코엔자임Q10
, 19) 콜라겐
, 20) 당귀추출물(헤모힘)
, 51) 관절팔팔
, 52) 이노치노하하
, 72) 침향
, 81) 눈 영양제
D9_1_4_17_41,"  1) 인삼류(인삼, 홍삼)"
,  2) 유산균류(프로바이오틱스 등)
,  3) 비타민 및 무기질
,"  4) EPA 및 DHA 함유 유지(오메가3, 크릴오일 등)"
,  5) 단백질
,  6) 엠에스엠(MSM)
,  7) 밀크씨슬
,  8) 가르시니아캄보지아
,  9) 식이섬유
, 10) 쏘팔메토
, 11) 홍국
, 12) 마리골드꽃추출물/루테인지아잔틴추출물
, 13) 프로폴리스
, 14) 프락토올리고당
, 15) 알로에
, 16) 녹차추출물
, 17) 난소화성말토덱스트린
, 18) 코엔자임Q10
, 19) 콜라겐
, 20) 당귀추출물(헤모힘)
, 51) 관절팔팔
, 52) 이노치노하하
, 72) 침향
, 81) 눈 영양제
D9_1_4_18_41,"  1) 인삼류(인삼, 홍삼)"
,  2) 유산균류(프로바이오틱스 등)
,  3) 비타민 및 무기질
,"  4) EPA 및 DHA 함유 유지(오메가3, 크릴오일 등)"
,  5) 단백질
,  6) 엠에스엠(MSM)
,  7) 밀크씨슬
,  8) 가르시니아캄보지아
,  9) 식이섬유
, 10) 쏘팔메토
, 11) 홍국
, 12) 마리골드꽃추출물/루테인지아잔틴추출물
, 13) 프로폴리스
, 14) 프락토올리고당
, 15) 알로에
, 16) 녹차추출물
, 17) 난소화성말토덱스트린
, 18) 코엔자임Q10
, 19) 콜라겐
, 20) 당귀추출물(헤모힘)
, 51) 관절팔팔
, 52) 이노치노하하
, 72) 침향
, 81) 눈 영양제
D9_1_4_19_41,"  1) 인삼류(인삼, 홍삼)"
,  2) 유산균류(프로바이오틱스 등)
,  3) 비타민 및 무기질
,"  4) EPA 및 DHA 함유 유지(오메가3, 크릴오일 등)"
,  5) 단백질
,  6) 엠에스엠(MSM)
,  7) 밀크씨슬
,  8) 가르시니아캄보지아
,  9) 식이섬유
, 10) 쏘팔메토
, 11) 홍국
, 12) 마리골드꽃추출물/루테인지아잔틴추출물
, 13) 프로폴리스
, 14) 프락토올리고당
, 15) 알로에
, 16) 녹차추출물
, 17) 난소화성말토덱스트린
, 18) 코엔자임Q10
, 19) 콜라겐
, 20) 당귀추출물(헤모힘)
, 51) 관절팔팔
, 52) 이노치노하하
, 72) 침향
, 81) 눈 영양제
D9_1_4_20_41,"  1) 인삼류(인삼, 홍삼)"
,  2) 유산균류(프로바이오틱스 등)
,  3) 비타민 및 무기질
,"  4) EPA 및 DHA 함유 유지(오메가3, 크릴오일 등)"
,  5) 단백질
,  6) 엠에스엠(MSM)
,  7) 밀크씨슬
,  8) 가르시니아캄보지아
,  9) 식이섬유
, 10) 쏘팔메토
, 11) 홍국
, 12) 마리골드꽃추출물/루테인지아잔틴추출물
, 13) 프로폴리스
, 14) 프락토올리고당
, 15) 알로에
, 16) 녹차추출물
, 17) 난소화성말토덱스트린
, 18) 코엔자임Q10
, 19) 콜라겐
, 20) 당귀추출물(헤모힘)
, 51) 관절팔팔
, 52) 이노치노하하
, 72) 침향
, 81) 눈 영양제
D9_1_4_21_41,"  1) 인삼류(인삼, 홍삼)"
,  2) 유산균류(프로바이오틱스 등)
,  3) 비타민 및 무기질
,"  4) EPA 및 DHA 함유 유지(오메가3, 크릴오일 등)"
,  5) 단백질
,  6) 엠에스엠(MSM)
,  7) 밀크씨슬
,  8) 가르시니아캄보지아
,  9) 식이섬유
, 10) 쏘팔메토
, 11) 홍국
, 12) 마리골드꽃추출물/루테인지아잔틴추출물
, 13) 프로폴리스
, 14) 프락토올리고당
, 15) 알로에
, 16) 녹차추출물
, 17) 난소화성말토덱스트린
, 18) 코엔자임Q10
, 19) 콜라겐
, 20) 당귀추출물(헤모힘)
, 51) 관절팔팔
, 52) 이노치노하하
, 72) 침향
, 81) 눈 영양제
D9_1_1_51,  1) 남자
,  2) 여자
D9_1_4_1_51,"  1) 인삼류(인삼, 홍삼)"
,  2) 유산균류(프로바이오틱스 등)
,  3) 비타민 및 무기질
,"  4) EPA 및 DHA 함유 유지(오메가3, 크릴오일 등)"
,  5) 단백질
,  6) 엠에스엠(MSM)
,  7) 밀크씨슬
,  8) 가르시니아캄보지아
,  9) 식이섬유
, 10) 쏘팔메토
, 11) 홍국
, 12) 마리골드꽃추출물/루테인지아잔틴추출물
, 13) 프로폴리스
, 14) 프락토올리고당
, 15) 알로에
, 16) 녹차추출물
, 17) 난소화성말토덱스트린
, 18) 코엔자임Q10
, 19) 콜라겐
, 20) 당귀추출물(헤모힘)
, 51) 관절팔팔
, 52) 이노치노하하
, 72) 침향
, 81) 눈 영양제
D9_1_4_2_51,"  1) 인삼류(인삼, 홍삼)"
,  2) 유산균류(프로바이오틱스 등)
,  3) 비타민 및 무기질
,"  4) EPA 및 DHA 함유 유지(오메가3, 크릴오일 등)"
,  5) 단백질
,  6) 엠에스엠(MSM)
,  7) 밀크씨슬
,  8) 가르시니아캄보지아
,  9) 식이섬유
, 10) 쏘팔메토
, 11) 홍국
, 12) 마리골드꽃추출물/루테인지아잔틴추출물
, 13) 프로폴리스
, 14) 프락토올리고당
, 15) 알로에
, 16) 녹차추출물
, 17) 난소화성말토덱스트린
, 18) 코엔자임Q10
, 19) 콜라겐
, 20) 당귀추출물(헤모힘)
, 51) 관절팔팔
, 52) 이노치노하하
, 72) 침향
, 81) 눈 영양제
D9_1_4_3_51,"  1) 인삼류(인삼, 홍삼)"
,  2) 유산균류(프로바이오틱스 등)
,  3) 비타민 및 무기질
,"  4) EPA 및 DHA 함유 유지(오메가3, 크릴오일 등)"
,  5) 단백질
,  6) 엠에스엠(MSM)
,  7) 밀크씨슬
,  8) 가르시니아캄보지아
,  9) 식이섬유
, 10) 쏘팔메토
, 11) 홍국
, 12) 마리골드꽃추출물/루테인지아잔틴추출물
, 13) 프로폴리스
, 14) 프락토올리고당
, 15) 알로에
, 16) 녹차추출물
, 17) 난소화성말토덱스트린
, 18) 코엔자임Q10
, 19) 콜라겐
, 20) 당귀추출물(헤모힘)
, 51) 관절팔팔
, 52) 이노치노하하
, 72) 침향
, 81) 눈 영양제
D9_1_4_4_51,"  1) 인삼류(인삼, 홍삼)"
,  2) 유산균류(프로바이오틱스 등)
,  3) 비타민 및 무기질
,"  4) EPA 및 DHA 함유 유지(오메가3, 크릴오일 등)"
,  5) 단백질
,  6) 엠에스엠(MSM)
,  7) 밀크씨슬
,  8) 가르시니아캄보지아
,  9) 식이섬유
, 10) 쏘팔메토
, 11) 홍국
, 12) 마리골드꽃추출물/루테인지아잔틴추출물
, 13) 프로폴리스
, 14) 프락토올리고당
, 15) 알로에
, 16) 녹차추출물
, 17) 난소화성말토덱스트린
, 18) 코엔자임Q10
, 19) 콜라겐
, 20) 당귀추출물(헤모힘)
, 51) 관절팔팔
, 52) 이노치노하하
, 72) 침향
, 81) 눈 영양제
D9_1_4_5_51,"  1) 인삼류(인삼, 홍삼)"
,  2) 유산균류(프로바이오틱스 등)
,  3) 비타민 및 무기질
,"  4) EPA 및 DHA 함유 유지(오메가3, 크릴오일 등)"
,  5) 단백질
,  6) 엠에스엠(MSM)
,  7) 밀크씨슬
,  8) 가르시니아캄보지아
,  9) 식이섬유
, 10) 쏘팔메토
, 11) 홍국
, 12) 마리골드꽃추출물/루테인지아잔틴추출물
, 13) 프로폴리스
, 14) 프락토올리고당
, 15) 알로에
, 16) 녹차추출물
, 17) 난소화성말토덱스트린
, 18) 코엔자임Q10
, 19) 콜라겐
, 20) 당귀추출물(헤모힘)
, 51) 관절팔팔
, 52) 이노치노하하
, 72) 침향
, 81) 눈 영양제
D9_1_4_6_51,"  1) 인삼류(인삼, 홍삼)"
,  2) 유산균류(프로바이오틱스 등)
,  3) 비타민 및 무기질
,"  4) EPA 및 DHA 함유 유지(오메가3, 크릴오일 등)"
,  5) 단백질
,  6) 엠에스엠(MSM)
,  7) 밀크씨슬
,  8) 가르시니아캄보지아
,  9) 식이섬유
, 10) 쏘팔메토
, 11) 홍국
, 12) 마리골드꽃추출물/루테인지아잔틴추출물
, 13) 프로폴리스
, 14) 프락토올리고당
, 15) 알로에
, 16) 녹차추출물
, 17) 난소화성말토덱스트린
, 18) 코엔자임Q10
, 19) 콜라겐
, 20) 당귀추출물(헤모힘)
, 51) 관절팔팔
, 52) 이노치노하하
, 72) 침향
, 81) 눈 영양제
D9_1_4_7_51,"  1) 인삼류(인삼, 홍삼)"
,  2) 유산균류(프로바이오틱스 등)
,  3) 비타민 및 무기질
,"  4) EPA 및 DHA 함유 유지(오메가3, 크릴오일 등)"
,  5) 단백질
,  6) 엠에스엠(MSM)
,  7) 밀크씨슬
,  8) 가르시니아캄보지아
,  9) 식이섬유
, 10) 쏘팔메토
, 11) 홍국
, 12) 마리골드꽃추출물/루테인지아잔틴추출물
, 13) 프로폴리스
, 14) 프락토올리고당
, 15) 알로에
, 16) 녹차추출물
, 17) 난소화성말토덱스트린
, 18) 코엔자임Q10
, 19) 콜라겐
, 20) 당귀추출물(헤모힘)
, 51) 관절팔팔
, 52) 이노치노하하
, 72) 침향
, 81) 눈 영양제
D9_1_4_8_51,"  1) 인삼류(인삼, 홍삼)"
,  2) 유산균류(프로바이오틱스 등)
,  3) 비타민 및 무기질
,"  4) EPA 및 DHA 함유 유지(오메가3, 크릴오일 등)"
,  5) 단백질
,  6) 엠에스엠(MSM)
,  7) 밀크씨슬
,  8) 가르시니아캄보지아
,  9) 식이섬유
, 10) 쏘팔메토
, 11) 홍국
, 12) 마리골드꽃추출물/루테인지아잔틴추출물
, 13) 프로폴리스
, 14) 프락토올리고당
, 15) 알로에
, 16) 녹차추출물
, 17) 난소화성말토덱스트린
, 18) 코엔자임Q10
, 19) 콜라겐
, 20) 당귀추출물(헤모힘)
, 51) 관절팔팔
, 52) 이노치노하하
, 72) 침향
, 81) 눈 영양제
D9_1_4_9_51,"  1) 인삼류(인삼, 홍삼)"
,  2) 유산균류(프로바이오틱스 등)
,  3) 비타민 및 무기질
,"  4) EPA 및 DHA 함유 유지(오메가3, 크릴오일 등)"
,  5) 단백질
,  6) 엠에스엠(MSM)
,  7) 밀크씨슬
,  8) 가르시니아캄보지아
,  9) 식이섬유
, 10) 쏘팔메토
, 11) 홍국
, 12) 마리골드꽃추출물/루테인지아잔틴추출물
, 13) 프로폴리스
, 14) 프락토올리고당
, 15) 알로에
, 16) 녹차추출물
, 17) 난소화성말토덱스트린
, 18) 코엔자임Q10
, 19) 콜라겐
, 20) 당귀추출물(헤모힘)
, 51) 관절팔팔
, 52) 이노치노하하
, 72) 침향
, 81) 눈 영양제
D9_1_4_10_51,"  1) 인삼류(인삼, 홍삼)"
,  2) 유산균류(프로바이오틱스 등)
,  3) 비타민 및 무기질
,"  4) EPA 및 DHA 함유 유지(오메가3, 크릴오일 등)"
,  5) 단백질
,  6) 엠에스엠(MSM)
,  7) 밀크씨슬
,  8) 가르시니아캄보지아
,  9) 식이섬유
, 10) 쏘팔메토
, 11) 홍국
, 12) 마리골드꽃추출물/루테인지아잔틴추출물
, 13) 프로폴리스
, 14) 프락토올리고당
, 15) 알로에
, 16) 녹차추출물
, 17) 난소화성말토덱스트린
, 18) 코엔자임Q10
, 19) 콜라겐
, 20) 당귀추출물(헤모힘)
, 51) 관절팔팔
, 52) 이노치노하하
, 72) 침향
, 81) 눈 영양제
D9_1_4_11_51,"  1) 인삼류(인삼, 홍삼)"
,  2) 유산균류(프로바이오틱스 등)
,  3) 비타민 및 무기질
,"  4) EPA 및 DHA 함유 유지(오메가3, 크릴오일 등)"
,  5) 단백질
,  6) 엠에스엠(MSM)
,  7) 밀크씨슬
,  8) 가르시니아캄보지아
,  9) 식이섬유
, 10) 쏘팔메토
, 11) 홍국
, 12) 마리골드꽃추출물/루테인지아잔틴추출물
, 13) 프로폴리스
, 14) 프락토올리고당
, 15) 알로에
, 16) 녹차추출물
, 17) 난소화성말토덱스트린
, 18) 코엔자임Q10
, 19) 콜라겐
, 20) 당귀추출물(헤모힘)
, 51) 관절팔팔
, 52) 이노치노하하
, 72) 침향
, 81) 눈 영양제
D9_1_4_12_51,"  1) 인삼류(인삼, 홍삼)"
,  2) 유산균류(프로바이오틱스 등)
,  3) 비타민 및 무기질
,"  4) EPA 및 DHA 함유 유지(오메가3, 크릴오일 등)"
,  5) 단백질
,  6) 엠에스엠(MSM)
,  7) 밀크씨슬
,  8) 가르시니아캄보지아
,  9) 식이섬유
, 10) 쏘팔메토
, 11) 홍국
, 12) 마리골드꽃추출물/루테인지아잔틴추출물
, 13) 프로폴리스
, 14) 프락토올리고당
, 15) 알로에
, 16) 녹차추출물
, 17) 난소화성말토덱스트린
, 18) 코엔자임Q10
, 19) 콜라겐
, 20) 당귀추출물(헤모힘)
, 51) 관절팔팔
, 52) 이노치노하하
, 72) 침향
, 81) 눈 영양제
D9_1_4_13_51,"  1) 인삼류(인삼, 홍삼)"
,  2) 유산균류(프로바이오틱스 등)
,  3) 비타민 및 무기질
,"  4) EPA 및 DHA 함유 유지(오메가3, 크릴오일 등)"
,  5) 단백질
,  6) 엠에스엠(MSM)
,  7) 밀크씨슬
,  8) 가르시니아캄보지아
,  9) 식이섬유
, 10) 쏘팔메토
, 11) 홍국
, 12) 마리골드꽃추출물/루테인지아잔틴추출물
, 13) 프로폴리스
, 14) 프락토올리고당
, 15) 알로에
, 16) 녹차추출물
, 17) 난소화성말토덱스트린
, 18) 코엔자임Q10
, 19) 콜라겐
, 20) 당귀추출물(헤모힘)
, 51) 관절팔팔
, 52) 이노치노하하
, 72) 침향
, 81) 눈 영양제
D9_1_4_14_51,"  1) 인삼류(인삼, 홍삼)"
,  2) 유산균류(프로바이오틱스 등)
,  3) 비타민 및 무기질
,"  4) EPA 및 DHA 함유 유지(오메가3, 크릴오일 등)"
,  5) 단백질
,  6) 엠에스엠(MSM)
,  7) 밀크씨슬
,  8) 가르시니아캄보지아
,  9) 식이섬유
, 10) 쏘팔메토
, 11) 홍국
, 12) 마리골드꽃추출물/루테인지아잔틴추출물
, 13) 프로폴리스
, 14) 프락토올리고당
, 15) 알로에
, 16) 녹차추출물
, 17) 난소화성말토덱스트린
, 18) 코엔자임Q10
, 19) 콜라겐
, 20) 당귀추출물(헤모힘)
, 51) 관절팔팔
, 52) 이노치노하하
, 72) 침향
, 81) 눈 영양제
D9_1_4_15_51,"  1) 인삼류(인삼, 홍삼)"
,  2) 유산균류(프로바이오틱스 등)
,  3) 비타민 및 무기질
,"  4) EPA 및 DHA 함유 유지(오메가3, 크릴오일 등)"
,  5) 단백질
,  6) 엠에스엠(MSM)
,  7) 밀크씨슬
,  8) 가르시니아캄보지아
,  9) 식이섬유
, 10) 쏘팔메토
, 11) 홍국
, 12) 마리골드꽃추출물/루테인지아잔틴추출물
, 13) 프로폴리스
, 14) 프락토올리고당
, 15) 알로에
, 16) 녹차추출물
, 17) 난소화성말토덱스트린
, 18) 코엔자임Q10
, 19) 콜라겐
, 20) 당귀추출물(헤모힘)
, 51) 관절팔팔
, 52) 이노치노하하
, 72) 침향
, 81) 눈 영양제
D9_1_4_16_51,"  1) 인삼류(인삼, 홍삼)"
,  2) 유산균류(프로바이오틱스 등)
,  3) 비타민 및 무기질
,"  4) EPA 및 DHA 함유 유지(오메가3, 크릴오일 등)"
,  5) 단백질
,  6) 엠에스엠(MSM)
,  7) 밀크씨슬
,  8) 가르시니아캄보지아
,  9) 식이섬유
, 10) 쏘팔메토
, 11) 홍국
, 12) 마리골드꽃추출물/루테인지아잔틴추출물
, 13) 프로폴리스
, 14) 프락토올리고당
, 15) 알로에
, 16) 녹차추출물
, 17) 난소화성말토덱스트린
, 18) 코엔자임Q10
, 19) 콜라겐
, 20) 당귀추출물(헤모힘)
, 51) 관절팔팔
, 52) 이노치노하하
, 72) 침향
, 81) 눈 영양제
D9_1_4_17_51,"  1) 인삼류(인삼, 홍삼)"
,  2) 유산균류(프로바이오틱스 등)
,  3) 비타민 및 무기질
,"  4) EPA 및 DHA 함유 유지(오메가3, 크릴오일 등)"
,  5) 단백질
,  6) 엠에스엠(MSM)
,  7) 밀크씨슬
,  8) 가르시니아캄보지아
,  9) 식이섬유
, 10) 쏘팔메토
, 11) 홍국
, 12) 마리골드꽃추출물/루테인지아잔틴추출물
, 13) 프로폴리스
, 14) 프락토올리고당
, 15) 알로에
, 16) 녹차추출물
, 17) 난소화성말토덱스트린
, 18) 코엔자임Q10
, 19) 콜라겐
, 20) 당귀추출물(헤모힘)
, 51) 관절팔팔
, 52) 이노치노하하
, 72) 침향
, 81) 눈 영양제
D9_1_4_18_51,"  1) 인삼류(인삼, 홍삼)"
,  2) 유산균류(프로바이오틱스 등)
,  3) 비타민 및 무기질
,"  4) EPA 및 DHA 함유 유지(오메가3, 크릴오일 등)"
,  5) 단백질
,  6) 엠에스엠(MSM)
,  7) 밀크씨슬
,  8) 가르시니아캄보지아
,  9) 식이섬유
, 10) 쏘팔메토
, 11) 홍국
, 12) 마리골드꽃추출물/루테인지아잔틴추출물
, 13) 프로폴리스
, 14) 프락토올리고당
, 15) 알로에
, 16) 녹차추출물
, 17) 난소화성말토덱스트린
, 18) 코엔자임Q10
, 19) 콜라겐
, 20) 당귀추출물(헤모힘)
, 51) 관절팔팔
, 52) 이노치노하하
, 72) 침향
, 81) 눈 영양제
D9_1_4_19_51,"  1) 인삼류(인삼, 홍삼)"
,  2) 유산균류(프로바이오틱스 등)
,  3) 비타민 및 무기질
,"  4) EPA 및 DHA 함유 유지(오메가3, 크릴오일 등)"
,  5) 단백질
,  6) 엠에스엠(MSM)
,  7) 밀크씨슬
,  8) 가르시니아캄보지아
,  9) 식이섬유
, 10) 쏘팔메토
, 11) 홍국
, 12) 마리골드꽃추출물/루테인지아잔틴추출물
, 13) 프로폴리스
, 14) 프락토올리고당
, 15) 알로에
, 16) 녹차추출물
, 17) 난소화성말토덱스트린
, 18) 코엔자임Q10
, 19) 콜라겐
, 20) 당귀추출물(헤모힘)
, 51) 관절팔팔
, 52) 이노치노하하
, 72) 침향
, 81) 눈 영양제
D9_1_4_20_51,"  1) 인삼류(인삼, 홍삼)"
,  2) 유산균류(프로바이오틱스 등)
,  3) 비타민 및 무기질
,"  4) EPA 및 DHA 함유 유지(오메가3, 크릴오일 등)"
,  5) 단백질
,  6) 엠에스엠(MSM)
,  7) 밀크씨슬
,  8) 가르시니아캄보지아
,  9) 식이섬유
, 10) 쏘팔메토
, 11) 홍국
, 12) 마리골드꽃추출물/루테인지아잔틴추출물
, 13) 프로폴리스
, 14) 프락토올리고당
, 15) 알로에
, 16) 녹차추출물
, 17) 난소화성말토덱스트린
, 18) 코엔자임Q10
, 19) 콜라겐
, 20) 당귀추출물(헤모힘)
, 51) 관절팔팔
, 52) 이노치노하하
, 72) 침향
, 81) 눈 영양제
D9_1_4_21_51,"  1) 인삼류(인삼, 홍삼)"
,  2) 유산균류(프로바이오틱스 등)
,  3) 비타민 및 무기질
,"  4) EPA 및 DHA 함유 유지(오메가3, 크릴오일 등)"
,  5) 단백질
,  6) 엠에스엠(MSM)
,  7) 밀크씨슬
,  8) 가르시니아캄보지아
,  9) 식이섬유
, 10) 쏘팔메토
, 11) 홍국
, 12) 마리골드꽃추출물/루테인지아잔틴추출물
, 13) 프로폴리스
, 14) 프락토올리고당
, 15) 알로에
, 16) 녹차추출물
, 17) 난소화성말토덱스트린
, 18) 코엔자임Q10
, 19) 콜라겐
, 20) 당귀추출물(헤모힘)
, 51) 관절팔팔
, 52) 이노치노하하
, 72) 침향
, 81) 눈 영양제
D9_1_1_61,  1) 남자
,  2) 여자
D9_1_4_1_61,"  1) 인삼류(인삼, 홍삼)"
,  2) 유산균류(프로바이오틱스 등)
,  3) 비타민 및 무기질
,"  4) EPA 및 DHA 함유 유지(오메가3, 크릴오일 등)"
,  5) 단백질
,  6) 엠에스엠(MSM)
,  7) 밀크씨슬
,  8) 가르시니아캄보지아
,  9) 식이섬유
, 10) 쏘팔메토
, 11) 홍국
, 12) 마리골드꽃추출물/루테인지아잔틴추출물
, 13) 프로폴리스
, 14) 프락토올리고당
, 15) 알로에
, 16) 녹차추출물
, 17) 난소화성말토덱스트린
, 18) 코엔자임Q10
, 19) 콜라겐
, 20) 당귀추출물(헤모힘)
, 51) 관절팔팔
, 52) 이노치노하하
, 72) 침향
, 81) 눈 영양제
D9_1_4_2_61,"  1) 인삼류(인삼, 홍삼)"
,  2) 유산균류(프로바이오틱스 등)
,  3) 비타민 및 무기질
,"  4) EPA 및 DHA 함유 유지(오메가3, 크릴오일 등)"
,  5) 단백질
,  6) 엠에스엠(MSM)
,  7) 밀크씨슬
,  8) 가르시니아캄보지아
,  9) 식이섬유
, 10) 쏘팔메토
, 11) 홍국
, 12) 마리골드꽃추출물/루테인지아잔틴추출물
, 13) 프로폴리스
, 14) 프락토올리고당
, 15) 알로에
, 16) 녹차추출물
, 17) 난소화성말토덱스트린
, 18) 코엔자임Q10
, 19) 콜라겐
, 20) 당귀추출물(헤모힘)
, 51) 관절팔팔
, 52) 이노치노하하
, 72) 침향
, 81) 눈 영양제
D9_1_4_3_61,"  1) 인삼류(인삼, 홍삼)"
,  2) 유산균류(프로바이오틱스 등)
,  3) 비타민 및 무기질
,"  4) EPA 및 DHA 함유 유지(오메가3, 크릴오일 등)"
,  5) 단백질
,  6) 엠에스엠(MSM)
,  7) 밀크씨슬
,  8) 가르시니아캄보지아
,  9) 식이섬유
, 10) 쏘팔메토
, 11) 홍국
, 12) 마리골드꽃추출물/루테인지아잔틴추출물
, 13) 프로폴리스
, 14) 프락토올리고당
, 15) 알로에
, 16) 녹차추출물
, 17) 난소화성말토덱스트린
, 18) 코엔자임Q10
, 19) 콜라겐
, 20) 당귀추출물(헤모힘)
, 51) 관절팔팔
, 52) 이노치노하하
, 72) 침향
, 81) 눈 영양제
D9_1_4_4_61,"  1) 인삼류(인삼, 홍삼)"
,  2) 유산균류(프로바이오틱스 등)
,  3) 비타민 및 무기질
,"  4) EPA 및 DHA 함유 유지(오메가3, 크릴오일 등)"
,  5) 단백질
,  6) 엠에스엠(MSM)
,  7) 밀크씨슬
,  8) 가르시니아캄보지아
,  9) 식이섬유
, 10) 쏘팔메토
, 11) 홍국
, 12) 마리골드꽃추출물/루테인지아잔틴추출물
, 13) 프로폴리스
, 14) 프락토올리고당
, 15) 알로에
, 16) 녹차추출물
, 17) 난소화성말토덱스트린
, 18) 코엔자임Q10
, 19) 콜라겐
, 20) 당귀추출물(헤모힘)
, 51) 관절팔팔
, 52) 이노치노하하
, 72) 침향
, 81) 눈 영양제
D9_1_4_5_61,"  1) 인삼류(인삼, 홍삼)"
,  2) 유산균류(프로바이오틱스 등)
,  3) 비타민 및 무기질
,"  4) EPA 및 DHA 함유 유지(오메가3, 크릴오일 등)"
,  5) 단백질
,  6) 엠에스엠(MSM)
,  7) 밀크씨슬
,  8) 가르시니아캄보지아
,  9) 식이섬유
, 10) 쏘팔메토
, 11) 홍국
, 12) 마리골드꽃추출물/루테인지아잔틴추출물
, 13) 프로폴리스
, 14) 프락토올리고당
, 15) 알로에
, 16) 녹차추출물
, 17) 난소화성말토덱스트린
, 18) 코엔자임Q10
, 19) 콜라겐
, 20) 당귀추출물(헤모힘)
, 51) 관절팔팔
, 52) 이노치노하하
, 72) 침향
, 81) 눈 영양제
D9_1_4_6_61,"  1) 인삼류(인삼, 홍삼)"
,  2) 유산균류(프로바이오틱스 등)
,  3) 비타민 및 무기질
,"  4) EPA 및 DHA 함유 유지(오메가3, 크릴오일 등)"
,  5) 단백질
,  6) 엠에스엠(MSM)
,  7) 밀크씨슬
,  8) 가르시니아캄보지아
,  9) 식이섬유
, 10) 쏘팔메토
, 11) 홍국
, 12) 마리골드꽃추출물/루테인지아잔틴추출물
, 13) 프로폴리스
, 14) 프락토올리고당
, 15) 알로에
, 16) 녹차추출물
, 17) 난소화성말토덱스트린
, 18) 코엔자임Q10
, 19) 콜라겐
, 20) 당귀추출물(헤모힘)
, 51) 관절팔팔
, 52) 이노치노하하
, 72) 침향
, 81) 눈 영양제
D9_1_4_7_61,"  1) 인삼류(인삼, 홍삼)"
,  2) 유산균류(프로바이오틱스 등)
,  3) 비타민 및 무기질
,"  4) EPA 및 DHA 함유 유지(오메가3, 크릴오일 등)"
,  5) 단백질
,  6) 엠에스엠(MSM)
,  7) 밀크씨슬
,  8) 가르시니아캄보지아
,  9) 식이섬유
, 10) 쏘팔메토
, 11) 홍국
, 12) 마리골드꽃추출물/루테인지아잔틴추출물
, 13) 프로폴리스
, 14) 프락토올리고당
, 15) 알로에
, 16) 녹차추출물
, 17) 난소화성말토덱스트린
, 18) 코엔자임Q10
, 19) 콜라겐
, 20) 당귀추출물(헤모힘)
, 51) 관절팔팔
, 52) 이노치노하하
, 72) 침향
, 81) 눈 영양제
D9_1_4_8_61,"  1) 인삼류(인삼, 홍삼)"
,  2) 유산균류(프로바이오틱스 등)
,  3) 비타민 및 무기질
,"  4) EPA 및 DHA 함유 유지(오메가3, 크릴오일 등)"
,  5) 단백질
,  6) 엠에스엠(MSM)
,  7) 밀크씨슬
,  8) 가르시니아캄보지아
,  9) 식이섬유
, 10) 쏘팔메토
, 11) 홍국
, 12) 마리골드꽃추출물/루테인지아잔틴추출물
, 13) 프로폴리스
, 14) 프락토올리고당
, 15) 알로에
, 16) 녹차추출물
, 17) 난소화성말토덱스트린
, 18) 코엔자임Q10
, 19) 콜라겐
, 20) 당귀추출물(헤모힘)
, 51) 관절팔팔
, 52) 이노치노하하
, 72) 침향
, 81) 눈 영양제
D9_1_4_9_61,"  1) 인삼류(인삼, 홍삼)"
,  2) 유산균류(프로바이오틱스 등)
,  3) 비타민 및 무기질
,"  4) EPA 및 DHA 함유 유지(오메가3, 크릴오일 등)"
,  5) 단백질
,  6) 엠에스엠(MSM)
,  7) 밀크씨슬
,  8) 가르시니아캄보지아
,  9) 식이섬유
, 10) 쏘팔메토
, 11) 홍국
, 12) 마리골드꽃추출물/루테인지아잔틴추출물
, 13) 프로폴리스
, 14) 프락토올리고당
, 15) 알로에
, 16) 녹차추출물
, 17) 난소화성말토덱스트린
, 18) 코엔자임Q10
, 19) 콜라겐
, 20) 당귀추출물(헤모힘)
, 51) 관절팔팔
, 52) 이노치노하하
, 72) 침향
, 81) 눈 영양제
D9_1_4_10_61,"  1) 인삼류(인삼, 홍삼)"
,  2) 유산균류(프로바이오틱스 등)
,  3) 비타민 및 무기질
,"  4) EPA 및 DHA 함유 유지(오메가3, 크릴오일 등)"
,  5) 단백질
,  6) 엠에스엠(MSM)
,  7) 밀크씨슬
,  8) 가르시니아캄보지아
,  9) 식이섬유
, 10) 쏘팔메토
, 11) 홍국
, 12) 마리골드꽃추출물/루테인지아잔틴추출물
, 13) 프로폴리스
, 14) 프락토올리고당
, 15) 알로에
, 16) 녹차추출물
, 17) 난소화성말토덱스트린
, 18) 코엔자임Q10
, 19) 콜라겐
, 20) 당귀추출물(헤모힘)
, 51) 관절팔팔
, 52) 이노치노하하
, 72) 침향
, 81) 눈 영양제
D9_1_4_11_61,"  1) 인삼류(인삼, 홍삼)"
,  2) 유산균류(프로바이오틱스 등)
,  3) 비타민 및 무기질
,"  4) EPA 및 DHA 함유 유지(오메가3, 크릴오일 등)"
,  5) 단백질
,  6) 엠에스엠(MSM)
,  7) 밀크씨슬
,  8) 가르시니아캄보지아
,  9) 식이섬유
, 10) 쏘팔메토
, 11) 홍국
, 12) 마리골드꽃추출물/루테인지아잔틴추출물
, 13) 프로폴리스
, 14) 프락토올리고당
, 15) 알로에
, 16) 녹차추출물
, 17) 난소화성말토덱스트린
, 18) 코엔자임Q10
, 19) 콜라겐
, 20) 당귀추출물(헤모힘)
, 51) 관절팔팔
, 52) 이노치노하하
, 72) 침향
, 81) 눈 영양제
D9_1_4_12_61,"  1) 인삼류(인삼, 홍삼)"
,  2) 유산균류(프로바이오틱스 등)
,  3) 비타민 및 무기질
,"  4) EPA 및 DHA 함유 유지(오메가3, 크릴오일 등)"
,  5) 단백질
,  6) 엠에스엠(MSM)
,  7) 밀크씨슬
,  8) 가르시니아캄보지아
,  9) 식이섬유
, 10) 쏘팔메토
, 11) 홍국
, 12) 마리골드꽃추출물/루테인지아잔틴추출물
, 13) 프로폴리스
, 14) 프락토올리고당
, 15) 알로에
, 16) 녹차추출물
, 17) 난소화성말토덱스트린
, 18) 코엔자임Q10
, 19) 콜라겐
, 20) 당귀추출물(헤모힘)
, 51) 관절팔팔
, 52) 이노치노하하
, 72) 침향
, 81) 눈 영양제
D9_1_4_13_61,"  1) 인삼류(인삼, 홍삼)"
,  2) 유산균류(프로바이오틱스 등)
,  3) 비타민 및 무기질
,"  4) EPA 및 DHA 함유 유지(오메가3, 크릴오일 등)"
,  5) 단백질
,  6) 엠에스엠(MSM)
,  7) 밀크씨슬
,  8) 가르시니아캄보지아
,  9) 식이섬유
, 10) 쏘팔메토
, 11) 홍국
, 12) 마리골드꽃추출물/루테인지아잔틴추출물
, 13) 프로폴리스
, 14) 프락토올리고당
, 15) 알로에
, 16) 녹차추출물
, 17) 난소화성말토덱스트린
, 18) 코엔자임Q10
, 19) 콜라겐
, 20) 당귀추출물(헤모힘)
, 51) 관절팔팔
, 52) 이노치노하하
, 72) 침향
, 81) 눈 영양제
D9_1_4_14_61,"  1) 인삼류(인삼, 홍삼)"
,  2) 유산균류(프로바이오틱스 등)
,  3) 비타민 및 무기질
,"  4) EPA 및 DHA 함유 유지(오메가3, 크릴오일 등)"
,  5) 단백질
,  6) 엠에스엠(MSM)
,  7) 밀크씨슬
,  8) 가르시니아캄보지아
,  9) 식이섬유
, 10) 쏘팔메토
, 11) 홍국
, 12) 마리골드꽃추출물/루테인지아잔틴추출물
, 13) 프로폴리스
, 14) 프락토올리고당
, 15) 알로에
, 16) 녹차추출물
, 17) 난소화성말토덱스트린
, 18) 코엔자임Q10
, 19) 콜라겐
, 20) 당귀추출물(헤모힘)
, 51) 관절팔팔
, 52) 이노치노하하
, 72) 침향
, 81) 눈 영양제
D9_1_4_15_61,"  1) 인삼류(인삼, 홍삼)"
,  2) 유산균류(프로바이오틱스 등)
,  3) 비타민 및 무기질
,"  4) EPA 및 DHA 함유 유지(오메가3, 크릴오일 등)"
,  5) 단백질
,  6) 엠에스엠(MSM)
,  7) 밀크씨슬
,  8) 가르시니아캄보지아
,  9) 식이섬유
, 10) 쏘팔메토
, 11) 홍국
, 12) 마리골드꽃추출물/루테인지아잔틴추출물
, 13) 프로폴리스
, 14) 프락토올리고당
, 15) 알로에
, 16) 녹차추출물
, 17) 난소화성말토덱스트린
, 18) 코엔자임Q10
, 19) 콜라겐
, 20) 당귀추출물(헤모힘)
, 51) 관절팔팔
, 52) 이노치노하하
, 72) 침향
, 81) 눈 영양제
D9_1_4_16_61,"  1) 인삼류(인삼, 홍삼)"
,  2) 유산균류(프로바이오틱스 등)
,  3) 비타민 및 무기질
,"  4) EPA 및 DHA 함유 유지(오메가3, 크릴오일 등)"
,  5) 단백질
,  6) 엠에스엠(MSM)
,  7) 밀크씨슬
,  8) 가르시니아캄보지아
,  9) 식이섬유
, 10) 쏘팔메토
, 11) 홍국
, 12) 마리골드꽃추출물/루테인지아잔틴추출물
, 13) 프로폴리스
, 14) 프락토올리고당
, 15) 알로에
, 16) 녹차추출물
, 17) 난소화성말토덱스트린
, 18) 코엔자임Q10
, 19) 콜라겐
, 20) 당귀추출물(헤모힘)
, 51) 관절팔팔
, 52) 이노치노하하
, 72) 침향
, 81) 눈 영양제
D9_1_4_17_61,"  1) 인삼류(인삼, 홍삼)"
,  2) 유산균류(프로바이오틱스 등)
,  3) 비타민 및 무기질
,"  4) EPA 및 DHA 함유 유지(오메가3, 크릴오일 등)"
,  5) 단백질
,  6) 엠에스엠(MSM)
,  7) 밀크씨슬
,  8) 가르시니아캄보지아
,  9) 식이섬유
, 10) 쏘팔메토
, 11) 홍국
, 12) 마리골드꽃추출물/루테인지아잔틴추출물
, 13) 프로폴리스
, 14) 프락토올리고당
, 15) 알로에
, 16) 녹차추출물
, 17) 난소화성말토덱스트린
, 18) 코엔자임Q10
, 19) 콜라겐
, 20) 당귀추출물(헤모힘)
, 51) 관절팔팔
, 52) 이노치노하하
, 72) 침향
, 81) 눈 영양제
D9_1_4_18_61,"  1) 인삼류(인삼, 홍삼)"
,  2) 유산균류(프로바이오틱스 등)
,  3) 비타민 및 무기질
,"  4) EPA 및 DHA 함유 유지(오메가3, 크릴오일 등)"
,  5) 단백질
,  6) 엠에스엠(MSM)
,  7) 밀크씨슬
,  8) 가르시니아캄보지아
,  9) 식이섬유
, 10) 쏘팔메토
, 11) 홍국
, 12) 마리골드꽃추출물/루테인지아잔틴추출물
, 13) 프로폴리스
, 14) 프락토올리고당
, 15) 알로에
, 16) 녹차추출물
, 17) 난소화성말토덱스트린
, 18) 코엔자임Q10
, 19) 콜라겐
, 20) 당귀추출물(헤모힘)
, 51) 관절팔팔
, 52) 이노치노하하
, 72) 침향
, 81) 눈 영양제
D9_1_4_19_61,"  1) 인삼류(인삼, 홍삼)"
,  2) 유산균류(프로바이오틱스 등)
,  3) 비타민 및 무기질
,"  4) EPA 및 DHA 함유 유지(오메가3, 크릴오일 등)"
,  5) 단백질
,  6) 엠에스엠(MSM)
,  7) 밀크씨슬
,  8) 가르시니아캄보지아
,  9) 식이섬유
, 10) 쏘팔메토
, 11) 홍국
, 12) 마리골드꽃추출물/루테인지아잔틴추출물
, 13) 프로폴리스
, 14) 프락토올리고당
, 15) 알로에
, 16) 녹차추출물
, 17) 난소화성말토덱스트린
, 18) 코엔자임Q10
, 19) 콜라겐
, 20) 당귀추출물(헤모힘)
, 51) 관절팔팔
, 52) 이노치노하하
, 72) 침향
, 81) 눈 영양제
D9_1_4_20_61,"  1) 인삼류(인삼, 홍삼)"
,  2) 유산균류(프로바이오틱스 등)
,  3) 비타민 및 무기질
,"  4) EPA 및 DHA 함유 유지(오메가3, 크릴오일 등)"
,  5) 단백질
,  6) 엠에스엠(MSM)
,  7) 밀크씨슬
,  8) 가르시니아캄보지아
,  9) 식이섬유
, 10) 쏘팔메토
, 11) 홍국
, 12) 마리골드꽃추출물/루테인지아잔틴추출물
, 13) 프로폴리스
, 14) 프락토올리고당
, 15) 알로에
, 16) 녹차추출물
, 17) 난소화성말토덱스트린
, 18) 코엔자임Q10
, 19) 콜라겐
, 20) 당귀추출물(헤모힘)
, 51) 관절팔팔
, 52) 이노치노하하
, 72) 침향
, 81) 눈 영양제
D9_1_4_21_61,"  1) 인삼류(인삼, 홍삼)"
,  2) 유산균류(프로바이오틱스 등)
,  3) 비타민 및 무기질
,"  4) EPA 및 DHA 함유 유지(오메가3, 크릴오일 등)"
,  5) 단백질
,  6) 엠에스엠(MSM)
,  7) 밀크씨슬
,  8) 가르시니아캄보지아
,  9) 식이섬유
, 10) 쏘팔메토
, 11) 홍국
, 12) 마리골드꽃추출물/루테인지아잔틴추출물
, 13) 프로폴리스
, 14) 프락토올리고당
, 15) 알로에
, 16) 녹차추출물
, 17) 난소화성말토덱스트린
, 18) 코엔자임Q10
, 19) 콜라겐
, 20) 당귀추출물(헤모힘)
, 51) 관절팔팔
, 52) 이노치노하하
, 72) 침향
, 81) 눈 영양제
D9_1_1_62,  1) 남자
,  2) 여자
D9_1_4_1_62,"  1) 인삼류(인삼, 홍삼)"
,  2) 유산균류(프로바이오틱스 등)
,  3) 비타민 및 무기질
,"  4) EPA 및 DHA 함유 유지(오메가3, 크릴오일 등)"
,  5) 단백질
,  6) 엠에스엠(MSM)
,  7) 밀크씨슬
,  8) 가르시니아캄보지아
,  9) 식이섬유
, 10) 쏘팔메토
, 11) 홍국
, 12) 마리골드꽃추출물/루테인지아잔틴추출물
, 13) 프로폴리스
, 14) 프락토올리고당
, 15) 알로에
, 16) 녹차추출물
, 17) 난소화성말토덱스트린
, 18) 코엔자임Q10
, 19) 콜라겐
, 20) 당귀추출물(헤모힘)
, 51) 관절팔팔
, 52) 이노치노하하
, 72) 침향
, 81) 눈 영양제
D9_1_4_2_62,"  1) 인삼류(인삼, 홍삼)"
,  2) 유산균류(프로바이오틱스 등)
,  3) 비타민 및 무기질
,"  4) EPA 및 DHA 함유 유지(오메가3, 크릴오일 등)"
,  5) 단백질
,  6) 엠에스엠(MSM)
,  7) 밀크씨슬
,  8) 가르시니아캄보지아
,  9) 식이섬유
, 10) 쏘팔메토
, 11) 홍국
, 12) 마리골드꽃추출물/루테인지아잔틴추출물
, 13) 프로폴리스
, 14) 프락토올리고당
, 15) 알로에
, 16) 녹차추출물
, 17) 난소화성말토덱스트린
, 18) 코엔자임Q10
, 19) 콜라겐
, 20) 당귀추출물(헤모힘)
, 51) 관절팔팔
, 52) 이노치노하하
, 72) 침향
, 81) 눈 영양제
D9_1_4_3_62,"  1) 인삼류(인삼, 홍삼)"
,  2) 유산균류(프로바이오틱스 등)
,  3) 비타민 및 무기질
,"  4) EPA 및 DHA 함유 유지(오메가3, 크릴오일 등)"
,  5) 단백질
,  6) 엠에스엠(MSM)
,  7) 밀크씨슬
,  8) 가르시니아캄보지아
,  9) 식이섬유
, 10) 쏘팔메토
, 11) 홍국
, 12) 마리골드꽃추출물/루테인지아잔틴추출물
, 13) 프로폴리스
, 14) 프락토올리고당
, 15) 알로에
, 16) 녹차추출물
, 17) 난소화성말토덱스트린
, 18) 코엔자임Q10
, 19) 콜라겐
, 20) 당귀추출물(헤모힘)
, 51) 관절팔팔
, 52) 이노치노하하
, 72) 침향
, 81) 눈 영양제
D9_1_4_4_62,"  1) 인삼류(인삼, 홍삼)"
,  2) 유산균류(프로바이오틱스 등)
,  3) 비타민 및 무기질
,"  4) EPA 및 DHA 함유 유지(오메가3, 크릴오일 등)"
,  5) 단백질
,  6) 엠에스엠(MSM)
,  7) 밀크씨슬
,  8) 가르시니아캄보지아
,  9) 식이섬유
, 10) 쏘팔메토
, 11) 홍국
, 12) 마리골드꽃추출물/루테인지아잔틴추출물
, 13) 프로폴리스
, 14) 프락토올리고당
, 15) 알로에
, 16) 녹차추출물
, 17) 난소화성말토덱스트린
, 18) 코엔자임Q10
, 19) 콜라겐
, 20) 당귀추출물(헤모힘)
, 51) 관절팔팔
, 52) 이노치노하하
, 72) 침향
, 81) 눈 영양제
D9_1_4_5_62,"  1) 인삼류(인삼, 홍삼)"
,  2) 유산균류(프로바이오틱스 등)
,  3) 비타민 및 무기질
,"  4) EPA 및 DHA 함유 유지(오메가3, 크릴오일 등)"
,  5) 단백질
,  6) 엠에스엠(MSM)
,  7) 밀크씨슬
,  8) 가르시니아캄보지아
,  9) 식이섬유
, 10) 쏘팔메토
, 11) 홍국
, 12) 마리골드꽃추출물/루테인지아잔틴추출물
, 13) 프로폴리스
, 14) 프락토올리고당
, 15) 알로에
, 16) 녹차추출물
, 17) 난소화성말토덱스트린
, 18) 코엔자임Q10
, 19) 콜라겐
, 20) 당귀추출물(헤모힘)
, 51) 관절팔팔
, 52) 이노치노하하
, 72) 침향
, 81) 눈 영양제
D9_1_4_6_62,"  1) 인삼류(인삼, 홍삼)"
,  2) 유산균류(프로바이오틱스 등)
,  3) 비타민 및 무기질
,"  4) EPA 및 DHA 함유 유지(오메가3, 크릴오일 등)"
,  5) 단백질
,  6) 엠에스엠(MSM)
,  7) 밀크씨슬
,  8) 가르시니아캄보지아
,  9) 식이섬유
, 10) 쏘팔메토
, 11) 홍국
, 12) 마리골드꽃추출물/루테인지아잔틴추출물
, 13) 프로폴리스
, 14) 프락토올리고당
, 15) 알로에
, 16) 녹차추출물
, 17) 난소화성말토덱스트린
, 18) 코엔자임Q10
, 19) 콜라겐
, 20) 당귀추출물(헤모힘)
, 51) 관절팔팔
, 52) 이노치노하하
, 72) 침향
, 81) 눈 영양제
D9_1_4_7_62,"  1) 인삼류(인삼, 홍삼)"
,  2) 유산균류(프로바이오틱스 등)
,  3) 비타민 및 무기질
,"  4) EPA 및 DHA 함유 유지(오메가3, 크릴오일 등)"
,  5) 단백질
,  6) 엠에스엠(MSM)
,  7) 밀크씨슬
,  8) 가르시니아캄보지아
,  9) 식이섬유
, 10) 쏘팔메토
, 11) 홍국
, 12) 마리골드꽃추출물/루테인지아잔틴추출물
, 13) 프로폴리스
, 14) 프락토올리고당
, 15) 알로에
, 16) 녹차추출물
, 17) 난소화성말토덱스트린
, 18) 코엔자임Q10
, 19) 콜라겐
, 20) 당귀추출물(헤모힘)
, 51) 관절팔팔
, 52) 이노치노하하
, 72) 침향
, 81) 눈 영양제
D9_1_4_8_62,"  1) 인삼류(인삼, 홍삼)"
,  2) 유산균류(프로바이오틱스 등)
,  3) 비타민 및 무기질
,"  4) EPA 및 DHA 함유 유지(오메가3, 크릴오일 등)"
,  5) 단백질
,  6) 엠에스엠(MSM)
,  7) 밀크씨슬
,  8) 가르시니아캄보지아
,  9) 식이섬유
, 10) 쏘팔메토
, 11) 홍국
, 12) 마리골드꽃추출물/루테인지아잔틴추출물
, 13) 프로폴리스
, 14) 프락토올리고당
, 15) 알로에
, 16) 녹차추출물
, 17) 난소화성말토덱스트린
, 18) 코엔자임Q10
, 19) 콜라겐
, 20) 당귀추출물(헤모힘)
, 51) 관절팔팔
, 52) 이노치노하하
, 72) 침향
, 81) 눈 영양제
D9_1_4_9_62,"  1) 인삼류(인삼, 홍삼)"
,  2) 유산균류(프로바이오틱스 등)
,  3) 비타민 및 무기질
,"  4) EPA 및 DHA 함유 유지(오메가3, 크릴오일 등)"
,  5) 단백질
,  6) 엠에스엠(MSM)
,  7) 밀크씨슬
,  8) 가르시니아캄보지아
,  9) 식이섬유
, 10) 쏘팔메토
, 11) 홍국
, 12) 마리골드꽃추출물/루테인지아잔틴추출물
, 13) 프로폴리스
, 14) 프락토올리고당
, 15) 알로에
, 16) 녹차추출물
, 17) 난소화성말토덱스트린
, 18) 코엔자임Q10
, 19) 콜라겐
, 20) 당귀추출물(헤모힘)
, 51) 관절팔팔
, 52) 이노치노하하
, 72) 침향
, 81) 눈 영양제
D9_1_4_10_62,"  1) 인삼류(인삼, 홍삼)"
,  2) 유산균류(프로바이오틱스 등)
,  3) 비타민 및 무기질
,"  4) EPA 및 DHA 함유 유지(오메가3, 크릴오일 등)"
,  5) 단백질
,  6) 엠에스엠(MSM)
,  7) 밀크씨슬
,  8) 가르시니아캄보지아
,  9) 식이섬유
, 10) 쏘팔메토
, 11) 홍국
, 12) 마리골드꽃추출물/루테인지아잔틴추출물
, 13) 프로폴리스
, 14) 프락토올리고당
, 15) 알로에
, 16) 녹차추출물
, 17) 난소화성말토덱스트린
, 18) 코엔자임Q10
, 19) 콜라겐
, 20) 당귀추출물(헤모힘)
, 51) 관절팔팔
, 52) 이노치노하하
, 72) 침향
, 81) 눈 영양제
D9_1_4_11_62,"  1) 인삼류(인삼, 홍삼)"
,  2) 유산균류(프로바이오틱스 등)
,  3) 비타민 및 무기질
,"  4) EPA 및 DHA 함유 유지(오메가3, 크릴오일 등)"
,  5) 단백질
,  6) 엠에스엠(MSM)
,  7) 밀크씨슬
,  8) 가르시니아캄보지아
,  9) 식이섬유
, 10) 쏘팔메토
, 11) 홍국
, 12) 마리골드꽃추출물/루테인지아잔틴추출물
, 13) 프로폴리스
, 14) 프락토올리고당
, 15) 알로에
, 16) 녹차추출물
, 17) 난소화성말토덱스트린
, 18) 코엔자임Q10
, 19) 콜라겐
, 20) 당귀추출물(헤모힘)
, 51) 관절팔팔
, 52) 이노치노하하
, 72) 침향
, 81) 눈 영양제
D9_1_4_12_62,"  1) 인삼류(인삼, 홍삼)"
,  2) 유산균류(프로바이오틱스 등)
,  3) 비타민 및 무기질
,"  4) EPA 및 DHA 함유 유지(오메가3, 크릴오일 등)"
,  5) 단백질
,  6) 엠에스엠(MSM)
,  7) 밀크씨슬
,  8) 가르시니아캄보지아
,  9) 식이섬유
, 10) 쏘팔메토
, 11) 홍국
, 12) 마리골드꽃추출물/루테인지아잔틴추출물
, 13) 프로폴리스
, 14) 프락토올리고당
, 15) 알로에
, 16) 녹차추출물
, 17) 난소화성말토덱스트린
, 18) 코엔자임Q10
, 19) 콜라겐
, 20) 당귀추출물(헤모힘)
, 51) 관절팔팔
, 52) 이노치노하하
, 72) 침향
, 81) 눈 영양제
D9_1_4_13_62,"  1) 인삼류(인삼, 홍삼)"
,  2) 유산균류(프로바이오틱스 등)
,  3) 비타민 및 무기질
,"  4) EPA 및 DHA 함유 유지(오메가3, 크릴오일 등)"
,  5) 단백질
,  6) 엠에스엠(MSM)
,  7) 밀크씨슬
,  8) 가르시니아캄보지아
,  9) 식이섬유
, 10) 쏘팔메토
, 11) 홍국
, 12) 마리골드꽃추출물/루테인지아잔틴추출물
, 13) 프로폴리스
, 14) 프락토올리고당
, 15) 알로에
, 16) 녹차추출물
, 17) 난소화성말토덱스트린
, 18) 코엔자임Q10
, 19) 콜라겐
, 20) 당귀추출물(헤모힘)
, 51) 관절팔팔
, 52) 이노치노하하
, 72) 침향
, 81) 눈 영양제
D9_1_4_14_62,"  1) 인삼류(인삼, 홍삼)"
,  2) 유산균류(프로바이오틱스 등)
,  3) 비타민 및 무기질
,"  4) EPA 및 DHA 함유 유지(오메가3, 크릴오일 등)"
,  5) 단백질
,  6) 엠에스엠(MSM)
,  7) 밀크씨슬
,  8) 가르시니아캄보지아
,  9) 식이섬유
, 10) 쏘팔메토
, 11) 홍국
, 12) 마리골드꽃추출물/루테인지아잔틴추출물
, 13) 프로폴리스
, 14) 프락토올리고당
, 15) 알로에
, 16) 녹차추출물
, 17) 난소화성말토덱스트린
, 18) 코엔자임Q10
, 19) 콜라겐
, 20) 당귀추출물(헤모힘)
, 51) 관절팔팔
, 52) 이노치노하하
, 72) 침향
, 81) 눈 영양제
D9_1_4_15_62,"  1) 인삼류(인삼, 홍삼)"
,  2) 유산균류(프로바이오틱스 등)
,  3) 비타민 및 무기질
,"  4) EPA 및 DHA 함유 유지(오메가3, 크릴오일 등)"
,  5) 단백질
,  6) 엠에스엠(MSM)
,  7) 밀크씨슬
,  8) 가르시니아캄보지아
,  9) 식이섬유
, 10) 쏘팔메토
, 11) 홍국
, 12) 마리골드꽃추출물/루테인지아잔틴추출물
, 13) 프로폴리스
, 14) 프락토올리고당
, 15) 알로에
, 16) 녹차추출물
, 17) 난소화성말토덱스트린
, 18) 코엔자임Q10
, 19) 콜라겐
, 20) 당귀추출물(헤모힘)
, 51) 관절팔팔
, 52) 이노치노하하
, 72) 침향
, 81) 눈 영양제
D9_1_4_16_62,"  1) 인삼류(인삼, 홍삼)"
,  2) 유산균류(프로바이오틱스 등)
,  3) 비타민 및 무기질
,"  4) EPA 및 DHA 함유 유지(오메가3, 크릴오일 등)"
,  5) 단백질
,  6) 엠에스엠(MSM)
,  7) 밀크씨슬
,  8) 가르시니아캄보지아
,  9) 식이섬유
, 10) 쏘팔메토
, 11) 홍국
, 12) 마리골드꽃추출물/루테인지아잔틴추출물
, 13) 프로폴리스
, 14) 프락토올리고당
, 15) 알로에
, 16) 녹차추출물
, 17) 난소화성말토덱스트린
, 18) 코엔자임Q10
, 19) 콜라겐
, 20) 당귀추출물(헤모힘)
, 51) 관절팔팔
, 52) 이노치노하하
, 72) 침향
, 81) 눈 영양제
D9_1_4_17_62,"  1) 인삼류(인삼, 홍삼)"
,  2) 유산균류(프로바이오틱스 등)
,  3) 비타민 및 무기질
,"  4) EPA 및 DHA 함유 유지(오메가3, 크릴오일 등)"
,  5) 단백질
,  6) 엠에스엠(MSM)
,  7) 밀크씨슬
,  8) 가르시니아캄보지아
,  9) 식이섬유
, 10) 쏘팔메토
, 11) 홍국
, 12) 마리골드꽃추출물/루테인지아잔틴추출물
, 13) 프로폴리스
, 14) 프락토올리고당
, 15) 알로에
, 16) 녹차추출물
, 17) 난소화성말토덱스트린
, 18) 코엔자임Q10
, 19) 콜라겐
, 20) 당귀추출물(헤모힘)
, 51) 관절팔팔
, 52) 이노치노하하
, 72) 침향
, 81) 눈 영양제
D9_1_4_18_62,"  1) 인삼류(인삼, 홍삼)"
,  2) 유산균류(프로바이오틱스 등)
,  3) 비타민 및 무기질
,"  4) EPA 및 DHA 함유 유지(오메가3, 크릴오일 등)"
,  5) 단백질
,  6) 엠에스엠(MSM)
,  7) 밀크씨슬
,  8) 가르시니아캄보지아
,  9) 식이섬유
, 10) 쏘팔메토
, 11) 홍국
, 12) 마리골드꽃추출물/루테인지아잔틴추출물
, 13) 프로폴리스
, 14) 프락토올리고당
, 15) 알로에
, 16) 녹차추출물
, 17) 난소화성말토덱스트린
, 18) 코엔자임Q10
, 19) 콜라겐
, 20) 당귀추출물(헤모힘)
, 51) 관절팔팔
, 52) 이노치노하하
, 72) 침향
, 81) 눈 영양제
D9_1_4_19_62,"  1) 인삼류(인삼, 홍삼)"
,  2) 유산균류(프로바이오틱스 등)
,  3) 비타민 및 무기질
,"  4) EPA 및 DHA 함유 유지(오메가3, 크릴오일 등)"
,  5) 단백질
,  6) 엠에스엠(MSM)
,  7) 밀크씨슬
,  8) 가르시니아캄보지아
,  9) 식이섬유
, 10) 쏘팔메토
, 11) 홍국
, 12) 마리골드꽃추출물/루테인지아잔틴추출물
, 13) 프로폴리스
, 14) 프락토올리고당
, 15) 알로에
, 16) 녹차추출물
, 17) 난소화성말토덱스트린
, 18) 코엔자임Q10
, 19) 콜라겐
, 20) 당귀추출물(헤모힘)
, 51) 관절팔팔
, 52) 이노치노하하
, 72) 침향
, 81) 눈 영양제
D9_1_4_20_62,"  1) 인삼류(인삼, 홍삼)"
,  2) 유산균류(프로바이오틱스 등)
,  3) 비타민 및 무기질
,"  4) EPA 및 DHA 함유 유지(오메가3, 크릴오일 등)"
,  5) 단백질
,  6) 엠에스엠(MSM)
,  7) 밀크씨슬
,  8) 가르시니아캄보지아
,  9) 식이섬유
, 10) 쏘팔메토
, 11) 홍국
, 12) 마리골드꽃추출물/루테인지아잔틴추출물
, 13) 프로폴리스
, 14) 프락토올리고당
, 15) 알로에
, 16) 녹차추출물
, 17) 난소화성말토덱스트린
, 18) 코엔자임Q10
, 19) 콜라겐
, 20) 당귀추출물(헤모힘)
, 51) 관절팔팔
, 52) 이노치노하하
, 72) 침향
, 81) 눈 영양제
D9_1_4_21_62,"  1) 인삼류(인삼, 홍삼)"
,  2) 유산균류(프로바이오틱스 등)
,  3) 비타민 및 무기질
,"  4) EPA 및 DHA 함유 유지(오메가3, 크릴오일 등)"
,  5) 단백질
,  6) 엠에스엠(MSM)
,  7) 밀크씨슬
,  8) 가르시니아캄보지아
,  9) 식이섬유
, 10) 쏘팔메토
, 11) 홍국
, 12) 마리골드꽃추출물/루테인지아잔틴추출물
, 13) 프로폴리스
, 14) 프락토올리고당
, 15) 알로에
, 16) 녹차추출물
, 17) 난소화성말토덱스트린
, 18) 코엔자임Q10
, 19) 콜라겐
, 20) 당귀추출물(헤모힘)
, 51) 관절팔팔
, 52) 이노치노하하
, 72) 침향
, 81) 눈 영양제
D9_1_1_63,  1) 남자
,  2) 여자
D9_1_4_1_63,"  1) 인삼류(인삼, 홍삼)"
,  2) 유산균류(프로바이오틱스 등)
,  3) 비타민 및 무기질
,"  4) EPA 및 DHA 함유 유지(오메가3, 크릴오일 등)"
,  5) 단백질
,  6) 엠에스엠(MSM)
,  7) 밀크씨슬
,  8) 가르시니아캄보지아
,  9) 식이섬유
, 10) 쏘팔메토
, 11) 홍국
, 12) 마리골드꽃추출물/루테인지아잔틴추출물
, 13) 프로폴리스
, 14) 프락토올리고당
, 15) 알로에
, 16) 녹차추출물
, 17) 난소화성말토덱스트린
, 18) 코엔자임Q10
, 19) 콜라겐
, 20) 당귀추출물(헤모힘)
, 51) 관절팔팔
, 52) 이노치노하하
, 72) 침향
, 81) 눈 영양제
D9_1_4_2_63,"  1) 인삼류(인삼, 홍삼)"
,  2) 유산균류(프로바이오틱스 등)
,  3) 비타민 및 무기질
,"  4) EPA 및 DHA 함유 유지(오메가3, 크릴오일 등)"
,  5) 단백질
,  6) 엠에스엠(MSM)
,  7) 밀크씨슬
,  8) 가르시니아캄보지아
,  9) 식이섬유
, 10) 쏘팔메토
, 11) 홍국
, 12) 마리골드꽃추출물/루테인지아잔틴추출물
, 13) 프로폴리스
, 14) 프락토올리고당
, 15) 알로에
, 16) 녹차추출물
, 17) 난소화성말토덱스트린
, 18) 코엔자임Q10
, 19) 콜라겐
, 20) 당귀추출물(헤모힘)
, 51) 관절팔팔
, 52) 이노치노하하
, 72) 침향
, 81) 눈 영양제
D9_1_4_3_63,"  1) 인삼류(인삼, 홍삼)"
,  2) 유산균류(프로바이오틱스 등)
,  3) 비타민 및 무기질
,"  4) EPA 및 DHA 함유 유지(오메가3, 크릴오일 등)"
,  5) 단백질
,  6) 엠에스엠(MSM)
,  7) 밀크씨슬
,  8) 가르시니아캄보지아
,  9) 식이섬유
, 10) 쏘팔메토
, 11) 홍국
, 12) 마리골드꽃추출물/루테인지아잔틴추출물
, 13) 프로폴리스
, 14) 프락토올리고당
, 15) 알로에
, 16) 녹차추출물
, 17) 난소화성말토덱스트린
, 18) 코엔자임Q10
, 19) 콜라겐
, 20) 당귀추출물(헤모힘)
, 51) 관절팔팔
, 52) 이노치노하하
, 72) 침향
, 81) 눈 영양제
D9_1_4_4_63,"  1) 인삼류(인삼, 홍삼)"
,  2) 유산균류(프로바이오틱스 등)
,  3) 비타민 및 무기질
,"  4) EPA 및 DHA 함유 유지(오메가3, 크릴오일 등)"
,  5) 단백질
,  6) 엠에스엠(MSM)
,  7) 밀크씨슬
,  8) 가르시니아캄보지아
,  9) 식이섬유
, 10) 쏘팔메토
, 11) 홍국
, 12) 마리골드꽃추출물/루테인지아잔틴추출물
, 13) 프로폴리스
, 14) 프락토올리고당
, 15) 알로에
, 16) 녹차추출물
, 17) 난소화성말토덱스트린
, 18) 코엔자임Q10
, 19) 콜라겐
, 20) 당귀추출물(헤모힘)
, 51) 관절팔팔
, 52) 이노치노하하
, 72) 침향
, 81) 눈 영양제
D9_1_4_5_63,"  1) 인삼류(인삼, 홍삼)"
,  2) 유산균류(프로바이오틱스 등)
,  3) 비타민 및 무기질
,"  4) EPA 및 DHA 함유 유지(오메가3, 크릴오일 등)"
,  5) 단백질
,  6) 엠에스엠(MSM)
,  7) 밀크씨슬
,  8) 가르시니아캄보지아
,  9) 식이섬유
, 10) 쏘팔메토
, 11) 홍국
, 12) 마리골드꽃추출물/루테인지아잔틴추출물
, 13) 프로폴리스
, 14) 프락토올리고당
, 15) 알로에
, 16) 녹차추출물
, 17) 난소화성말토덱스트린
, 18) 코엔자임Q10
, 19) 콜라겐
, 20) 당귀추출물(헤모힘)
, 51) 관절팔팔
, 52) 이노치노하하
, 72) 침향
, 81) 눈 영양제
D9_1_4_6_63,"  1) 인삼류(인삼, 홍삼)"
,  2) 유산균류(프로바이오틱스 등)
,  3) 비타민 및 무기질
,"  4) EPA 및 DHA 함유 유지(오메가3, 크릴오일 등)"
,  5) 단백질
,  6) 엠에스엠(MSM)
,  7) 밀크씨슬
,  8) 가르시니아캄보지아
,  9) 식이섬유
, 10) 쏘팔메토
, 11) 홍국
, 12) 마리골드꽃추출물/루테인지아잔틴추출물
, 13) 프로폴리스
, 14) 프락토올리고당
, 15) 알로에
, 16) 녹차추출물
, 17) 난소화성말토덱스트린
, 18) 코엔자임Q10
, 19) 콜라겐
, 20) 당귀추출물(헤모힘)
, 51) 관절팔팔
, 52) 이노치노하하
, 72) 침향
, 81) 눈 영양제
D9_1_4_7_63,"  1) 인삼류(인삼, 홍삼)"
,  2) 유산균류(프로바이오틱스 등)
,  3) 비타민 및 무기질
,"  4) EPA 및 DHA 함유 유지(오메가3, 크릴오일 등)"
,  5) 단백질
,  6) 엠에스엠(MSM)
,  7) 밀크씨슬
,  8) 가르시니아캄보지아
,  9) 식이섬유
, 10) 쏘팔메토
, 11) 홍국
, 12) 마리골드꽃추출물/루테인지아잔틴추출물
, 13) 프로폴리스
, 14) 프락토올리고당
, 15) 알로에
, 16) 녹차추출물
, 17) 난소화성말토덱스트린
, 18) 코엔자임Q10
, 19) 콜라겐
, 20) 당귀추출물(헤모힘)
, 51) 관절팔팔
, 52) 이노치노하하
, 72) 침향
, 81) 눈 영양제
D9_1_4_8_63,"  1) 인삼류(인삼, 홍삼)"
,  2) 유산균류(프로바이오틱스 등)
,  3) 비타민 및 무기질
,"  4) EPA 및 DHA 함유 유지(오메가3, 크릴오일 등)"
,  5) 단백질
,  6) 엠에스엠(MSM)
,  7) 밀크씨슬
,  8) 가르시니아캄보지아
,  9) 식이섬유
, 10) 쏘팔메토
, 11) 홍국
, 12) 마리골드꽃추출물/루테인지아잔틴추출물
, 13) 프로폴리스
, 14) 프락토올리고당
, 15) 알로에
, 16) 녹차추출물
, 17) 난소화성말토덱스트린
, 18) 코엔자임Q10
, 19) 콜라겐
, 20) 당귀추출물(헤모힘)
, 51) 관절팔팔
, 52) 이노치노하하
, 72) 침향
, 81) 눈 영양제
D9_1_4_9_63,"  1) 인삼류(인삼, 홍삼)"
,  2) 유산균류(프로바이오틱스 등)
,  3) 비타민 및 무기질
,"  4) EPA 및 DHA 함유 유지(오메가3, 크릴오일 등)"
,  5) 단백질
,  6) 엠에스엠(MSM)
,  7) 밀크씨슬
,  8) 가르시니아캄보지아
,  9) 식이섬유
, 10) 쏘팔메토
, 11) 홍국
, 12) 마리골드꽃추출물/루테인지아잔틴추출물
, 13) 프로폴리스
, 14) 프락토올리고당
, 15) 알로에
, 16) 녹차추출물
, 17) 난소화성말토덱스트린
, 18) 코엔자임Q10
, 19) 콜라겐
, 20) 당귀추출물(헤모힘)
, 51) 관절팔팔
, 52) 이노치노하하
, 72) 침향
, 81) 눈 영양제
D9_1_4_10_63,"  1) 인삼류(인삼, 홍삼)"
,  2) 유산균류(프로바이오틱스 등)
,  3) 비타민 및 무기질
,"  4) EPA 및 DHA 함유 유지(오메가3, 크릴오일 등)"
,  5) 단백질
,  6) 엠에스엠(MSM)
,  7) 밀크씨슬
,  8) 가르시니아캄보지아
,  9) 식이섬유
, 10) 쏘팔메토
, 11) 홍국
, 12) 마리골드꽃추출물/루테인지아잔틴추출물
, 13) 프로폴리스
, 14) 프락토올리고당
, 15) 알로에
, 16) 녹차추출물
, 17) 난소화성말토덱스트린
, 18) 코엔자임Q10
, 19) 콜라겐
, 20) 당귀추출물(헤모힘)
, 51) 관절팔팔
, 52) 이노치노하하
, 72) 침향
, 81) 눈 영양제
D9_1_4_11_63,"  1) 인삼류(인삼, 홍삼)"
,  2) 유산균류(프로바이오틱스 등)
,  3) 비타민 및 무기질
,"  4) EPA 및 DHA 함유 유지(오메가3, 크릴오일 등)"
,  5) 단백질
,  6) 엠에스엠(MSM)
,  7) 밀크씨슬
,  8) 가르시니아캄보지아
,  9) 식이섬유
, 10) 쏘팔메토
, 11) 홍국
, 12) 마리골드꽃추출물/루테인지아잔틴추출물
, 13) 프로폴리스
, 14) 프락토올리고당
, 15) 알로에
, 16) 녹차추출물
, 17) 난소화성말토덱스트린
, 18) 코엔자임Q10
, 19) 콜라겐
, 20) 당귀추출물(헤모힘)
, 51) 관절팔팔
, 52) 이노치노하하
, 72) 침향
, 81) 눈 영양제
D9_1_4_12_63,"  1) 인삼류(인삼, 홍삼)"
,  2) 유산균류(프로바이오틱스 등)
,  3) 비타민 및 무기질
,"  4) EPA 및 DHA 함유 유지(오메가3, 크릴오일 등)"
,  5) 단백질
,  6) 엠에스엠(MSM)
,  7) 밀크씨슬
,  8) 가르시니아캄보지아
,  9) 식이섬유
, 10) 쏘팔메토
, 11) 홍국
, 12) 마리골드꽃추출물/루테인지아잔틴추출물
, 13) 프로폴리스
, 14) 프락토올리고당
, 15) 알로에
, 16) 녹차추출물
, 17) 난소화성말토덱스트린
, 18) 코엔자임Q10
, 19) 콜라겐
, 20) 당귀추출물(헤모힘)
, 51) 관절팔팔
, 52) 이노치노하하
, 72) 침향
, 81) 눈 영양제
D9_1_4_13_63,"  1) 인삼류(인삼, 홍삼)"
,  2) 유산균류(프로바이오틱스 등)
,  3) 비타민 및 무기질
,"  4) EPA 및 DHA 함유 유지(오메가3, 크릴오일 등)"
,  5) 단백질
,  6) 엠에스엠(MSM)
,  7) 밀크씨슬
,  8) 가르시니아캄보지아
,  9) 식이섬유
, 10) 쏘팔메토
, 11) 홍국
, 12) 마리골드꽃추출물/루테인지아잔틴추출물
, 13) 프로폴리스
, 14) 프락토올리고당
, 15) 알로에
, 16) 녹차추출물
, 17) 난소화성말토덱스트린
, 18) 코엔자임Q10
, 19) 콜라겐
, 20) 당귀추출물(헤모힘)
, 51) 관절팔팔
, 52) 이노치노하하
, 72) 침향
, 81) 눈 영양제
D9_1_4_14_63,"  1) 인삼류(인삼, 홍삼)"
,  2) 유산균류(프로바이오틱스 등)
,  3) 비타민 및 무기질
,"  4) EPA 및 DHA 함유 유지(오메가3, 크릴오일 등)"
,  5) 단백질
,  6) 엠에스엠(MSM)
,  7) 밀크씨슬
,  8) 가르시니아캄보지아
,  9) 식이섬유
, 10) 쏘팔메토
, 11) 홍국
, 12) 마리골드꽃추출물/루테인지아잔틴추출물
, 13) 프로폴리스
, 14) 프락토올리고당
, 15) 알로에
, 16) 녹차추출물
, 17) 난소화성말토덱스트린
, 18) 코엔자임Q10
, 19) 콜라겐
, 20) 당귀추출물(헤모힘)
, 51) 관절팔팔
, 52) 이노치노하하
, 72) 침향
, 81) 눈 영양제
D9_1_4_15_63,"  1) 인삼류(인삼, 홍삼)"
,  2) 유산균류(프로바이오틱스 등)
,  3) 비타민 및 무기질
,"  4) EPA 및 DHA 함유 유지(오메가3, 크릴오일 등)"
,  5) 단백질
,  6) 엠에스엠(MSM)
,  7) 밀크씨슬
,  8) 가르시니아캄보지아
,  9) 식이섬유
, 10) 쏘팔메토
, 11) 홍국
, 12) 마리골드꽃추출물/루테인지아잔틴추출물
, 13) 프로폴리스
, 14) 프락토올리고당
, 15) 알로에
, 16) 녹차추출물
, 17) 난소화성말토덱스트린
, 18) 코엔자임Q10
, 19) 콜라겐
, 20) 당귀추출물(헤모힘)
, 51) 관절팔팔
, 52) 이노치노하하
, 72) 침향
, 81) 눈 영양제
D9_1_4_16_63,"  1) 인삼류(인삼, 홍삼)"
,  2) 유산균류(프로바이오틱스 등)
,  3) 비타민 및 무기질
,"  4) EPA 및 DHA 함유 유지(오메가3, 크릴오일 등)"
,  5) 단백질
,  6) 엠에스엠(MSM)
,  7) 밀크씨슬
,  8) 가르시니아캄보지아
,  9) 식이섬유
, 10) 쏘팔메토
, 11) 홍국
, 12) 마리골드꽃추출물/루테인지아잔틴추출물
, 13) 프로폴리스
, 14) 프락토올리고당
, 15) 알로에
, 16) 녹차추출물
, 17) 난소화성말토덱스트린
, 18) 코엔자임Q10
, 19) 콜라겐
, 20) 당귀추출물(헤모힘)
, 51) 관절팔팔
, 52) 이노치노하하
, 72) 침향
, 81) 눈 영양제
D9_1_4_17_63,"  1) 인삼류(인삼, 홍삼)"
,  2) 유산균류(프로바이오틱스 등)
,  3) 비타민 및 무기질
,"  4) EPA 및 DHA 함유 유지(오메가3, 크릴오일 등)"
,  5) 단백질
,  6) 엠에스엠(MSM)
,  7) 밀크씨슬
,  8) 가르시니아캄보지아
,  9) 식이섬유
, 10) 쏘팔메토
, 11) 홍국
, 12) 마리골드꽃추출물/루테인지아잔틴추출물
, 13) 프로폴리스
, 14) 프락토올리고당
, 15) 알로에
, 16) 녹차추출물
, 17) 난소화성말토덱스트린
, 18) 코엔자임Q10
, 19) 콜라겐
, 20) 당귀추출물(헤모힘)
, 51) 관절팔팔
, 52) 이노치노하하
, 72) 침향
, 81) 눈 영양제
D9_1_4_18_63,"  1) 인삼류(인삼, 홍삼)"
,  2) 유산균류(프로바이오틱스 등)
,  3) 비타민 및 무기질
,"  4) EPA 및 DHA 함유 유지(오메가3, 크릴오일 등)"
,  5) 단백질
,  6) 엠에스엠(MSM)
,  7) 밀크씨슬
,  8) 가르시니아캄보지아
,  9) 식이섬유
, 10) 쏘팔메토
, 11) 홍국
, 12) 마리골드꽃추출물/루테인지아잔틴추출물
, 13) 프로폴리스
, 14) 프락토올리고당
, 15) 알로에
, 16) 녹차추출물
, 17) 난소화성말토덱스트린
, 18) 코엔자임Q10
, 19) 콜라겐
, 20) 당귀추출물(헤모힘)
, 51) 관절팔팔
, 52) 이노치노하하
, 72) 침향
, 81) 눈 영양제
D9_1_4_19_63,"  1) 인삼류(인삼, 홍삼)"
,  2) 유산균류(프로바이오틱스 등)
,  3) 비타민 및 무기질
,"  4) EPA 및 DHA 함유 유지(오메가3, 크릴오일 등)"
,  5) 단백질
,  6) 엠에스엠(MSM)
,  7) 밀크씨슬
,  8) 가르시니아캄보지아
,  9) 식이섬유
, 10) 쏘팔메토
, 11) 홍국
, 12) 마리골드꽃추출물/루테인지아잔틴추출물
, 13) 프로폴리스
, 14) 프락토올리고당
, 15) 알로에
, 16) 녹차추출물
, 17) 난소화성말토덱스트린
, 18) 코엔자임Q10
, 19) 콜라겐
, 20) 당귀추출물(헤모힘)
, 51) 관절팔팔
, 52) 이노치노하하
, 72) 침향
, 81) 눈 영양제
D9_1_4_20_63,"  1) 인삼류(인삼, 홍삼)"
,  2) 유산균류(프로바이오틱스 등)
,  3) 비타민 및 무기질
,"  4) EPA 및 DHA 함유 유지(오메가3, 크릴오일 등)"
,  5) 단백질
,  6) 엠에스엠(MSM)
,  7) 밀크씨슬
,  8) 가르시니아캄보지아
,  9) 식이섬유
, 10) 쏘팔메토
, 11) 홍국
, 12) 마리골드꽃추출물/루테인지아잔틴추출물
, 13) 프로폴리스
, 14) 프락토올리고당
, 15) 알로에
, 16) 녹차추출물
, 17) 난소화성말토덱스트린
, 18) 코엔자임Q10
, 19) 콜라겐
, 20) 당귀추출물(헤모힘)
, 51) 관절팔팔
, 52) 이노치노하하
, 72) 침향
, 81) 눈 영양제
D9_1_4_21_63,"  1) 인삼류(인삼, 홍삼)"
,  2) 유산균류(프로바이오틱스 등)
,  3) 비타민 및 무기질
,"  4) EPA 및 DHA 함유 유지(오메가3, 크릴오일 등)"
,  5) 단백질
,  6) 엠에스엠(MSM)
,  7) 밀크씨슬
,  8) 가르시니아캄보지아
,  9) 식이섬유
, 10) 쏘팔메토
, 11) 홍국
, 12) 마리골드꽃추출물/루테인지아잔틴추출물
, 13) 프로폴리스
, 14) 프락토올리고당
, 15) 알로에
, 16) 녹차추출물
, 17) 난소화성말토덱스트린
, 18) 코엔자임Q10
, 19) 콜라겐
, 20) 당귀추출물(헤모힘)
, 51) 관절팔팔
, 52) 이노치노하하
, 72) 침향
, 81) 눈 영양제
D9_1_1_71,  1) 남자
,  2) 여자
D9_1_4_1_71,"  1) 인삼류(인삼, 홍삼)"
,  2) 유산균류(프로바이오틱스 등)
,  3) 비타민 및 무기질
,"  4) EPA 및 DHA 함유 유지(오메가3, 크릴오일 등)"
,  5) 단백질
,  6) 엠에스엠(MSM)
,  7) 밀크씨슬
,  8) 가르시니아캄보지아
,  9) 식이섬유
, 10) 쏘팔메토
, 11) 홍국
, 12) 마리골드꽃추출물/루테인지아잔틴추출물
, 13) 프로폴리스
, 14) 프락토올리고당
, 15) 알로에
, 16) 녹차추출물
, 17) 난소화성말토덱스트린
, 18) 코엔자임Q10
, 19) 콜라겐
, 20) 당귀추출물(헤모힘)
, 51) 관절팔팔
, 52) 이노치노하하
, 72) 침향
, 81) 눈 영양제
D9_1_4_2_71,"  1) 인삼류(인삼, 홍삼)"
,  2) 유산균류(프로바이오틱스 등)
,  3) 비타민 및 무기질
,"  4) EPA 및 DHA 함유 유지(오메가3, 크릴오일 등)"
,  5) 단백질
,  6) 엠에스엠(MSM)
,  7) 밀크씨슬
,  8) 가르시니아캄보지아
,  9) 식이섬유
, 10) 쏘팔메토
, 11) 홍국
, 12) 마리골드꽃추출물/루테인지아잔틴추출물
, 13) 프로폴리스
, 14) 프락토올리고당
, 15) 알로에
, 16) 녹차추출물
, 17) 난소화성말토덱스트린
, 18) 코엔자임Q10
, 19) 콜라겐
, 20) 당귀추출물(헤모힘)
, 51) 관절팔팔
, 52) 이노치노하하
, 72) 침향
, 81) 눈 영양제
D9_1_4_3_71,"  1) 인삼류(인삼, 홍삼)"
,  2) 유산균류(프로바이오틱스 등)
,  3) 비타민 및 무기질
,"  4) EPA 및 DHA 함유 유지(오메가3, 크릴오일 등)"
,  5) 단백질
,  6) 엠에스엠(MSM)
,  7) 밀크씨슬
,  8) 가르시니아캄보지아
,  9) 식이섬유
, 10) 쏘팔메토
, 11) 홍국
, 12) 마리골드꽃추출물/루테인지아잔틴추출물
, 13) 프로폴리스
, 14) 프락토올리고당
, 15) 알로에
, 16) 녹차추출물
, 17) 난소화성말토덱스트린
, 18) 코엔자임Q10
, 19) 콜라겐
, 20) 당귀추출물(헤모힘)
, 51) 관절팔팔
, 52) 이노치노하하
, 72) 침향
, 81) 눈 영양제
D9_1_4_4_71,"  1) 인삼류(인삼, 홍삼)"
,  2) 유산균류(프로바이오틱스 등)
,  3) 비타민 및 무기질
,"  4) EPA 및 DHA 함유 유지(오메가3, 크릴오일 등)"
,  5) 단백질
,  6) 엠에스엠(MSM)
,  7) 밀크씨슬
,  8) 가르시니아캄보지아
,  9) 식이섬유
, 10) 쏘팔메토
, 11) 홍국
, 12) 마리골드꽃추출물/루테인지아잔틴추출물
, 13) 프로폴리스
, 14) 프락토올리고당
, 15) 알로에
, 16) 녹차추출물
, 17) 난소화성말토덱스트린
, 18) 코엔자임Q10
, 19) 콜라겐
, 20) 당귀추출물(헤모힘)
, 51) 관절팔팔
, 52) 이노치노하하
, 72) 침향
, 81) 눈 영양제
D9_1_4_5_71,"  1) 인삼류(인삼, 홍삼)"
,  2) 유산균류(프로바이오틱스 등)
,  3) 비타민 및 무기질
,"  4) EPA 및 DHA 함유 유지(오메가3, 크릴오일 등)"
,  5) 단백질
,  6) 엠에스엠(MSM)
,  7) 밀크씨슬
,  8) 가르시니아캄보지아
,  9) 식이섬유
, 10) 쏘팔메토
, 11) 홍국
, 12) 마리골드꽃추출물/루테인지아잔틴추출물
, 13) 프로폴리스
, 14) 프락토올리고당
, 15) 알로에
, 16) 녹차추출물
, 17) 난소화성말토덱스트린
, 18) 코엔자임Q10
, 19) 콜라겐
, 20) 당귀추출물(헤모힘)
, 51) 관절팔팔
, 52) 이노치노하하
, 72) 침향
, 81) 눈 영양제
D9_1_4_6_71,"  1) 인삼류(인삼, 홍삼)"
,  2) 유산균류(프로바이오틱스 등)
,  3) 비타민 및 무기질
,"  4) EPA 및 DHA 함유 유지(오메가3, 크릴오일 등)"
,  5) 단백질
,  6) 엠에스엠(MSM)
,  7) 밀크씨슬
,  8) 가르시니아캄보지아
,  9) 식이섬유
, 10) 쏘팔메토
, 11) 홍국
, 12) 마리골드꽃추출물/루테인지아잔틴추출물
, 13) 프로폴리스
, 14) 프락토올리고당
, 15) 알로에
, 16) 녹차추출물
, 17) 난소화성말토덱스트린
, 18) 코엔자임Q10
, 19) 콜라겐
, 20) 당귀추출물(헤모힘)
, 51) 관절팔팔
, 52) 이노치노하하
, 72) 침향
, 81) 눈 영양제
D9_1_4_7_71,"  1) 인삼류(인삼, 홍삼)"
,  2) 유산균류(프로바이오틱스 등)
,  3) 비타민 및 무기질
,"  4) EPA 및 DHA 함유 유지(오메가3, 크릴오일 등)"
,  5) 단백질
,  6) 엠에스엠(MSM)
,  7) 밀크씨슬
,  8) 가르시니아캄보지아
,  9) 식이섬유
, 10) 쏘팔메토
, 11) 홍국
, 12) 마리골드꽃추출물/루테인지아잔틴추출물
, 13) 프로폴리스
, 14) 프락토올리고당
, 15) 알로에
, 16) 녹차추출물
, 17) 난소화성말토덱스트린
, 18) 코엔자임Q10
, 19) 콜라겐
, 20) 당귀추출물(헤모힘)
, 51) 관절팔팔
, 52) 이노치노하하
, 72) 침향
, 81) 눈 영양제
D9_1_4_8_71,"  1) 인삼류(인삼, 홍삼)"
,  2) 유산균류(프로바이오틱스 등)
,  3) 비타민 및 무기질
,"  4) EPA 및 DHA 함유 유지(오메가3, 크릴오일 등)"
,  5) 단백질
,  6) 엠에스엠(MSM)
,  7) 밀크씨슬
,  8) 가르시니아캄보지아
,  9) 식이섬유
, 10) 쏘팔메토
, 11) 홍국
, 12) 마리골드꽃추출물/루테인지아잔틴추출물
, 13) 프로폴리스
, 14) 프락토올리고당
, 15) 알로에
, 16) 녹차추출물
, 17) 난소화성말토덱스트린
, 18) 코엔자임Q10
, 19) 콜라겐
, 20) 당귀추출물(헤모힘)
, 51) 관절팔팔
, 52) 이노치노하하
, 72) 침향
, 81) 눈 영양제
D9_1_4_9_71,"  1) 인삼류(인삼, 홍삼)"
,  2) 유산균류(프로바이오틱스 등)
,  3) 비타민 및 무기질
,"  4) EPA 및 DHA 함유 유지(오메가3, 크릴오일 등)"
,  5) 단백질
,  6) 엠에스엠(MSM)
,  7) 밀크씨슬
,  8) 가르시니아캄보지아
,  9) 식이섬유
, 10) 쏘팔메토
, 11) 홍국
, 12) 마리골드꽃추출물/루테인지아잔틴추출물
, 13) 프로폴리스
, 14) 프락토올리고당
, 15) 알로에
, 16) 녹차추출물
, 17) 난소화성말토덱스트린
, 18) 코엔자임Q10
, 19) 콜라겐
, 20) 당귀추출물(헤모힘)
, 51) 관절팔팔
, 52) 이노치노하하
, 72) 침향
, 81) 눈 영양제
D9_1_4_10_71,"  1) 인삼류(인삼, 홍삼)"
,  2) 유산균류(프로바이오틱스 등)
,  3) 비타민 및 무기질
,"  4) EPA 및 DHA 함유 유지(오메가3, 크릴오일 등)"
,  5) 단백질
,  6) 엠에스엠(MSM)
,  7) 밀크씨슬
,  8) 가르시니아캄보지아
,  9) 식이섬유
, 10) 쏘팔메토
, 11) 홍국
, 12) 마리골드꽃추출물/루테인지아잔틴추출물
, 13) 프로폴리스
, 14) 프락토올리고당
, 15) 알로에
, 16) 녹차추출물
, 17) 난소화성말토덱스트린
, 18) 코엔자임Q10
, 19) 콜라겐
, 20) 당귀추출물(헤모힘)
, 51) 관절팔팔
, 52) 이노치노하하
, 72) 침향
, 81) 눈 영양제
D9_1_4_11_71,"  1) 인삼류(인삼, 홍삼)"
,  2) 유산균류(프로바이오틱스 등)
,  3) 비타민 및 무기질
,"  4) EPA 및 DHA 함유 유지(오메가3, 크릴오일 등)"
,  5) 단백질
,  6) 엠에스엠(MSM)
,  7) 밀크씨슬
,  8) 가르시니아캄보지아
,  9) 식이섬유
, 10) 쏘팔메토
, 11) 홍국
, 12) 마리골드꽃추출물/루테인지아잔틴추출물
, 13) 프로폴리스
, 14) 프락토올리고당
, 15) 알로에
, 16) 녹차추출물
, 17) 난소화성말토덱스트린
, 18) 코엔자임Q10
, 19) 콜라겐
, 20) 당귀추출물(헤모힘)
, 51) 관절팔팔
, 52) 이노치노하하
, 72) 침향
, 81) 눈 영양제
D9_1_4_12_71,"  1) 인삼류(인삼, 홍삼)"
,  2) 유산균류(프로바이오틱스 등)
,  3) 비타민 및 무기질
,"  4) EPA 및 DHA 함유 유지(오메가3, 크릴오일 등)"
,  5) 단백질
,  6) 엠에스엠(MSM)
,  7) 밀크씨슬
,  8) 가르시니아캄보지아
,  9) 식이섬유
, 10) 쏘팔메토
, 11) 홍국
, 12) 마리골드꽃추출물/루테인지아잔틴추출물
, 13) 프로폴리스
, 14) 프락토올리고당
, 15) 알로에
, 16) 녹차추출물
, 17) 난소화성말토덱스트린
, 18) 코엔자임Q10
, 19) 콜라겐
, 20) 당귀추출물(헤모힘)
, 51) 관절팔팔
, 52) 이노치노하하
, 72) 침향
, 81) 눈 영양제
D9_1_4_13_71,"  1) 인삼류(인삼, 홍삼)"
,  2) 유산균류(프로바이오틱스 등)
,  3) 비타민 및 무기질
,"  4) EPA 및 DHA 함유 유지(오메가3, 크릴오일 등)"
,  5) 단백질
,  6) 엠에스엠(MSM)
,  7) 밀크씨슬
,  8) 가르시니아캄보지아
,  9) 식이섬유
, 10) 쏘팔메토
, 11) 홍국
, 12) 마리골드꽃추출물/루테인지아잔틴추출물
, 13) 프로폴리스
, 14) 프락토올리고당
, 15) 알로에
, 16) 녹차추출물
, 17) 난소화성말토덱스트린
, 18) 코엔자임Q10
, 19) 콜라겐
, 20) 당귀추출물(헤모힘)
, 51) 관절팔팔
, 52) 이노치노하하
, 72) 침향
, 81) 눈 영양제
D9_1_4_14_71,"  1) 인삼류(인삼, 홍삼)"
,  2) 유산균류(프로바이오틱스 등)
,  3) 비타민 및 무기질
,"  4) EPA 및 DHA 함유 유지(오메가3, 크릴오일 등)"
,  5) 단백질
,  6) 엠에스엠(MSM)
,  7) 밀크씨슬
,  8) 가르시니아캄보지아
,  9) 식이섬유
, 10) 쏘팔메토
, 11) 홍국
, 12) 마리골드꽃추출물/루테인지아잔틴추출물
, 13) 프로폴리스
, 14) 프락토올리고당
, 15) 알로에
, 16) 녹차추출물
, 17) 난소화성말토덱스트린
, 18) 코엔자임Q10
, 19) 콜라겐
, 20) 당귀추출물(헤모힘)
, 51) 관절팔팔
, 52) 이노치노하하
, 72) 침향
, 81) 눈 영양제
D9_1_4_15_71,"  1) 인삼류(인삼, 홍삼)"
,  2) 유산균류(프로바이오틱스 등)
,  3) 비타민 및 무기질
,"  4) EPA 및 DHA 함유 유지(오메가3, 크릴오일 등)"
,  5) 단백질
,  6) 엠에스엠(MSM)
,  7) 밀크씨슬
,  8) 가르시니아캄보지아
,  9) 식이섬유
, 10) 쏘팔메토
, 11) 홍국
, 12) 마리골드꽃추출물/루테인지아잔틴추출물
, 13) 프로폴리스
, 14) 프락토올리고당
, 15) 알로에
, 16) 녹차추출물
, 17) 난소화성말토덱스트린
, 18) 코엔자임Q10
, 19) 콜라겐
, 20) 당귀추출물(헤모힘)
, 51) 관절팔팔
, 52) 이노치노하하
, 72) 침향
, 81) 눈 영양제
D9_1_4_16_71,"  1) 인삼류(인삼, 홍삼)"
,  2) 유산균류(프로바이오틱스 등)
,  3) 비타민 및 무기질
,"  4) EPA 및 DHA 함유 유지(오메가3, 크릴오일 등)"
,  5) 단백질
,  6) 엠에스엠(MSM)
,  7) 밀크씨슬
,  8) 가르시니아캄보지아
,  9) 식이섬유
, 10) 쏘팔메토
, 11) 홍국
, 12) 마리골드꽃추출물/루테인지아잔틴추출물
, 13) 프로폴리스
, 14) 프락토올리고당
, 15) 알로에
, 16) 녹차추출물
, 17) 난소화성말토덱스트린
, 18) 코엔자임Q10
, 19) 콜라겐
, 20) 당귀추출물(헤모힘)
, 51) 관절팔팔
, 52) 이노치노하하
, 72) 침향
, 81) 눈 영양제
D9_1_4_17_71,"  1) 인삼류(인삼, 홍삼)"
,  2) 유산균류(프로바이오틱스 등)
,  3) 비타민 및 무기질
,"  4) EPA 및 DHA 함유 유지(오메가3, 크릴오일 등)"
,  5) 단백질
,  6) 엠에스엠(MSM)
,  7) 밀크씨슬
,  8) 가르시니아캄보지아
,  9) 식이섬유
, 10) 쏘팔메토
, 11) 홍국
, 12) 마리골드꽃추출물/루테인지아잔틴추출물
, 13) 프로폴리스
, 14) 프락토올리고당
, 15) 알로에
, 16) 녹차추출물
, 17) 난소화성말토덱스트린
, 18) 코엔자임Q10
, 19) 콜라겐
, 20) 당귀추출물(헤모힘)
, 51) 관절팔팔
, 52) 이노치노하하
, 72) 침향
, 81) 눈 영양제
D9_1_4_18_71,"  1) 인삼류(인삼, 홍삼)"
,  2) 유산균류(프로바이오틱스 등)
,  3) 비타민 및 무기질
,"  4) EPA 및 DHA 함유 유지(오메가3, 크릴오일 등)"
,  5) 단백질
,  6) 엠에스엠(MSM)
,  7) 밀크씨슬
,  8) 가르시니아캄보지아
,  9) 식이섬유
, 10) 쏘팔메토
, 11) 홍국
, 12) 마리골드꽃추출물/루테인지아잔틴추출물
, 13) 프로폴리스
, 14) 프락토올리고당
, 15) 알로에
, 16) 녹차추출물
, 17) 난소화성말토덱스트린
, 18) 코엔자임Q10
, 19) 콜라겐
, 20) 당귀추출물(헤모힘)
, 51) 관절팔팔
, 52) 이노치노하하
, 72) 침향
, 81) 눈 영양제
D9_1_4_19_71,"  1) 인삼류(인삼, 홍삼)"
,  2) 유산균류(프로바이오틱스 등)
,  3) 비타민 및 무기질
,"  4) EPA 및 DHA 함유 유지(오메가3, 크릴오일 등)"
,  5) 단백질
,  6) 엠에스엠(MSM)
,  7) 밀크씨슬
,  8) 가르시니아캄보지아
,  9) 식이섬유
, 10) 쏘팔메토
, 11) 홍국
, 12) 마리골드꽃추출물/루테인지아잔틴추출물
, 13) 프로폴리스
, 14) 프락토올리고당
, 15) 알로에
, 16) 녹차추출물
, 17) 난소화성말토덱스트린
, 18) 코엔자임Q10
, 19) 콜라겐
, 20) 당귀추출물(헤모힘)
, 51) 관절팔팔
, 52) 이노치노하하
, 72) 침향
, 81) 눈 영양제
D9_1_4_20_71,"  1) 인삼류(인삼, 홍삼)"
,  2) 유산균류(프로바이오틱스 등)
,  3) 비타민 및 무기질
,"  4) EPA 및 DHA 함유 유지(오메가3, 크릴오일 등)"
,  5) 단백질
,  6) 엠에스엠(MSM)
,  7) 밀크씨슬
,  8) 가르시니아캄보지아
,  9) 식이섬유
, 10) 쏘팔메토
, 11) 홍국
, 12) 마리골드꽃추출물/루테인지아잔틴추출물
, 13) 프로폴리스
, 14) 프락토올리고당
, 15) 알로에
, 16) 녹차추출물
, 17) 난소화성말토덱스트린
, 18) 코엔자임Q10
, 19) 콜라겐
, 20) 당귀추출물(헤모힘)
, 51) 관절팔팔
, 52) 이노치노하하
, 72) 침향
, 81) 눈 영양제
D9_1_4_21_71,"  1) 인삼류(인삼, 홍삼)"
,  2) 유산균류(프로바이오틱스 등)
,  3) 비타민 및 무기질
,"  4) EPA 및 DHA 함유 유지(오메가3, 크릴오일 등)"
,  5) 단백질
,  6) 엠에스엠(MSM)
,  7) 밀크씨슬
,  8) 가르시니아캄보지아
,  9) 식이섬유
, 10) 쏘팔메토
, 11) 홍국
, 12) 마리골드꽃추출물/루테인지아잔틴추출물
, 13) 프로폴리스
, 14) 프락토올리고당
, 15) 알로에
, 16) 녹차추출물
, 17) 난소화성말토덱스트린
, 18) 코엔자임Q10
, 19) 콜라겐
, 20) 당귀추출물(헤모힘)
, 51) 관절팔팔
, 52) 이노치노하하
, 72) 침향
, 81) 눈 영양제
D9_1_1_72,  1) 남자
,  2) 여자
D9_1_4_1_72,"  1) 인삼류(인삼, 홍삼)"
,  2) 유산균류(프로바이오틱스 등)
,  3) 비타민 및 무기질
,"  4) EPA 및 DHA 함유 유지(오메가3, 크릴오일 등)"
,  5) 단백질
,  6) 엠에스엠(MSM)
,  7) 밀크씨슬
,  8) 가르시니아캄보지아
,  9) 식이섬유
, 10) 쏘팔메토
, 11) 홍국
, 12) 마리골드꽃추출물/루테인지아잔틴추출물
, 13) 프로폴리스
, 14) 프락토올리고당
, 15) 알로에
, 16) 녹차추출물
, 17) 난소화성말토덱스트린
, 18) 코엔자임Q10
, 19) 콜라겐
, 20) 당귀추출물(헤모힘)
, 51) 관절팔팔
, 52) 이노치노하하
, 72) 침향
, 81) 눈 영양제
D9_1_4_2_72,"  1) 인삼류(인삼, 홍삼)"
,  2) 유산균류(프로바이오틱스 등)
,  3) 비타민 및 무기질
,"  4) EPA 및 DHA 함유 유지(오메가3, 크릴오일 등)"
,  5) 단백질
,  6) 엠에스엠(MSM)
,  7) 밀크씨슬
,  8) 가르시니아캄보지아
,  9) 식이섬유
, 10) 쏘팔메토
, 11) 홍국
, 12) 마리골드꽃추출물/루테인지아잔틴추출물
, 13) 프로폴리스
, 14) 프락토올리고당
, 15) 알로에
, 16) 녹차추출물
, 17) 난소화성말토덱스트린
, 18) 코엔자임Q10
, 19) 콜라겐
, 20) 당귀추출물(헤모힘)
, 51) 관절팔팔
, 52) 이노치노하하
, 72) 침향
, 81) 눈 영양제
D9_1_4_3_72,"  1) 인삼류(인삼, 홍삼)"
,  2) 유산균류(프로바이오틱스 등)
,  3) 비타민 및 무기질
,"  4) EPA 및 DHA 함유 유지(오메가3, 크릴오일 등)"
,  5) 단백질
,  6) 엠에스엠(MSM)
,  7) 밀크씨슬
,  8) 가르시니아캄보지아
,  9) 식이섬유
, 10) 쏘팔메토
, 11) 홍국
, 12) 마리골드꽃추출물/루테인지아잔틴추출물
, 13) 프로폴리스
, 14) 프락토올리고당
, 15) 알로에
, 16) 녹차추출물
, 17) 난소화성말토덱스트린
, 18) 코엔자임Q10
, 19) 콜라겐
, 20) 당귀추출물(헤모힘)
, 51) 관절팔팔
, 52) 이노치노하하
, 72) 침향
, 81) 눈 영양제
D9_1_4_4_72,"  1) 인삼류(인삼, 홍삼)"
,  2) 유산균류(프로바이오틱스 등)
,  3) 비타민 및 무기질
,"  4) EPA 및 DHA 함유 유지(오메가3, 크릴오일 등)"
,  5) 단백질
,  6) 엠에스엠(MSM)
,  7) 밀크씨슬
,  8) 가르시니아캄보지아
,  9) 식이섬유
, 10) 쏘팔메토
, 11) 홍국
, 12) 마리골드꽃추출물/루테인지아잔틴추출물
, 13) 프로폴리스
, 14) 프락토올리고당
, 15) 알로에
, 16) 녹차추출물
, 17) 난소화성말토덱스트린
, 18) 코엔자임Q10
, 19) 콜라겐
, 20) 당귀추출물(헤모힘)
, 51) 관절팔팔
, 52) 이노치노하하
, 72) 침향
, 81) 눈 영양제
D9_1_4_5_72,"  1) 인삼류(인삼, 홍삼)"
,  2) 유산균류(프로바이오틱스 등)
,  3) 비타민 및 무기질
,"  4) EPA 및 DHA 함유 유지(오메가3, 크릴오일 등)"
,  5) 단백질
,  6) 엠에스엠(MSM)
,  7) 밀크씨슬
,  8) 가르시니아캄보지아
,  9) 식이섬유
, 10) 쏘팔메토
, 11) 홍국
, 12) 마리골드꽃추출물/루테인지아잔틴추출물
, 13) 프로폴리스
, 14) 프락토올리고당
, 15) 알로에
, 16) 녹차추출물
, 17) 난소화성말토덱스트린
, 18) 코엔자임Q10
, 19) 콜라겐
, 20) 당귀추출물(헤모힘)
, 51) 관절팔팔
, 52) 이노치노하하
, 72) 침향
, 81) 눈 영양제
D9_1_4_6_72,"  1) 인삼류(인삼, 홍삼)"
,  2) 유산균류(프로바이오틱스 등)
,  3) 비타민 및 무기질
,"  4) EPA 및 DHA 함유 유지(오메가3, 크릴오일 등)"
,  5) 단백질
,  6) 엠에스엠(MSM)
,  7) 밀크씨슬
,  8) 가르시니아캄보지아
,  9) 식이섬유
, 10) 쏘팔메토
, 11) 홍국
, 12) 마리골드꽃추출물/루테인지아잔틴추출물
, 13) 프로폴리스
, 14) 프락토올리고당
, 15) 알로에
, 16) 녹차추출물
, 17) 난소화성말토덱스트린
, 18) 코엔자임Q10
, 19) 콜라겐
, 20) 당귀추출물(헤모힘)
, 51) 관절팔팔
, 52) 이노치노하하
, 72) 침향
, 81) 눈 영양제
D9_1_4_7_72,"  1) 인삼류(인삼, 홍삼)"
,  2) 유산균류(프로바이오틱스 등)
,  3) 비타민 및 무기질
,"  4) EPA 및 DHA 함유 유지(오메가3, 크릴오일 등)"
,  5) 단백질
,  6) 엠에스엠(MSM)
,  7) 밀크씨슬
,  8) 가르시니아캄보지아
,  9) 식이섬유
, 10) 쏘팔메토
, 11) 홍국
, 12) 마리골드꽃추출물/루테인지아잔틴추출물
, 13) 프로폴리스
, 14) 프락토올리고당
, 15) 알로에
, 16) 녹차추출물
, 17) 난소화성말토덱스트린
, 18) 코엔자임Q10
, 19) 콜라겐
, 20) 당귀추출물(헤모힘)
, 51) 관절팔팔
, 52) 이노치노하하
, 72) 침향
, 81) 눈 영양제
D9_1_4_8_72,"  1) 인삼류(인삼, 홍삼)"
,  2) 유산균류(프로바이오틱스 등)
,  3) 비타민 및 무기질
,"  4) EPA 및 DHA 함유 유지(오메가3, 크릴오일 등)"
,  5) 단백질
,  6) 엠에스엠(MSM)
,  7) 밀크씨슬
,  8) 가르시니아캄보지아
,  9) 식이섬유
, 10) 쏘팔메토
, 11) 홍국
, 12) 마리골드꽃추출물/루테인지아잔틴추출물
, 13) 프로폴리스
, 14) 프락토올리고당
, 15) 알로에
, 16) 녹차추출물
, 17) 난소화성말토덱스트린
, 18) 코엔자임Q10
, 19) 콜라겐
, 20) 당귀추출물(헤모힘)
, 51) 관절팔팔
, 52) 이노치노하하
, 72) 침향
, 81) 눈 영양제
D9_1_4_9_72,"  1) 인삼류(인삼, 홍삼)"
,  2) 유산균류(프로바이오틱스 등)
,  3) 비타민 및 무기질
,"  4) EPA 및 DHA 함유 유지(오메가3, 크릴오일 등)"
,  5) 단백질
,  6) 엠에스엠(MSM)
,  7) 밀크씨슬
,  8) 가르시니아캄보지아
,  9) 식이섬유
, 10) 쏘팔메토
, 11) 홍국
, 12) 마리골드꽃추출물/루테인지아잔틴추출물
, 13) 프로폴리스
, 14) 프락토올리고당
, 15) 알로에
, 16) 녹차추출물
, 17) 난소화성말토덱스트린
, 18) 코엔자임Q10
, 19) 콜라겐
, 20) 당귀추출물(헤모힘)
, 51) 관절팔팔
, 52) 이노치노하하
, 72) 침향
, 81) 눈 영양제
D9_1_4_10_72,"  1) 인삼류(인삼, 홍삼)"
,  2) 유산균류(프로바이오틱스 등)
,  3) 비타민 및 무기질
,"  4) EPA 및 DHA 함유 유지(오메가3, 크릴오일 등)"
,  5) 단백질
,  6) 엠에스엠(MSM)
,  7) 밀크씨슬
,  8) 가르시니아캄보지아
,  9) 식이섬유
, 10) 쏘팔메토
, 11) 홍국
, 12) 마리골드꽃추출물/루테인지아잔틴추출물
, 13) 프로폴리스
, 14) 프락토올리고당
, 15) 알로에
, 16) 녹차추출물
, 17) 난소화성말토덱스트린
, 18) 코엔자임Q10
, 19) 콜라겐
, 20) 당귀추출물(헤모힘)
, 51) 관절팔팔
, 52) 이노치노하하
, 72) 침향
, 81) 눈 영양제
D9_1_4_11_72,"  1) 인삼류(인삼, 홍삼)"
,  2) 유산균류(프로바이오틱스 등)
,  3) 비타민 및 무기질
,"  4) EPA 및 DHA 함유 유지(오메가3, 크릴오일 등)"
,  5) 단백질
,  6) 엠에스엠(MSM)
,  7) 밀크씨슬
,  8) 가르시니아캄보지아
,  9) 식이섬유
, 10) 쏘팔메토
, 11) 홍국
, 12) 마리골드꽃추출물/루테인지아잔틴추출물
, 13) 프로폴리스
, 14) 프락토올리고당
, 15) 알로에
, 16) 녹차추출물
, 17) 난소화성말토덱스트린
, 18) 코엔자임Q10
, 19) 콜라겐
, 20) 당귀추출물(헤모힘)
, 51) 관절팔팔
, 52) 이노치노하하
, 72) 침향
, 81) 눈 영양제
D9_1_4_12_72,"  1) 인삼류(인삼, 홍삼)"
,  2) 유산균류(프로바이오틱스 등)
,  3) 비타민 및 무기질
,"  4) EPA 및 DHA 함유 유지(오메가3, 크릴오일 등)"
,  5) 단백질
,  6) 엠에스엠(MSM)
,  7) 밀크씨슬
,  8) 가르시니아캄보지아
,  9) 식이섬유
, 10) 쏘팔메토
, 11) 홍국
, 12) 마리골드꽃추출물/루테인지아잔틴추출물
, 13) 프로폴리스
, 14) 프락토올리고당
, 15) 알로에
, 16) 녹차추출물
, 17) 난소화성말토덱스트린
, 18) 코엔자임Q10
, 19) 콜라겐
, 20) 당귀추출물(헤모힘)
, 51) 관절팔팔
, 52) 이노치노하하
, 72) 침향
, 81) 눈 영양제
D9_1_4_13_72,"  1) 인삼류(인삼, 홍삼)"
,  2) 유산균류(프로바이오틱스 등)
,  3) 비타민 및 무기질
,"  4) EPA 및 DHA 함유 유지(오메가3, 크릴오일 등)"
,  5) 단백질
,  6) 엠에스엠(MSM)
,  7) 밀크씨슬
,  8) 가르시니아캄보지아
,  9) 식이섬유
, 10) 쏘팔메토
, 11) 홍국
, 12) 마리골드꽃추출물/루테인지아잔틴추출물
, 13) 프로폴리스
, 14) 프락토올리고당
, 15) 알로에
, 16) 녹차추출물
, 17) 난소화성말토덱스트린
, 18) 코엔자임Q10
, 19) 콜라겐
, 20) 당귀추출물(헤모힘)
, 51) 관절팔팔
, 52) 이노치노하하
, 72) 침향
, 81) 눈 영양제
D9_1_4_14_72,"  1) 인삼류(인삼, 홍삼)"
,  2) 유산균류(프로바이오틱스 등)
,  3) 비타민 및 무기질
,"  4) EPA 및 DHA 함유 유지(오메가3, 크릴오일 등)"
,  5) 단백질
,  6) 엠에스엠(MSM)
,  7) 밀크씨슬
,  8) 가르시니아캄보지아
,  9) 식이섬유
, 10) 쏘팔메토
, 11) 홍국
, 12) 마리골드꽃추출물/루테인지아잔틴추출물
, 13) 프로폴리스
, 14) 프락토올리고당
, 15) 알로에
, 16) 녹차추출물
, 17) 난소화성말토덱스트린
, 18) 코엔자임Q10
, 19) 콜라겐
, 20) 당귀추출물(헤모힘)
, 51) 관절팔팔
, 52) 이노치노하하
, 72) 침향
, 81) 눈 영양제
D9_1_4_15_72,"  1) 인삼류(인삼, 홍삼)"
,  2) 유산균류(프로바이오틱스 등)
,  3) 비타민 및 무기질
,"  4) EPA 및 DHA 함유 유지(오메가3, 크릴오일 등)"
,  5) 단백질
,  6) 엠에스엠(MSM)
,  7) 밀크씨슬
,  8) 가르시니아캄보지아
,  9) 식이섬유
, 10) 쏘팔메토
, 11) 홍국
, 12) 마리골드꽃추출물/루테인지아잔틴추출물
, 13) 프로폴리스
, 14) 프락토올리고당
, 15) 알로에
, 16) 녹차추출물
, 17) 난소화성말토덱스트린
, 18) 코엔자임Q10
, 19) 콜라겐
, 20) 당귀추출물(헤모힘)
, 51) 관절팔팔
, 52) 이노치노하하
, 72) 침향
, 81) 눈 영양제
D9_1_4_16_72,"  1) 인삼류(인삼, 홍삼)"
,  2) 유산균류(프로바이오틱스 등)
,  3) 비타민 및 무기질
,"  4) EPA 및 DHA 함유 유지(오메가3, 크릴오일 등)"
,  5) 단백질
,  6) 엠에스엠(MSM)
,  7) 밀크씨슬
,  8) 가르시니아캄보지아
,  9) 식이섬유
, 10) 쏘팔메토
, 11) 홍국
, 12) 마리골드꽃추출물/루테인지아잔틴추출물
, 13) 프로폴리스
, 14) 프락토올리고당
, 15) 알로에
, 16) 녹차추출물
, 17) 난소화성말토덱스트린
, 18) 코엔자임Q10
, 19) 콜라겐
, 20) 당귀추출물(헤모힘)
, 51) 관절팔팔
, 52) 이노치노하하
, 72) 침향
, 81) 눈 영양제
D9_1_4_17_72,"  1) 인삼류(인삼, 홍삼)"
,  2) 유산균류(프로바이오틱스 등)
,  3) 비타민 및 무기질
,"  4) EPA 및 DHA 함유 유지(오메가3, 크릴오일 등)"
,  5) 단백질
,  6) 엠에스엠(MSM)
,  7) 밀크씨슬
,  8) 가르시니아캄보지아
,  9) 식이섬유
, 10) 쏘팔메토
, 11) 홍국
, 12) 마리골드꽃추출물/루테인지아잔틴추출물
, 13) 프로폴리스
, 14) 프락토올리고당
, 15) 알로에
, 16) 녹차추출물
, 17) 난소화성말토덱스트린
, 18) 코엔자임Q10
, 19) 콜라겐
, 20) 당귀추출물(헤모힘)
, 51) 관절팔팔
, 52) 이노치노하하
, 72) 침향
, 81) 눈 영양제
D9_1_4_18_72,"  1) 인삼류(인삼, 홍삼)"
,  2) 유산균류(프로바이오틱스 등)
,  3) 비타민 및 무기질
,"  4) EPA 및 DHA 함유 유지(오메가3, 크릴오일 등)"
,  5) 단백질
,  6) 엠에스엠(MSM)
,  7) 밀크씨슬
,  8) 가르시니아캄보지아
,  9) 식이섬유
, 10) 쏘팔메토
, 11) 홍국
, 12) 마리골드꽃추출물/루테인지아잔틴추출물
, 13) 프로폴리스
, 14) 프락토올리고당
, 15) 알로에
, 16) 녹차추출물
, 17) 난소화성말토덱스트린
, 18) 코엔자임Q10
, 19) 콜라겐
, 20) 당귀추출물(헤모힘)
, 51) 관절팔팔
, 52) 이노치노하하
, 72) 침향
, 81) 눈 영양제
D9_1_4_19_72,"  1) 인삼류(인삼, 홍삼)"
,  2) 유산균류(프로바이오틱스 등)
,  3) 비타민 및 무기질
,"  4) EPA 및 DHA 함유 유지(오메가3, 크릴오일 등)"
,  5) 단백질
,  6) 엠에스엠(MSM)
,  7) 밀크씨슬
,  8) 가르시니아캄보지아
,  9) 식이섬유
, 10) 쏘팔메토
, 11) 홍국
, 12) 마리골드꽃추출물/루테인지아잔틴추출물
, 13) 프로폴리스
, 14) 프락토올리고당
, 15) 알로에
, 16) 녹차추출물
, 17) 난소화성말토덱스트린
, 18) 코엔자임Q10
, 19) 콜라겐
, 20) 당귀추출물(헤모힘)
, 51) 관절팔팔
, 52) 이노치노하하
, 72) 침향
, 81) 눈 영양제
D9_1_4_20_72,"  1) 인삼류(인삼, 홍삼)"
,  2) 유산균류(프로바이오틱스 등)
,  3) 비타민 및 무기질
,"  4) EPA 및 DHA 함유 유지(오메가3, 크릴오일 등)"
,  5) 단백질
,  6) 엠에스엠(MSM)
,  7) 밀크씨슬
,  8) 가르시니아캄보지아
,  9) 식이섬유
, 10) 쏘팔메토
, 11) 홍국
, 12) 마리골드꽃추출물/루테인지아잔틴추출물
, 13) 프로폴리스
, 14) 프락토올리고당
, 15) 알로에
, 16) 녹차추출물
, 17) 난소화성말토덱스트린
, 18) 코엔자임Q10
, 19) 콜라겐
, 20) 당귀추출물(헤모힘)
, 51) 관절팔팔
, 52) 이노치노하하
, 72) 침향
, 81) 눈 영양제
D9_1_4_21_72,"  1) 인삼류(인삼, 홍삼)"
,  2) 유산균류(프로바이오틱스 등)
,  3) 비타민 및 무기질
,"  4) EPA 및 DHA 함유 유지(오메가3, 크릴오일 등)"
,  5) 단백질
,  6) 엠에스엠(MSM)
,  7) 밀크씨슬
,  8) 가르시니아캄보지아
,  9) 식이섬유
, 10) 쏘팔메토
, 11) 홍국
, 12) 마리골드꽃추출물/루테인지아잔틴추출물
, 13) 프로폴리스
, 14) 프락토올리고당
, 15) 알로에
, 16) 녹차추출물
, 17) 난소화성말토덱스트린
, 18) 코엔자임Q10
, 19) 콜라겐
, 20) 당귀추출물(헤모힘)
, 51) 관절팔팔
, 52) 이노치노하하
, 72) 침향
, 81) 눈 영양제
D9_1_1_73,  1) 남자
,  2) 여자
D9_1_4_1_73,"  1) 인삼류(인삼, 홍삼)"
,  2) 유산균류(프로바이오틱스 등)
,  3) 비타민 및 무기질
,"  4) EPA 및 DHA 함유 유지(오메가3, 크릴오일 등)"
,  5) 단백질
,  6) 엠에스엠(MSM)
,  7) 밀크씨슬
,  8) 가르시니아캄보지아
,  9) 식이섬유
, 10) 쏘팔메토
, 11) 홍국
, 12) 마리골드꽃추출물/루테인지아잔틴추출물
, 13) 프로폴리스
, 14) 프락토올리고당
, 15) 알로에
, 16) 녹차추출물
, 17) 난소화성말토덱스트린
, 18) 코엔자임Q10
, 19) 콜라겐
, 20) 당귀추출물(헤모힘)
, 51) 관절팔팔
, 52) 이노치노하하
, 72) 침향
, 81) 눈 영양제
D9_1_4_2_73,"  1) 인삼류(인삼, 홍삼)"
,  2) 유산균류(프로바이오틱스 등)
,  3) 비타민 및 무기질
,"  4) EPA 및 DHA 함유 유지(오메가3, 크릴오일 등)"
,  5) 단백질
,  6) 엠에스엠(MSM)
,  7) 밀크씨슬
,  8) 가르시니아캄보지아
,  9) 식이섬유
, 10) 쏘팔메토
, 11) 홍국
, 12) 마리골드꽃추출물/루테인지아잔틴추출물
, 13) 프로폴리스
, 14) 프락토올리고당
, 15) 알로에
, 16) 녹차추출물
, 17) 난소화성말토덱스트린
, 18) 코엔자임Q10
, 19) 콜라겐
, 20) 당귀추출물(헤모힘)
, 51) 관절팔팔
, 52) 이노치노하하
, 72) 침향
, 81) 눈 영양제
D9_1_4_3_73,"  1) 인삼류(인삼, 홍삼)"
,  2) 유산균류(프로바이오틱스 등)
,  3) 비타민 및 무기질
,"  4) EPA 및 DHA 함유 유지(오메가3, 크릴오일 등)"
,  5) 단백질
,  6) 엠에스엠(MSM)
,  7) 밀크씨슬
,  8) 가르시니아캄보지아
,  9) 식이섬유
, 10) 쏘팔메토
, 11) 홍국
, 12) 마리골드꽃추출물/루테인지아잔틴추출물
, 13) 프로폴리스
, 14) 프락토올리고당
, 15) 알로에
, 16) 녹차추출물
, 17) 난소화성말토덱스트린
, 18) 코엔자임Q10
, 19) 콜라겐
, 20) 당귀추출물(헤모힘)
, 51) 관절팔팔
, 52) 이노치노하하
, 72) 침향
, 81) 눈 영양제
D9_1_4_4_73,"  1) 인삼류(인삼, 홍삼)"
,  2) 유산균류(프로바이오틱스 등)
,  3) 비타민 및 무기질
,"  4) EPA 및 DHA 함유 유지(오메가3, 크릴오일 등)"
,  5) 단백질
,  6) 엠에스엠(MSM)
,  7) 밀크씨슬
,  8) 가르시니아캄보지아
,  9) 식이섬유
, 10) 쏘팔메토
, 11) 홍국
, 12) 마리골드꽃추출물/루테인지아잔틴추출물
, 13) 프로폴리스
, 14) 프락토올리고당
, 15) 알로에
, 16) 녹차추출물
, 17) 난소화성말토덱스트린
, 18) 코엔자임Q10
, 19) 콜라겐
, 20) 당귀추출물(헤모힘)
, 51) 관절팔팔
, 52) 이노치노하하
, 72) 침향
, 81) 눈 영양제
D9_1_4_5_73,"  1) 인삼류(인삼, 홍삼)"
,  2) 유산균류(프로바이오틱스 등)
,  3) 비타민 및 무기질
,"  4) EPA 및 DHA 함유 유지(오메가3, 크릴오일 등)"
,  5) 단백질
,  6) 엠에스엠(MSM)
,  7) 밀크씨슬
,  8) 가르시니아캄보지아
,  9) 식이섬유
, 10) 쏘팔메토
, 11) 홍국
, 12) 마리골드꽃추출물/루테인지아잔틴추출물
, 13) 프로폴리스
, 14) 프락토올리고당
, 15) 알로에
, 16) 녹차추출물
, 17) 난소화성말토덱스트린
, 18) 코엔자임Q10
, 19) 콜라겐
, 20) 당귀추출물(헤모힘)
, 51) 관절팔팔
, 52) 이노치노하하
, 72) 침향
, 81) 눈 영양제
D9_1_4_6_73,"  1) 인삼류(인삼, 홍삼)"
,  2) 유산균류(프로바이오틱스 등)
,  3) 비타민 및 무기질
,"  4) EPA 및 DHA 함유 유지(오메가3, 크릴오일 등)"
,  5) 단백질
,  6) 엠에스엠(MSM)
,  7) 밀크씨슬
,  8) 가르시니아캄보지아
,  9) 식이섬유
, 10) 쏘팔메토
, 11) 홍국
, 12) 마리골드꽃추출물/루테인지아잔틴추출물
, 13) 프로폴리스
, 14) 프락토올리고당
, 15) 알로에
, 16) 녹차추출물
, 17) 난소화성말토덱스트린
, 18) 코엔자임Q10
, 19) 콜라겐
, 20) 당귀추출물(헤모힘)
, 51) 관절팔팔
, 52) 이노치노하하
, 72) 침향
, 81) 눈 영양제
D9_1_4_7_73,"  1) 인삼류(인삼, 홍삼)"
,  2) 유산균류(프로바이오틱스 등)
,  3) 비타민 및 무기질
,"  4) EPA 및 DHA 함유 유지(오메가3, 크릴오일 등)"
,  5) 단백질
,  6) 엠에스엠(MSM)
,  7) 밀크씨슬
,  8) 가르시니아캄보지아
,  9) 식이섬유
, 10) 쏘팔메토
, 11) 홍국
, 12) 마리골드꽃추출물/루테인지아잔틴추출물
, 13) 프로폴리스
, 14) 프락토올리고당
, 15) 알로에
, 16) 녹차추출물
, 17) 난소화성말토덱스트린
, 18) 코엔자임Q10
, 19) 콜라겐
, 20) 당귀추출물(헤모힘)
, 51) 관절팔팔
, 52) 이노치노하하
, 72) 침향
, 81) 눈 영양제
D9_1_4_8_73,"  1) 인삼류(인삼, 홍삼)"
,  2) 유산균류(프로바이오틱스 등)
,  3) 비타민 및 무기질
,"  4) EPA 및 DHA 함유 유지(오메가3, 크릴오일 등)"
,  5) 단백질
,  6) 엠에스엠(MSM)
,  7) 밀크씨슬
,  8) 가르시니아캄보지아
,  9) 식이섬유
, 10) 쏘팔메토
, 11) 홍국
, 12) 마리골드꽃추출물/루테인지아잔틴추출물
, 13) 프로폴리스
, 14) 프락토올리고당
, 15) 알로에
, 16) 녹차추출물
, 17) 난소화성말토덱스트린
, 18) 코엔자임Q10
, 19) 콜라겐
, 20) 당귀추출물(헤모힘)
, 51) 관절팔팔
, 52) 이노치노하하
, 72) 침향
, 81) 눈 영양제
D9_1_4_9_73,"  1) 인삼류(인삼, 홍삼)"
,  2) 유산균류(프로바이오틱스 등)
,  3) 비타민 및 무기질
,"  4) EPA 및 DHA 함유 유지(오메가3, 크릴오일 등)"
,  5) 단백질
,  6) 엠에스엠(MSM)
,  7) 밀크씨슬
,  8) 가르시니아캄보지아
,  9) 식이섬유
, 10) 쏘팔메토
, 11) 홍국
, 12) 마리골드꽃추출물/루테인지아잔틴추출물
, 13) 프로폴리스
, 14) 프락토올리고당
, 15) 알로에
, 16) 녹차추출물
, 17) 난소화성말토덱스트린
, 18) 코엔자임Q10
, 19) 콜라겐
, 20) 당귀추출물(헤모힘)
, 51) 관절팔팔
, 52) 이노치노하하
, 72) 침향
, 81) 눈 영양제
D9_1_4_10_73,"  1) 인삼류(인삼, 홍삼)"
,  2) 유산균류(프로바이오틱스 등)
,  3) 비타민 및 무기질
,"  4) EPA 및 DHA 함유 유지(오메가3, 크릴오일 등)"
,  5) 단백질
,  6) 엠에스엠(MSM)
,  7) 밀크씨슬
,  8) 가르시니아캄보지아
,  9) 식이섬유
, 10) 쏘팔메토
, 11) 홍국
, 12) 마리골드꽃추출물/루테인지아잔틴추출물
, 13) 프로폴리스
, 14) 프락토올리고당
, 15) 알로에
, 16) 녹차추출물
, 17) 난소화성말토덱스트린
, 18) 코엔자임Q10
, 19) 콜라겐
, 20) 당귀추출물(헤모힘)
, 51) 관절팔팔
, 52) 이노치노하하
, 72) 침향
, 81) 눈 영양제
D9_1_4_11_73,"  1) 인삼류(인삼, 홍삼)"
,  2) 유산균류(프로바이오틱스 등)
,  3) 비타민 및 무기질
,"  4) EPA 및 DHA 함유 유지(오메가3, 크릴오일 등)"
,  5) 단백질
,  6) 엠에스엠(MSM)
,  7) 밀크씨슬
,  8) 가르시니아캄보지아
,  9) 식이섬유
, 10) 쏘팔메토
, 11) 홍국
, 12) 마리골드꽃추출물/루테인지아잔틴추출물
, 13) 프로폴리스
, 14) 프락토올리고당
, 15) 알로에
, 16) 녹차추출물
, 17) 난소화성말토덱스트린
, 18) 코엔자임Q10
, 19) 콜라겐
, 20) 당귀추출물(헤모힘)
, 51) 관절팔팔
, 52) 이노치노하하
, 72) 침향
, 81) 눈 영양제
D9_1_4_12_73,"  1) 인삼류(인삼, 홍삼)"
,  2) 유산균류(프로바이오틱스 등)
,  3) 비타민 및 무기질
,"  4) EPA 및 DHA 함유 유지(오메가3, 크릴오일 등)"
,  5) 단백질
,  6) 엠에스엠(MSM)
,  7) 밀크씨슬
,  8) 가르시니아캄보지아
,  9) 식이섬유
, 10) 쏘팔메토
, 11) 홍국
, 12) 마리골드꽃추출물/루테인지아잔틴추출물
, 13) 프로폴리스
, 14) 프락토올리고당
, 15) 알로에
, 16) 녹차추출물
, 17) 난소화성말토덱스트린
, 18) 코엔자임Q10
, 19) 콜라겐
, 20) 당귀추출물(헤모힘)
, 51) 관절팔팔
, 52) 이노치노하하
, 72) 침향
, 81) 눈 영양제
D9_1_4_13_73,"  1) 인삼류(인삼, 홍삼)"
,  2) 유산균류(프로바이오틱스 등)
,  3) 비타민 및 무기질
,"  4) EPA 및 DHA 함유 유지(오메가3, 크릴오일 등)"
,  5) 단백질
,  6) 엠에스엠(MSM)
,  7) 밀크씨슬
,  8) 가르시니아캄보지아
,  9) 식이섬유
, 10) 쏘팔메토
, 11) 홍국
, 12) 마리골드꽃추출물/루테인지아잔틴추출물
, 13) 프로폴리스
, 14) 프락토올리고당
, 15) 알로에
, 16) 녹차추출물
, 17) 난소화성말토덱스트린
, 18) 코엔자임Q10
, 19) 콜라겐
, 20) 당귀추출물(헤모힘)
, 51) 관절팔팔
, 52) 이노치노하하
, 72) 침향
, 81) 눈 영양제
D9_1_4_14_73,"  1) 인삼류(인삼, 홍삼)"
,  2) 유산균류(프로바이오틱스 등)
,  3) 비타민 및 무기질
,"  4) EPA 및 DHA 함유 유지(오메가3, 크릴오일 등)"
,  5) 단백질
,  6) 엠에스엠(MSM)
,  7) 밀크씨슬
,  8) 가르시니아캄보지아
,  9) 식이섬유
, 10) 쏘팔메토
, 11) 홍국
, 12) 마리골드꽃추출물/루테인지아잔틴추출물
, 13) 프로폴리스
, 14) 프락토올리고당
, 15) 알로에
, 16) 녹차추출물
, 17) 난소화성말토덱스트린
, 18) 코엔자임Q10
, 19) 콜라겐
, 20) 당귀추출물(헤모힘)
, 51) 관절팔팔
, 52) 이노치노하하
, 72) 침향
, 81) 눈 영양제
D9_1_4_15_73,"  1) 인삼류(인삼, 홍삼)"
,  2) 유산균류(프로바이오틱스 등)
,  3) 비타민 및 무기질
,"  4) EPA 및 DHA 함유 유지(오메가3, 크릴오일 등)"
,  5) 단백질
,  6) 엠에스엠(MSM)
,  7) 밀크씨슬
,  8) 가르시니아캄보지아
,  9) 식이섬유
, 10) 쏘팔메토
, 11) 홍국
, 12) 마리골드꽃추출물/루테인지아잔틴추출물
, 13) 프로폴리스
, 14) 프락토올리고당
, 15) 알로에
, 16) 녹차추출물
, 17) 난소화성말토덱스트린
, 18) 코엔자임Q10
, 19) 콜라겐
, 20) 당귀추출물(헤모힘)
, 51) 관절팔팔
, 52) 이노치노하하
, 72) 침향
, 81) 눈 영양제
D9_1_4_16_73,"  1) 인삼류(인삼, 홍삼)"
,  2) 유산균류(프로바이오틱스 등)
,  3) 비타민 및 무기질
,"  4) EPA 및 DHA 함유 유지(오메가3, 크릴오일 등)"
,  5) 단백질
,  6) 엠에스엠(MSM)
,  7) 밀크씨슬
,  8) 가르시니아캄보지아
,  9) 식이섬유
, 10) 쏘팔메토
, 11) 홍국
, 12) 마리골드꽃추출물/루테인지아잔틴추출물
, 13) 프로폴리스
, 14) 프락토올리고당
, 15) 알로에
, 16) 녹차추출물
, 17) 난소화성말토덱스트린
, 18) 코엔자임Q10
, 19) 콜라겐
, 20) 당귀추출물(헤모힘)
, 51) 관절팔팔
, 52) 이노치노하하
, 72) 침향
, 81) 눈 영양제
D9_1_4_17_73,"  1) 인삼류(인삼, 홍삼)"
,  2) 유산균류(프로바이오틱스 등)
,  3) 비타민 및 무기질
,"  4) EPA 및 DHA 함유 유지(오메가3, 크릴오일 등)"
,  5) 단백질
,  6) 엠에스엠(MSM)
,  7) 밀크씨슬
,  8) 가르시니아캄보지아
,  9) 식이섬유
, 10) 쏘팔메토
, 11) 홍국
, 12) 마리골드꽃추출물/루테인지아잔틴추출물
, 13) 프로폴리스
, 14) 프락토올리고당
, 15) 알로에
, 16) 녹차추출물
, 17) 난소화성말토덱스트린
, 18) 코엔자임Q10
, 19) 콜라겐
, 20) 당귀추출물(헤모힘)
, 51) 관절팔팔
, 52) 이노치노하하
, 72) 침향
, 81) 눈 영양제
D9_1_4_18_73,"  1) 인삼류(인삼, 홍삼)"
,  2) 유산균류(프로바이오틱스 등)
,  3) 비타민 및 무기질
,"  4) EPA 및 DHA 함유 유지(오메가3, 크릴오일 등)"
,  5) 단백질
,  6) 엠에스엠(MSM)
,  7) 밀크씨슬
,  8) 가르시니아캄보지아
,  9) 식이섬유
, 10) 쏘팔메토
, 11) 홍국
, 12) 마리골드꽃추출물/루테인지아잔틴추출물
, 13) 프로폴리스
, 14) 프락토올리고당
, 15) 알로에
, 16) 녹차추출물
, 17) 난소화성말토덱스트린
, 18) 코엔자임Q10
, 19) 콜라겐
, 20) 당귀추출물(헤모힘)
, 51) 관절팔팔
, 52) 이노치노하하
, 72) 침향
, 81) 눈 영양제
D9_1_4_19_73,"  1) 인삼류(인삼, 홍삼)"
,  2) 유산균류(프로바이오틱스 등)
,  3) 비타민 및 무기질
,"  4) EPA 및 DHA 함유 유지(오메가3, 크릴오일 등)"
,  5) 단백질
,  6) 엠에스엠(MSM)
,  7) 밀크씨슬
,  8) 가르시니아캄보지아
,  9) 식이섬유
, 10) 쏘팔메토
, 11) 홍국
, 12) 마리골드꽃추출물/루테인지아잔틴추출물
, 13) 프로폴리스
, 14) 프락토올리고당
, 15) 알로에
, 16) 녹차추출물
, 17) 난소화성말토덱스트린
, 18) 코엔자임Q10
, 19) 콜라겐
, 20) 당귀추출물(헤모힘)
, 51) 관절팔팔
, 52) 이노치노하하
, 72) 침향
, 81) 눈 영양제
D9_1_4_20_73,"  1) 인삼류(인삼, 홍삼)"
,  2) 유산균류(프로바이오틱스 등)
,  3) 비타민 및 무기질
,"  4) EPA 및 DHA 함유 유지(오메가3, 크릴오일 등)"
,  5) 단백질
,  6) 엠에스엠(MSM)
,  7) 밀크씨슬
,  8) 가르시니아캄보지아
,  9) 식이섬유
, 10) 쏘팔메토
, 11) 홍국
, 12) 마리골드꽃추출물/루테인지아잔틴추출물
, 13) 프로폴리스
, 14) 프락토올리고당
, 15) 알로에
, 16) 녹차추출물
, 17) 난소화성말토덱스트린
, 18) 코엔자임Q10
, 19) 콜라겐
, 20) 당귀추출물(헤모힘)
, 51) 관절팔팔
, 52) 이노치노하하
, 72) 침향
, 81) 눈 영양제
D9_1_4_21_73,"  1) 인삼류(인삼, 홍삼)"
,  2) 유산균류(프로바이오틱스 등)
,  3) 비타민 및 무기질
,"  4) EPA 및 DHA 함유 유지(오메가3, 크릴오일 등)"
,  5) 단백질
,  6) 엠에스엠(MSM)
,  7) 밀크씨슬
,  8) 가르시니아캄보지아
,  9) 식이섬유
, 10) 쏘팔메토
, 11) 홍국
, 12) 마리골드꽃추출물/루테인지아잔틴추출물
, 13) 프로폴리스
, 14) 프락토올리고당
, 15) 알로에
, 16) 녹차추출물
, 17) 난소화성말토덱스트린
, 18) 코엔자임Q10
, 19) 콜라겐
, 20) 당귀추출물(헤모힘)
, 51) 관절팔팔
, 52) 이노치노하하
, 72) 침향
, 81) 눈 영양제
D9_1_1_81,  1) 남자
,  2) 여자
D9_1_4_1_81,"  1) 인삼류(인삼, 홍삼)"
,  2) 유산균류(프로바이오틱스 등)
,  3) 비타민 및 무기질
,"  4) EPA 및 DHA 함유 유지(오메가3, 크릴오일 등)"
,  5) 단백질
,  6) 엠에스엠(MSM)
,  7) 밀크씨슬
,  8) 가르시니아캄보지아
,  9) 식이섬유
, 10) 쏘팔메토
, 11) 홍국
, 12) 마리골드꽃추출물/루테인지아잔틴추출물
, 13) 프로폴리스
, 14) 프락토올리고당
, 15) 알로에
, 16) 녹차추출물
, 17) 난소화성말토덱스트린
, 18) 코엔자임Q10
, 19) 콜라겐
, 20) 당귀추출물(헤모힘)
, 51) 관절팔팔
, 52) 이노치노하하
, 72) 침향
, 81) 눈 영양제
D9_1_4_2_81,"  1) 인삼류(인삼, 홍삼)"
,  2) 유산균류(프로바이오틱스 등)
,  3) 비타민 및 무기질
,"  4) EPA 및 DHA 함유 유지(오메가3, 크릴오일 등)"
,  5) 단백질
,  6) 엠에스엠(MSM)
,  7) 밀크씨슬
,  8) 가르시니아캄보지아
,  9) 식이섬유
, 10) 쏘팔메토
, 11) 홍국
, 12) 마리골드꽃추출물/루테인지아잔틴추출물
, 13) 프로폴리스
, 14) 프락토올리고당
, 15) 알로에
, 16) 녹차추출물
, 17) 난소화성말토덱스트린
, 18) 코엔자임Q10
, 19) 콜라겐
, 20) 당귀추출물(헤모힘)
, 51) 관절팔팔
, 52) 이노치노하하
, 72) 침향
, 81) 눈 영양제
D9_1_4_3_81,"  1) 인삼류(인삼, 홍삼)"
,  2) 유산균류(프로바이오틱스 등)
,  3) 비타민 및 무기질
,"  4) EPA 및 DHA 함유 유지(오메가3, 크릴오일 등)"
,  5) 단백질
,  6) 엠에스엠(MSM)
,  7) 밀크씨슬
,  8) 가르시니아캄보지아
,  9) 식이섬유
, 10) 쏘팔메토
, 11) 홍국
, 12) 마리골드꽃추출물/루테인지아잔틴추출물
, 13) 프로폴리스
, 14) 프락토올리고당
, 15) 알로에
, 16) 녹차추출물
, 17) 난소화성말토덱스트린
, 18) 코엔자임Q10
, 19) 콜라겐
, 20) 당귀추출물(헤모힘)
, 51) 관절팔팔
, 52) 이노치노하하
, 72) 침향
, 81) 눈 영양제
D9_1_4_4_81,"  1) 인삼류(인삼, 홍삼)"
,  2) 유산균류(프로바이오틱스 등)
,  3) 비타민 및 무기질
,"  4) EPA 및 DHA 함유 유지(오메가3, 크릴오일 등)"
,  5) 단백질
,  6) 엠에스엠(MSM)
,  7) 밀크씨슬
,  8) 가르시니아캄보지아
,  9) 식이섬유
, 10) 쏘팔메토
, 11) 홍국
, 12) 마리골드꽃추출물/루테인지아잔틴추출물
, 13) 프로폴리스
, 14) 프락토올리고당
, 15) 알로에
, 16) 녹차추출물
, 17) 난소화성말토덱스트린
, 18) 코엔자임Q10
, 19) 콜라겐
, 20) 당귀추출물(헤모힘)
, 51) 관절팔팔
, 52) 이노치노하하
, 72) 침향
, 81) 눈 영양제
D9_1_4_5_81,"  1) 인삼류(인삼, 홍삼)"
,  2) 유산균류(프로바이오틱스 등)
,  3) 비타민 및 무기질
,"  4) EPA 및 DHA 함유 유지(오메가3, 크릴오일 등)"
,  5) 단백질
,  6) 엠에스엠(MSM)
,  7) 밀크씨슬
,  8) 가르시니아캄보지아
,  9) 식이섬유
, 10) 쏘팔메토
, 11) 홍국
, 12) 마리골드꽃추출물/루테인지아잔틴추출물
, 13) 프로폴리스
, 14) 프락토올리고당
, 15) 알로에
, 16) 녹차추출물
, 17) 난소화성말토덱스트린
, 18) 코엔자임Q10
, 19) 콜라겐
, 20) 당귀추출물(헤모힘)
, 51) 관절팔팔
, 52) 이노치노하하
, 72) 침향
, 81) 눈 영양제
D9_1_4_6_81,"  1) 인삼류(인삼, 홍삼)"
,  2) 유산균류(프로바이오틱스 등)
,  3) 비타민 및 무기질
,"  4) EPA 및 DHA 함유 유지(오메가3, 크릴오일 등)"
,  5) 단백질
,  6) 엠에스엠(MSM)
,  7) 밀크씨슬
,  8) 가르시니아캄보지아
,  9) 식이섬유
, 10) 쏘팔메토
, 11) 홍국
, 12) 마리골드꽃추출물/루테인지아잔틴추출물
, 13) 프로폴리스
, 14) 프락토올리고당
, 15) 알로에
, 16) 녹차추출물
, 17) 난소화성말토덱스트린
, 18) 코엔자임Q10
, 19) 콜라겐
, 20) 당귀추출물(헤모힘)
, 51) 관절팔팔
, 52) 이노치노하하
, 72) 침향
, 81) 눈 영양제
D9_1_4_7_81,"  1) 인삼류(인삼, 홍삼)"
,  2) 유산균류(프로바이오틱스 등)
,  3) 비타민 및 무기질
,"  4) EPA 및 DHA 함유 유지(오메가3, 크릴오일 등)"
,  5) 단백질
,  6) 엠에스엠(MSM)
,  7) 밀크씨슬
,  8) 가르시니아캄보지아
,  9) 식이섬유
, 10) 쏘팔메토
, 11) 홍국
, 12) 마리골드꽃추출물/루테인지아잔틴추출물
, 13) 프로폴리스
, 14) 프락토올리고당
, 15) 알로에
, 16) 녹차추출물
, 17) 난소화성말토덱스트린
, 18) 코엔자임Q10
, 19) 콜라겐
, 20) 당귀추출물(헤모힘)
, 51) 관절팔팔
, 52) 이노치노하하
, 72) 침향
, 81) 눈 영양제
D9_1_4_8_81,"  1) 인삼류(인삼, 홍삼)"
,  2) 유산균류(프로바이오틱스 등)
,  3) 비타민 및 무기질
,"  4) EPA 및 DHA 함유 유지(오메가3, 크릴오일 등)"
,  5) 단백질
,  6) 엠에스엠(MSM)
,  7) 밀크씨슬
,  8) 가르시니아캄보지아
,  9) 식이섬유
, 10) 쏘팔메토
, 11) 홍국
, 12) 마리골드꽃추출물/루테인지아잔틴추출물
, 13) 프로폴리스
, 14) 프락토올리고당
, 15) 알로에
, 16) 녹차추출물
, 17) 난소화성말토덱스트린
, 18) 코엔자임Q10
, 19) 콜라겐
, 20) 당귀추출물(헤모힘)
, 51) 관절팔팔
, 52) 이노치노하하
, 72) 침향
, 81) 눈 영양제
D9_1_4_9_81,"  1) 인삼류(인삼, 홍삼)"
,  2) 유산균류(프로바이오틱스 등)
,  3) 비타민 및 무기질
,"  4) EPA 및 DHA 함유 유지(오메가3, 크릴오일 등)"
,  5) 단백질
,  6) 엠에스엠(MSM)
,  7) 밀크씨슬
,  8) 가르시니아캄보지아
,  9) 식이섬유
, 10) 쏘팔메토
, 11) 홍국
, 12) 마리골드꽃추출물/루테인지아잔틴추출물
, 13) 프로폴리스
, 14) 프락토올리고당
, 15) 알로에
, 16) 녹차추출물
, 17) 난소화성말토덱스트린
, 18) 코엔자임Q10
, 19) 콜라겐
, 20) 당귀추출물(헤모힘)
, 51) 관절팔팔
, 52) 이노치노하하
, 72) 침향
, 81) 눈 영양제
D9_1_4_10_81,"  1) 인삼류(인삼, 홍삼)"
,  2) 유산균류(프로바이오틱스 등)
,  3) 비타민 및 무기질
,"  4) EPA 및 DHA 함유 유지(오메가3, 크릴오일 등)"
,  5) 단백질
,  6) 엠에스엠(MSM)
,  7) 밀크씨슬
,  8) 가르시니아캄보지아
,  9) 식이섬유
, 10) 쏘팔메토
, 11) 홍국
, 12) 마리골드꽃추출물/루테인지아잔틴추출물
, 13) 프로폴리스
, 14) 프락토올리고당
, 15) 알로에
, 16) 녹차추출물
, 17) 난소화성말토덱스트린
, 18) 코엔자임Q10
, 19) 콜라겐
, 20) 당귀추출물(헤모힘)
, 51) 관절팔팔
, 52) 이노치노하하
, 72) 침향
, 81) 눈 영양제
D9_1_4_11_81,"  1) 인삼류(인삼, 홍삼)"
,  2) 유산균류(프로바이오틱스 등)
,  3) 비타민 및 무기질
,"  4) EPA 및 DHA 함유 유지(오메가3, 크릴오일 등)"
,  5) 단백질
,  6) 엠에스엠(MSM)
,  7) 밀크씨슬
,  8) 가르시니아캄보지아
,  9) 식이섬유
, 10) 쏘팔메토
, 11) 홍국
, 12) 마리골드꽃추출물/루테인지아잔틴추출물
, 13) 프로폴리스
, 14) 프락토올리고당
, 15) 알로에
, 16) 녹차추출물
, 17) 난소화성말토덱스트린
, 18) 코엔자임Q10
, 19) 콜라겐
, 20) 당귀추출물(헤모힘)
, 51) 관절팔팔
, 52) 이노치노하하
, 72) 침향
, 81) 눈 영양제
D9_1_4_12_81,"  1) 인삼류(인삼, 홍삼)"
,  2) 유산균류(프로바이오틱스 등)
,  3) 비타민 및 무기질
,"  4) EPA 및 DHA 함유 유지(오메가3, 크릴오일 등)"
,  5) 단백질
,  6) 엠에스엠(MSM)
,  7) 밀크씨슬
,  8) 가르시니아캄보지아
,  9) 식이섬유
, 10) 쏘팔메토
, 11) 홍국
, 12) 마리골드꽃추출물/루테인지아잔틴추출물
, 13) 프로폴리스
, 14) 프락토올리고당
, 15) 알로에
, 16) 녹차추출물
, 17) 난소화성말토덱스트린
, 18) 코엔자임Q10
, 19) 콜라겐
, 20) 당귀추출물(헤모힘)
, 51) 관절팔팔
, 52) 이노치노하하
, 72) 침향
, 81) 눈 영양제
D9_1_4_13_81,"  1) 인삼류(인삼, 홍삼)"
,  2) 유산균류(프로바이오틱스 등)
,  3) 비타민 및 무기질
,"  4) EPA 및 DHA 함유 유지(오메가3, 크릴오일 등)"
,  5) 단백질
,  6) 엠에스엠(MSM)
,  7) 밀크씨슬
,  8) 가르시니아캄보지아
,  9) 식이섬유
, 10) 쏘팔메토
, 11) 홍국
, 12) 마리골드꽃추출물/루테인지아잔틴추출물
, 13) 프로폴리스
, 14) 프락토올리고당
, 15) 알로에
, 16) 녹차추출물
, 17) 난소화성말토덱스트린
, 18) 코엔자임Q10
, 19) 콜라겐
, 20) 당귀추출물(헤모힘)
, 51) 관절팔팔
, 52) 이노치노하하
, 72) 침향
, 81) 눈 영양제
D9_1_4_14_81,"  1) 인삼류(인삼, 홍삼)"
,  2) 유산균류(프로바이오틱스 등)
,  3) 비타민 및 무기질
,"  4) EPA 및 DHA 함유 유지(오메가3, 크릴오일 등)"
,  5) 단백질
,  6) 엠에스엠(MSM)
,  7) 밀크씨슬
,  8) 가르시니아캄보지아
,  9) 식이섬유
, 10) 쏘팔메토
, 11) 홍국
, 12) 마리골드꽃추출물/루테인지아잔틴추출물
, 13) 프로폴리스
, 14) 프락토올리고당
, 15) 알로에
, 16) 녹차추출물
, 17) 난소화성말토덱스트린
, 18) 코엔자임Q10
, 19) 콜라겐
, 20) 당귀추출물(헤모힘)
, 51) 관절팔팔
, 52) 이노치노하하
, 72) 침향
, 81) 눈 영양제
D9_1_4_15_81,"  1) 인삼류(인삼, 홍삼)"
,  2) 유산균류(프로바이오틱스 등)
,  3) 비타민 및 무기질
,"  4) EPA 및 DHA 함유 유지(오메가3, 크릴오일 등)"
,  5) 단백질
,  6) 엠에스엠(MSM)
,  7) 밀크씨슬
,  8) 가르시니아캄보지아
,  9) 식이섬유
, 10) 쏘팔메토
, 11) 홍국
, 12) 마리골드꽃추출물/루테인지아잔틴추출물
, 13) 프로폴리스
, 14) 프락토올리고당
, 15) 알로에
, 16) 녹차추출물
, 17) 난소화성말토덱스트린
, 18) 코엔자임Q10
, 19) 콜라겐
, 20) 당귀추출물(헤모힘)
, 51) 관절팔팔
, 52) 이노치노하하
, 72) 침향
, 81) 눈 영양제
D9_1_4_16_81,"  1) 인삼류(인삼, 홍삼)"
,  2) 유산균류(프로바이오틱스 등)
,  3) 비타민 및 무기질
,"  4) EPA 및 DHA 함유 유지(오메가3, 크릴오일 등)"
,  5) 단백질
,  6) 엠에스엠(MSM)
,  7) 밀크씨슬
,  8) 가르시니아캄보지아
,  9) 식이섬유
, 10) 쏘팔메토
, 11) 홍국
, 12) 마리골드꽃추출물/루테인지아잔틴추출물
, 13) 프로폴리스
, 14) 프락토올리고당
, 15) 알로에
, 16) 녹차추출물
, 17) 난소화성말토덱스트린
, 18) 코엔자임Q10
, 19) 콜라겐
, 20) 당귀추출물(헤모힘)
, 51) 관절팔팔
, 52) 이노치노하하
, 72) 침향
, 81) 눈 영양제
D9_1_4_17_81,"  1) 인삼류(인삼, 홍삼)"
,  2) 유산균류(프로바이오틱스 등)
,  3) 비타민 및 무기질
,"  4) EPA 및 DHA 함유 유지(오메가3, 크릴오일 등)"
,  5) 단백질
,  6) 엠에스엠(MSM)
,  7) 밀크씨슬
,  8) 가르시니아캄보지아
,  9) 식이섬유
, 10) 쏘팔메토
, 11) 홍국
, 12) 마리골드꽃추출물/루테인지아잔틴추출물
, 13) 프로폴리스
, 14) 프락토올리고당
, 15) 알로에
, 16) 녹차추출물
, 17) 난소화성말토덱스트린
, 18) 코엔자임Q10
, 19) 콜라겐
, 20) 당귀추출물(헤모힘)
, 51) 관절팔팔
, 52) 이노치노하하
, 72) 침향
, 81) 눈 영양제
D9_1_4_18_81,"  1) 인삼류(인삼, 홍삼)"
,  2) 유산균류(프로바이오틱스 등)
,  3) 비타민 및 무기질
,"  4) EPA 및 DHA 함유 유지(오메가3, 크릴오일 등)"
,  5) 단백질
,  6) 엠에스엠(MSM)
,  7) 밀크씨슬
,  8) 가르시니아캄보지아
,  9) 식이섬유
, 10) 쏘팔메토
, 11) 홍국
, 12) 마리골드꽃추출물/루테인지아잔틴추출물
, 13) 프로폴리스
, 14) 프락토올리고당
, 15) 알로에
, 16) 녹차추출물
, 17) 난소화성말토덱스트린
, 18) 코엔자임Q10
, 19) 콜라겐
, 20) 당귀추출물(헤모힘)
, 51) 관절팔팔
, 52) 이노치노하하
, 72) 침향
, 81) 눈 영양제
D9_1_4_19_81,"  1) 인삼류(인삼, 홍삼)"
,  2) 유산균류(프로바이오틱스 등)
,  3) 비타민 및 무기질
,"  4) EPA 및 DHA 함유 유지(오메가3, 크릴오일 등)"
,  5) 단백질
,  6) 엠에스엠(MSM)
,  7) 밀크씨슬
,  8) 가르시니아캄보지아
,  9) 식이섬유
, 10) 쏘팔메토
, 11) 홍국
, 12) 마리골드꽃추출물/루테인지아잔틴추출물
, 13) 프로폴리스
, 14) 프락토올리고당
, 15) 알로에
, 16) 녹차추출물
, 17) 난소화성말토덱스트린
, 18) 코엔자임Q10
, 19) 콜라겐
, 20) 당귀추출물(헤모힘)
, 51) 관절팔팔
, 52) 이노치노하하
, 72) 침향
, 81) 눈 영양제
D9_1_4_20_81,"  1) 인삼류(인삼, 홍삼)"
,  2) 유산균류(프로바이오틱스 등)
,  3) 비타민 및 무기질
,"  4) EPA 및 DHA 함유 유지(오메가3, 크릴오일 등)"
,  5) 단백질
,  6) 엠에스엠(MSM)
,  7) 밀크씨슬
,  8) 가르시니아캄보지아
,  9) 식이섬유
, 10) 쏘팔메토
, 11) 홍국
, 12) 마리골드꽃추출물/루테인지아잔틴추출물
, 13) 프로폴리스
, 14) 프락토올리고당
, 15) 알로에
, 16) 녹차추출물
, 17) 난소화성말토덱스트린
, 18) 코엔자임Q10
, 19) 콜라겐
, 20) 당귀추출물(헤모힘)
, 51) 관절팔팔
, 52) 이노치노하하
, 72) 침향
, 81) 눈 영양제
D9_1_4_21_81,"  1) 인삼류(인삼, 홍삼)"
,  2) 유산균류(프로바이오틱스 등)
,  3) 비타민 및 무기질
,"  4) EPA 및 DHA 함유 유지(오메가3, 크릴오일 등)"
,  5) 단백질
,  6) 엠에스엠(MSM)
,  7) 밀크씨슬
,  8) 가르시니아캄보지아
,  9) 식이섬유
, 10) 쏘팔메토
, 11) 홍국
, 12) 마리골드꽃추출물/루테인지아잔틴추출물
, 13) 프로폴리스
, 14) 프락토올리고당
, 15) 알로에
, 16) 녹차추출물
, 17) 난소화성말토덱스트린
, 18) 코엔자임Q10
, 19) 콜라겐
, 20) 당귀추출물(헤모힘)
, 51) 관절팔팔
, 52) 이노치노하하
, 72) 침향
, 81) 눈 영양제
D9_2_1,"  1) 성장, 발달을 위해"
,  2) 질병치료를 위해
,  3) 학습능력 개선을 위해
,  4) 질병예방을 위하여
,"  5) 미용 효과(피부건강, 체중 조절 등)를 위해"
,  6) 피로회복을 위해
,  7) 건강(체력) 증진을 위해
D9_2_2,"  1) 성장, 발달을 위해"
,  2) 질병치료를 위해
,  3) 학습능력 개선을 위해
,  4) 질병예방을 위하여
,"  5) 미용 효과(피부건강, 체중 조절 등)를 위해"
,  6) 피로회복을 위해
,  7) 건강(체력) 증진을 위해
D9_2_3,"  1) 성장, 발달을 위해"
,  2) 질병치료를 위해
,  3) 학습능력 개선을 위해
,  4) 질병예방을 위하여
,"  5) 미용 효과(피부건강, 체중 조절 등)를 위해"
,  6) 피로회복을 위해
,  7) 건강(체력) 증진을 위해
D9_2_4,"  1) 성장, 발달을 위해"
,  2) 질병치료를 위해
,  3) 학습능력 개선을 위해
,  4) 질병예방을 위하여
,"  5) 미용 효과(피부건강, 체중 조절 등)를 위해"
,  6) 피로회복을 위해
,  7) 건강(체력) 증진을 위해
D9_2_5,"  1) 성장, 발달을 위해"
,  2) 질병치료를 위해
,  3) 학습능력 개선을 위해
,  4) 질병예방을 위하여
,"  5) 미용 효과(피부건강, 체중 조절 등)를 위해"
,  6) 피로회복을 위해
,  7) 건강(체력) 증진을 위해
D9_2_6,"  1) 성장, 발달을 위해"
,  2) 질병치료를 위해
,  3) 학습능력 개선을 위해
,  4) 질병예방을 위하여
,"  5) 미용 효과(피부건강, 체중 조절 등)를 위해"
,  6) 피로회복을 위해
,  7) 건강(체력) 증진을 위해
D9_2_7,"  1) 성장, 발달을 위해"
,  2) 질병치료를 위해
,  3) 학습능력 개선을 위해
,  4) 질병예방을 위하여
,"  5) 미용 효과(피부건강, 체중 조절 등)를 위해"
,  6) 피로회복을 위해
,  7) 건강(체력) 증진을 위해
D9_2_8,"  1) 성장, 발달을 위해"
,  2) 질병치료를 위해
,  3) 학습능력 개선을 위해
,  4) 질병예방을 위하여
,"  5) 미용 효과(피부건강, 체중 조절 등)를 위해"
,  6) 피로회복을 위해
,  7) 건강(체력) 증진을 위해
D9_3_1,  1) 필요를 느끼지 못해서
,  2) 품질(효과/효능)을 신뢰할 수 없어서
,  3) 건강기능식품 및 건강식품에 대한 정보가 부족해서
,  4) 주위에 파는 곳이 없어서
,  5) 가격이 비싸서
,  6) 안전성이 의심되서
,  7) 형태가 먹기 불편해서
, 21) 계속 먹으면 안좋아서
, 98) 없음
, 99) 모름
D9_3_2,  1) 필요를 느끼지 못해서
,  2) 품질(효과/효능)을 신뢰할 수 없어서
,  3) 건강기능식품 및 건강식품에 대한 정보가 부족해서
,  4) 주위에 파는 곳이 없어서
,  5) 가격이 비싸서
,  6) 안전성이 의심되서
,  7) 형태가 먹기 불편해서
, 21) 계속 먹으면 안좋아서
, 98) 없음
, 99) 모름
D10_1,  1) 매우 불만족 한다
,  2) 불만족하는 편이다
,  3) 보통이다
,  4) 만족하는 편이다
,  5) 매우 만족한다
D10_2,  1) 매우 불만족 한다
,  2) 불만족하는 편이다
,  3) 보통이다
,  4) 만족하는 편이다
,  5) 매우 만족한다
D10_3,  1) 매우 불만족 한다
,  2) 불만족하는 편이다
,  3) 보통이다
,  4) 만족하는 편이다
,  5) 매우 만족한다
D10_4,  1) 매우 불만족 한다
,  2) 불만족하는 편이다
,  3) 보통이다
,  4) 만족하는 편이다
,  5) 매우 만족한다
D10_5,  1) 매우 불만족 한다
,  2) 불만족하는 편이다
,  3) 보통이다
,  4) 만족하는 편이다
,  5) 매우 만족한다
D10_6,  1) 매우 불만족 한다
,  2) 불만족하는 편이다
,  3) 보통이다
,  4) 만족하는 편이다
,  5) 매우 만족한다
D10_7,  1) 매우 불만족 한다
,  2) 불만족하는 편이다
,  3) 보통이다
,  4) 만족하는 편이다
,  5) 매우 만족한다
D11,  1) 매우 감소할 것이다
,  2) 약간 감소할 것이다
,  3) 현 수준을 유지할 것이다
,  4) 약간 증가할 것이다
,  5) 매우 증가할 것이다
D12,  1) 예
,  2) 아니오
D12_1,"  1) 건강즙/엑기스(과일즙, 과채즙, 가시오가피즙 등)"
,"  2) 건강환/분말(양배추환, 울금환, 청국장환, 선식 등)"
,"  3) 동물성원료건강식품(녹용, 동충하초, 흑염소즙 등)"
,"  4) 슈퍼곡물(햄프씨드, 아마씨드, 병아리콩, 퀴노아 등)"
,"  5) 기타원료(벌꿀, 로얄젤리, 효모, 효소, 화분 등)"
D13,  1) 모른다
,  2) 들어본적 있다
,  3) 알고 있다
D14,  1) 전혀 그렇지 않다
,  2) 그렇지 않은 편이다
,  3) 보통이다/그저 그렇다
,  4) 그런 편이다
,  5) 매우 그렇다
E1,  1) 알고 있다
,  2) 들어본 적은 있다
,  3) 모른다
E2,  1) 있음
,  2) 없음
E3,  1) 신뢰하지 않는다
,  2) 신뢰하지 않는 편이다
,  3) 보통이다
,  4) 신뢰하는 편이다
,  5) 신뢰하고 있다
E4_1,"  1) 육류가공품(소시지, 햄 및 베이컨, 육가공품 등)"
,"  2) 알가공품(삶은 계란, 삶은 메추리알 등)"
,"  3) 조미수산가공품(어육, 맛살, 수산물통조림 등)"
,"  4) 염건수산가공품(젓갈류, 김, 미역, 북어, 굴비 등)"
,"  5) 김치 및 절임류(배추김치, 장아찌, 단무지 등)"
,"  6) 과일채소가공품(과일/채소통조림, 퓨레/페이스트 등)"
,"  7) 장류(간장, 된장, 고추장, 쌈장, 춘장, 청국장 등)"
,"  8) 조미식품(드레싱/소스류, 소금, 설탕, 식초, 고춧가루 등)"
,"  9) 유지류(참기름 및 들기름, 식용유, 버터 등)"
," 10) 유가공품(우유, 요구르트 등 발효유, 치즈, 분유 등)"
," 11) 빵 및 떡류(식빵, 케이크, 일반빵류, 떡류 등)"
," 12) 과자류(과자, 한과, 초콜릿가공품, 사탕, 빙과류 등)"
," 13) 면류(인스턴트 라면, 국수, 칼국수, 당면, 우동 등)"
," 14) 연식품(두부류, 순두부, 유부, 묵류, 곤약 등)"
," 15) 곡물가공품(밀가루류, 전분, 쌀가루, 씨리얼 등)"
," 16) 커피 및 차(커피, 커피음료, 잎차, 티백, 곡물차 등)"
," 17) 음료류(탄산음료, 과일음료, 기능성음료, 생수, 두유 등)"
," 18) 간편식(HMR, 즉석조리, 즉석섭취, 밀키트, 신선편의)"
E4_2,"  1) 육류가공품(소시지, 햄 및 베이컨, 육가공품 등)"
,"  2) 알가공품(삶은 계란, 삶은 메추리알 등)"
,"  3) 조미수산가공품(어육, 맛살, 수산물통조림 등)"
,"  4) 염건수산가공품(젓갈류, 김, 미역, 북어, 굴비 등)"
,"  5) 김치 및 절임류(배추김치, 장아찌, 단무지 등)"
,"  6) 과일채소가공품(과일/채소통조림, 퓨레/페이스트 등)"
,"  7) 장류(간장, 된장, 고추장, 쌈장, 춘장, 청국장 등)"
,"  8) 조미식품(드레싱/소스류, 소금, 설탕, 식초, 고춧가루 등)"
,"  9) 유지류(참기름 및 들기름, 식용유, 버터 등)"
," 10) 유가공품(우유, 요구르트 등 발효유, 치즈, 분유 등)"
," 11) 빵 및 떡류(식빵, 케이크, 일반빵류, 떡류 등)"
," 12) 과자류(과자, 한과, 초콜릿가공품, 사탕, 빙과류 등)"
," 13) 면류(인스턴트 라면, 국수, 칼국수, 당면, 우동 등)"
," 14) 연식품(두부류, 순두부, 유부, 묵류, 곤약 등)"
," 15) 곡물가공품(밀가루류, 전분, 쌀가루, 씨리얼 등)"
," 16) 커피 및 차(커피, 커피음료, 잎차, 티백, 곡물차 등)"
," 17) 음료류(탄산음료, 과일음료, 기능성음료, 생수, 두유 등)"
," 18) 간편식(HMR, 즉석조리, 즉석섭취, 밀키트, 신선편의)"
E4_3,"  1) 육류가공품(소시지, 햄 및 베이컨, 육가공품 등)"
,"  2) 알가공품(삶은 계란, 삶은 메추리알 등)"
,"  3) 조미수산가공품(어육, 맛살, 수산물통조림 등)"
,"  4) 염건수산가공품(젓갈류, 김, 미역, 북어, 굴비 등)"
,"  5) 김치 및 절임류(배추김치, 장아찌, 단무지 등)"
,"  6) 과일채소가공품(과일/채소통조림, 퓨레/페이스트 등)"
,"  7) 장류(간장, 된장, 고추장, 쌈장, 춘장, 청국장 등)"
,"  8) 조미식품(드레싱/소스류, 소금, 설탕, 식초, 고춧가루 등)"
,"  9) 유지류(참기름 및 들기름, 식용유, 버터 등)"
," 10) 유가공품(우유, 요구르트 등 발효유, 치즈, 분유 등)"
," 11) 빵 및 떡류(식빵, 케이크, 일반빵류, 떡류 등)"
," 12) 과자류(과자, 한과, 초콜릿가공품, 사탕, 빙과류 등)"
," 13) 면류(인스턴트 라면, 국수, 칼국수, 당면, 우동 등)"
," 14) 연식품(두부류, 순두부, 유부, 묵류, 곤약 등)"
," 15) 곡물가공품(밀가루류, 전분, 쌀가루, 씨리얼 등)"
," 16) 커피 및 차(커피, 커피음료, 잎차, 티백, 곡물차 등)"
," 17) 음료류(탄산음료, 과일음료, 기능성음료, 생수, 두유 등)"
," 18) 간편식(HMR, 즉석조리, 즉석섭취, 밀키트, 신선편의)"
E5_1,  1) 맛이 더 좋아서
,  2) 원료의 품질이 더 좋을 것 같아서
,  3) 영양이 더 풍부할 것 같아서
,  4) 더 안전하다고 생각해서
,  5) 환경보전·보호를 위해서
E5_2,  1) 맛이 더 좋아서
,  2) 원료의 품질이 더 좋을 것 같아서
,  3) 영양이 더 풍부할 것 같아서
,  4) 더 안전하다고 생각해서
,  5) 환경보전·보호를 위해서
E6_1,  1) 가격
,  2) 용량
,  3) 브랜드/상표/제조사
,  4) 제조일자/유통기한
,  5) 품질인증 표시
,  6) 원산지
,  7) 영양성분
,  8) 식품첨가물
,  9) 원재료/성분 함량
, 10) 포장 디자인
, 11) 포장 재활용 여부
, 12) 기능성 표시/식품의 효능
, 13) 섭취 주의사항(알레르기 유발 등)
, 14) 보관방법
E6_2,  1) 가격
,  2) 용량
,  3) 브랜드/상표/제조사
,  4) 제조일자/유통기한
,  5) 품질인증 표시
,  6) 원산지
,  7) 영양성분
,  8) 식품첨가물
,  9) 원재료/성분 함량
, 10) 포장 디자인
, 11) 포장 재활용 여부
, 12) 기능성 표시/식품의 효능
, 13) 섭취 주의사항(알레르기 유발 등)
, 14) 보관방법
E6_3,  1) 가격
,  2) 용량
,  3) 브랜드/상표/제조사
,  4) 제조일자/유통기한
,  5) 품질인증 표시
,  6) 원산지
,  7) 영양성분
,  8) 식품첨가물
,  9) 원재료/성분 함량
, 10) 포장 디자인
, 11) 포장 재활용 여부
, 12) 기능성 표시/식품의 효능
, 13) 섭취 주의사항(알레르기 유발 등)
, 14) 보관방법
E7_1,"  1) 동네 슈퍼마켓, 식자재마트(대기업 운영 제외)"
,"  2) 대기업에서 운영하는 슈퍼마켓(홈플러스 익스프레스, 롯데 슈퍼, 이마트에브리데이, No Brand 등)"
,"  3) 오프라인 대형마트(이마트, 하나로클럽/마트, 홈플러스, 롯데마트, 이마트 트레이더스, 코스트코 등)"
,  4) 전통시장(재래시장)
,  5) 백화점
,"  6) 친환경 식품 전문점(생협, 유기농 전문점, 초록마을, 한살림 등)"
,"  7) 온라인 쇼핑몰(G마켓, 11번가, 쿠팡, 네이버쇼핑 등 인터넷·모바일, 대형마트(이마트, 롯데마트)의 온라인몰, 퀵커머스, 해외직구 등"
,  8) TV 홈쇼핑(TV 시청 후 홈쇼핑 온라인몰 구입 포함)
,  9) 편의점
," 10) 오프라인 독립된 로컬푸드 마켓(지역 특산물 판매점 포함, 매장 내 샵인샵 형태(통합계산) 제외)"
, 51) 반찬가게
, 52) 밀키트 전문점
, 53) 식자재마트
, 91) 구입하지 않음
E7_2,"  1) 동네 슈퍼마켓, 식자재마트(대기업 운영 제외)"
,"  2) 대기업에서 운영하는 슈퍼마켓(홈플러스 익스프레스, 롯데 슈퍼, 이마트에브리데이, No Brand 등)"
,"  3) 오프라인 대형마트(이마트, 하나로클럽/마트, 홈플러스, 롯데마트, 이마트 트레이더스, 코스트코 등)"
,  4) 전통시장(재래시장)
,  5) 백화점
,"  6) 친환경 식품 전문점(생협, 유기농 전문점, 초록마을, 한살림 등)"
,"  7) 온라인 쇼핑몰(G마켓, 11번가, 쿠팡, 네이버쇼핑 등 인터넷·모바일, 대형마트(이마트, 롯데마트)의 온라인몰, 퀵커머스, 해외직구 등)"
,  8) TV 홈쇼핑(TV 시청 후 홈쇼핑 온라인몰 구입 포함)
,  9) 편의점
," 10) 오프라인 독립된 로컬푸드 마켓(지역 특산물 판매점 포함, 매장 내 샵인샵 형태(통합계산) 제외)"
, 51) 반찬가게
, 52) 밀키트 전문점
, 53) 식자재마트
, 91) 구입하지 않음
E7_1_1,  1) 우수한 품질의 제품을 살 수 있어서
,  2) 가격이 저렴하니까
,  3) 거리가 가깝거나 교통이 편해서
,  4) 직접 배달해 주므로
,  5) 식료품 이외의 다른 상품도 같이 구입할 수 있어서
,  6) 상품이 다양하므로
,  7) 친절하고 서비스가 좋아서
,  8) 주문/구입이 편리해서
,  9) 평점/후기/판매량 등의 정보를 활용할 수 있어서
E7_1_2,  1) 우수한 품질의 제품을 살 수 있어서
,  2) 가격이 저렴하니까
,  3) 거리가 가깝거나 교통이 편해서
,  4) 직접 배달해 주므로
,  5) 식료품 이외의 다른 상품도 같이 구입할 수 있어서
,  6) 상품이 다양하므로
,  7) 친절하고 서비스가 좋아서
,  8) 주문/구입이 편리해서
,  9) 평점/후기/판매량 등의 정보를 활용할 수 있어서
E8_1,  1) 매우 불만족 한다
,  2) 불만족하는 편이다
,  3) 보통이다
,  4) 만족하는 편이다
,  5) 매우 만족한다
E8_2,  1) 매우 불만족 한다
,  2) 불만족하는 편이다
,  3) 보통이다
,  4) 만족하는 편이다
,  5) 매우 만족한다
E8_3,  1) 매우 불만족 한다
,  2) 불만족하는 편이다
,  3) 보통이다
,  4) 만족하는 편이다
,  5) 매우 만족한다
E8_4,  1) 매우 불만족 한다
,  2) 불만족하는 편이다
,  3) 보통이다
,  4) 만족하는 편이다
,  5) 매우 만족한다
E8_5,  1) 매우 불만족 한다
,  2) 불만족하는 편이다
,  3) 보통이다
,  4) 만족하는 편이다
,  5) 매우 만족한다
E8_6,  1) 매우 불만족 한다
,  2) 불만족하는 편이다
,  3) 보통이다
,  4) 만족하는 편이다
,  5) 매우 만족한다
E8_7,  1) 매우 불만족 한다
,  2) 불만족하는 편이다
,  3) 보통이다
,  4) 만족하는 편이다
,  5) 매우 만족한다
E9,  1) 매우 감소할 것이다
,  2) 약간 감소할 것이다
,  3) 현 수준을 유지할 것이다
,  4) 약간 증가할 것이다
,  5) 매우 증가할 것이다
F1_1,  1) 전혀 그렇지 않다
,  2) 그렇지 않은 편이다
,  3) 보통이다/그저 그렇다
,  4) 그런 편이다
,  5) 매우 그렇다
F1_2,  1) 전혀 그렇지 않다
,  2) 그렇지 않은 편이다
,  3) 보통이다/그저 그렇다
,  4) 그런 편이다
,  5) 매우 그렇다
F1_3,  1) 전혀 그렇지 않다
,  2) 그렇지 않은 편이다
,  3) 보통이다/그저 그렇다
,  4) 그런 편이다
,  5) 매우 그렇다
F1_4,  1) 전혀 그렇지 않다
,  2) 그렇지 않은 편이다
,  3) 보통이다/그저 그렇다
,  4) 그런 편이다
,  5) 매우 그렇다
F1_5,  1) 전혀 그렇지 않다
,  2) 그렇지 않은 편이다
,  3) 보통이다/그저 그렇다
,  4) 그런 편이다
,  5) 매우 그렇다
F1_6,  1) 전혀 그렇지 않다
,  2) 그렇지 않은 편이다
,  3) 보통이다/그저 그렇다
,  4) 그런 편이다
,  5) 매우 그렇다
F1_7,  1) 전혀 그렇지 않다
,  2) 그렇지 않은 편이다
,  3) 보통이다/그저 그렇다
,  4) 그런 편이다
,  5) 매우 그렇다
F1_8,  1) 전혀 그렇지 않다
,  2) 그렇지 않은 편이다
,  3) 보통이다/그저 그렇다
,  4) 그런 편이다
,  5) 매우 그렇다
F1_9,  1) 전혀 그렇지 않다
,  2) 그렇지 않은 편이다
,  3) 보통이다/그저 그렇다
,  4) 그런 편이다
,  5) 매우 그렇다
F1_10,  1) 전혀 그렇지 않다
,  2) 그렇지 않은 편이다
,  3) 보통이다/그저 그렇다
,  4) 그런 편이다
,  5) 매우 그렇다
F1_11,  1) 전혀 그렇지 않다
,  2) 그렇지 않은 편이다
,  3) 보통이다/그저 그렇다
,  4) 그런 편이다
,  5) 매우 그렇다
F1_12,  1) 전혀 그렇지 않다
,  2) 그렇지 않은 편이다
,  3) 보통이다/그저 그렇다
,  4) 그런 편이다
,  5) 매우 그렇다
F1_13,  1) 전혀 그렇지 않다
,  2) 그렇지 않은 편이다
,  3) 보통이다/그저 그렇다
,  4) 그런 편이다
,  5) 매우 그렇다
F1_14,  1) 전혀 그렇지 않다
,  2) 그렇지 않은 편이다
,  3) 보통이다/그저 그렇다
,  4) 그런 편이다
,  5) 매우 그렇다
F1_15,  1) 전혀 그렇지 않다
,  2) 그렇지 않은 편이다
,  3) 보통이다/그저 그렇다
,  4) 그런 편이다
,  5) 매우 그렇다
F2_1,  1) 전혀 그렇지 않다
,  2) 그렇지 않은 편이다
,  3) 보통이다/그저 그렇다
,  4) 그런 편이다
,  5) 매우 그렇다
F2_2,  1) 전혀 그렇지 않다
,  2) 그렇지 않은 편이다
,  3) 보통이다/그저 그렇다
,  4) 그런 편이다
,  5) 매우 그렇다
F2_3,  1) 전혀 그렇지 않다
,  2) 그렇지 않은 편이다
,  3) 보통이다/그저 그렇다
,  4) 그런 편이다
,  5) 매우 그렇다
F2_4,  1) 전혀 그렇지 않다
,  2) 그렇지 않은 편이다
,  3) 보통이다/그저 그렇다
,  4) 그런 편이다
,  5) 매우 그렇다
F2_5,  1) 전혀 그렇지 않다
,  2) 그렇지 않은 편이다
,  3) 보통이다/그저 그렇다
,  4) 그런 편이다
,  5) 매우 그렇다
F2_6,  1) 전혀 그렇지 않다
,  2) 그렇지 않은 편이다
,  3) 보통이다/그저 그렇다
,  4) 그런 편이다
,  5) 매우 그렇다
F2_7,  1) 전혀 그렇지 않다
,  2) 그렇지 않은 편이다
,  3) 보통이다/그저 그렇다
,  4) 그런 편이다
,  5) 매우 그렇다
F2_8,  1) 전혀 그렇지 않다
,  2) 그렇지 않은 편이다
,  3) 보통이다/그저 그렇다
,  4) 그런 편이다
,  5) 매우 그렇다
F2_9,  1) 전혀 그렇지 않다
,  2) 그렇지 않은 편이다
,  3) 보통이다/그저 그렇다
,  4) 그런 편이다
,  5) 매우 그렇다
F2_10,  1) 전혀 그렇지 않다
,  2) 그렇지 않은 편이다
,  3) 보통이다/그저 그렇다
,  4) 그런 편이다
,  5) 매우 그렇다
F2_11,  1) 전혀 그렇지 않다
,  2) 그렇지 않은 편이다
,  3) 보통이다/그저 그렇다
,  4) 그런 편이다
,  5) 매우 그렇다
F2_12,  1) 전혀 그렇지 않다
,  2) 그렇지 않은 편이다
,  3) 보통이다/그저 그렇다
,  4) 그런 편이다
,  5) 매우 그렇다
F2_13,  1) 전혀 그렇지 않다
,  2) 그렇지 않은 편이다
,  3) 보통이다/그저 그렇다
,  4) 그런 편이다
,  5) 매우 그렇다
F2_14,  1) 전혀 그렇지 않다
,  2) 그렇지 않은 편이다
,  3) 보통이다/그저 그렇다
,  4) 그런 편이다
,  5) 매우 그렇다
F2_15,  1) 전혀 그렇지 않다
,  2) 그렇지 않은 편이다
,  3) 보통이다/그저 그렇다
,  4) 그런 편이다
,  5) 매우 그렇다
F3_1,  1) 전혀 그렇지 않다
,  2) 그렇지 않은 편이다
,  3) 보통이다/그저 그렇다
,  4) 그런 편이다
,  5) 매우 그렇다
F3_2,  1) 전혀 그렇지 않다
,  2) 그렇지 않은 편이다
,  3) 보통이다/그저 그렇다
,  4) 그런 편이다
,  5) 매우 그렇다
F3_3,  1) 전혀 그렇지 않다
,  2) 그렇지 않은 편이다
,  3) 보통이다/그저 그렇다
,  4) 그런 편이다
,  5) 매우 그렇다
F3_4,  1) 전혀 그렇지 않다
,  2) 그렇지 않은 편이다
,  3) 보통이다/그저 그렇다
,  4) 그런 편이다
,  5) 매우 그렇다
F4_1,"  1) 동네 슈퍼마켓, 식자재마트(대기업 운영 제외)"
,"  2) 대기업에서 운영하는 슈퍼마켓(홈플러스 익스프레스, 롯데 슈퍼, 이마트에브리데이, No Brand 등)"
,"  3) 오프라인 대형마트(이마트, 하나로클럽/마트, 홈플러스, 롯데마트, 이마트 트레이더스, 코스트코 등)"
,  4) 전통시장(재래시장)
,  5) 백화점
,"  6) 친환경 식품 전문점(생협, 유기농 전문점, 초록마을, 한살림 등)"
,  7) 편의점
,"  8) 오프라인 독립된 로컬푸드 마켓(지역특산물 판매점 포함, 매장 내 샵인샵 형태(통합계산) 제외)"
,"  9) 온라인 쇼핑몰(G마켓, 11번가, 쿠팡, 네이버 쇼핑 등)  ※ 오프라인 유통사업이 없는 온라인 전문몰"
," 10) 온라인 식품 전문몰(마켓컬리, 오아시스, 윙잇, 쿠캣 등 식품을 주로 판매하는 식품 전문몰)"
," 11) 대형마트/백화점/홈쇼핑 온라인 매장(이마트, SSG, 롯데, 현대, CJ, GS 등) ※기존 유통사업이 있는 온라인몰"
," 12) 친환경 전문점 온라인 매장(생협, 유기농 전문점, 초록마을, 한살림 등)"
," 13) 특산물 온라인 매장(시/도, 농협, 생산자단체, 우체국 등 운영 쇼핑몰)"
," 14) SNS 구매(온라인 카페, 블로그, 카카오, 인스타마켓, 공구밴드 등)"
," 15) 퀵커머스(우리동네GS, B마트, 배민스토어, 요마트, 요편의점 등 주문한 상품을 1시간 이내에 받는 즉시 배송)"
," 16) 해외직구 사이트(아마존, 이베이, 아이허브, 오플 등)"
, 17) TV 홈쇼핑(TV 시청 후 홈쇼핑 온라인몰 구입 포함)
F4_2,"  1) 동네 슈퍼마켓, 식자재마트(대기업 운영 제외)"
,"  2) 대기업에서 운영하는 슈퍼마켓(홈플러스 익스프레스, 롯데 슈퍼, 이마트에브리데이, No Brand 등)"
,"  3) 오프라인 대형마트(이마트, 하나로클럽/마트, 홈플러스, 롯데마트, 이마트 트레이더스, 코스트코 등)"
,  4) 전통시장(재래시장)
,  5) 백화점
,"  6) 친환경 식품 전문점(생협, 유기농 전문점, 초록마을, 한살림 등)"
,  7) 편의점
,"  8) 오프라인 독립된 로컬푸드 마켓(지역특산물 판매점 포함, 매장 내 샵인샵 형태(통합계산) 제외)"
,"  9) 온라인 쇼핑몰(G마켓, 11번가, 쿠팡, 네이버 쇼핑 등)  ※ 오프라인 유통사업이 없는 온라인 전문몰"
," 10) 온라인 식품 전문몰(마켓컬리, 오아시스, 윙잇, 쿠캣 등 식품을 주로 판매하는 식품 전문몰)"
," 11) 대형마트/백화점/홈쇼핑 온라인 매장(이마트, SSG, 롯데, 현대, CJ, GS 등) ※기존 유통사업이 있는 온라인몰"
," 12) 친환경 전문점 온라인 매장(생협, 유기농 전문점, 초록마을, 한살림 등)"
," 13) 특산물 온라인 매장(시/도, 농협, 생산자단체, 우체국 등 운영 쇼핑몰)"
," 14) SNS 구매(온라인 카페, 블로그, 카카오, 인스타마켓, 공구밴드 등)"
," 15) 퀵커머스(우리동네GS, B마트, 배민스토어, 요마트, 요편의점 등 주문한 상품을 1시간 이내에 받는 즉시 배송)"
," 16) 해외직구 사이트(아마존, 이베이, 아이허브, 오플 등)"
, 17) TV 홈쇼핑(TV 시청 후 홈쇼핑 온라인몰 구입 포함)
F5_1,"  1) 육류가공품(소시지, 햄 및 베이컨, 육가공품 등)"
,"  2) 알가공품(삶은 계란, 삶은 메추리알 등)"
,"  3) 조미수산가공품(어육, 맛살, 수산물통조림 등)"
,"  4) 염건수산가공품(젓갈류, 김, 미역, 북어, 굴비 등)"
,"  5) 김치 및 절임류(배추김치, 장아찌, 단무지 등)"
,"  6) 과일채소가공품(과일/채소통조림, 퓨레/페이스트 등)"
,"  7) 장류(간장, 된장, 고추장, 쌈장, 춘장, 청국장 등)"
,"  8) 조미식품(드레싱/소스류, 소금, 설탕, 식초, 고춧가루 등)"
,"  9) 유지류(참기름 및 들기름, 식용유, 버터 등)"
," 10) 유가공품(우유, 요구르트 등 발효유, 치즈, 분유 등)"
," 11) 빵 및 떡류(식빵, 케이크, 일반빵류, 떡류 등)"
," 12) 과자류(과자, 한과, 초콜릿가공품, 사탕, 빙과류 등)"
," 13) 면류(인스턴트 라면, 국수, 칼국수, 당면, 우동 등)"
," 14) 연식품(두부류, 순두부, 유부, 묵류, 곤약 등)"
," 15) 곡물가공품(밀가루류, 전분, 쌀가루, 씨리얼 등)"
," 16) 커피 및 차(커피, 커피음료, 잎차, 티백, 곡물차 등)"
," 17) 음료류(탄산음료, 과일음료, 기능성음료, 생수, 두유 등)"
," 18) 주류(맥주, 소주, 양주, 와인 및 과일주 등)"
," 19) 간편식(HMR, 즉석조리, 즉석섭취, 밀키트, 신선편의)"
," 20) 건강기능식품(비타민, 식이섬유, 오메가3, 홍삼 등)"
F5_2,"  1) 육류가공품(소시지, 햄 및 베이컨, 육가공품 등)"
,"  2) 알가공품(삶은 계란, 삶은 메추리알 등)"
,"  3) 조미수산가공품(어육, 맛살, 수산물통조림 등)"
,"  4) 염건수산가공품(젓갈류, 김, 미역, 북어, 굴비 등)"
,"  5) 김치 및 절임류(배추김치, 장아찌, 단무지 등)"
,"  6) 과일채소가공품(과일/채소통조림, 퓨레/페이스트 등)"
,"  7) 장류(간장, 된장, 고추장, 쌈장, 춘장, 청국장 등)"
,"  8) 조미식품(드레싱/소스류, 소금, 설탕, 식초, 고춧가루 등)"
,"  9) 유지류(참기름 및 들기름, 식용유, 버터 등)"
," 10) 유가공품(우유, 요구르트 등 발효유, 치즈, 분유 등)"
," 11) 빵 및 떡류(식빵, 케이크, 일반빵류, 떡류 등)"
," 12) 과자류(과자, 한과, 초콜릿가공품, 사탕, 빙과류 등)"
," 13) 면류(인스턴트 라면, 국수, 칼국수, 당면, 우동 등)"
," 14) 연식품(두부류, 순두부, 유부, 묵류, 곤약 등)"
," 15) 곡물가공품(밀가루류, 전분, 쌀가루, 씨리얼 등)"
," 16) 커피 및 차(커피, 커피음료, 잎차, 티백, 곡물차 등)"
," 17) 음료류(탄산음료, 과일음료, 기능성음료, 생수, 두유 등)"
," 18) 주류(맥주, 소주, 양주, 와인 및 과일주 등)"
," 19) 간편식(HMR, 즉석조리, 즉석섭취, 밀키트, 신선편의)"
," 20) 건강기능식품(비타민, 식이섬유, 오메가3, 홍삼 등)"
F6_1_1,"  1) 육류가공품(소시지, 햄 및 베이컨, 육가공품 등)"
,"  2) 알가공품(삶은 계란, 삶은 메추리알 등)"
,"  3) 조미수산가공품(어육, 맛살, 수산물통조림 등)"
,"  4) 염건수산가공품(젓갈류, 김, 미역, 북어, 굴비 등)"
,"  5) 김치 및 절임류(배추김치, 장아찌, 단무지 등)"
,"  6) 과일채소가공품(과일/채소통조림, 퓨레/페이스트 등)"
,"  7) 장류(간장, 된장, 고추장, 쌈장, 춘장, 청국장 등)"
,"  8) 조미식품(드레싱/소스류, 소금, 설탕, 식초, 고춧가루 등)"
,"  9) 유지류(참기름 및 들기름, 식용유, 버터 등)"
," 10) 유가공품(우유, 요구르트 등 발효유, 치즈, 분유 등)"
," 11) 빵 및 떡류(식빵, 케이크, 일반빵류, 떡류 등)"
," 12) 과자류(과자, 한과, 초콜릿가공품, 사탕, 빙과류 등)"
," 13) 면류(인스턴트 라면, 국수, 칼국수, 당면, 우동 등)"
," 14) 연식품(두부류, 순두부, 유부, 묵류, 곤약 등)"
," 15) 곡물가공품(밀가루류, 전분, 쌀가루, 씨리얼 등)"
," 16) 커피 및 차(커피, 커피음료, 잎차, 티백, 곡물차 등)"
," 17) 음료류(탄산음료, 과일음료, 기능성음료, 생수, 두유 등)"
," 18) 주류(맥주, 소주, 양주, 와인 및 과일주 등)"
," 19) 간편식(HMR, 즉석조리, 즉석섭취, 밀키트, 신선편의)"
," 20) 건강기능식품(비타민, 식이섬유, 오메가3, 홍삼 등)"
F6_1_2,"  1) 육류가공품(소시지, 햄 및 베이컨, 육가공품 등)"
,"  2) 알가공품(삶은 계란, 삶은 메추리알 등)"
,"  3) 조미수산가공품(어육, 맛살, 수산물통조림 등)"
,"  4) 염건수산가공품(젓갈류, 김, 미역, 북어, 굴비 등)"
,"  5) 김치 및 절임류(배추김치, 장아찌, 단무지 등)"
,"  6) 과일채소가공품(과일/채소통조림, 퓨레/페이스트 등)"
,"  7) 장류(간장, 된장, 고추장, 쌈장, 춘장, 청국장 등)"
,"  8) 조미식품(드레싱/소스류, 소금, 설탕, 식초, 고춧가루 등)"
,"  9) 유지류(참기름 및 들기름, 식용유, 버터 등)"
," 10) 유가공품(우유, 요구르트 등 발효유, 치즈, 분유 등)"
," 11) 빵 및 떡류(식빵, 케이크, 일반빵류, 떡류 등)"
," 12) 과자류(과자, 한과, 초콜릿가공품, 사탕, 빙과류 등)"
," 13) 면류(인스턴트 라면, 국수, 칼국수, 당면, 우동 등)"
," 14) 연식품(두부류, 순두부, 유부, 묵류, 곤약 등)"
," 15) 곡물가공품(밀가루류, 전분, 쌀가루, 씨리얼 등)"
," 16) 커피 및 차(커피, 커피음료, 잎차, 티백, 곡물차 등)"
," 17) 음료류(탄산음료, 과일음료, 기능성음료, 생수, 두유 등)"
," 18) 주류(맥주, 소주, 양주, 와인 및 과일주 등)"
," 19) 간편식(HMR, 즉석조리, 즉석섭취, 밀키트, 신선편의)"
," 20) 건강기능식품(비타민, 식이섬유, 오메가3, 홍삼 등)"
F6_1_3,"  1) 육류가공품(소시지, 햄 및 베이컨, 육가공품 등)"
,"  2) 알가공품(삶은 계란, 삶은 메추리알 등)"
,"  3) 조미수산가공품(어육, 맛살, 수산물통조림 등)"
,"  4) 염건수산가공품(젓갈류, 김, 미역, 북어, 굴비 등)"
,"  5) 김치 및 절임류(배추김치, 장아찌, 단무지 등)"
,"  6) 과일채소가공품(과일/채소통조림, 퓨레/페이스트 등)"
,"  7) 장류(간장, 된장, 고추장, 쌈장, 춘장, 청국장 등)"
,"  8) 조미식품(드레싱/소스류, 소금, 설탕, 식초, 고춧가루 등)"
,"  9) 유지류(참기름 및 들기름, 식용유, 버터 등)"
," 10) 유가공품(우유, 요구르트 등 발효유, 치즈, 분유 등)"
," 11) 빵 및 떡류(식빵, 케이크, 일반빵류, 떡류 등)"
," 12) 과자류(과자, 한과, 초콜릿가공품, 사탕, 빙과류 등)"
," 13) 면류(인스턴트 라면, 국수, 칼국수, 당면, 우동 등)"
," 14) 연식품(두부류, 순두부, 유부, 묵류, 곤약 등)"
," 15) 곡물가공품(밀가루류, 전분, 쌀가루, 씨리얼 등)"
," 16) 커피 및 차(커피, 커피음료, 잎차, 티백, 곡물차 등)"
," 17) 음료류(탄산음료, 과일음료, 기능성음료, 생수, 두유 등)"
," 18) 주류(맥주, 소주, 양주, 와인 및 과일주 등)"
," 19) 간편식(HMR, 즉석조리, 즉석섭취, 밀키트, 신선편의)"
," 20) 건강기능식품(비타민, 식이섬유, 오메가3, 홍삼 등)"
F6_2_1,"  1) 육류가공품(소시지, 햄 및 베이컨, 육가공품 등)"
,"  2) 알가공품(삶은 계란, 삶은 메추리알 등)"
,"  3) 조미수산가공품(어육, 맛살, 수산물통조림 등)"
,"  4) 염건수산가공품(젓갈류, 김, 미역, 북어, 굴비 등)"
,"  5) 김치 및 절임류(배추김치, 장아찌, 단무지 등)"
,"  6) 과일채소가공품(과일/채소통조림, 퓨레/페이스트 등)"
,"  7) 장류(간장, 된장, 고추장, 쌈장, 춘장, 청국장 등)"
,"  8) 조미식품(드레싱/소스류, 소금, 설탕, 식초, 고춧가루 등)"
,"  9) 유지류(참기름 및 들기름, 식용유, 버터 등)"
," 10) 유가공품(우유, 요구르트 등 발효유, 치즈, 분유 등)"
," 11) 빵 및 떡류(식빵, 케이크, 일반빵류, 떡류 등)"
," 12) 과자류(과자, 한과, 초콜릿가공품, 사탕, 빙과류 등)"
," 13) 면류(인스턴트 라면, 국수, 칼국수, 당면, 우동 등)"
," 14) 연식품(두부류, 순두부, 유부, 묵류, 곤약 등)"
," 15) 곡물가공품(밀가루류, 전분, 쌀가루, 씨리얼 등)"
," 16) 커피 및 차(커피, 커피음료, 잎차, 티백, 곡물차 등)"
," 17) 음료류(탄산음료, 과일음료, 기능성음료, 생수, 두유 등)"
," 18) 주류(맥주, 소주, 양주, 와인 및 과일주 등)"
," 19) 간편식(HMR, 즉석조리, 즉석섭취, 밀키트, 신선편의)"
," 20) 건강기능식품(비타민, 식이섬유, 오메가3, 홍삼 등)"
F6_2_2,"  1) 육류가공품(소시지, 햄 및 베이컨, 육가공품 등)"
,"  2) 알가공품(삶은 계란, 삶은 메추리알 등)"
,"  3) 조미수산가공품(어육, 맛살, 수산물통조림 등)"
,"  4) 염건수산가공품(젓갈류, 김, 미역, 북어, 굴비 등)"
,"  5) 김치 및 절임류(배추김치, 장아찌, 단무지 등)"
,"  6) 과일채소가공품(과일/채소통조림, 퓨레/페이스트 등)"
,"  7) 장류(간장, 된장, 고추장, 쌈장, 춘장, 청국장 등)"
,"  8) 조미식품(드레싱/소스류, 소금, 설탕, 식초, 고춧가루 등)"
,"  9) 유지류(참기름 및 들기름, 식용유, 버터 등)"
," 10) 유가공품(우유, 요구르트 등 발효유, 치즈, 분유 등)"
," 11) 빵 및 떡류(식빵, 케이크, 일반빵류, 떡류 등)"
," 12) 과자류(과자, 한과, 초콜릿가공품, 사탕, 빙과류 등)"
," 13) 면류(인스턴트 라면, 국수, 칼국수, 당면, 우동 등)"
," 14) 연식품(두부류, 순두부, 유부, 묵류, 곤약 등)"
," 15) 곡물가공품(밀가루류, 전분, 쌀가루, 씨리얼 등)"
," 16) 커피 및 차(커피, 커피음료, 잎차, 티백, 곡물차 등)"
," 17) 음료류(탄산음료, 과일음료, 기능성음료, 생수, 두유 등)"
," 18) 주류(맥주, 소주, 양주, 와인 및 과일주 등)"
," 19) 간편식(HMR, 즉석조리, 즉석섭취, 밀키트, 신선편의)"
," 20) 건강기능식품(비타민, 식이섬유, 오메가3, 홍삼 등)"
F6_2_3,"  1) 육류가공품(소시지, 햄 및 베이컨, 육가공품 등)"
,"  2) 알가공품(삶은 계란, 삶은 메추리알 등)"
,"  3) 조미수산가공품(어육, 맛살, 수산물통조림 등)"
,"  4) 염건수산가공품(젓갈류, 김, 미역, 북어, 굴비 등)"
,"  5) 김치 및 절임류(배추김치, 장아찌, 단무지 등)"
,"  6) 과일채소가공품(과일/채소통조림, 퓨레/페이스트 등)"
,"  7) 장류(간장, 된장, 고추장, 쌈장, 춘장, 청국장 등)"
,"  8) 조미식품(드레싱/소스류, 소금, 설탕, 식초, 고춧가루 등)"
,"  9) 유지류(참기름 및 들기름, 식용유, 버터 등)"
," 10) 유가공품(우유, 요구르트 등 발효유, 치즈, 분유 등)"
," 11) 빵 및 떡류(식빵, 케이크, 일반빵류, 떡류 등)"
," 12) 과자류(과자, 한과, 초콜릿가공품, 사탕, 빙과류 등)"
," 13) 면류(인스턴트 라면, 국수, 칼국수, 당면, 우동 등)"
," 14) 연식품(두부류, 순두부, 유부, 묵류, 곤약 등)"
," 15) 곡물가공품(밀가루류, 전분, 쌀가루, 씨리얼 등)"
," 16) 커피 및 차(커피, 커피음료, 잎차, 티백, 곡물차 등)"
," 17) 음료류(탄산음료, 과일음료, 기능성음료, 생수, 두유 등)"
," 18) 주류(맥주, 소주, 양주, 와인 및 과일주 등)"
," 19) 간편식(HMR, 즉석조리, 즉석섭취, 밀키트, 신선편의)"
," 20) 건강기능식품(비타민, 식이섬유, 오메가3, 홍삼 등)"
F7_1,  1) 건강(영양)에 좋은 제품을 구입 하겠다
,  2) 원료의 품질과 안전성이 확보된 제품을 구입 하겠다
,  3) 다양하고 새로운 맛을 낸 제품을 구입 하겠다
,"  4) 소포장, 사용 및 취식·조리간편화된 제품을 구입 하겠다"
,  5) 제품의 업그레이드·신제품 개발과 관계없이 가격만 저렴하면 구입 하겠다
F7_2,  1) 건강(영양)에 좋은 제품을 구입 하겠다
,  2) 원료의 품질과 안전성이 확보된 제품을 구입 하겠다
,  3) 다양하고 새로운 맛을 낸 제품을 구입 하겠다
,"  4) 소포장, 사용 및 취식·조리간편화된 제품을 구입 하겠다"
,  5) 제품의 업그레이드·신제품 개발과 관계없이 가격만 저렴하면 구입 하겠다
F7_3,  1) 건강(영양)에 좋은 제품을 구입 하겠다
,  2) 원료의 품질과 안전성이 확보된 제품을 구입 하겠다
,  3) 다양하고 새로운 맛을 낸 제품을 구입 하겠다
,"  4) 소포장, 사용 및 취식·조리간편화된 제품을 구입 하겠다"
,  5) 제품의 업그레이드·신제품 개발과 관계없이 가격만 저렴하면 구입 하겠다
F7_4,  1) 건강(영양)에 좋은 제품을 구입 하겠다
,  2) 원료의 품질과 안전성이 확보된 제품을 구입 하겠다
,  3) 다양하고 새로운 맛을 낸 제품을 구입 하겠다
,"  4) 소포장, 사용 및 취식·조리간편화된 제품을 구입 하겠다"
,  5) 제품의 업그레이드·신제품 개발과 관계없이 가격만 저렴하면 구입 하겠다
F7_5,  1) 건강(영양)에 좋은 제품을 구입 하겠다
,  2) 원료의 품질과 안전성이 확보된 제품을 구입 하겠다
,  3) 다양하고 새로운 맛을 낸 제품을 구입 하겠다
,"  4) 소포장, 사용 및 취식·조리간편화된 제품을 구입 하겠다"
,  5) 제품의 업그레이드·신제품 개발과 관계없이 가격만 저렴하면 구입 하겠다
F7_6,  1) 건강(영양)에 좋은 제품을 구입 하겠다
,  2) 원료의 품질과 안전성이 확보된 제품을 구입 하겠다
,  3) 다양하고 새로운 맛을 낸 제품을 구입 하겠다
,"  4) 소포장, 사용 및 취식·조리간편화된 제품을 구입 하겠다"
,  5) 제품의 업그레이드·신제품 개발과 관계없이 가격만 저렴하면 구입 하겠다
F7_7,  1) 건강(영양)에 좋은 제품을 구입 하겠다
,  2) 원료의 품질과 안전성이 확보된 제품을 구입 하겠다
,  3) 다양하고 새로운 맛을 낸 제품을 구입 하겠다
,"  4) 소포장, 사용 및 취식·조리간편화된 제품을 구입 하겠다"
,  5) 제품의 업그레이드·신제품 개발과 관계없이 가격만 저렴하면 구입 하겠다
F7_8,  1) 건강(영양)에 좋은 제품을 구입 하겠다
,  2) 원료의 품질과 안전성이 확보된 제품을 구입 하겠다
,  3) 다양하고 새로운 맛을 낸 제품을 구입 하겠다
,"  4) 소포장, 사용 및 취식·조리간편화된 제품을 구입 하겠다"
,  5) 제품의 업그레이드·신제품 개발과 관계없이 가격만 저렴하면 구입 하겠다
F7_9,  1) 건강(영양)에 좋은 제품을 구입 하겠다
,  2) 원료의 품질과 안전성이 확보된 제품을 구입 하겠다
,  3) 다양하고 새로운 맛을 낸 제품을 구입 하겠다
,"  4) 소포장, 사용 및 취식·조리간편화된 제품을 구입 하겠다"
,  5) 제품의 업그레이드·신제품 개발과 관계없이 가격만 저렴하면 구입 하겠다
F7_10,  1) 건강(영양)에 좋은 제품을 구입 하겠다
,  2) 원료의 품질과 안전성이 확보된 제품을 구입 하겠다
,  3) 다양하고 새로운 맛을 낸 제품을 구입 하겠다
,"  4) 소포장, 사용 및 취식·조리간편화된 제품을 구입 하겠다"
,  5) 제품의 업그레이드·신제품 개발과 관계없이 가격만 저렴하면 구입 하겠다
F7_11,  1) 건강(영양)에 좋은 제품을 구입 하겠다
,  2) 원료의 품질과 안전성이 확보된 제품을 구입 하겠다
,  3) 다양하고 새로운 맛을 낸 제품을 구입 하겠다
,"  4) 소포장, 사용 및 취식·조리간편화된 제품을 구입 하겠다"
,  5) 제품의 업그레이드·신제품 개발과 관계없이 가격만 저렴하면 구입 하겠다
F7_12,  1) 건강(영양)에 좋은 제품을 구입 하겠다
,  2) 원료의 품질과 안전성이 확보된 제품을 구입 하겠다
,  3) 다양하고 새로운 맛을 낸 제품을 구입 하겠다
,"  4) 소포장, 사용 및 취식·조리간편화된 제품을 구입 하겠다"
,  5) 제품의 업그레이드·신제품 개발과 관계없이 가격만 저렴하면 구입 하겠다
F7_13,  1) 건강(영양)에 좋은 제품을 구입 하겠다
,  2) 원료의 품질과 안전성이 확보된 제품을 구입 하겠다
,  3) 다양하고 새로운 맛을 낸 제품을 구입 하겠다
,"  4) 소포장, 사용 및 취식·조리간편화된 제품을 구입 하겠다"
,  5) 제품의 업그레이드·신제품 개발과 관계없이 가격만 저렴하면 구입 하겠다
F7_14,  1) 건강(영양)에 좋은 제품을 구입 하겠다
,  2) 원료의 품질과 안전성이 확보된 제품을 구입 하겠다
,  3) 다양하고 새로운 맛을 낸 제품을 구입 하겠다
,"  4) 소포장, 사용 및 취식·조리간편화된 제품을 구입 하겠다"
,  5) 제품의 업그레이드·신제품 개발과 관계없이 가격만 저렴하면 구입 하겠다
F7_15,  1) 건강(영양)에 좋은 제품을 구입 하겠다
,  2) 원료의 품질과 안전성이 확보된 제품을 구입 하겠다
,  3) 다양하고 새로운 맛을 낸 제품을 구입 하겠다
,"  4) 소포장, 사용 및 취식·조리간편화된 제품을 구입 하겠다"
,  5) 제품의 업그레이드·신제품 개발과 관계없이 가격만 저렴하면 구입 하겠다
F7_16,  1) 건강(영양)에 좋은 제품을 구입 하겠다
,  2) 원료의 품질과 안전성이 확보된 제품을 구입 하겠다
,  3) 다양하고 새로운 맛을 낸 제품을 구입 하겠다
,"  4) 소포장, 사용 및 취식·조리간편화된 제품을 구입 하겠다"
,  5) 제품의 업그레이드·신제품 개발과 관계없이 가격만 저렴하면 구입 하겠다
F7_17,  1) 건강(영양)에 좋은 제품을 구입 하겠다
,  2) 원료의 품질과 안전성이 확보된 제품을 구입 하겠다
,  3) 다양하고 새로운 맛을 낸 제품을 구입 하겠다
,"  4) 소포장, 사용 및 취식·조리간편화된 제품을 구입 하겠다"
,  5) 제품의 업그레이드·신제품 개발과 관계없이 가격만 저렴하면 구입 하겠다
F7_18,  1) 건강(영양)에 좋은 제품을 구입 하겠다
,  2) 원료의 품질과 안전성이 확보된 제품을 구입 하겠다
,  3) 다양하고 새로운 맛을 낸 제품을 구입 하겠다
,"  4) 소포장, 사용 및 취식·조리간편화된 제품을 구입 하겠다"
,  5) 제품의 업그레이드·신제품 개발과 관계없이 가격만 저렴하면 구입 하겠다
F7_19,  1) 건강(영양)에 좋은 제품을 구입 하겠다
,  2) 원료의 품질과 안전성이 확보된 제품을 구입 하겠다
,  3) 다양하고 새로운 맛을 낸 제품을 구입 하겠다
,"  4) 소포장, 사용 및 취식·조리간편화된 제품을 구입 하겠다"
,  5) 제품의 업그레이드·신제품 개발과 관계없이 가격만 저렴하면 구입 하겠다
F7_20,  1) 건강(영양)에 좋은 제품을 구입 하겠다
,  2) 원료의 품질과 안전성이 확보된 제품을 구입 하겠다
,  3) 다양하고 새로운 맛을 낸 제품을 구입 하겠다
,"  4) 소포장, 사용 및 취식·조리간편화된 제품을 구입 하겠다"
,  5) 제품의 업그레이드·신제품 개발과 관계없이 가격만 저렴하면 구입 하겠다
DQ1,"  1) 1세대가족(예: 부부, 형제·자매만으로 구성)"
,  2) 2세대가족(예: 부부+자녀로 구성)
,  3) 3세대가족(예: 부모+부부+자녀로 구성)
,  4) 4세대가족(예: 조부모+부모+부부+자녀로 구성)
,  5) 1인 가구
, 81) 2인 가구
DQ3,  1) 기혼
,  2) 미혼(사별/이혼 포함)
DQ3_1,  1) 맞벌이 함
,  2) 맞벌이 하지 않음
DQ4,  1) 100만원 미만
,  2) 100-200만원 미만
,  3) 200-300만원 미만
,  4) 300-400만원 미만
,  5) 400-500만원 미만
,  6) 500-600만원 미만
,  7) 600-700만원 미만
,  8) 700-800만원 미만
,  9) 800-900만원 미만
," 10) 900-1,000만원 미만"
," 11) 1,000만원 이상"
DQ6,  1) 아파트
,  2) 단독주택
,  3) 연립/다세대 주택
,  4) 오피스텔
, 21) 상가주택
, 91) 교회
DQ7,  1) 없음
,  2) 1대 보유
,  3) 2대 보유
,  4) 3대 보유
,  5) 4대 이상 보유
DQ8,  1) 전혀 이용하지 않는다
,  2) 이용하지 않는 편이다
,  3) 이용할 때도 있고 이용하지 않을 때도 있다
,  4) 이용하는 편이다
,  5) 항상 이용한다
DQ9,  1) 매우 적다
,  2) 적은 편이다
,  3) 보통이다
,  4) 많은 편이다
,  5) 매우 많다
DQ9_1,  1) 전혀 그렇지 않다
,  2) 그렇지 않은 편이다
,  3) 보통이다
,  4) 그런 편이다
,  5) 매우 그렇다
DQ10_1,  1) 고혈압
,  2) 고지혈증
,"  3) 뇌졸중(중풍, 뇌경색)"
,"  4) 심근경색, 협심증"
,  5) 당뇨병
,  6) 갑상선질환
,  7) 암
,  8) 간염
,"  9) 위, 십이지장궤양"
, 10) 간경변
, 11) 빈혈
, 12) 아토피피부염
, 13) 식품 알레르기
, 14) 비만
, 15) 없음
DQ10_2,  1) 고혈압
,  2) 고지혈증
,"  3) 뇌졸중(중풍, 뇌경색)"
,"  4) 심근경색, 협심증"
,  5) 당뇨병
,  6) 갑상선질환
,  7) 암
,  8) 간염
,"  9) 위, 십이지장궤양"
, 10) 간경변
, 11) 빈혈
, 12) 아토피피부염
, 13) 식품 알레르기
, 14) 비만
, 15) 없음
DQ10_3,  1) 고혈압
,  2) 고지혈증
,"  3) 뇌졸중(중풍, 뇌경색)"
,"  4) 심근경색, 협심증"
,  5) 당뇨병
,  6) 갑상선질환
,  7) 암
,  8) 간염
,"  9) 위, 십이지장궤양"
, 10) 간경변
, 11) 빈혈
, 12) 아토피피부염
, 13) 식품 알레르기
, 14) 비만
, 15) 없음
DQ10_4,  1) 고혈압
,  2) 고지혈증
,"  3) 뇌졸중(중풍, 뇌경색)"
,"  4) 심근경색, 협심증"
,  5) 당뇨병
,  6) 갑상선질환
,  7) 암
,  8) 간염
,"  9) 위, 십이지장궤양"
, 10) 간경변
, 11) 빈혈
, 12) 아토피피부염
, 13) 식품 알레르기
, 14) 비만
, 15) 없음
DQ10_5,  1) 고혈압
,  2) 고지혈증
,"  3) 뇌졸중(중풍, 뇌경색)"
,"  4) 심근경색, 협심증"
,  5) 당뇨병
,  6) 갑상선질환
,  7) 암
,  8) 간염
,"  9) 위, 십이지장궤양"
, 10) 간경변
, 11) 빈혈
, 12) 아토피피부염
, 13) 식품 알레르기
, 14) 비만
, 15) 없음
DQ10_6,  1) 고혈압
,  2) 고지혈증
,"  3) 뇌졸중(중풍, 뇌경색)"
,"  4) 심근경색, 협심증"
,  5) 당뇨병
,  6) 갑상선질환
,  7) 암
,  8) 간염
,"  9) 위, 십이지장궤양"
, 10) 간경변
, 11) 빈혈
, 12) 아토피피부염
, 13) 식품 알레르기
, 14) 비만
, 15) 없음
DQ10_7,  1) 고혈압
,  2) 고지혈증
,"  3) 뇌졸중(중풍, 뇌경색)"
,"  4) 심근경색, 협심증"
,  5) 당뇨병
,  6) 갑상선질환
,  7) 암
,  8) 간염
,"  9) 위, 십이지장궤양"
, 10) 간경변
, 11) 빈혈
, 12) 아토피피부염
, 13) 식품 알레르기
, 14) 비만
, 15) 없음
DQ10_8,  1) 고혈압
,  2) 고지혈증
,"  3) 뇌졸중(중풍, 뇌경색)"
,"  4) 심근경색, 협심증"
,  5) 당뇨병
,  6) 갑상선질환
,  7) 암
,  8) 간염
,"  9) 위, 십이지장궤양"
, 10) 간경변
, 11) 빈혈
, 12) 아토피피부염
, 13) 식품 알레르기
, 14) 비만
, 15) 없음
DQ10_9,  1) 고혈압
,  2) 고지혈증
,"  3) 뇌졸중(중풍, 뇌경색)"
,"  4) 심근경색, 협심증"
,  5) 당뇨병
,  6) 갑상선질환
,  7) 암
,  8) 간염
,"  9) 위, 십이지장궤양"
, 10) 간경변
, 11) 빈혈
, 12) 아토피피부염
, 13) 식품 알레르기
, 14) 비만
, 15) 없음
DQ10_10,  1) 고혈압
,  2) 고지혈증
,"  3) 뇌졸중(중풍, 뇌경색)"
,"  4) 심근경색, 협심증"
,  5) 당뇨병
,  6) 갑상선질환
,  7) 암
,  8) 간염
,"  9) 위, 십이지장궤양"
, 10) 간경변
, 11) 빈혈
, 12) 아토피피부염
, 13) 식품 알레르기
, 14) 비만
, 15) 없음
DQ10_11,  1) 고혈압
,  2) 고지혈증
,"  3) 뇌졸중(중풍, 뇌경색)"
,"  4) 심근경색, 협심증"
,  5) 당뇨병
,  6) 갑상선질환
,  7) 암
,  8) 간염
,"  9) 위, 십이지장궤양"
, 10) 간경변
, 11) 빈혈
, 12) 아토피피부염
, 13) 식품 알레르기
, 14) 비만
, 15) 없음
DQ10_12,  1) 고혈압
,  2) 고지혈증
,"  3) 뇌졸중(중풍, 뇌경색)"
,"  4) 심근경색, 협심증"
,  5) 당뇨병
,  6) 갑상선질환
,  7) 암
,  8) 간염
,"  9) 위, 십이지장궤양"
, 10) 간경변
, 11) 빈혈
, 12) 아토피피부염
, 13) 식품 알레르기
, 14) 비만
, 15) 없음
DQ10_13,  1) 고혈압
,  2) 고지혈증
,"  3) 뇌졸중(중풍, 뇌경색)"
,"  4) 심근경색, 협심증"
,  5) 당뇨병
,  6) 갑상선질환
,  7) 암
,  8) 간염
,"  9) 위, 십이지장궤양"
, 10) 간경변
, 11) 빈혈
, 12) 아토피피부염
, 13) 식품 알레르기
, 14) 비만
, 15) 없음
DQ10_14,  1) 고혈압
,  2) 고지혈증
,"  3) 뇌졸중(중풍, 뇌경색)"
,"  4) 심근경색, 협심증"
,  5) 당뇨병
,  6) 갑상선질환
,  7) 암
,  8) 간염
,"  9) 위, 십이지장궤양"
, 10) 간경변
, 11) 빈혈
, 12) 아토피피부염
, 13) 식품 알레르기
, 14) 비만
, 15) 없음
DQ10_15,  1) 고혈압
,  2) 고지혈증
,"  3) 뇌졸중(중풍, 뇌경색)"
,"  4) 심근경색, 협심증"
,  5) 당뇨병
,  6) 갑상선질환
,  7) 암
,  8) 간염
,"  9) 위, 십이지장궤양"
, 10) 간경변
, 11) 빈혈
, 12) 아토피피부염
, 13) 식품 알레르기
, 14) 비만
, 15) 없음
DQ11,  1) 예
,  2) 아니오
DQ11_1_1,  1) 기초생활보장급여
,  2) 급식지원
, 21) 임대
, 22) 생활용품 지원
, 23) 전기요금 지원
, 81) 기초노령연금
, 82) 근로장려금
, 83) 청년 지원
, 91) 경험 없음
, 92) 장애
, 98) 없음
DQ11_1_2,  1) 기초생활보장급여
,  2) 급식지원
, 21) 임대
, 22) 생활용품 지원
, 23) 전기요금 지원
, 81) 기초노령연금
, 82) 근로장려금
, 83) 청년 지원
, 91) 경험 없음
, 92) 장애
, 98) 없음
DQ11_1_3,  1) 기초생활보장급여
,  2) 급식지원
, 21) 임대
, 22) 생활용품 지원
, 23) 전기요금 지원
, 81) 기초노령연금
, 82) 근로장려금
, 83) 청년 지원
, 91) 경험 없음
, 92) 장애
, 98) 없음
HQ1,  1) 남자
,  2) 여자
HQ2,  1) 20대
,  2) 30대
,  3) 40대
,  4) 50대
,  5) 60대 이상
HQ3,  1) 중졸 이하
,  2) 고졸(대학 재학 포함)
,  3) 대학교 졸업(전문대졸/대학원생 포함)
,  4) 대학원 졸업 이상
HQ4,  1) 관리자
,  2) 전문가 및 관련 종사자
,  3) 사무 종사자
,  4) 서비스 종사자
,  5) 판매 종사자
,  6) 농림어업 숙련 종사자
,  7) 기능원 및 관련 기능 종사자
,  8) 장치·기계 조작 및 조립 종사자
,  9) 단순노무 종사자
, 10) 군인
, 11) 학생
, 12) 주부
, 13) 취업 준비 중
, 21) 무직
, 22) 자영업
SQ2a,  1) 예
,  2) 아니요
SQ3,  1) 남자
,  2) 여자
SQ4,  1) 관리자
,  2) 전문가 및 관련 종사자
,  3) 사무 종사자
,  4) 서비스 종사자
,  5) 판매 종사자
,  6) 농림어업 숙련 종사자
,  7) 기능원 및 관련 기능 종사자
,  8) 장치·기계 조작 및 조립 종사자
,  9) 단순노무 종사자
, 10) 군인
, 11) 학생
, 12) 주부
, 13) 취업 준비 중
, 21) 무직
, 22) 자영업
SQ5,  1) 중졸 이하
,  2) 고졸(대학 재학 포함)
,  3) 대학교 졸업(전문대졸/대학원생 포함)
,  4) 대학원 졸업 이상
SQ6,  1) 예
,  2) 아니요
SQ7,  1) 예
,  2) 아니요
SQ8,  1) 서울특별시
,  2) 부산광역시
,  3) 인천광역시
,  4) 대구광역시
,  5) 대전광역시
,  6) 광주광역시
,  7) 울산광역시
,  8) 경기도
,  9) 경상북도
, 10) 경상남도
, 11) 전라북도
, 12) 전라남도
, 13) 충청북도
, 14) 충청남도
, 15) 강원도
, 16) 제주특별자치도
, 17) 세종특별자치시
